product,part,step,score,x,y,scale,note
2EQ16144,C551_토너라벨_1,1,0.33982932567596436,472,368,0.6,
2EQ16144,B793_Canon각인_2,2,0.4551398456096649,98,368,1.05,
2EQ16144,6416_2206N명판_3,3,0.420229971408844,544,318,0.6,
2EQ16144,3102_현상가압라벨_4,4,0.6829107999801636,592,60,0.6,
2EQ16144,3699_레버피스_4,4,0.6162530779838562,604,62,0.6,
2EQ16144,1525_▲▲▲라벨_5,5,0.9264306426048279,358,448,0.75,
2EQ16144,2917_코마_6,6,0.8577749729156494,664,162,0.6,
2EQ16144,1525_▲▲▲라벨_7,7,0.5683647990226746,494,502,0.6,
2EQ16144,0000_모듈러카바_8,8,0.5231350660324097,256,474,0.6,
2EQ16144,3780_전원스위치_9,9,0.7619448304176331,286,386,0.6,
2EQ16144,V242_카바라이트_10,10,0.7783990502357483,424,578,0.6,
2EQ16144,V242_카바라이트_11,11,0.7341049313545227,568,648,0.6,
2EQ16144,3779_압판스토퍼_12,12,0.5719950795173645,600,8,0.9,
2EQ16144,3779_압판스토퍼_14,14,0.7191581726074219,282,202,0.75,
2EQ16145,C551_토너라벨_1,1,0.3433811664581299,694,372,0.6,
2EQ16145,B793_Canon각인_2,2,0.547447144985199,30,286,1.05,
2EQ16145,6416_2206N명판_3,3,0.44238242506980896,376,436,1.2,
2EQ16145,3102_현상가압라벨_4,4,0.6692851185798645,502,26,0.75,
2EQ16145,3699_레버피스_4,4,0.6913653612136841,550,42,0.6,
2EQ16145,1525_▲▲▲라벨_5,5,0.9304550886154175,412,436,0.75,
2EQ16145,2917_코마_6,6,0.8475359678268433,924,540,0.6,
2EQ16145,1525_▲▲▲라벨_7,7,0.523357093334198,410,498,0.6,
2EQ16145,0000_모듈러카바_8,8,0.42822322249412537,274,468,0.6,
2EQ16145,3780_전원스위치_9,9,0.7594231963157654,784,202,0.6,
2EQ16145,V242_카바라이트_10,10,0.7761536240577698,442,606,0.6,
2EQ16145,V242_카바라이트_11,11,0.7834010720252991,564,648,0.6,
2EQ16145,3779_압판스토퍼_12,12,0.5770474672317505,632,46,0.9,
2EQ16145,3779_압판스토퍼_14,14,0.7481377720832825,676,290,0.6,
2EQ16146,C551_토너라벨_1,1,0.39750605821609497,492,354,0.6,
2EQ16146,B793_Canon각인_2,2,0.5031427145004272,14,312,1.05,
2EQ16146,6416_2206N명판_3,3,0.5338646173477173,232,330,1.2,
2EQ16146,3102_현상가압라벨_4,4,0.6385182738304138,522,10,0.75,
2EQ16146,3699_레버피스_4,4,0.6383347511291504,162,26,0.75,
2EQ16146,1525_▲▲▲라벨_5,5,0.9182560443878174,284,450,0.6,
2EQ16146,2917_코마_6,6,0.8658008575439453,708,172,0.6,
2EQ16146,1525_▲▲▲라벨_7,7,0.595615029335022,594,546,0.75,
2EQ16146,0000_모듈러카바_8,8,0.3994791805744171,268,558,0.6,
2EQ16146,3780_전원스위치_9,9,0.7599983215332031,784,202,0.6,
2EQ16146,V242_카바라이트_10,10,0.7403298020362854,476,128,0.6,
2EQ16146,V242_카바라이트_11,11,0.7835755944252014,548,658,0.6,
2EQ16146,3779_압판스토퍼_12,12,0.5763901472091675,522,14,0.9,
2EQ16146,3779_압판스토퍼_14,14,0.7604259848594666,376,416,0.6,
2EQ16147,C551_토너라벨_1,1,0.3864558935165405,338,168,1.05,
2EQ16147,B793_Canon각인_2,2,0.4097760319709778,24,306,0.9,
2EQ16147,6416_2206N명판_3,3,0.4617435038089752,242,334,1.2,
2EQ16147,3102_현상가압라벨_4,4,0.636768639087677,500,376,0.6,
2EQ16147,3699_레버피스_4,4,0.6292970776557922,184,18,0.9,
2EQ16147,1525_▲▲▲라벨_5,5,0.9325729012489319,796,226,0.75,
2EQ16147,2917_코마_6,6,0.8380085229873657,30,592,0.6,
2EQ16147,1525_▲▲▲라벨_7,7,0.5593447685241699,450,570,0.75,
2EQ16147,0000_모듈러카바_8,8,0.4044415056705475,324,450,0.6,
2EQ16147,3780_전원스위치_9,9,0.7591235637664795,784,202,0.6,
2EQ16147,V242_카바라이트_10,10,0.7857173681259155,448,596,0.6,
2EQ16147,V242_카바라이트_11,11,0.7625548243522644,720,142,0.6,
2EQ16147,3779_압판스토퍼_12,12,0.5904733538627625,238,500,0.9,
2EQ16147,3779_압판스토퍼_14,14,0.7168471217155457,640,168,0.6,
2EQ16148,C551_토너라벨_1,1,0.3976795971393585,342,146,0.9,
2EQ16148,B793_Canon각인_2,2,0.5130083560943604,30,358,1.05,
2EQ16148,6416_2206N명판_3,3,0.508037269115448,252,324,1.2,
2EQ16148,3102_현상가압라벨_4,4,0.581929087638855,634,650,0.6,
2EQ16148,3699_레버피스_4,4,0.6185058951377869,276,148,0.6,
2EQ16148,1525_▲▲▲라벨_5,5,0.933546245098114,430,450,0.6,
2EQ16148,2917_코마_6,6,0.8553627729415894,876,560,0.6,
2EQ16148,1525_▲▲▲라벨_7,7,0.5738567113876343,866,262,0.9,
2EQ16148,0000_모듈러카바_8,8,0.4506120979785919,212,554,0.6,
2EQ16148,3780_전원스위치_9,9,0.7558091878890991,784,200,0.6,
2EQ16148,V242_카바라이트_10,10,0.7736669778823853,478,132,0.6,
2EQ16148,V242_카바라이트_11,11,0.7800453901290894,718,616,0.6,
2EQ16148,3779_압판스토퍼_12,12,0.5886479020118713,162,508,0.9,
2EQ16148,3779_압판스토퍼_14,14,0.7532130479812622,530,226,0.75,
2EQ16149,C551_토너라벨_1,1,0.33975017070770264,566,246,0.6,
2EQ16149,B793_Canon각인_2,2,0.5026583075523376,42,306,1.05,
2EQ16149,6416_2206N명판_3,3,0.5381108522415161,202,344,1.2,
2EQ16149,3102_현상가압라벨_4,4,0.5937829613685608,546,4,0.6,
2EQ16149,3699_레버피스_4,4,0.583405077457428,332,174,0.75,
2EQ16149,1525_▲▲▲라벨_5,5,0.9270027279853821,96,432,0.75,
2EQ16149,2917_코마_6,6,0.8446546792984009,644,314,0.6,
2EQ16149,1525_▲▲▲라벨_7,7,0.5697922110557556,544,554,0.75,
2EQ16149,0000_모듈러카바_8,8,0.39302781224250793,270,548,0.6,
2EQ16149,3780_전원스위치_9,9,0.7610087394714355,784,202,0.6,
2EQ16149,V242_카바라이트_10,10,0.77952641248703,432,598,0.6,
2EQ16149,V242_카바라이트_11,11,0.7582211494445801,564,644,0.6,
2EQ16149,3779_압판스토퍼_12,12,0.5305639505386353,268,6,0.9,
2EQ16149,3779_압판스토퍼_14,14,0.7729355096817017,366,340,0.6,
2EQ16150,C551_토너라벨_1,1,0.370185524225235,490,356,0.6,
2EQ16150,B793_Canon각인_2,2,0.4373426139354706,36,400,1.05,
2EQ16150,6416_2206N명판_3,3,0.41034242510795593,698,650,0.6,
2EQ16150,3102_현상가압라벨_4,4,0.7042268514633179,498,174,0.6,
2EQ16150,3699_레버피스_4,4,0.6250113844871521,480,178,0.6,
2EQ16150,1525_▲▲▲라벨_5,5,0.9278019070625305,798,232,0.6,
2EQ16150,2917_코마_6,6,0.8479604721069336,768,542,0.6,
2EQ16150,1525_▲▲▲라벨_7,7,0.5642777681350708,506,542,0.75,
2EQ16150,0000_모듈러카바_8,8,0.4453662037849426,224,488,0.6,
2EQ16150,3780_전원스위치_9,9,0.7571902275085449,782,204,0.6,
2EQ16150,V242_카바라이트_10,10,0.7783327698707581,420,596,0.6,
2EQ16150,V242_카바라이트_11,11,0.7427599430084229,720,138,0.6,
2EQ16150,3779_압판스토퍼_12,12,0.5577608942985535,214,498,0.9,
2EQ16150,3779_압판스토퍼_14,14,0.7384044528007507,566,338,0.75,
2EQ16151,C551_토너라벨_1,1,0.3410792648792267,554,442,0.6,
2EQ16151,B793_Canon각인_2,2,0.5299450755119324,22,366,1.05,
2EQ16151,6416_2206N명판_3,3,0.4648004174232483,224,434,1.2,
2EQ16151,3102_현상가압라벨_4,4,0.6188735961914062,650,0,0.6,
2EQ16151,3699_레버피스_4,4,0.5860746502876282,326,168,0.6,
2EQ16151,1525_▲▲▲라벨_5,5,0.9206192493438721,592,24,0.6,
2EQ16151,2917_코마_6,6,0.8258498907089233,800,222,0.6,
2EQ16151,1525_▲▲▲라벨_7,7,0.5375977754592896,564,128,0.9,
2EQ16151,0000_모듈러카바_8,8,0.4424505829811096,630,614,0.6,
2EQ16151,3780_전원스위치_9,9,0.7552437782287598,784,202,0.6,
2EQ16151,V242_카바라이트_10,10,0.7822943329811096,430,598,0.6,
2EQ16151,V242_카바라이트_11,11,0.7919018268585205,502,650,0.6,
2EQ16151,3779_압판스토퍼_12,12,0.5853453278541565,642,618,0.9,
2EQ16151,3779_압판스토퍼_14,14,0.766994297504425,356,378,0.6,
2EQ16152,C551_토너라벨_1,1,0.3398335874080658,408,398,0.6,
2EQ16152,B793_Canon각인_2,2,0.4868559241294861,32,362,1.05,
2EQ16152,6416_2206N명판_3,3,0.4473196268081665,220,328,1.2,
2EQ16152,3102_현상가압라벨_4,4,0.6615961790084839,518,30,0.6,
2EQ16152,3699_레버피스_4,4,0.6449925303459167,154,14,0.9,
2EQ16152,1525_▲▲▲라벨_5,5,0.9244570136070251,808,230,0.6,
2EQ16152,2917_코마_6,6,0.8765634894371033,906,558,0.6,
2EQ16152,1525_▲▲▲라벨_7,7,0.5427358746528625,452,616,0.6,
2EQ16152,0000_모듈러카바_8,8,0.46089938282966614,260,486,0.6,
2EQ16152,3780_전원스위치_9,9,0.7544479966163635,784,202,0.6,
2EQ16152,V242_카바라이트_10,10,0.778145968914032,434,592,0.6,
2EQ16152,V242_카바라이트_11,11,0.7830045819282532,566,646,0.6,
2EQ16152,3779_압판스토퍼_12,12,0.5225833654403687,254,604,0.9,
2EQ16152,3779_압판스토퍼_14,14,0.7487187385559082,516,178,0.75,
2EQ16153,C551_토너라벨_1,1,0.38359758257865906,616,276,0.6,
2EQ16153,B793_Canon각인_2,2,0.4681543707847595,26,306,1.05,
2EQ16153,6416_2206N명판_3,3,0.48704060912132263,186,294,1.2,
2EQ16153,3102_현상가압라벨_4,4,0.6126039028167725,790,452,0.6,
2EQ16153,3699_레버피스_4,4,0.633527934551239,340,8,0.9,
2EQ16153,1525_▲▲▲라벨_5,5,0.9269378781318665,170,484,0.6,
2EQ16153,2917_코마_6,6,0.8701068758964539,682,198,0.6,
2EQ16153,1525_▲▲▲라벨_7,7,0.5417367815971375,294,536,0.6,
2EQ16153,0000_모듈러카바_8,8,0.5108765959739685,220,504,0.6,
2EQ16153,3780_전원스위치_9,9,0.7533189654350281,784,202,0.6,
2EQ16153,V242_카바라이트_10,10,0.7787964344024658,444,578,0.6,
2EQ16153,V242_카바라이트_11,11,0.7675339579582214,512,644,0.6,
2EQ16153,3779_압판스토퍼_12,12,0.5489394664764404,46,306,0.9,
2EQ16153,3779_압판스토퍼_14,14,0.741637647151947,634,250,0.6,
2EQ16154,C551_토너라벨_1,1,0.31108328700065613,548,330,0.6,
2EQ16154,B793_Canon각인_2,2,0.6019294857978821,76,324,1.05,
2EQ16154,6416_2206N명판_3,3,0.4384678602218628,182,282,1.2,
2EQ16154,3102_현상가압라벨_4,4,0.6684011220932007,510,0,0.6,
2EQ16154,3699_레버피스_4,4,0.6626874804496765,518,0,0.6,
2EQ16154,1525_▲▲▲라벨_5,5,0.9206594228744507,236,474,0.6,
2EQ16154,2917_코마_6,6,0.8666257858276367,696,122,0.6,
2EQ16154,1525_▲▲▲라벨_7,7,0.5532323122024536,506,512,0.6,
2EQ16154,0000_모듈러카바_8,8,0.4143567979335785,252,458,0.6,
2EQ16154,3780_전원스위치_9,9,0.7586835026741028,330,468,0.6,
2EQ16154,V242_카바라이트_10,10,0.7822889685630798,444,602,0.6,
2EQ16154,V242_카바라이트_11,11,0.7583783268928528,562,652,0.6,
2EQ16154,3779_압판스토퍼_12,12,0.5524787306785583,486,196,0.9,
2EQ16154,3779_압판스토퍼_14,14,0.7727540135383606,398,394,0.6,
2EQ16155,C551_토너라벨_1,1,0.40852758288383484,652,136,1.2,
2EQ16155,B793_Canon각인_2,2,0.5706244111061096,66,372,1.05,
2EQ16155,6416_2206N명판_3,3,0.45618459582328796,146,360,1.2,
2EQ16155,3102_현상가압라벨_4,4,0.6557080149650574,664,252,0.6,
2EQ16155,3699_레버피스_4,4,0.5832788944244385,922,160,0.6,
2EQ16155,1525_▲▲▲라벨_5,5,0.9213080406188965,796,228,0.6,
2EQ16155,2917_코마_6,6,0.8649980425834656,938,548,0.6,
2EQ16155,1525_▲▲▲라벨_7,7,0.5215854644775391,96,574,0.6,
2EQ16155,0000_모듈러카바_8,8,0.45110175013542175,260,504,0.6,
2EQ16155,3780_전원스위치_9,9,0.7548786401748657,784,202,0.6,
2EQ16155,V242_카바라이트_10,10,0.7882308959960938,452,596,0.6,
2EQ16155,V242_카바라이트_11,11,0.7911087274551392,500,650,0.6,
2EQ16155,3779_압판스토퍼_12,12,0.561450183391571,682,100,0.9,
2EQ16155,3779_압판스토퍼_14,14,0.7695483565330505,378,392,0.6,
2EQ16156,C551_토너라벨_1,1,0.3531552851200104,208,216,1.05,
2EQ16156,B793_Canon각인_2,2,0.4393501579761505,48,326,1.05,
2EQ16156,6416_2206N명판_3,3,0.4781239628791809,242,366,1.2,
2EQ16156,3102_현상가압라벨_4,4,0.6102761030197144,648,10,0.6,
2EQ16156,3699_레버피스_4,4,0.6036685109138489,634,116,0.6,
2EQ16156,1525_▲▲▲라벨_5,5,0.926839292049408,796,226,0.75,
2EQ16156,2917_코마_6,6,0.8671151995658875,692,140,0.6,
2EQ16156,1525_▲▲▲라벨_7,7,0.5447230339050293,520,534,0.75,
2EQ16156,0000_모듈러카바_8,8,0.41341525316238403,262,532,0.6,
2EQ16156,3780_전원스위치_9,9,0.7560712099075317,782,202,0.6,
2EQ16156,V242_카바라이트_10,10,0.7763219475746155,426,592,0.6,
2EQ16156,V242_카바라이트_11,11,0.8041679263114929,558,652,0.6,
2EQ16156,3779_압판스토퍼_12,12,0.5687664747238159,70,554,0.9,
2EQ16156,3779_압판스토퍼_14,14,0.7375098466873169,226,184,0.75,
2EQ16157,C551_토너라벨_1,1,0.3746413588523865,536,410,0.6,
2EQ16157,B793_Canon각인_2,2,0.5602044463157654,58,440,1.05,
2EQ16157,6416_2206N명판_3,3,0.5564320683479309,134,382,1.2,
2EQ16157,3102_현상가압라벨_4,4,0.6193445920944214,530,414,0.6,
2EQ16157,3699_레버피스_4,4,0.6324063539505005,396,8,0.9,
2EQ16157,1525_▲▲▲라벨_5,5,0.9254993200302124,798,232,0.6,
2EQ16157,2917_코마_6,6,0.8706226944923401,704,206,0.6,
2EQ16157,1525_▲▲▲라벨_7,7,0.5739975571632385,512,570,0.75,
2EQ16157,0000_모듈러카바_8,8,0.3880387842655182,254,464,0.6,
2EQ16157,3780_전원스위치_9,9,0.7597962617874146,784,202,0.6,
2EQ16157,V242_카바라이트_10,10,0.7808487415313721,480,132,0.6,
2EQ16157,V242_카바라이트_11,11,0.7874577045440674,546,658,0.6,
2EQ16157,3779_압판스토퍼_12,12,0.5376783013343811,166,416,0.9,
2EQ16157,3779_압판스토퍼_14,14,0.759709894657135,572,268,0.6,
2EQ16158,C551_토너라벨_1,1,0.3286975026130676,16,216,1.05,
2EQ16158,B793_Canon각인_2,2,0.5618861317634583,98,440,1.05,
2EQ16158,6416_2206N명판_3,3,0.48792290687561035,260,302,1.2,
2EQ16158,3102_현상가압라벨_4,4,0.5816395878791809,654,688,0.6,
2EQ16158,3699_레버피스_4,4,0.651332676410675,656,24,0.6,
2EQ16158,1525_▲▲▲라벨_5,5,0.9192731976509094,796,226,0.75,
2EQ16158,2917_코마_6,6,0.8551374673843384,936,552,0.6,
2EQ16158,1525_▲▲▲라벨_7,7,0.5716240406036377,518,532,0.6,
2EQ16158,0000_모듈러카바_8,8,0.4879331886768341,286,514,0.6,
2EQ16158,3780_전원스위치_9,9,0.7514894008636475,782,202,0.6,
2EQ16158,V242_카바라이트_10,10,0.7636784315109253,492,130,0.6,
2EQ16158,V242_카바라이트_11,11,0.7702152729034424,528,654,0.6,
2EQ16158,3779_압판스토퍼_12,12,0.5655555129051208,270,666,0.9,
2EQ16158,3779_압판스토퍼_14,14,0.7534728646278381,228,184,0.75,
2EQ16159,C551_토너라벨_1,1,0.3554089367389679,546,454,0.6,
2EQ16159,B793_Canon각인_2,2,0.5438657402992249,6,346,1.05,
2EQ16159,6416_2206N명판_3,3,0.4144601821899414,706,650,0.6,
2EQ16159,3102_현상가압라벨_4,4,0.684320330619812,578,8,0.75,
2EQ16159,3699_레버피스_4,4,0.6442713737487793,180,24,0.75,
2EQ16159,1525_▲▲▲라벨_5,5,0.9304892420768738,796,224,0.75,
2EQ16159,2917_코마_6,6,0.8490617871284485,92,588,0.6,
2EQ16159,1525_▲▲▲라벨_7,7,0.5442546010017395,704,642,0.9,
2EQ16159,0000_모듈러카바_8,8,0.48025059700012207,280,532,0.6,
2EQ16159,3780_전원스위치_9,9,0.7604275941848755,782,202,0.6,
2EQ16159,V242_카바라이트_10,10,0.7806729674339294,434,586,0.6,
2EQ16159,V242_카바라이트_11,11,0.7709692716598511,560,656,0.6,
2EQ16159,3779_압판스토퍼_12,12,0.5397300124168396,236,350,0.9,
2EQ16159,3779_압판스토퍼_14,14,0.756639301776886,228,184,0.6,
2EQ16161,C551_토너라벨_1,1,0.3578326106071472,304,70,1.2,
2EQ16161,B793_Canon각인_2,2,0.5234748125076294,2,340,1.05,
2EQ16161,6416_2206N명판_3,3,0.4511222541332245,246,326,1.2,
2EQ16161,3102_현상가압라벨_4,4,0.7016989588737488,574,62,0.6,
2EQ16161,3699_레버피스_4,4,0.6148264408111572,554,64,0.6,
2EQ16161,1525_▲▲▲라벨_5,5,0.9280586838722229,810,228,0.6,
2EQ16161,2917_코마_6,6,0.8620256185531616,688,158,0.6,
2EQ16161,1525_▲▲▲라벨_7,7,0.5369125008583069,580,532,0.75,
2EQ16161,0000_모듈러카바_8,8,0.6276746988296509,284,464,0.6,
2EQ16161,3780_전원스위치_9,9,0.7506826519966125,782,202,0.6,
2EQ16161,V242_카바라이트_10,10,0.7757049798965454,450,602,0.6,
2EQ16161,V242_카바라이트_11,11,0.7458900809288025,504,636,0.6,
2EQ16161,3779_압판스토퍼_12,12,0.5751377940177917,808,72,0.9,
2EQ16161,3779_압판스토퍼_14,14,0.7315722703933716,500,394,0.6,
2EQ16162,C551_토너라벨_1,1,0.34165534377098083,600,384,0.6,
2EQ16162,B793_Canon각인_2,2,0.5963931679725647,58,260,1.05,
2EQ16162,6416_2206N명판_3,3,0.40936753153800964,334,384,1.2,
2EQ16162,3102_현상가압라벨_4,4,0.6949093341827393,628,42,0.6,
2EQ16162,3699_레버피스_4,4,0.6385884284973145,210,38,0.75,
2EQ16162,1525_▲▲▲라벨_5,5,0.9227856397628784,208,454,0.6,
2EQ16162,2917_코마_6,6,0.8549657464027405,938,564,0.6,
2EQ16162,1525_▲▲▲라벨_7,7,0.5831475257873535,558,550,0.75,
2EQ16162,0000_모듈러카바_8,8,0.518598198890686,272,528,0.6,
2EQ16162,3780_전원스위치_9,9,0.7550944089889526,782,202,0.6,
2EQ16162,V242_카바라이트_10,10,0.7802172303199768,432,594,0.6,
2EQ16162,V242_카바라이트_11,11,0.7826524972915649,568,650,0.6,
2EQ16162,3779_압판스토퍼_12,12,0.6055424809455872,290,156,0.9,
2EQ16162,3779_압판스토퍼_14,14,0.7558370232582092,430,138,0.75,
2EQ16163,C551_토너라벨_1,1,0.30207061767578125,402,232,0.6,
2EQ16163,B793_Canon각인_2,2,0.412580281496048,40,256,0.9,
2EQ16163,6416_2206N명판_3,3,0.5194972157478333,252,288,1.2,
2EQ16163,3102_현상가압라벨_4,4,0.6041794419288635,730,194,0.6,
2EQ16163,3699_레버피스_4,4,0.5592726469039917,260,28,0.6,
2EQ16163,1525_▲▲▲라벨_5,5,0.9281198382377625,144,232,0.6,
2EQ16163,2917_코마_6,6,0.8616847395896912,666,152,0.6,
2EQ16163,1525_▲▲▲라벨_7,7,0.5588453412055969,582,566,0.75,
2EQ16163,0000_모듈러카바_8,8,0.6568983197212219,292,540,0.6,
2EQ16163,3780_전원스위치_9,9,0.7502381801605225,276,476,0.6,
2EQ16163,V242_카바라이트_10,10,0.7689139246940613,502,122,0.6,
2EQ16163,V242_카바라이트_11,11,0.7411562204360962,572,646,0.6,
2EQ16163,3779_압판스토퍼_12,12,0.5878340601921082,286,466,0.9,
2EQ16163,3779_압판스토퍼_14,14,0.7431055307388306,212,176,0.75,
2EQ16164,C551_토너라벨_1,1,0.31286555528640747,112,648,0.75,
2EQ16164,B793_Canon각인_2,2,0.4483216404914856,70,370,1.05,
2EQ16164,6416_2206N명판_3,3,0.4665777385234833,202,358,1.2,
2EQ16164,3102_현상가압라벨_4,4,0.6148045659065247,190,34,0.6,
2EQ16164,3699_레버피스_4,4,0.5616057515144348,882,188,0.6,
2EQ16164,1525_▲▲▲라벨_5,5,0.9310231804847717,100,446,0.6,
2EQ16164,2917_코마_6,6,0.8650740385055542,910,604,0.6,
2EQ16164,1525_▲▲▲라벨_7,7,0.571572482585907,338,26,0.75,
2EQ16164,0000_모듈러카바_8,8,0.48820406198501587,236,470,0.6,
2EQ16164,3780_전원스위치_9,9,0.7626218199729919,782,202,0.6,
2EQ16164,V242_카바라이트_10,10,0.7792306542396545,438,604,0.6,
2EQ16164,V242_카바라이트_11,11,0.7673158049583435,564,626,0.6,
2EQ16164,3779_압판스토퍼_12,12,0.5679166913032532,548,104,0.9,
2EQ16164,3779_압판스토퍼_14,14,0.7537332773208618,376,360,0.6,
2EQ16165,C551_토너라벨_1,1,0.3461367189884186,528,434,0.6,
2EQ16165,B793_Canon각인_2,2,0.47386986017227173,28,338,1.05,
2EQ16165,6416_2206N명판_3,3,0.42735517024993896,186,318,1.2,
2EQ16165,3102_현상가압라벨_4,4,0.6226372122764587,502,38,0.75,
2EQ16165,3699_레버피스_4,4,0.6789218187332153,180,2,1.05,
2EQ16165,1525_▲▲▲라벨_5,5,0.9221261143684387,264,436,0.75,
2EQ16165,2917_코마_6,6,0.8511777520179749,94,588,0.6,
2EQ16165,1525_▲▲▲라벨_7,7,0.5589771270751953,616,468,0.75,
2EQ16165,0000_모듈러카바_8,8,0.5130501389503479,318,518,0.6,
2EQ16165,3780_전원스위치_9,9,0.7602533102035522,784,202,0.6,
2EQ16165,V242_카바라이트_10,10,0.7843824625015259,442,592,0.6,
2EQ16165,V242_카바라이트_11,11,0.7908667922019958,562,650,0.6,
2EQ16165,3779_압판스토퍼_12,12,0.5422337651252747,672,628,0.9,
2EQ16165,3779_압판스토퍼_14,14,0.7396296858787537,816,274,0.75,
2EQ16166,C551_토너라벨_1,1,0.3271813690662384,516,358,0.6,
2EQ16166,B793_Canon각인_2,2,0.5454434156417847,64,398,1.05,
2EQ16166,6416_2206N명판_3,3,0.44302207231521606,184,276,1.2,
2EQ16166,3102_현상가압라벨_4,4,0.6537401676177979,662,96,0.6,
2EQ16166,3699_레버피스_4,4,0.5517451167106628,768,128,0.6,
2EQ16166,1525_▲▲▲라벨_5,5,0.928794264793396,814,238,0.6,
2EQ16166,2917_코마_6,6,0.842896580696106,930,568,0.6,
2EQ16166,1525_▲▲▲라벨_7,7,0.5682030916213989,408,610,0.6,
2EQ16166,0000_모듈러카바_8,8,0.4139748215675354,234,504,0.6,
2EQ16166,3780_전원스위치_9,9,0.7536277174949646,782,202,0.6,
2EQ16166,V242_카바라이트_10,10,0.7751592397689819,430,596,0.6,
2EQ16166,V242_카바라이트_11,11,0.7361748218536377,722,134,0.6,
2EQ16166,3779_압판스토퍼_12,12,0.5673722624778748,796,80,0.9,
2EQ16166,3779_압판스토퍼_14,14,0.7578508257865906,372,396,0.6,
2EQ16167,C551_토너라벨_1,1,0.35763803124427795,502,316,0.6,
2EQ16167,B793_Canon각인_2,2,0.5428791046142578,12,302,1.05,
2EQ16167,6416_2206N명판_3,3,0.45094066858291626,168,412,1.2,
2EQ16167,3102_현상가압라벨_4,4,0.6354238986968994,598,24,0.9,
2EQ16167,3699_레버피스_4,4,0.6547874808311462,566,28,0.9,
2EQ16167,1525_▲▲▲라벨_5,5,0.9296506643295288,0,582,0.6,
2EQ16167,2917_코마_6,6,0.8427096605300903,226,564,0.6,
2EQ16167,1525_▲▲▲라벨_7,7,0.5526729226112366,228,676,0.6,
2EQ16167,0000_모듈러카바_8,8,0.45935186743736267,308,500,0.6,
2EQ16167,3780_전원스위치_9,9,0.7587020993232727,784,202,0.6,
2EQ16167,V242_카바라이트_10,10,0.7750071287155151,494,128,0.6,
2EQ16167,V242_카바라이트_11,11,0.7802231311798096,564,660,0.6,
2EQ16167,3779_압판스토퍼_12,12,0.5852115154266357,326,172,0.9,
2EQ16167,3779_압판스토퍼_14,14,0.7613253593444824,374,406,0.6,
2EQ16168,C551_토너라벨_1,1,0.42540934681892395,542,324,0.6,
2EQ16168,B793_Canon각인_2,2,0.5595966577529907,120,452,1.05,
2EQ16168,6416_2206N명판_3,3,0.46785449981689453,228,362,1.2,
2EQ16168,3102_현상가압라벨_4,4,0.7012256979942322,638,30,0.6,
2EQ16168,3699_레버피스_4,4,0.6659526228904724,642,32,0.6,
2EQ16168,1525_▲▲▲라벨_5,5,0.9207378625869751,192,468,0.6,
2EQ16168,2917_코마_6,6,0.8642731308937073,846,534,0.6,
2EQ16168,1525_▲▲▲라벨_7,7,0.5274447798728943,238,502,0.6,
2EQ16168,0000_모듈러카바_8,8,0.4291074275970459,314,472,0.6,
2EQ16168,3780_전원스위치_9,9,0.760011613368988,784,202,0.6,
2EQ16168,V242_카바라이트_10,10,0.7757590413093567,438,590,0.6,
2EQ16168,V242_카바라이트_11,11,0.7733067274093628,498,652,0.6,
2EQ16168,3779_압판스토퍼_12,12,0.5911828279495239,398,192,0.9,
2EQ16168,3779_압판스토퍼_14,14,0.756018340587616,466,362,0.6,
2EQ16169,C551_토너라벨_1,1,0.3855099678039551,522,412,0.6,
2EQ16169,B793_Canon각인_2,2,0.5837677121162415,86,356,1.05,
2EQ16169,6416_2206N명판_3,3,0.48544007539749146,174,444,1.2,
2EQ16169,3102_현상가압라벨_4,4,0.6057509779930115,658,72,0.6,
2EQ16169,3699_레버피스_4,4,0.6249492168426514,296,220,0.6,
2EQ16169,1525_▲▲▲라벨_5,5,0.9249804019927979,800,232,0.6,
2EQ16169,2917_코마_6,6,0.8672542572021484,922,544,0.6,
2EQ16169,1525_▲▲▲라벨_7,7,0.5484323501586914,492,530,0.6,
2EQ16169,0000_모듈러카바_8,8,0.41761571168899536,266,466,0.6,
2EQ16169,3780_전원스위치_9,9,0.7601056694984436,782,202,0.6,
2EQ16169,V242_카바라이트_10,10,0.7883002161979675,492,136,0.6,
2EQ16169,V242_카바라이트_11,11,0.7735599875450134,720,146,0.6,
2EQ16169,3779_압판스토퍼_12,12,0.5686578154563904,778,96,0.9,
2EQ16169,3779_압판스토퍼_14,14,0.7465853095054626,582,396,0.6,
2EQ16170,C551_토너라벨_1,1,0.3619197905063629,558,310,0.6,
2EQ16170,B793_Canon각인_2,2,0.5511777997016907,54,260,1.05,
2EQ16170,6416_2206N명판_3,3,0.4782758951187134,192,284,1.2,
2EQ16170,3102_현상가압라벨_4,4,0.682361364364624,676,36,0.6,
2EQ16170,3699_레버피스_4,4,0.662340521812439,658,40,0.6,
2EQ16170,1525_▲▲▲라벨_5,5,0.9191821217536926,188,474,0.6,
2EQ16170,2917_코마_6,6,0.8535865545272827,878,558,0.6,
2EQ16170,1525_▲▲▲라벨_7,7,0.5234499573707581,424,582,0.6,
2EQ16170,0000_모듈러카바_8,8,0.5338374376296997,300,448,0.6,
2EQ16170,3780_전원스위치_9,9,0.7593808174133301,784,202,0.6,
2EQ16170,V242_카바라이트_10,10,0.7763523459434509,434,594,0.6,
2EQ16170,V242_카바라이트_11,11,0.7299070954322815,724,132,0.6,
2EQ16170,3779_압판스토퍼_12,12,0.5748176574707031,770,90,0.9,
2EQ16170,3779_압판스토퍼_14,14,0.7739443182945251,534,480,0.6,
2EQ16171,C551_토너라벨_1,1,0.3470628261566162,476,350,0.6,
2EQ16171,B793_Canon각인_2,2,0.5493252277374268,18,342,1.05,
2EQ16171,6416_2206N명판_3,3,0.4739581048488617,232,344,1.2,
2EQ16171,3102_현상가압라벨_4,4,0.6606678366661072,540,44,0.9,
2EQ16171,3699_레버피스_4,4,0.6446570158004761,184,60,0.75,
2EQ16171,1525_▲▲▲라벨_5,5,0.9264060258865356,796,226,0.75,
2EQ16171,2917_코마_6,6,0.8348798155784607,222,186,0.6,
2EQ16171,1525_▲▲▲라벨_7,7,0.5257614254951477,270,32,0.75,
2EQ16171,0000_모듈러카바_8,8,0.39705902338027954,220,538,0.6,
2EQ16171,3780_전원스위치_9,9,0.7619015574455261,782,202,0.6,
2EQ16171,V242_카바라이트_10,10,0.7785910367965698,434,598,0.6,
2EQ16171,V242_카바라이트_11,11,0.745190441608429,564,652,0.6,
2EQ16171,3779_압판스토퍼_12,12,0.5733122229576111,530,224,0.9,
2EQ16171,3779_압판스토퍼_14,14,0.7523624897003174,574,256,0.75,
2EQ16172,C551_토너라벨_1,1,0.328581303358078,270,180,1.05,
2EQ16172,B793_Canon각인_2,2,0.4486404061317444,30,304,1.05,
2EQ16172,6416_2206N명판_3,3,0.4982682168483734,268,364,1.2,
2EQ16172,3102_현상가압라벨_4,4,0.6384579539299011,506,20,0.75,
2EQ16172,3699_레버피스_4,4,0.5973144769668579,718,28,0.6,
2EQ16172,1525_▲▲▲라벨_5,5,0.9230842590332031,812,230,0.6,
2EQ16172,2917_코마_6,6,0.8590205907821655,690,190,0.6,
2EQ16172,1525_▲▲▲라벨_7,7,0.5444705486297607,528,530,0.6,
2EQ16172,0000_모듈러카바_8,8,0.4203176200389862,204,466,0.6,
2EQ16172,3780_전원스위치_9,9,0.7562048435211182,784,202,0.6,
2EQ16172,V242_카바라이트_10,10,0.7837538719177246,490,130,0.6,
2EQ16172,V242_카바라이트_11,11,0.7674611210823059,720,144,0.6,
2EQ16172,3779_압판스토퍼_12,12,0.574937105178833,674,8,0.9,
2EQ16172,3779_압판스토퍼_14,14,0.7442762851715088,358,366,0.6,
2EQ16173,C551_토너라벨_1,1,0.3733270466327667,562,312,0.6,
2EQ16173,B793_Canon각인_2,2,0.5170522332191467,144,438,1.05,
2EQ16173,6416_2206N명판_3,3,0.4561593234539032,272,338,1.2,
2EQ16173,3102_현상가압라벨_4,4,0.631101131439209,698,16,0.6,
2EQ16173,3699_레버피스_4,4,0.6472984552383423,552,14,1.05,
2EQ16173,1525_▲▲▲라벨_5,5,0.9165256023406982,796,224,0.75,
2EQ16173,2917_코마_6,6,0.8512567281723022,922,536,0.6,
2EQ16173,1525_▲▲▲라벨_7,7,0.5179239511489868,548,534,0.6,
2EQ16173,0000_모듈러카바_8,8,0.4316525161266327,254,506,0.6,
2EQ16173,3780_전원스위치_9,9,0.7567535638809204,784,202,0.6,
2EQ16173,V242_카바라이트_10,10,0.7710254788398743,478,130,0.6,
2EQ16173,V242_카바라이트_11,11,0.7591647505760193,552,660,0.6,
2EQ16173,3779_압판스토퍼_12,12,0.5377122163772583,830,486,0.9,
2EQ16173,3779_압판스토퍼_14,14,0.7464128732681274,602,278,0.75,
2EQ16174,C551_토너라벨_1,1,0.3083341419696808,586,418,0.6,
2EQ16174,B793_Canon각인_2,2,0.4030071198940277,72,402,1.05,
2EQ16174,6416_2206N명판_3,3,0.4692136347293854,206,322,1.2,
2EQ16174,3102_현상가압라벨_4,4,0.687825083732605,550,48,0.6,
2EQ16174,3699_레버피스_4,4,0.6686944961547852,164,18,0.9,
2EQ16174,1525_▲▲▲라벨_5,5,0.9256253242492676,288,618,0.6,
2EQ16174,2917_코마_6,6,0.851294755935669,930,556,0.6,
2EQ16174,1525_▲▲▲라벨_7,7,0.5993337035179138,556,476,0.9,
2EQ16174,0000_모듈러카바_8,8,0.3914206624031067,174,402,0.6,
2EQ16174,3780_전원스위치_9,9,0.7628662586212158,784,202,0.6,
2EQ16174,V242_카바라이트_10,10,0.7789539694786072,492,124,0.6,
2EQ16174,V242_카바라이트_11,11,0.765971839427948,568,652,0.6,
2EQ16174,3779_압판스토퍼_12,12,0.5870883464813232,774,100,0.9,
2EQ16174,3779_압판스토퍼_14,14,0.759174108505249,354,348,0.6,
2EQ16175,C551_토너라벨_1,1,0.3737430274486542,434,290,0.6,
2EQ16175,B793_Canon각인_2,2,0.5013349056243896,16,382,1.05,
2EQ16175,6416_2206N명판_3,3,0.4355984330177307,366,424,1.2,
2EQ16175,3102_현상가압라벨_4,4,0.6459532380104065,420,20,0.6,
2EQ16175,3699_레버피스_4,4,0.668148934841156,600,10,0.6,
2EQ16175,1525_▲▲▲라벨_5,5,0.9292762279510498,150,472,0.6,
2EQ16175,2917_코마_6,6,0.8610072135925293,800,550,0.6,
2EQ16175,1525_▲▲▲라벨_7,7,0.6134393811225891,586,538,0.9,
2EQ16175,0000_모듈러카바_8,8,0.49020546674728394,290,474,0.6,
2EQ16175,3780_전원스위치_9,9,0.7551379799842834,782,202,0.6,
2EQ16175,V242_카바라이트_10,10,0.7762097716331482,452,590,0.6,
2EQ16175,V242_카바라이트_11,11,0.7119056582450867,558,648,0.6,
2EQ16175,3779_압판스토퍼_12,12,0.5822901725769043,334,172,0.9,
2EQ16175,3779_압판스토퍼_14,14,0.7737277746200562,386,426,0.6,
2EQ16176,C551_토너라벨_1,1,0.3560311198234558,316,502,0.6,
2EQ16176,B793_Canon각인_2,2,0.3939192295074463,20,516,1.05,
2EQ16176,6416_2206N명판_3,3,0.4117951989173889,20,652,0.6,
2EQ16176,3102_현상가압라벨_4,4,0.6886691451072693,656,18,0.6,
2EQ16176,3699_레버피스_4,4,0.6791958212852478,656,22,0.6,
2EQ16176,1525_▲▲▲라벨_5,5,0.9261903166770935,140,230,0.75,
2EQ16176,2917_코마_6,6,0.8507170081138611,936,530,0.6,
2EQ16176,1525_▲▲▲라벨_7,7,0.6414420008659363,666,694,0.6,
2EQ16176,0000_모듈러카바_8,8,0.470498263835907,280,474,0.6,
2EQ16176,3780_전원스위치_9,9,0.7559515237808228,782,202,0.6,
2EQ16176,V242_카바라이트_10,10,0.7800313234329224,444,588,0.6,
2EQ16176,V242_카바라이트_11,11,0.7920657396316528,544,652,0.6,
2EQ16176,3779_압판스토퍼_12,12,0.6027807593345642,568,268,0.9,
2EQ16176,3779_압판스토퍼_14,14,0.7564575672149658,562,230,0.6,
2EQ16177,C551_토너라벨_1,1,0.37784814834594727,502,358,0.6,
2EQ16177,B793_Canon각인_2,2,0.4842120110988617,32,370,1.05,
2EQ16177,6416_2206N명판_3,3,0.4431411921977997,224,350,1.2,
2EQ16177,3102_현상가압라벨_4,4,0.585040807723999,592,620,0.6,
2EQ16177,3699_레버피스_4,4,0.5486987233161926,870,36,0.6,
2EQ16177,1525_▲▲▲라벨_5,5,0.9279623031616211,194,468,0.75,
2EQ16177,2917_코마_6,6,0.8515518307685852,704,554,0.6,
2EQ16177,1525_▲▲▲라벨_7,7,0.557802677154541,530,500,0.9,
2EQ16177,0000_모듈러카바_8,8,0.5051239132881165,306,524,0.6,
2EQ16177,3780_전원스위치_9,9,0.7552399635314941,784,202,0.6,
2EQ16177,V242_카바라이트_10,10,0.7802730202674866,498,122,0.6,
2EQ16177,V242_카바라이트_11,11,0.7131139636039734,564,642,0.6,
2EQ16177,3779_압판스토퍼_12,12,0.591605007648468,294,158,0.9,
2EQ16177,3779_압판스토퍼_14,14,0.7466897368431091,220,178,0.75,
2EQ16178,C551_토너라벨_1,1,0.38954827189445496,500,232,0.6,
2EQ16178,B793_Canon각인_2,2,0.5275433659553528,38,246,1.05,
2EQ16178,6416_2206N명판_3,3,0.4650190770626068,232,412,1.2,
2EQ16178,3102_현상가압라벨_4,4,0.6680131554603577,546,28,0.6,
2EQ16178,3699_레버피스_4,4,0.6056032180786133,640,96,0.6,
2EQ16178,1525_▲▲▲라벨_5,5,0.9207474589347839,796,230,0.6,
2EQ16178,2917_코마_6,6,0.8602023720741272,854,536,0.6,
2EQ16178,1525_▲▲▲라벨_7,7,0.534336507320404,496,538,0.6,
2EQ16178,0000_모듈러카바_8,8,0.42087510228157043,214,510,0.6,
2EQ16178,3780_전원스위치_9,9,0.7592267394065857,782,202,0.6,
2EQ16178,V242_카바라이트_10,10,0.786454975605011,438,600,0.6,
2EQ16178,V242_카바라이트_11,11,0.7719345688819885,500,638,0.6,
2EQ16178,3779_압판스토퍼_12,12,0.5658314824104309,330,176,0.9,
2EQ16178,3779_압판스토퍼_14,14,0.7810093760490417,212,162,0.6,
2EQ16179,C551_토너라벨_1,1,0.34081894159317017,522,336,0.6,
2EQ16179,B793_Canon각인_2,2,0.5932809710502625,64,282,1.05,
2EQ16179,6416_2206N명판_3,3,0.45176225900650024,124,418,1.2,
2EQ16179,3102_현상가압라벨_4,4,0.6867746114730835,530,40,0.6,
2EQ16179,3699_레버피스_4,4,0.6463635563850403,700,42,0.6,
2EQ16179,1525_▲▲▲라벨_5,5,0.9211466908454895,208,456,0.75,
2EQ16179,2917_코마_6,6,0.8466809988021851,708,168,0.6,
2EQ16179,1525_▲▲▲라벨_7,7,0.5863856673240662,480,584,0.6,
2EQ16179,0000_모듈러카바_8,8,0.45976296067237854,286,456,0.6,
2EQ16179,3780_전원스위치_9,9,0.7585007548332214,784,202,0.6,
2EQ16179,V242_카바라이트_10,10,0.771895170211792,428,594,0.6,
2EQ16179,V242_카바라이트_11,11,0.7957921624183655,556,656,0.6,
2EQ16179,3779_압판스토퍼_12,12,0.583270251750946,756,116,0.9,
2EQ16179,3779_압판스토퍼_14,14,0.775536298751831,378,368,0.6,
2EQ16180,C551_토너라벨_1,1,0.3332231044769287,526,380,0.6,
2EQ16180,B793_Canon각인_2,2,0.48238155245780945,22,364,1.05,
2EQ16180,6416_2206N명판_3,3,0.4233960807323456,294,324,1.05,
2EQ16180,3102_현상가압라벨_4,4,0.6166032552719116,526,22,0.6,
2EQ16180,3699_레버피스_4,4,0.6310585737228394,264,20,0.75,
2EQ16180,1525_▲▲▲라벨_5,5,0.9343053102493286,154,232,0.6,
2EQ16180,2917_코마_6,6,0.8642066121101379,934,560,0.6,
2EQ16180,1525_▲▲▲라벨_7,7,0.529338002204895,470,512,0.6,
2EQ16180,0000_모듈러카바_8,8,0.5163970589637756,280,530,0.6,
2EQ16180,3780_전원스위치_9,9,0.7554048895835876,782,202,0.6,
2EQ16180,V242_카바라이트_10,10,0.7815777063369751,428,606,0.6,
2EQ16180,V242_카바라이트_11,11,0.7949092984199524,562,658,0.6,
2EQ16180,3779_압판스토퍼_12,12,0.5955618619918823,542,194,0.9,
2EQ16180,3779_압판스토퍼_14,14,0.7707733511924744,382,424,0.6,
2EQ16181,C551_토너라벨_1,1,0.3634198307991028,504,370,0.6,
2EQ16181,B793_Canon각인_2,2,0.5959101319313049,100,352,1.05,
2EQ16181,6416_2206N명판_3,3,0.4267638623714447,142,448,1.2,
2EQ16181,3102_현상가압라벨_4,4,0.603787362575531,522,250,0.6,
2EQ16181,3699_레버피스_4,4,0.6155019998550415,526,254,0.6,
2EQ16181,1525_▲▲▲라벨_5,5,0.9263225793838501,38,582,0.6,
2EQ16181,2917_코마_6,6,0.8377532362937927,378,158,0.6,
2EQ16181,1525_▲▲▲라벨_7,7,0.5504460334777832,234,36,0.6,
2EQ16181,0000_모듈러카바_8,8,0.46188613772392273,250,496,0.6,
2EQ16181,3780_전원스위치_9,9,0.7540520429611206,782,202,0.6,
2EQ16181,V242_카바라이트_10,10,0.777709424495697,436,596,0.6,
2EQ16181,V242_카바라이트_11,11,0.7861976623535156,570,638,0.6,
2EQ16181,3779_압판스토퍼_12,12,0.5863779187202454,476,188,0.9,
2EQ16181,3779_압판스토퍼_14,14,0.7652959823608398,350,398,0.75,
2EQ16182,C551_토너라벨_1,1,0.3121678829193115,146,226,0.6,
2EQ16182,B793_Canon각인_2,2,0.531392514705658,30,424,1.05,
2EQ16182,6416_2206N명판_3,3,0.4659968614578247,166,326,1.2,
2EQ16182,3102_현상가압라벨_4,4,0.63805091381073,566,34,0.6,
2EQ16182,3699_레버피스_4,4,0.6275248527526855,602,34,0.6,
2EQ16182,1525_▲▲▲라벨_5,5,0.9263007044792175,796,228,0.6,
2EQ16182,2917_코마_6,6,0.8449475169181824,884,546,0.6,
2EQ16182,1525_▲▲▲라벨_7,7,0.5408496260643005,496,588,0.6,
2EQ16182,0000_모듈러카바_8,8,0.4694720208644867,308,522,0.6,
2EQ16182,3780_전원스위치_9,9,0.7561907768249512,782,204,0.6,
2EQ16182,V242_카바라이트_10,10,0.7845489382743835,478,116,0.6,
2EQ16182,V242_카바라이트_11,11,0.7656166553497314,550,628,0.6,
2EQ16182,3779_압판스토퍼_12,12,0.5454519987106323,666,652,0.9,
2EQ16182,3779_압판스토퍼_14,14,0.7576082944869995,220,188,0.75,
2EQ16183,C551_토너라벨_1,1,0.3173370957374573,506,368,0.6,
2EQ16183,B793_Canon각인_2,2,0.5413370728492737,56,366,1.05,
2EQ16183,6416_2206N명판_3,3,0.44077861309051514,570,284,0.6,
2EQ16183,3102_현상가압라벨_4,4,0.6120898723602295,622,6,0.75,
2EQ16183,3699_레버피스_4,4,0.6483722925186157,674,20,0.6,
2EQ16183,1525_▲▲▲라벨_5,5,0.9249581098556519,216,472,0.6,
2EQ16183,2917_코마_6,6,0.859723687171936,932,568,0.6,
2EQ16183,1525_▲▲▲라벨_7,7,0.6015717387199402,526,534,0.9,
2EQ16183,0000_모듈러카바_8,8,0.4542544186115265,284,534,0.6,
2EQ16183,3780_전원스위치_9,9,0.7597182393074036,784,202,0.6,
2EQ16183,V242_카바라이트_10,10,0.7820216417312622,430,602,0.6,
2EQ16183,V242_카바라이트_11,11,0.7810180187225342,572,650,0.6,
2EQ16183,3779_압판스토퍼_12,12,0.5812346339225769,864,18,0.9,
2EQ16183,3779_압판스토퍼_14,14,0.7560625672340393,800,472,0.6,
2EQ16184,C551_토너라벨_1,1,0.3995128870010376,484,384,0.6,
2EQ16184,B793_Canon각인_2,2,0.5505583882331848,144,406,1.05,
2EQ16184,6416_2206N명판_3,3,0.43048372864723206,270,344,1.2,
2EQ16184,3102_현상가압라벨_4,4,0.6853869557380676,548,70,0.6,
2EQ16184,3699_레버피스_4,4,0.6190267205238342,166,46,0.75,
2EQ16184,1525_▲▲▲라벨_5,5,0.9257076382637024,812,230,0.6,
2EQ16184,2917_코마_6,6,0.8573826551437378,928,582,0.6,
2EQ16184,1525_▲▲▲라벨_7,7,0.5732476711273193,10,644,0.6,
2EQ16184,0000_모듈러카바_8,8,0.452732652425766,258,546,0.6,
2EQ16184,3780_전원스위치_9,9,0.7584546804428101,784,202,0.6,
2EQ16184,V242_카바라이트_10,10,0.7845388054847717,436,600,0.6,
2EQ16184,V242_카바라이트_11,11,0.7775185108184814,564,654,0.6,
2EQ16184,3779_압판스토퍼_12,12,0.5626813173294067,260,544,0.9,
2EQ16184,3779_압판스토퍼_14,14,0.752029299736023,232,186,0.6,
2EQ16185,C551_토너라벨_1,1,0.36966317892074585,606,314,0.6,
2EQ16185,B793_Canon각인_2,2,0.6033666133880615,106,356,1.05,
2EQ16185,6416_2206N명판_3,3,0.45109808444976807,524,236,0.6,
2EQ16185,3102_현상가압라벨_4,4,0.717552661895752,454,16,0.6,
2EQ16185,3699_레버피스_4,4,0.6733860373497009,458,18,0.6,
2EQ16185,1525_▲▲▲라벨_5,5,0.9212172031402588,796,228,0.6,
2EQ16185,2917_코마_6,6,0.865875780582428,668,154,0.6,
2EQ16185,1525_▲▲▲라벨_7,7,0.5683843493461609,534,526,0.6,
2EQ16185,0000_모듈러카바_8,8,0.531777024269104,342,504,0.6,
2EQ16185,3780_전원스위치_9,9,0.758247435092926,784,202,0.6,
2EQ16185,V242_카바라이트_10,10,0.7649227976799011,482,140,0.6,
2EQ16185,V242_카바라이트_11,11,0.7766780853271484,564,616,0.6,
2EQ16185,3779_압판스토퍼_12,12,0.5686287879943848,780,96,0.9,
2EQ16185,3779_압판스토퍼_14,14,0.7648559212684631,540,262,0.6,
2EQ16186,C551_토너라벨_1,1,0.37135031819343567,276,168,1.2,
2EQ16186,B793_Canon각인_2,2,0.4980038106441498,64,262,1.05,
2EQ16186,6416_2206N명판_3,3,0.5119290947914124,124,382,1.2,
2EQ16186,3102_현상가압라벨_4,4,0.6025484204292297,772,328,0.6,
2EQ16186,3699_레버피스_4,4,0.5507578253746033,516,238,0.6,
2EQ16186,1525_▲▲▲라벨_5,5,0.924785315990448,164,422,0.6,
2EQ16186,2917_코마_6,6,0.8827230930328369,706,134,0.6,
2EQ16186,1525_▲▲▲라벨_7,7,0.6014218926429749,564,586,0.75,
2EQ16186,0000_모듈러카바_8,8,0.4037007987499237,210,530,0.6,
2EQ16186,3780_전원스위치_9,9,0.7592957019805908,784,202,0.6,
2EQ16186,V242_카바라이트_10,10,0.7802372574806213,440,592,0.6,
2EQ16186,V242_카바라이트_11,11,0.7642855644226074,542,650,0.6,
2EQ16186,3779_압판스토퍼_12,12,0.5878947973251343,864,16,0.9,
2EQ16186,3779_압판스토퍼_14,14,0.738572359085083,344,360,0.6,
2EQ16187,C551_토너라벨_1,1,0.35430416464805603,546,352,0.6,
2EQ16187,B793_Canon각인_2,2,0.5428432822227478,76,316,1.05,
2EQ16187,6416_2206N명판_3,3,0.448412150144577,104,402,1.2,
2EQ16187,3102_현상가압라벨_4,4,0.5792604684829712,668,668,0.6,
2EQ16187,3699_레버피스_4,4,0.6671055555343628,258,164,0.6,
2EQ16187,1525_▲▲▲라벨_5,5,0.9258103370666504,154,234,0.6,
2EQ16187,2917_코마_6,6,0.8537675738334656,230,150,0.6,
2EQ16187,1525_▲▲▲라벨_7,7,0.5621927380561829,808,546,0.6,
2EQ16187,0000_모듈러카바_8,8,0.6148497462272644,366,400,0.6,
2EQ16187,3780_전원스위치_9,9,0.75446617603302,784,202,0.6,
2EQ16187,V242_카바라이트_10,10,0.7734265923500061,430,594,0.6,
2EQ16187,V242_카바라이트_11,11,0.7763823866844177,562,656,0.6,
2EQ16187,3779_압판스토퍼_12,12,0.5144285559654236,256,418,0.9,
2EQ16187,3779_압판스토퍼_14,14,0.7732536196708679,586,292,0.6,
2EQ16188,C551_토너라벨_1,1,0.33496034145355225,334,574,0.6,
2EQ16188,B793_Canon각인_2,2,0.5422477126121521,40,272,1.05,
2EQ16188,6416_2206N명판_3,3,0.40474429726600647,708,652,0.6,
2EQ16188,3102_현상가압라벨_4,4,0.6018189787864685,496,24,0.6,
2EQ16188,3699_레버피스_4,4,0.5590901970863342,414,472,0.6,
2EQ16188,1525_▲▲▲라벨_5,5,0.9247177243232727,184,462,0.75,
2EQ16188,2917_코마_6,6,0.8674909472465515,918,542,0.6,
2EQ16188,1525_▲▲▲라벨_7,7,0.6195010542869568,506,508,0.9,
2EQ16188,0000_모듈러카바_8,8,0.6448478698730469,246,446,0.6,
2EQ16188,3780_전원스위치_9,9,0.7561923861503601,324,354,0.6,
2EQ16188,V242_카바라이트_10,10,0.7807378768920898,434,596,0.6,
2EQ16188,V242_카바라이트_11,11,0.7864616513252258,550,620,0.6,
2EQ16188,3779_압판스토퍼_12,12,0.6012068390846252,472,248,0.9,
2EQ16188,3779_압판스토퍼_14,14,0.7578999996185303,904,268,0.6,
2EQ16189,C551_토너라벨_1,1,0.3146957457065582,504,404,0.6,
2EQ16189,B793_Canon각인_2,2,0.5793214440345764,88,336,1.05,
2EQ16189,6416_2206N명판_3,3,0.42834335565567017,292,286,1.2,
2EQ16189,3102_현상가압라벨_4,4,0.6991992592811584,488,0,0.6,
2EQ16189,3699_레버피스_4,4,0.6783367991447449,466,6,0.6,
2EQ16189,1525_▲▲▲라벨_5,5,0.9231452345848083,382,440,0.6,
2EQ16189,2917_코마_6,6,0.8680700659751892,848,552,0.6,
2EQ16189,1525_▲▲▲라벨_7,7,0.5388191342353821,218,218,0.6,
2EQ16189,0000_모듈러카바_8,8,0.4795795679092407,316,516,0.6,
2EQ16189,3780_전원스위치_9,9,0.7605582475662231,784,202,0.6,
2EQ16189,V242_카바라이트_10,10,0.7812467217445374,436,584,0.6,
2EQ16189,V242_카바라이트_11,11,0.7657766342163086,504,650,0.6,
2EQ16189,3779_압판스토퍼_12,12,0.4945262670516968,222,516,0.9,
2EQ16189,3779_압판스토퍼_14,14,0.74810791015625,502,312,0.6,
2EQ16190,C551_토너라벨_1,1,0.319823294878006,494,314,0.6,
2EQ16190,B793_Canon각인_2,2,0.5685524344444275,54,296,1.05,
2EQ16190,6416_2206N명판_3,3,0.4654833972454071,184,356,1.2,
2EQ16190,3102_현상가압라벨_4,4,0.715889573097229,538,38,0.6,
2EQ16190,3699_레버피스_4,4,0.6496214270591736,154,28,0.75,
2EQ16190,1525_▲▲▲라벨_5,5,0.9150727391242981,224,468,0.6,
2EQ16190,2917_코마_6,6,0.8494167327880859,926,606,0.6,
2EQ16190,1525_▲▲▲라벨_7,7,0.5485507845878601,494,590,0.6,
2EQ16190,0000_모듈러카바_8,8,0.47803133726119995,290,494,0.6,
2EQ16190,3780_전원스위치_9,9,0.7574660778045654,782,202,0.6,
2EQ16190,V242_카바라이트_10,10,0.7770213484764099,452,602,0.6,
2EQ16190,V242_카바라이트_11,11,0.7793030142784119,568,634,0.6,
2EQ16190,3779_압판스토퍼_12,12,0.5657095909118652,182,488,0.9,
2EQ16190,3779_압판스토퍼_14,14,0.7442169189453125,552,374,0.6,
2EQ16191,C551_토너라벨_1,1,0.3216207027435303,494,368,0.6,
2EQ16191,B793_Canon각인_2,2,0.5811651945114136,66,274,1.05,
2EQ16191,6416_2206N명판_3,3,0.4219767153263092,300,336,1.2,
2EQ16191,3102_현상가압라벨_4,4,0.621004045009613,574,56,0.6,
2EQ16191,3699_레버피스_4,4,0.63087397813797,216,4,1.05,
2EQ16191,1525_▲▲▲라벨_5,5,0.922824501991272,796,224,0.75,
2EQ16191,2917_코마_6,6,0.8530265688896179,34,594,0.6,
2EQ16191,1525_▲▲▲라벨_7,7,0.5350744128227234,658,636,0.9,
2EQ16191,0000_모듈러카바_8,8,0.3965335190296173,258,524,0.6,
2EQ16191,3780_전원스위치_9,9,0.7561589479446411,782,202,0.6,
2EQ16191,V242_카바라이트_10,10,0.7816942930221558,422,592,0.6,
2EQ16191,V242_카바라이트_11,11,0.7864528298377991,506,626,0.6,
2EQ16191,3779_압판스토퍼_12,12,0.5889758467674255,128,466,0.9,
2EQ16191,3779_압판스토퍼_14,14,0.7723924517631531,378,348,0.6,
2EQ16192,C551_토너라벨_1,1,0.3975538909435272,620,400,0.6,
2EQ16192,B793_Canon각인_2,2,0.5233941674232483,96,324,1.05,
2EQ16192,6416_2206N명판_3,3,0.40324702858924866,210,292,1.2,
2EQ16192,3102_현상가압라벨_4,4,0.5977457165718079,528,56,0.6,
2EQ16192,3699_레버피스_4,4,0.6294998526573181,194,12,0.75,
2EQ16192,1525_▲▲▲라벨_5,5,0.930380642414093,796,224,0.75,
2EQ16192,2917_코마_6,6,0.848314106464386,898,604,0.6,
2EQ16192,1525_▲▲▲라벨_7,7,0.5798118710517883,528,518,0.75,
2EQ16192,0000_모듈러카바_8,8,0.4939028322696686,276,542,0.6,
2EQ16192,3780_전원스위치_9,9,0.7587559223175049,784,202,0.6,
2EQ16192,V242_카바라이트_10,10,0.782504677772522,438,594,0.6,
2EQ16192,V242_카바라이트_11,11,0.7848321795463562,566,660,0.6,
2EQ16192,3779_압판스토퍼_12,12,0.5940969586372375,204,448,0.9,
2EQ16192,3779_압판스토퍼_14,14,0.7563102841377258,472,150,0.75,
2EQ16193,C551_토너라벨_1,1,0.33677956461906433,570,242,0.6,
2EQ16193,B793_Canon각인_2,2,0.4838889539241791,32,260,1.05,
2EQ16193,6416_2206N명판_3,3,0.4280968904495239,184,292,1.2,
2EQ16193,3102_현상가압라벨_4,4,0.6312000155448914,668,32,0.6,
2EQ16193,3699_레버피스_4,4,0.650357723236084,476,38,0.6,
2EQ16193,1525_▲▲▲라벨_5,5,0.9298827052116394,804,230,0.6,
2EQ16193,2917_코마_6,6,0.8736895322799683,686,178,0.6,
2EQ16193,1525_▲▲▲라벨_7,7,0.5305132865905762,36,286,0.9,
2EQ16193,0000_모듈러카바_8,8,0.45595258474349976,238,510,0.6,
2EQ16193,3780_전원스위치_9,9,0.7572866082191467,782,202,0.6,
2EQ16193,V242_카바라이트_10,10,0.7765231728553772,438,596,0.6,
2EQ16193,V242_카바라이트_11,11,0.7898772358894348,558,648,0.6,
2EQ16193,3779_압판스토퍼_12,12,0.5569438934326172,638,62,0.9,
2EQ16193,3779_압판스토퍼_14,14,0.7585465312004089,382,342,0.6,
2EQ16194,C551_토너라벨_1,1,0.31623202562332153,506,416,0.6,
2EQ16194,B793_Canon각인_2,2,0.49734294414520264,32,352,1.05,
2EQ16194,6416_2206N명판_3,3,0.40984317660331726,708,650,0.6,
2EQ16194,3102_현상가압라벨_4,4,0.638651967048645,586,0,0.6,
2EQ16194,3699_레버피스_4,4,0.6083009839057922,350,248,0.6,
2EQ16194,1525_▲▲▲라벨_5,5,0.9276716113090515,812,228,0.6,
2EQ16194,2917_코마_6,6,0.876153290271759,682,150,0.6,
2EQ16194,1525_▲▲▲라벨_7,7,0.5628045201301575,508,558,0.9,
2EQ16194,0000_모듈러카바_8,8,0.5405153632164001,280,502,0.6,
2EQ16194,3780_전원스위치_9,9,0.759124755859375,782,204,0.6,
2EQ16194,V242_카바라이트_10,10,0.7797520756721497,438,594,0.6,
2EQ16194,V242_카바라이트_11,11,0.7901535630226135,494,654,0.6,
2EQ16194,3779_압판스토퍼_12,12,0.5746375322341919,322,160,0.9,
2EQ16194,3779_압판스토퍼_14,14,0.7471794486045837,224,184,0.75,
2EQ16195,C551_토너라벨_1,1,0.32674726843833923,414,382,0.75,
2EQ16195,B793_Canon각인_2,2,0.5619490146636963,112,260,1.05,
2EQ16195,6416_2206N명판_3,3,0.47321024537086487,230,352,1.2,
2EQ16195,3102_현상가압라벨_4,4,0.6904411315917969,546,42,0.6,
2EQ16195,3699_레버피스_4,4,0.6493608355522156,160,26,0.75,
2EQ16195,1525_▲▲▲라벨_5,5,0.9319806098937988,796,226,0.75,
2EQ16195,2917_코마_6,6,0.8505383133888245,938,602,0.6,
2EQ16195,1525_▲▲▲라벨_7,7,0.566265344619751,580,498,0.9,
2EQ16195,0000_모듈러카바_8,8,0.5789138674736023,272,522,0.6,
2EQ16195,3780_전원스위치_9,9,0.7548738121986389,782,202,0.6,
2EQ16195,V242_카바라이트_10,10,0.7760690450668335,496,122,0.6,
2EQ16195,V242_카바라이트_11,11,0.7646835446357727,720,148,0.6,
2EQ16195,3779_압판스토퍼_12,12,0.5340392589569092,628,658,0.9,
2EQ16195,3779_압판스토퍼_14,14,0.7687236666679382,380,400,0.6,
2EQ16196,C551_토너라벨_1,1,0.33065545558929443,612,348,0.6,
2EQ16196,B793_Canon각인_2,2,0.488883376121521,40,256,1.05,
2EQ16196,6416_2206N명판_3,3,0.416849821805954,612,324,0.6,
2EQ16196,3102_현상가압라벨_4,4,0.6783477663993835,554,4,1.05,
2EQ16196,3699_레버피스_4,4,0.6444653868675232,604,48,0.6,
2EQ16196,1525_▲▲▲라벨_5,5,0.9324660897254944,810,228,0.6,
2EQ16196,2917_코마_6,6,0.8698195219039917,896,542,0.6,
2EQ16196,1525_▲▲▲라벨_7,7,0.5760415196418762,320,520,0.6,
2EQ16196,0000_모듈러카바_8,8,0.620884895324707,202,500,0.6,
2EQ16196,3780_전원스위치_9,9,0.7452789545059204,392,430,0.6,
2EQ16196,V242_카바라이트_10,10,0.7808031439781189,440,594,0.6,
2EQ16196,V242_카바라이트_11,11,0.7604566216468811,558,658,0.6,
2EQ16196,3779_압판스토퍼_12,12,0.6089448928833008,342,172,0.9,
2EQ16196,3779_압판스토퍼_14,14,0.7416504621505737,234,196,0.6,
2EQ16197,C551_토너라벨_1,1,0.3710762560367584,590,300,0.6,
2EQ16197,B793_Canon각인_2,2,0.5463281273841858,34,300,1.05,
2EQ16197,6416_2206N명판_3,3,0.5520650148391724,258,392,1.2,
2EQ16197,3102_현상가압라벨_4,4,0.6082581877708435,740,340,0.6,
2EQ16197,3699_레버피스_4,4,0.5965656638145447,358,490,1.05,
2EQ16197,1525_▲▲▲라벨_5,5,0.9156330823898315,154,234,0.6,
2EQ16197,2917_코마_6,6,0.8329805135726929,34,236,0.6,
2EQ16197,1525_▲▲▲라벨_7,7,0.5170868039131165,308,18,0.9,
2EQ16197,0000_모듈러카바_8,8,0.5703245401382446,282,494,0.6,
2EQ16197,3780_전원스위치_9,9,0.7565330862998962,784,202,0.6,
2EQ16197,V242_카바라이트_10,10,0.7718747854232788,494,124,0.6,
2EQ16197,V242_카바라이트_11,11,0.7875001430511475,536,642,0.6,
2EQ16197,3779_압판스토퍼_12,12,0.5555512309074402,468,2,0.9,
2EQ16197,3779_압판스토퍼_14,14,0.7673346996307373,406,402,0.6,
2EQ16198,C551_토너라벨_1,1,0.429379403591156,370,382,0.6,
2EQ16198,B793_Canon각인_2,2,0.5666400194168091,16,340,1.05,
2EQ16198,6416_2206N명판_3,3,0.40235278010368347,112,528,0.6,
2EQ16198,3102_현상가압라벨_4,4,0.6318051815032959,674,0,0.6,
2EQ16198,3699_레버피스_4,4,0.5715557336807251,388,490,0.9,
2EQ16198,1525_▲▲▲라벨_5,5,0.9298679232597351,800,228,0.6,
2EQ16198,2917_코마_6,6,0.8628870248794556,928,560,0.6,
2EQ16198,1525_▲▲▲라벨_7,7,0.554953932762146,58,638,0.6,
2EQ16198,0000_모듈러카바_8,8,0.409433513879776,658,374,0.6,
2EQ16198,3780_전원스위치_9,9,0.7573150992393494,784,202,0.6,
2EQ16198,V242_카바라이트_10,10,0.7833820581436157,496,122,0.6,
2EQ16198,V242_카바라이트_11,11,0.7670578360557556,562,654,0.6,
2EQ16198,3779_압판스토퍼_12,12,0.5664489269256592,206,518,0.9,
2EQ16198,3779_압판스토퍼_14,14,0.749527633190155,616,280,0.6,
2EQ16199,C551_토너라벨_1,1,0.3016480803489685,502,336,0.6,
2EQ16199,B793_Canon각인_2,2,0.48672863841056824,32,332,1.05,
2EQ16199,6416_2206N명판_3,3,0.4330662488937378,560,278,0.6,
2EQ16199,3102_현상가압라벨_4,4,0.6948074102401733,548,28,0.6,
2EQ16199,3699_레버피스_4,4,0.6542880535125732,162,14,0.9,
2EQ16199,1525_▲▲▲라벨_5,5,0.9227545261383057,796,224,0.75,
2EQ16199,2917_코마_6,6,0.865967869758606,938,554,0.6,
2EQ16199,1525_▲▲▲라벨_7,7,0.5783880352973938,490,506,0.9,
2EQ16199,0000_모듈러카바_8,8,0.5114148259162903,276,534,0.6,
2EQ16199,3780_전원스위치_9,9,0.7586564421653748,784,202,0.6,
2EQ16199,V242_카바라이트_10,10,0.7834607362747192,430,590,0.6,
2EQ16199,V242_카바라이트_11,11,0.7904942035675049,506,656,0.6,
2EQ16199,3779_압판스토퍼_12,12,0.567247748374939,290,158,0.9,
2EQ16199,3779_압판스토퍼_14,14,0.7415424585342407,662,4,0.75,
2EQ16200,C551_토너라벨_1,1,0.36792683601379395,144,94,0.6,
2EQ16200,B793_Canon각인_2,2,0.4296310842037201,32,298,1.05,
2EQ16200,6416_2206N명판_3,3,0.48098036646842957,196,370,1.2,
2EQ16200,3102_현상가압라벨_4,4,0.6897889375686646,692,20,0.6,
2EQ16200,3699_레버피스_4,4,0.6230416297912598,284,32,0.6,
2EQ16200,1525_▲▲▲라벨_5,5,0.9170615077018738,366,448,0.6,
2EQ16200,2917_코마_6,6,0.8656147718429565,706,192,0.6,
2EQ16200,1525_▲▲▲라벨_7,7,0.5879253149032593,572,486,0.9,
2EQ16200,0000_모듈러카바_8,8,0.4731253981590271,274,518,0.6,
2EQ16200,3780_전원스위치_9,9,0.7549728751182556,784,200,0.6,
2EQ16200,V242_카바라이트_10,10,0.7647739052772522,488,126,0.6,
2EQ16200,V242_카바라이트_11,11,0.767529308795929,542,654,0.6,
2EQ16200,3779_압판스토퍼_12,12,0.5640459060668945,0,572,0.9,
2EQ16200,3779_압판스토퍼_14,14,0.7662010192871094,428,128,0.75,
2EQ16201,C551_토너라벨_1,1,0.387566477060318,478,336,0.6,
2EQ16201,B793_Canon각인_2,2,0.5359269976615906,64,328,1.05,
2EQ16201,6416_2206N명판_3,3,0.45418545603752136,190,408,1.2,
2EQ16201,3102_현상가압라벨_4,4,0.6863703727722168,596,24,0.6,
2EQ16201,3699_레버피스_4,4,0.6158438920974731,612,28,0.6,
2EQ16201,1525_▲▲▲라벨_5,5,0.9286460280418396,812,232,0.6,
2EQ16201,2917_코마_6,6,0.8635377883911133,804,534,0.6,
2EQ16201,1525_▲▲▲라벨_7,7,0.5870797634124756,546,478,0.9,
2EQ16201,0000_모듈러카바_8,8,0.6195654273033142,298,528,0.6,
2EQ16201,3780_전원스위치_9,9,0.7567238807678223,782,202,0.6,
2EQ16201,V242_카바라이트_10,10,0.7791008353233337,438,596,0.6,
2EQ16201,V242_카바라이트_11,11,0.7960075736045837,516,646,0.6,
2EQ16201,3779_압판스토퍼_12,12,0.5549415946006775,770,102,0.9,
2EQ16201,3779_압판스토퍼_14,14,0.7634732723236084,522,214,0.75,
2EQ16202,C551_토너라벨_1,1,0.3320404887199402,532,284,0.6,
2EQ16202,B793_Canon각인_2,2,0.450134813785553,46,328,1.05,
2EQ16202,6416_2206N명판_3,3,0.4547443091869354,248,310,1.2,
2EQ16202,3102_현상가압라벨_4,4,0.6658999919891357,450,36,0.6,
2EQ16202,3699_레버피스_4,4,0.6910547018051147,456,40,0.6,
2EQ16202,1525_▲▲▲라벨_5,5,0.9268912672996521,796,224,0.75,
2EQ16202,2917_코마_6,6,0.8661869764328003,690,146,0.6,
2EQ16202,1525_▲▲▲라벨_7,7,0.6179838180541992,590,520,0.9,
2EQ16202,0000_모듈러카바_8,8,0.492130845785141,280,540,0.6,
2EQ16202,3780_전원스위치_9,9,0.7541669607162476,782,202,0.6,
2EQ16202,V242_카바라이트_10,10,0.7796393632888794,440,606,0.6,
2EQ16202,V242_카바라이트_11,11,0.7866182327270508,504,640,0.6,
2EQ16202,3779_압판스토퍼_12,12,0.5768319368362427,850,30,0.9,
2EQ16202,3779_압판스토퍼_14,14,0.7705233097076416,398,422,0.6,
2EQ16203,C551_토너라벨_1,1,0.3269442319869995,460,346,0.6,
2EQ16203,B793_Canon각인_2,2,0.46607694029808044,38,302,1.05,
2EQ16203,6416_2206N명판_3,3,0.44918322563171387,196,280,1.2,
2EQ16203,3102_현상가압라벨_4,4,0.6961590051651001,528,94,0.6,
2EQ16203,3699_레버피스_4,4,0.6354464888572693,684,102,0.6,
2EQ16203,1525_▲▲▲라벨_5,5,0.9138438105583191,260,466,0.6,
2EQ16203,2917_코마_6,6,0.8650766611099243,858,554,0.6,
2EQ16203,1525_▲▲▲라벨_7,7,0.525881826877594,524,596,0.6,
2EQ16203,0000_모듈러카바_8,8,0.49675968289375305,306,498,0.6,
2EQ16203,3780_전원스위치_9,9,0.7597307562828064,784,202,0.6,
2EQ16203,V242_카바라이트_10,10,0.7769730687141418,440,582,0.6,
2EQ16203,V242_카바라이트_11,11,0.7685538530349731,720,142,0.6,
2EQ16203,3779_압판스토퍼_12,12,0.5772148966789246,470,296,0.9,
2EQ16203,3779_압판스토퍼_14,14,0.7712739109992981,370,386,0.6,
2EQ16204,C551_토너라벨_1,1,0.40383750200271606,548,224,0.6,
2EQ16204,B793_Canon각인_2,2,0.5236620903015137,24,352,1.05,
2EQ16204,6416_2206N명판_3,3,0.5090361833572388,204,324,1.2,
2EQ16204,3102_현상가압라벨_4,4,0.6281793117523193,550,102,0.6,
2EQ16204,3699_레버피스_4,4,0.6856110095977783,756,28,0.6,
2EQ16204,1525_▲▲▲라벨_5,5,0.9208478331565857,798,226,0.75,
2EQ16204,2917_코마_6,6,0.8401864171028137,898,544,0.6,
2EQ16204,1525_▲▲▲라벨_7,7,0.5974411964416504,508,542,0.9,
2EQ16204,0000_모듈러카바_8,8,0.468258261680603,692,572,0.6,
2EQ16204,3780_전원스위치_9,9,0.7597420811653137,784,202,0.6,
2EQ16204,V242_카바라이트_10,10,0.7794506549835205,436,592,0.6,
2EQ16204,V242_카바라이트_11,11,0.7538212537765503,722,138,0.6,
2EQ16204,3779_압판스토퍼_12,12,0.5544856190681458,236,428,0.9,
2EQ16204,3779_압판스토퍼_14,14,0.76788330078125,372,368,0.6,
2EQ16205,C551_토너라벨_1,1,0.36185896396636963,222,154,1.05,
2EQ16205,B793_Canon각인_2,2,0.42937400937080383,0,358,1.05,
2EQ16205,6416_2206N명판_3,3,0.44986212253570557,182,238,1.2,
2EQ16205,3102_현상가압라벨_4,4,0.6324284076690674,646,50,0.6,
2EQ16205,3699_레버피스_4,4,0.5929082632064819,580,58,0.6,
2EQ16205,1525_▲▲▲라벨_5,5,0.9321708679199219,800,228,0.6,
2EQ16205,2917_코마_6,6,0.8632276654243469,888,550,0.6,
2EQ16205,1525_▲▲▲라벨_7,7,0.5255760550498962,28,340,0.75,
2EQ16205,0000_모듈러카바_8,8,0.4402208626270294,262,546,0.6,
2EQ16205,3780_전원스위치_9,9,0.7550891637802124,782,202,0.6,
2EQ16205,V242_카바라이트_10,10,0.7809039354324341,438,590,0.6,
2EQ16205,V242_카바라이트_11,11,0.7665436267852783,496,636,0.6,
2EQ16205,3779_압판스토퍼_12,12,0.5791922807693481,748,124,0.9,
2EQ16205,3779_압판스토퍼_14,14,0.7681787014007568,366,462,0.6,
2EQ16206,C551_토너라벨_1,1,0.34756818413734436,540,282,0.6,
2EQ16206,B793_Canon각인_2,2,0.5188039541244507,46,340,1.05,
2EQ16206,6416_2206N명판_3,3,0.4205424189567566,246,370,1.2,
2EQ16206,3102_현상가압라벨_4,4,0.6724122166633606,642,52,0.6,
2EQ16206,3699_레버피스_4,4,0.6628011465072632,434,52,0.6,
2EQ16206,1525_▲▲▲라벨_5,5,0.928776204586029,162,472,0.6,
2EQ16206,2917_코마_6,6,0.8636702299118042,882,570,0.6,
2EQ16206,1525_▲▲▲라벨_7,7,0.5711662769317627,560,532,0.6,
2EQ16206,0000_모듈러카바_8,8,0.4790707230567932,296,456,0.6,
2EQ16206,3780_전원스위치_9,9,0.7609901428222656,784,202,0.6,
2EQ16206,V242_카바라이트_10,10,0.7777788043022156,428,596,0.6,
2EQ16206,V242_카바라이트_11,11,0.7873079180717468,500,648,0.6,
2EQ16206,3779_압판스토퍼_12,12,0.560343325138092,108,604,0.9,
2EQ16206,3779_압판스토퍼_14,14,0.7478325366973877,352,328,0.6,
2EQ16207,C551_토너라벨_1,1,0.34272342920303345,232,130,0.6,
2EQ16207,B793_Canon각인_2,2,0.4829275906085968,96,346,1.05,
2EQ16207,6416_2206N명판_3,3,0.4077562093734741,206,18,0.6,
2EQ16207,3102_현상가압라벨_4,4,0.5824201703071594,604,674,0.6,
2EQ16207,3699_레버피스_4,4,0.7107418775558472,170,16,0.9,
2EQ16207,1525_▲▲▲라벨_5,5,0.9218258857727051,804,230,0.6,
2EQ16207,2917_코마_6,6,0.8179860711097717,148,322,0.6,
2EQ16207,1525_▲▲▲라벨_7,7,0.5656580924987793,562,576,0.75,
2EQ16207,0000_모듈러카바_8,8,0.5218286514282227,288,542,0.6,
2EQ16207,3780_전원스위치_9,9,0.7573469281196594,782,202,0.6,
2EQ16207,V242_카바라이트_10,10,0.7723925113677979,480,134,0.6,
2EQ16207,V242_카바라이트_11,11,0.7756969332695007,552,648,0.6,
2EQ16207,3779_압판스토퍼_12,12,0.5475130677223206,790,94,0.9,
2EQ16207,3779_압판스토퍼_14,14,0.735362708568573,250,206,0.6,
2EQ16208,C551_토너라벨_1,1,0.39398378133773804,624,408,0.6,
2EQ16208,B793_Canon각인_2,2,0.5706199407577515,24,342,1.05,
2EQ16208,6416_2206N명판_3,3,0.5101689696311951,284,288,1.2,
2EQ16208,3102_현상가압라벨_4,4,0.6021134257316589,582,80,0.6,
2EQ16208,3699_레버피스_4,4,0.7019503712654114,446,12,0.6,
2EQ16208,1525_▲▲▲라벨_5,5,0.9200435876846313,370,464,0.6,
2EQ16208,2917_코마_6,6,0.8613816499710083,932,552,0.6,
2EQ16208,1525_▲▲▲라벨_7,7,0.5551548004150391,556,500,0.9,
2EQ16208,0000_모듈러카바_8,8,0.5989567041397095,298,460,0.6,
2EQ16208,3780_전원스위치_9,9,0.7605843544006348,784,202,0.6,
2EQ16208,V242_카바라이트_10,10,0.7790380120277405,442,586,0.6,
2EQ16208,V242_카바라이트_11,11,0.7948924899101257,514,646,0.6,
2EQ16208,3779_압판스토퍼_12,12,0.547880232334137,174,468,0.9,
2EQ16208,3779_압판스토퍼_14,14,0.7533777356147766,818,258,0.6,
2EQ16209,C551_토너라벨_1,1,0.33857598900794983,246,114,1.2,
2EQ16209,B793_Canon각인_2,2,0.539525032043457,14,278,1.05,
2EQ16209,6416_2206N명판_3,3,0.46520423889160156,234,334,1.2,
2EQ16209,3102_현상가압라벨_4,4,0.6693285703659058,476,30,0.6,
2EQ16209,3699_레버피스_4,4,0.687514066696167,480,34,0.6,
2EQ16209,1525_▲▲▲라벨_5,5,0.9332007169723511,802,228,0.6,
2EQ16209,2917_코마_6,6,0.8754106163978577,676,162,0.6,
2EQ16209,1525_▲▲▲라벨_7,7,0.5438862442970276,354,38,0.75,
2EQ16209,0000_모듈러카바_8,8,0.41882187128067017,276,512,0.6,
2EQ16209,3780_전원스위치_9,9,0.7601689100265503,784,202,0.6,
2EQ16209,V242_카바라이트_10,10,0.7833701968193054,502,120,0.6,
2EQ16209,V242_카바라이트_11,11,0.7957413792610168,508,658,0.6,
2EQ16209,3779_압판스토퍼_12,12,0.5891222953796387,184,492,0.9,
2EQ16209,3779_압판스토퍼_14,14,0.7384923100471497,354,372,0.6,
2EQ16210,C551_토너라벨_1,1,0.3533848822116852,510,326,0.6,
2EQ16210,B793_Canon각인_2,2,0.5406567454338074,2,278,1.05,
2EQ16210,6416_2206N명판_3,3,0.41521719098091125,132,294,1.2,
2EQ16210,3102_현상가압라벨_4,4,0.6404580473899841,726,192,0.6,
2EQ16210,3699_레버피스_4,4,0.6426875591278076,640,92,0.9,
2EQ16210,1525_▲▲▲라벨_5,5,0.925940215587616,812,228,0.6,
2EQ16210,2917_코마_6,6,0.8320837616920471,36,368,0.6,
2EQ16210,1525_▲▲▲라벨_7,7,0.5431347489356995,720,676,0.75,
2EQ16210,0000_모듈러카바_8,8,0.5952572822570801,280,504,0.6,
2EQ16210,3780_전원스위치_9,9,0.7670575380325317,324,430,0.6,
2EQ16210,V242_카바라이트_10,10,0.7809780240058899,438,608,0.6,
2EQ16210,V242_카바라이트_11,11,0.7657759785652161,562,652,0.6,
2EQ16210,3779_압판스토퍼_12,12,0.5721578001976013,888,0,0.9,
2EQ16210,3779_압판스토퍼_14,14,0.74958336353302,386,426,0.6,
2EQ16211,C551_토너라벨_1,1,0.35109081864356995,540,294,0.6,
2EQ16211,B793_Canon각인_2,2,0.4896293580532074,40,284,1.05,
2EQ16211,6416_2206N명판_3,3,0.47594693303108215,240,368,1.2,
2EQ16211,3102_현상가압라벨_4,4,0.6939922571182251,540,36,0.6,
2EQ16211,3699_레버피스_4,4,0.652334451675415,162,24,0.75,
2EQ16211,1525_▲▲▲라벨_5,5,0.9297221899032593,112,468,0.6,
2EQ16211,2917_코마_6,6,0.8376163840293884,680,188,0.6,
2EQ16211,1525_▲▲▲라벨_7,7,0.6277720928192139,316,494,0.6,
2EQ16211,0000_모듈러카바_8,8,0.39732304215431213,270,544,0.6,
2EQ16211,3780_전원스위치_9,9,0.7597053647041321,784,202,0.6,
2EQ16211,V242_카바라이트_10,10,0.7828876972198486,436,592,0.6,
2EQ16211,V242_카바라이트_11,11,0.7854506373405457,560,656,0.6,
2EQ16211,3779_압판스토퍼_12,12,0.5663022994995117,210,520,0.9,
2EQ16211,3779_압판스토퍼_14,14,0.75156569480896,396,390,0.6,
2EQ16212,C551_토너라벨_1,1,0.32884344458580017,456,508,0.6,
2EQ16212,B793_Canon각인_2,2,0.48295357823371887,86,290,1.05,
2EQ16212,6416_2206N명판_3,3,0.44387972354888916,6,650,0.6,
2EQ16212,3102_현상가압라벨_4,4,0.7281707525253296,488,22,0.6,
2EQ16212,3699_레버피스_4,4,0.6808052062988281,466,26,0.6,
2EQ16212,1525_▲▲▲라벨_5,5,0.9194329977035522,798,222,0.75,
2EQ16212,2917_코마_6,6,0.8660951852798462,898,536,0.6,
2EQ16212,1525_▲▲▲라벨_7,7,0.5190312266349792,326,302,0.9,
2EQ16212,0000_모듈러카바_8,8,0.4157802164554596,234,488,0.6,
2EQ16212,3780_전원스위치_9,9,0.7586734294891357,784,202,0.6,
2EQ16212,V242_카바라이트_10,10,0.7819512486457825,486,122,0.6,
2EQ16212,V242_카바라이트_11,11,0.7650833129882812,564,626,0.6,
2EQ16212,3779_압판스토퍼_12,12,0.5682780742645264,416,6,0.9,
2EQ16212,3779_압판스토퍼_14,14,0.7349088788032532,212,172,0.75,
2EQ16213,C551_토너라벨_1,1,0.3520025908946991,548,248,0.6,
2EQ16213,B793_Canon각인_2,2,0.47594574093818665,34,266,1.05,
2EQ16213,6416_2206N명판_3,3,0.44236764311790466,590,372,0.6,
2EQ16213,3102_현상가압라벨_4,4,0.6470201015472412,522,40,0.6,
2EQ16213,3699_레버피스_4,4,0.7014230489730835,176,22,0.9,
2EQ16213,1525_▲▲▲라벨_5,5,0.9237864017486572,224,464,0.6,
2EQ16213,2917_코마_6,6,0.8727059364318848,644,128,0.6,
2EQ16213,1525_▲▲▲라벨_7,7,0.5883454084396362,366,560,0.6,
2EQ16213,0000_모듈러카바_8,8,0.5213642120361328,272,504,0.6,
2EQ16213,3780_전원스위치_9,9,0.7573142647743225,784,202,0.6,
2EQ16213,V242_카바라이트_10,10,0.78593510389328,446,598,0.6,
2EQ16213,V242_카바라이트_11,11,0.7672641277313232,564,650,0.6,
2EQ16213,3779_압판스토퍼_12,12,0.57261723279953,86,400,0.9,
2EQ16213,3779_압판스토퍼_14,14,0.74860018491745,916,278,0.6,
2EQ16214,C551_토너라벨_1,1,0.335164874792099,408,480,0.6,
2EQ16214,B793_Canon각인_2,2,0.5156421661376953,34,324,1.05,
2EQ16214,6416_2206N명판_3,3,0.40064287185668945,710,650,0.6,
2EQ16214,3102_현상가압라벨_4,4,0.646199643611908,504,16,0.75,
2EQ16214,3699_레버피스_4,4,0.6465891599655151,514,20,0.75,
2EQ16214,1525_▲▲▲라벨_5,5,0.9247560501098633,310,436,0.75,
2EQ16214,2917_코마_6,6,0.8703938126564026,932,532,0.6,
2EQ16214,1525_▲▲▲라벨_7,7,0.563016951084137,218,194,0.6,
2EQ16214,0000_모듈러카바_8,8,0.4724077880382538,310,474,0.6,
2EQ16214,3780_전원스위치_9,9,0.7594006657600403,784,202,0.6,
2EQ16214,V242_카바라이트_10,10,0.7793082594871521,440,590,0.6,
2EQ16214,V242_카바라이트_11,11,0.7789604663848877,564,650,0.6,
2EQ16214,3779_압판스토퍼_12,12,0.574501097202301,742,132,0.9,
2EQ16214,3779_압판스토퍼_14,14,0.7446140050888062,498,326,0.6,
2EQ16215,C551_토너라벨_1,1,0.36284124851226807,546,278,0.6,
2EQ16215,B793_Canon각인_2,2,0.5310882925987244,12,356,1.05,
2EQ16215,6416_2206N명판_3,3,0.40206512808799744,706,652,0.6,
2EQ16215,3102_현상가압라벨_4,4,0.6206961274147034,592,100,0.6,
2EQ16215,3699_레버피스_4,4,0.669395923614502,616,8,0.6,
2EQ16215,1525_▲▲▲라벨_5,5,0.9229686856269836,204,490,0.6,
2EQ16215,2917_코마_6,6,0.8574333190917969,932,584,0.6,
2EQ16215,1525_▲▲▲라벨_7,7,0.5052430629730225,266,476,0.6,
2EQ16215,0000_모듈러카바_8,8,0.5838738083839417,272,500,0.6,
2EQ16215,3780_전원스위치_9,9,0.7518386244773865,782,202,0.6,
2EQ16215,V242_카바라이트_10,10,0.7836700081825256,432,598,0.6,
2EQ16215,V242_카바라이트_11,11,0.7696985006332397,498,634,0.6,
2EQ16215,3779_압판스토퍼_12,12,0.5514081716537476,270,410,0.9,
2EQ16215,3779_압판스토퍼_14,14,0.7466474771499634,234,188,0.6,
2EQ16216,C551_토너라벨_1,1,0.3499826490879059,528,320,0.6,
2EQ16216,B793_Canon각인_2,2,0.5399635434150696,50,324,1.05,
2EQ16216,6416_2206N명판_3,3,0.48340481519699097,160,412,1.2,
2EQ16216,3102_현상가압라벨_4,4,0.653634250164032,668,14,0.6,
2EQ16216,3699_레버피스_4,4,0.6146999597549438,288,182,0.6,
2EQ16216,1525_▲▲▲라벨_5,5,0.9140232801437378,314,414,0.6,
2EQ16216,2917_코마_6,6,0.8577986359596252,250,120,0.6,
2EQ16216,1525_▲▲▲라벨_7,7,0.5592468976974487,388,232,0.9,
2EQ16216,0000_모듈러카바_8,8,0.5662996768951416,226,424,0.6,
2EQ16216,3780_전원스위치_9,9,0.755770742893219,782,202,0.6,
2EQ16216,V242_카바라이트_10,10,0.7886664271354675,482,124,0.6,
2EQ16216,V242_카바라이트_11,11,0.7469987273216248,544,662,0.6,
2EQ16216,3779_압판스토퍼_12,12,0.6231241822242737,370,296,0.9,
2EQ16216,3779_압판스토퍼_14,14,0.7554261684417725,502,382,0.6,
2EQ16217,C551_토너라벨_1,1,0.3112263083457947,510,312,0.6,
2EQ16217,B793_Canon각인_2,2,0.5862331986427307,52,328,1.05,
2EQ16217,6416_2206N명판_3,3,0.43554195761680603,182,290,1.2,
2EQ16217,3102_현상가압라벨_4,4,0.7036223411560059,444,24,0.6,
2EQ16217,3699_레버피스_4,4,0.6720883846282959,474,26,0.6,
2EQ16217,1525_▲▲▲라벨_5,5,0.923689603805542,234,464,0.6,
2EQ16217,2917_코마_6,6,0.8672584891319275,888,562,0.6,
2EQ16217,1525_▲▲▲라벨_7,7,0.5528644323348999,498,596,0.6,
2EQ16217,0000_모듈러카바_8,8,0.40716397762298584,202,504,0.6,
2EQ16217,3780_전원스위치_9,9,0.7553590536117554,784,202,0.6,
2EQ16217,V242_카바라이트_10,10,0.7788111567497253,428,598,0.6,
2EQ16217,V242_카바라이트_11,11,0.7914620041847229,502,660,0.6,
2EQ16217,3779_압판스토퍼_12,12,0.5879437327384949,884,0,0.9,
2EQ16217,3779_압판스토퍼_14,14,0.7671288847923279,382,392,0.6,
2EQ16218,C551_토너라벨_1,1,0.38335955142974854,602,360,0.6,
2EQ16218,B793_Canon각인_2,2,0.5323679447174072,0,382,1.05,
2EQ16218,6416_2206N명판_3,3,0.449669748544693,292,342,1.2,
2EQ16218,3102_현상가압라벨_4,4,0.6894633769989014,616,16,0.6,
2EQ16218,3699_레버피스_4,4,0.6639922261238098,620,20,0.6,
2EQ16218,1525_▲▲▲라벨_5,5,0.9310000538825989,190,486,0.6,
2EQ16218,2917_코마_6,6,0.8665253520011902,912,554,0.6,
2EQ16218,1525_▲▲▲라벨_7,7,0.6033312082290649,554,516,0.9,
2EQ16218,0000_모듈러카바_8,8,0.507866621017456,260,538,0.6,
2EQ16218,3780_전원스위치_9,9,0.7582539916038513,782,202,0.6,
2EQ16218,V242_카바라이트_10,10,0.7744582891464233,434,578,0.6,
2EQ16218,V242_카바라이트_11,11,0.7868461608886719,564,656,0.6,
2EQ16218,3779_압판스토퍼_12,12,0.5904152393341064,808,202,0.6,
2EQ16218,3779_압판스토퍼_14,14,0.7504580020904541,954,262,0.75,
2EQ16219,C551_토너라벨_1,1,0.3303358554840088,496,354,0.6,
2EQ16219,B793_Canon각인_2,2,0.5606715083122253,86,334,1.05,
2EQ16219,6416_2206N명판_3,3,0.483660489320755,128,402,1.2,
2EQ16219,3102_현상가압라벨_4,4,0.6026579141616821,762,44,0.6,
2EQ16219,3699_레버피스_4,4,0.6214485168457031,766,48,0.6,
2EQ16219,1525_▲▲▲라벨_5,5,0.9331710934638977,368,436,0.75,
2EQ16219,2917_코마_6,6,0.8510696291923523,692,202,0.6,
2EQ16219,1525_▲▲▲라벨_7,7,0.5777426362037659,564,534,0.9,
2EQ16219,0000_모듈러카바_8,8,0.43503090739250183,258,558,0.6,
2EQ16219,3780_전원스위치_9,9,0.7604299187660217,784,202,0.6,
2EQ16219,V242_카바라이트_10,10,0.7827430367469788,488,128,0.6,
2EQ16219,V242_카바라이트_11,11,0.7903722524642944,562,650,0.6,
2EQ16219,3779_압판스토퍼_12,12,0.49724724888801575,176,508,0.9,
2EQ16219,3779_압판스토퍼_14,14,0.7481716871261597,598,228,0.75,
2EQ16220,C551_토너라벨_1,1,0.3735794425010681,568,278,0.6,
2EQ16220,B793_Canon각인_2,2,0.5615810751914978,18,246,1.05,
2EQ16220,6416_2206N명판_3,3,0.4789317548274994,326,332,1.2,
2EQ16220,3102_현상가압라벨_4,4,0.6509215235710144,644,10,0.6,
2EQ16220,3699_레버피스_4,4,0.6639595627784729,646,14,0.6,
2EQ16220,1525_▲▲▲라벨_5,5,0.9268338680267334,112,450,0.6,
2EQ16220,2917_코마_6,6,0.8725245594978333,706,164,0.6,
2EQ16220,1525_▲▲▲라벨_7,7,0.5313066840171814,166,514,0.6,
2EQ16220,0000_모듈러카바_8,8,0.5937007069587708,284,506,0.6,
2EQ16220,3780_전원스위치_9,9,0.7557889819145203,784,202,0.6,
2EQ16220,V242_카바라이트_10,10,0.7721211314201355,494,134,0.6,
2EQ16220,V242_카바라이트_11,11,0.8062934875488281,556,656,0.6,
2EQ16220,3779_압판스토퍼_12,12,0.5819845795631409,494,244,0.9,
2EQ16220,3779_압판스토퍼_14,14,0.7622278332710266,386,388,0.6,
2EQ16221,C551_토너라벨_1,1,0.366560697555542,308,136,0.6,
2EQ16221,B793_Canon각인_2,2,0.44439777731895447,74,370,1.05,
2EQ16221,6416_2206N명판_3,3,0.4421693980693817,272,382,1.2,
2EQ16221,3102_현상가압라벨_4,4,0.6384996175765991,638,54,0.75,
2EQ16221,3699_레버피스_4,4,0.6562260985374451,464,62,0.6,
2EQ16221,1525_▲▲▲라벨_5,5,0.9125322103500366,240,484,0.6,
2EQ16221,2917_코마_6,6,0.8740475177764893,926,544,0.6,
2EQ16221,1525_▲▲▲라벨_7,7,0.5449463129043579,504,586,0.6,
2EQ16221,0000_모듈러카바_8,8,0.47500884532928467,304,528,0.6,
2EQ16221,3780_전원스위치_9,9,0.756109893321991,782,202,0.6,
2EQ16221,V242_카바라이트_10,10,0.7772964239120483,486,124,0.6,
2EQ16221,V242_카바라이트_11,11,0.7907378673553467,524,656,0.6,
2EQ16221,3779_압판스토퍼_12,12,0.5534919500350952,256,446,0.9,
2EQ16221,3779_압판스토퍼_14,14,0.7379440665245056,564,262,0.6,
2EQ16222,C551_토너라벨_1,1,0.35398226976394653,544,376,0.6,
2EQ16222,B793_Canon각인_2,2,0.5505362153053284,80,352,1.05,
2EQ16222,6416_2206N명판_3,3,0.45771855115890503,122,378,1.2,
2EQ16222,3102_현상가압라벨_4,4,0.656562089920044,672,26,0.6,
2EQ16222,3699_레버피스_4,4,0.584176778793335,398,470,1.2,
2EQ16222,1525_▲▲▲라벨_5,5,0.9248073697090149,268,420,0.6,
2EQ16222,2917_코마_6,6,0.8433647155761719,214,588,0.6,
2EQ16222,1525_▲▲▲라벨_7,7,0.5279276967048645,318,250,0.75,
2EQ16222,0000_모듈러카바_8,8,0.5692771077156067,282,422,0.6,
2EQ16222,3780_전원스위치_9,9,0.75250643491745,782,204,0.6,
2EQ16222,V242_카바라이트_10,10,0.7821002006530762,484,124,0.6,
2EQ16222,V242_카바라이트_11,11,0.7797356843948364,554,658,0.6,
2EQ16222,3779_압판스토퍼_12,12,0.5818493962287903,800,64,0.9,
2EQ16222,3779_압판스토퍼_14,14,0.7474448680877686,214,176,0.6,
2EQ16223,C551_토너라벨_1,1,0.3411599099636078,516,466,0.6,
2EQ16223,B793_Canon각인_2,2,0.5322787761688232,112,222,1.05,
2EQ16223,6416_2206N명판_3,3,0.44641077518463135,4,650,0.6,
2EQ16223,3102_현상가압라벨_4,4,0.660647451877594,578,8,0.75,
2EQ16223,3699_레버피스_4,4,0.673940896987915,180,8,0.9,
2EQ16223,1525_▲▲▲라벨_5,5,0.9175724983215332,140,228,0.75,
2EQ16223,2917_코마_6,6,0.8487173318862915,118,386,0.6,
2EQ16223,1525_▲▲▲라벨_7,7,0.5129963755607605,932,688,0.9,
2EQ16223,0000_모듈러카바_8,8,0.5363291501998901,210,466,0.6,
2EQ16223,3780_전원스위치_9,9,0.7481047511100769,784,202,0.6,
2EQ16223,V242_카바라이트_10,10,0.7723882794380188,718,148,0.6,
2EQ16223,V242_카바라이트_11,11,0.7819834351539612,522,644,0.6,
2EQ16223,3779_압판스토퍼_12,12,0.5474725961685181,234,424,0.9,
2EQ16223,3779_압판스토퍼_14,14,0.7606096863746643,280,328,0.6,
2EQ16224,C551_토너라벨_1,1,0.3364691138267517,612,502,0.6,
2EQ16224,B793_Canon각인_2,2,0.5132652521133423,50,268,1.05,
2EQ16224,6416_2206N명판_3,3,0.502139151096344,236,392,1.2,
2EQ16224,3102_현상가압라벨_4,4,0.7260261178016663,496,20,0.6,
2EQ16224,3699_레버피스_4,4,0.6786258816719055,476,24,0.6,
2EQ16224,1525_▲▲▲라벨_5,5,0.9230548143386841,796,230,0.6,
2EQ16224,2917_코마_6,6,0.8399536609649658,902,600,0.6,
2EQ16224,1525_▲▲▲라벨_7,7,0.5317006707191467,336,6,0.6,
2EQ16224,0000_모듈러카바_8,8,0.39582523703575134,212,540,0.6,
2EQ16224,3780_전원스위치_9,9,0.7592369914054871,784,202,0.6,
2EQ16224,V242_카바라이트_10,10,0.7860857248306274,498,128,0.6,
2EQ16224,V242_카바라이트_11,11,0.7562046647071838,562,634,0.6,
2EQ16224,3779_압판스토퍼_12,12,0.5527343153953552,544,300,0.9,
2EQ16224,3779_압판스토퍼_14,14,0.7587373852729797,632,324,0.6,
2EQ16225,C551_토너라벨_1,1,0.3748868405818939,554,344,0.6,
2EQ16225,B793_Canon각인_2,2,0.5466717481613159,26,464,1.05,
2EQ16225,6416_2206N명판_3,3,0.4560757577419281,102,422,1.2,
2EQ16225,3102_현상가압라벨_4,4,0.6436758637428284,388,102,0.6,
2EQ16225,3699_레버피스_4,4,0.6326538920402527,376,28,0.6,
2EQ16225,1525_▲▲▲라벨_5,5,0.9214560389518738,244,466,0.6,
2EQ16225,2917_코마_6,6,0.8530696034431458,906,540,0.6,
2EQ16225,1525_▲▲▲라벨_7,7,0.5257051587104797,560,552,0.75,
2EQ16225,0000_모듈러카바_8,8,0.5549230575561523,246,496,0.6,
2EQ16225,3780_전원스위치_9,9,0.7531697750091553,392,370,0.75,
2EQ16225,V242_카바라이트_10,10,0.7429540753364563,492,114,0.6,
2EQ16225,V242_카바라이트_11,11,0.7936789989471436,512,648,0.6,
2EQ16225,3779_압판스토퍼_12,12,0.5551310181617737,684,494,0.9,
2EQ16225,3779_압판스토퍼_14,14,0.7642742395401001,364,368,0.6,
2EQ16226,C551_토너라벨_1,1,0.32576707005500793,468,432,0.6,
2EQ16226,B793_Canon각인_2,2,0.5210295915603638,22,414,1.05,
2EQ16226,6416_2206N명판_3,3,0.4616377651691437,234,348,1.2,
2EQ16226,3102_현상가압라벨_4,4,0.680713415145874,524,8,0.9,
2EQ16226,3699_레버피스_4,4,0.6312730312347412,152,28,0.75,
2EQ16226,1525_▲▲▲라벨_5,5,0.9261634349822998,254,454,0.75,
2EQ16226,2917_코마_6,6,0.852268636226654,894,540,0.6,
2EQ16226,1525_▲▲▲라벨_7,7,0.5699628591537476,556,532,0.6,
2EQ16226,0000_모듈러카바_8,8,0.5786665081977844,226,524,0.6,
2EQ16226,3780_전원스위치_9,9,0.757940411567688,784,202,0.6,
2EQ16226,V242_카바라이트_10,10,0.7744320631027222,422,590,0.6,
2EQ16226,V242_카바라이트_11,11,0.7950080633163452,560,654,0.6,
2EQ16226,3779_압판스토퍼_12,12,0.5566321015357971,638,6,0.9,
2EQ16226,3779_압판스토퍼_14,14,0.7244861721992493,554,360,0.75,
2EQ16227,C551_토너라벨_1,1,0.36287641525268555,206,158,1.05,
2EQ16227,B793_Canon각인_2,2,0.5152116417884827,0,448,1.05,
2EQ16227,6416_2206N명판_3,3,0.4574425518512726,220,304,1.2,
2EQ16227,3102_현상가압라벨_4,4,0.596968412399292,774,412,0.6,
2EQ16227,3699_레버피스_4,4,0.5837491154670715,238,30,0.6,
2EQ16227,1525_▲▲▲라벨_5,5,0.9063290953636169,240,482,0.6,
2EQ16227,2917_코마_6,6,0.8333021402359009,934,552,0.6,
2EQ16227,1525_▲▲▲라벨_7,7,0.5461395978927612,480,572,0.6,
2EQ16227,0000_모듈러카바_8,8,0.5329973101615906,284,546,0.6,
2EQ16227,3780_전원스위치_9,9,0.7577060461044312,784,202,0.6,
2EQ16227,V242_카바라이트_10,10,0.776999294757843,428,604,0.6,
2EQ16227,V242_카바라이트_11,11,0.7909162640571594,558,660,0.6,
2EQ16227,3779_압판스토퍼_12,12,0.5791248083114624,176,426,0.9,
2EQ16227,3779_압판스토퍼_14,14,0.7552226781845093,330,422,0.6,
2EQ16228,C551_토너라벨_1,1,0.37606874108314514,354,352,0.6,
2EQ16228,B793_Canon각인_2,2,0.51759272813797,16,262,1.05,
2EQ16228,6416_2206N명판_3,3,0.45934730768203735,228,304,1.2,
2EQ16228,3102_현상가압라벨_4,4,0.616360068321228,620,68,0.6,
2EQ16228,3699_레버피스_4,4,0.5755748152732849,934,568,0.6,
2EQ16228,1525_▲▲▲라벨_5,5,0.9302463531494141,28,474,0.75,
2EQ16228,2917_코마_6,6,0.8509712219238281,900,608,0.6,
2EQ16228,1525_▲▲▲라벨_7,7,0.5932695269584656,506,502,0.6,
2EQ16228,0000_모듈러카바_8,8,0.5280393362045288,266,528,0.6,
2EQ16228,3780_전원스위치_9,9,0.7561396360397339,782,202,0.6,
2EQ16228,V242_카바라이트_10,10,0.7767341136932373,438,596,0.6,
2EQ16228,V242_카바라이트_11,11,0.7920143008232117,560,656,0.6,
2EQ16228,3779_압판스토퍼_12,12,0.5685005784034729,378,18,0.9,
2EQ16228,3779_압판스토퍼_14,14,0.7570368051528931,226,182,0.75,
2EQ16229,C551_토너라벨_1,1,0.3116817772388458,148,228,0.6,
2EQ16229,B793_Canon각인_2,2,0.6100857257843018,16,448,1.05,
2EQ16229,6416_2206N명판_3,3,0.5591354370117188,164,438,1.2,
2EQ16229,3102_현상가압라벨_4,4,0.602099597454071,606,20,0.6,
2EQ16229,3699_레버피스_4,4,0.6919587254524231,166,28,0.9,
2EQ16229,1525_▲▲▲라벨_5,5,0.923839807510376,58,586,0.6,
2EQ16229,2917_코마_6,6,0.86104416847229,222,580,0.6,
2EQ16229,1525_▲▲▲라벨_7,7,0.557672917842865,512,482,0.9,
2EQ16229,0000_모듈러카바_8,8,0.45897743105888367,282,448,0.6,
2EQ16229,3780_전원스위치_9,9,0.7588428854942322,360,350,0.6,
2EQ16229,V242_카바라이트_10,10,0.7885736227035522,412,586,0.6,
2EQ16229,V242_카바라이트_11,11,0.7676560282707214,546,664,0.6,
2EQ16229,3779_압판스토퍼_12,12,0.5909599661827087,382,416,0.9,
2EQ16229,3779_압판스토퍼_14,14,0.7694929838180542,510,324,0.6,
2EQ16230,C551_토너라벨_1,1,0.3541693687438965,466,316,0.6,
2EQ16230,B793_Canon각인_2,2,0.525161623954773,4,338,1.05,
2EQ16230,6416_2206N명판_3,3,0.5467722415924072,126,362,1.2,
2EQ16230,3102_현상가압라벨_4,4,0.6333924531936646,648,0,0.6,
2EQ16230,3699_레버피스_4,4,0.5498668551445007,874,30,0.6,
2EQ16230,1525_▲▲▲라벨_5,5,0.9408168792724609,798,232,0.6,
2EQ16230,2917_코마_6,6,0.8586969375610352,796,216,0.6,
2EQ16230,1525_▲▲▲라벨_7,7,0.5269718766212463,282,460,0.75,
2EQ16230,0000_모듈러카바_8,8,0.48183995485305786,330,412,0.6,
2EQ16230,3780_전원스위치_9,9,0.7577235698699951,784,202,0.6,
2EQ16230,V242_카바라이트_10,10,0.7754693031311035,428,592,0.6,
2EQ16230,V242_카바라이트_11,11,0.7847830057144165,540,654,0.6,
2EQ16230,3779_압판스토퍼_12,12,0.6039527654647827,256,136,0.9,
2EQ16230,3779_압판스토퍼_14,14,0.75569087266922,478,226,0.6,
2EQ16231,C551_토너라벨_1,1,0.42043542861938477,524,402,0.6,
2EQ16231,B793_Canon각인_2,2,0.5889496207237244,72,450,1.05,
2EQ16231,6416_2206N명판_3,3,0.48835667967796326,154,438,1.2,
2EQ16231,3102_현상가압라벨_4,4,0.5874583125114441,638,48,0.75,
2EQ16231,3699_레버피스_4,4,0.5892817974090576,726,92,0.6,
2EQ16231,1525_▲▲▲라벨_5,5,0.9247724413871765,226,462,0.6,
2EQ16231,2917_코마_6,6,0.8618389368057251,850,534,0.6,
2EQ16231,1525_▲▲▲라벨_7,7,0.5586460828781128,308,500,0.6,
2EQ16231,0000_모듈러카바_8,8,0.46558520197868347,262,528,0.6,
2EQ16231,3780_전원스위치_9,9,0.7581072449684143,782,202,0.6,
2EQ16231,V242_카바라이트_10,10,0.7782944440841675,440,596,0.6,
2EQ16231,V242_카바라이트_11,11,0.7753134369850159,526,660,0.6,
2EQ16231,3779_압판스토퍼_12,12,0.5916134119033813,170,488,0.9,
2EQ16231,3779_압판스토퍼_14,14,0.7629895210266113,624,34,0.6,
2EQ16232,C551_토너라벨_1,1,0.34220781922340393,450,426,0.6,
2EQ16232,B793_Canon각인_2,2,0.5939082503318787,110,314,1.05,
2EQ16232,6416_2206N명판_3,3,0.494035005569458,174,380,1.2,
2EQ16232,3102_현상가압라벨_4,4,0.6335476040840149,658,4,0.6,
2EQ16232,3699_레버피스_4,4,0.5805298686027527,366,458,1.2,
2EQ16232,1525_▲▲▲라벨_5,5,0.9243320226669312,806,232,0.6,
2EQ16232,2917_코마_6,6,0.854952871799469,454,516,0.6,
2EQ16232,1525_▲▲▲라벨_7,7,0.5525097250938416,350,226,0.9,
2EQ16232,0000_모듈러카바_8,8,0.6268352270126343,248,370,0.6,
2EQ16232,3780_전원스위치_9,9,0.7641719579696655,304,330,0.6,
2EQ16232,V242_카바라이트_10,10,0.7758468985557556,444,592,0.6,
2EQ16232,V242_카바라이트_11,11,0.7482059597969055,566,642,0.6,
2EQ16232,3779_압판스토퍼_12,12,0.6416659951210022,662,338,0.9,
2EQ16232,3779_압판스토퍼_14,14,0.7167423367500305,840,596,0.75,
2EQ16233,C551_토너라벨_1,1,0.34938764572143555,554,532,0.6,
2EQ16233,B793_Canon각인_2,2,0.5305097103118896,110,294,1.05,
2EQ16233,6416_2206N명판_3,3,0.4553271234035492,214,434,1.2,
2EQ16233,3102_현상가압라벨_4,4,0.6046250462532043,712,290,0.6,
2EQ16233,3699_레버피스_4,4,0.6174231171607971,772,8,0.6,
2EQ16233,1525_▲▲▲라벨_5,5,0.9181029200553894,154,234,0.6,
2EQ16233,2917_코마_6,6,0.8596962094306946,396,172,0.6,
2EQ16233,1525_▲▲▲라벨_7,7,0.5437694191932678,400,224,0.9,
2EQ16233,0000_모듈러카바_8,8,0.5552018284797668,226,484,0.6,
2EQ16233,3780_전원스위치_9,9,0.7636266350746155,256,300,0.6,
2EQ16233,V242_카바라이트_10,10,0.7867218852043152,404,622,0.6,
2EQ16233,V242_카바라이트_11,11,0.7557204961776733,560,676,0.6,
2EQ16233,3779_압판스토퍼_12,12,0.6093811988830566,390,298,0.9,
2EQ16233,3779_압판스토퍼_14,14,0.7353144288063049,338,552,0.6,
2EQ16234,C551_토너라벨_1,1,0.3333040773868561,534,350,0.6,
2EQ16234,B793_Canon각인_2,2,0.4836132526397705,10,394,1.05,
2EQ16234,6416_2206N명판_3,3,0.47770801186561584,172,366,1.2,
2EQ16234,3102_현상가압라벨_4,4,0.6880660057067871,452,10,0.75,
2EQ16234,3699_레버피스_4,4,0.7030872702598572,496,26,0.6,
2EQ16234,1525_▲▲▲라벨_5,5,0.9278380870819092,224,464,0.75,
2EQ16234,2917_코마_6,6,0.8698976039886475,922,542,0.6,
2EQ16234,1525_▲▲▲라벨_7,7,0.5531267523765564,524,570,0.6,
2EQ16234,0000_모듈러카바_8,8,0.5577194690704346,182,496,0.6,
2EQ16234,3780_전원스위치_9,9,0.758867621421814,782,202,0.6,
2EQ16234,V242_카바라이트_10,10,0.7948063611984253,480,132,0.6,
2EQ16234,V242_카바라이트_11,11,0.796294629573822,526,658,0.6,
2EQ16234,3779_압판스토퍼_12,12,0.5750255584716797,882,2,0.9,
2EQ16234,3779_압판스토퍼_14,14,0.7276921272277832,240,192,0.6,
2EQ16235,C551_토너라벨_1,1,0.3565610945224762,764,40,0.6,
2EQ16235,B793_Canon각인_2,2,0.5169291496276855,76,330,1.05,
2EQ16235,6416_2206N명판_3,3,0.514255702495575,236,500,1.2,
2EQ16235,3102_현상가압라벨_4,4,0.6108021140098572,712,292,0.6,
2EQ16235,3699_레버피스_4,4,0.5839059352874756,362,502,1.05,
2EQ16235,1525_▲▲▲라벨_5,5,0.9027014970779419,0,586,0.6,
2EQ16235,2917_코마_6,6,0.8477343320846558,252,664,0.6,
2EQ16235,1525_▲▲▲라벨_7,7,0.529288649559021,334,36,0.9,
2EQ16235,0000_모듈러카바_8,8,0.4230165183544159,278,498,0.6,
2EQ16235,3780_전원스위치_9,9,0.7548966407775879,782,202,0.6,
2EQ16235,V242_카바라이트_10,10,0.7677460312843323,478,124,0.6,
2EQ16235,V242_카바라이트_11,11,0.7742623686790466,508,652,0.6,
2EQ16235,3779_압판스토퍼_12,12,0.5632086396217346,610,50,0.9,
2EQ16235,3779_압판스토퍼_14,14,0.7197781205177307,476,118,0.75,
2EQ16236,C551_토너라벨_1,1,0.316933274269104,380,348,0.6,
2EQ16236,B793_Canon각인_2,2,0.4725082218647003,4,332,1.05,
2EQ16236,6416_2206N명판_3,3,0.4349859058856964,236,262,1.2,
2EQ16236,3102_현상가압라벨_4,4,0.6987022757530212,534,40,0.6,
2EQ16236,3699_레버피스_4,4,0.6226187348365784,544,44,0.6,
2EQ16236,1525_▲▲▲라벨_5,5,0.925081729888916,796,228,0.6,
2EQ16236,2917_코마_6,6,0.8408032655715942,924,558,0.6,
2EQ16236,1525_▲▲▲라벨_7,7,0.5907174348831177,548,644,0.9,
2EQ16236,0000_모듈러카바_8,8,0.5134586095809937,292,508,0.6,
2EQ16236,3780_전원스위치_9,9,0.758877694606781,782,202,0.6,
2EQ16236,V242_카바라이트_10,10,0.7678242325782776,354,330,0.6,
2EQ16236,V242_카바라이트_11,11,0.7796358466148376,560,654,0.6,
2EQ16236,3779_압판스토퍼_12,12,0.5561773180961609,692,298,0.9,
2EQ16236,3779_압판스토퍼_14,14,0.7498709559440613,506,390,0.6,
2EQ16237,C551_토너라벨_1,1,0.3605935573577881,480,474,0.6,
2EQ16237,B793_Canon각인_2,2,0.44722500443458557,14,436,1.05,
2EQ16237,6416_2206N명판_3,3,0.41910287737846375,208,440,1.2,
2EQ16237,3102_현상가압라벨_4,4,0.7078970074653625,566,36,0.6,
2EQ16237,3699_레버피스_4,4,0.6498794555664062,176,32,0.75,
2EQ16237,1525_▲▲▲라벨_5,5,0.9296149015426636,798,228,0.6,
2EQ16237,2917_코마_6,6,0.841858983039856,140,380,0.6,
2EQ16237,1525_▲▲▲라벨_7,7,0.5056426525115967,390,276,0.9,
2EQ16237,0000_모듈러카바_8,8,0.5883075594902039,254,546,0.6,
2EQ16237,3780_전원스위치_9,9,0.7598726749420166,784,202,0.6,
2EQ16237,V242_카바라이트_10,10,0.780482292175293,488,122,0.6,
2EQ16237,V242_카바라이트_11,11,0.7865021228790283,568,654,0.6,
2EQ16237,3779_압판스토퍼_12,12,0.5711706280708313,350,48,0.9,
2EQ16237,3779_압판스토퍼_14,14,0.7466186285018921,568,158,0.75,
2EQ16238,C551_토너라벨_1,1,0.3954814672470093,462,438,0.6,
2EQ16238,B793_Canon각인_2,2,0.5251282453536987,26,436,1.05,
2EQ16238,6416_2206N명판_3,3,0.4512603282928467,248,372,1.2,
2EQ16238,3102_현상가압라벨_4,4,0.6241844296455383,588,110,0.6,
2EQ16238,3699_레버피스_4,4,0.601805567741394,318,0,0.9,
2EQ16238,1525_▲▲▲라벨_5,5,0.9184725880622864,210,456,0.6,
2EQ16238,2917_코마_6,6,0.849237322807312,708,184,0.6,
2EQ16238,1525_▲▲▲라벨_7,7,0.5849136114120483,552,540,0.6,
2EQ16238,0000_모듈러카바_8,8,0.48016366362571716,232,536,0.6,
2EQ16238,3780_전원스위치_9,9,0.7601789236068726,782,202,0.6,
2EQ16238,V242_카바라이트_10,10,0.7668257355690002,424,582,0.6,
2EQ16238,V242_카바라이트_11,11,0.7774726748466492,556,660,0.6,
2EQ16238,3779_압판스토퍼_12,12,0.5654128789901733,206,478,0.9,
2EQ16238,3779_압판스토퍼_14,14,0.7627419233322144,400,354,0.6,
2EQ16239,C551_토너라벨_1,1,0.3756861090660095,658,300,0.6,
2EQ16239,B793_Canon각인_2,2,0.44121918082237244,30,404,1.05,
2EQ16239,6416_2206N명판_3,3,0.4926343560218811,262,268,1.2,
2EQ16239,3102_현상가압라벨_4,4,0.6125734448432922,654,148,0.6,
2EQ16239,3699_레버피스_4,4,0.6646366715431213,172,14,0.9,
2EQ16239,1525_▲▲▲라벨_5,5,0.9242401123046875,792,228,0.6,
2EQ16239,2917_코마_6,6,0.8599405288696289,926,574,0.6,
2EQ16239,1525_▲▲▲라벨_7,7,0.5775922536849976,420,368,0.6,
2EQ16239,0000_모듈러카바_8,8,0.4429291784763336,302,544,0.6,
2EQ16239,3780_전원스위치_9,9,0.7568957805633545,782,202,0.6,
2EQ16239,V242_카바라이트_10,10,0.7844391465187073,490,122,0.6,
2EQ16239,V242_카바라이트_11,11,0.7834876179695129,550,656,0.6,
2EQ16239,3779_압판스토퍼_12,12,0.5101979374885559,284,150,0.9,
2EQ16239,3779_압판스토퍼_14,14,0.7589966654777527,262,264,0.75,
2EQ16240,C551_토너라벨_1,1,0.36208638548851013,430,416,0.6,
2EQ16240,B793_Canon각인_2,2,0.5444616079330444,46,350,1.05,
2EQ16240,6416_2206N명판_3,3,0.4914699196815491,144,412,1.2,
2EQ16240,3102_현상가압라벨_4,4,0.6337290406227112,674,0,0.6,
2EQ16240,3699_레버피스_4,4,0.5404824018478394,714,388,0.6,
2EQ16240,1525_▲▲▲라벨_5,5,0.8999046087265015,440,450,0.6,
2EQ16240,2917_코마_6,6,0.8491000533103943,696,174,0.6,
2EQ16240,1525_▲▲▲라벨_7,7,0.5371270179748535,696,346,0.6,
2EQ16240,0000_모듈러카바_8,8,0.4832565486431122,260,546,0.6,
2EQ16240,3780_전원스위치_9,9,0.7565290927886963,782,202,0.6,
2EQ16240,V242_카바라이트_10,10,0.7744857668876648,430,592,0.6,
2EQ16240,V242_카바라이트_11,11,0.746804416179657,564,638,0.6,
2EQ16240,3779_압판스토퍼_12,12,0.5296217799186707,646,0,0.9,
2EQ16240,3779_압판스토퍼_14,14,0.765555739402771,488,226,0.75,
2EQ16241,C551_토너라벨_1,1,0.35812002420425415,558,412,0.6,
2EQ16241,B793_Canon각인_2,2,0.5851835608482361,76,336,1.05,
2EQ16241,6416_2206N명판_3,3,0.48641473054885864,228,400,1.2,
2EQ16241,3102_현상가압라벨_4,4,0.6217618584632874,654,60,0.75,
2EQ16241,3699_레버피스_4,4,0.6776251196861267,546,36,1.05,
2EQ16241,1525_▲▲▲라벨_5,5,0.9326640963554382,140,234,0.75,
2EQ16241,2917_코마_6,6,0.8412869572639465,938,542,0.6,
2EQ16241,1525_▲▲▲라벨_7,7,0.5170960426330566,904,642,0.9,
2EQ16241,0000_모듈러카바_8,8,0.6384036540985107,266,404,0.6,
2EQ16241,3780_전원스위치_9,9,0.7507991790771484,782,202,0.6,
2EQ16241,V242_카바라이트_10,10,0.7940229773521423,486,126,0.6,
2EQ16241,V242_카바라이트_11,11,0.768407940864563,498,654,0.6,
2EQ16241,3779_압판스토퍼_12,12,0.5577018857002258,208,510,0.9,
2EQ16241,3779_압판스토퍼_14,14,0.7605584263801575,222,176,0.75,
2EQ16242,C551_토너라벨_1,1,0.326611191034317,222,162,1.05,
2EQ16242,B793_Canon각인_2,2,0.5654841065406799,142,328,1.05,
2EQ16242,6416_2206N명판_3,3,0.46539661288261414,140,342,1.2,
2EQ16242,3102_현상가압라벨_4,4,0.6546419262886047,544,34,0.9,
2EQ16242,3699_레버피스_4,4,0.6188061237335205,178,30,0.75,
2EQ16242,1525_▲▲▲라벨_5,5,0.9302011132240295,800,228,0.6,
2EQ16242,2917_코마_6,6,0.8493404388427734,938,538,0.6,
2EQ16242,1525_▲▲▲라벨_7,7,0.5482368469238281,598,520,0.75,
2EQ16242,0000_모듈러카바_8,8,0.38565030694007874,614,370,0.6,
2EQ16242,3780_전원스위치_9,9,0.7640640735626221,336,432,0.6,
2EQ16242,V242_카바라이트_10,10,0.7926964163780212,484,132,0.6,
2EQ16242,V242_카바라이트_11,11,0.7952165007591248,562,656,0.6,
2EQ16242,3779_압판스토퍼_12,12,0.5522242784500122,244,512,0.9,
2EQ16242,3779_압판스토퍼_14,14,0.7677581906318665,376,412,0.6,
2EQ16243,C551_토너라벨_1,1,0.3147697448730469,620,398,0.6,
2EQ16243,B793_Canon각인_2,2,0.5372269749641418,8,322,1.05,
2EQ16243,6416_2206N명판_3,3,0.4432331919670105,558,312,0.6,
2EQ16243,3102_현상가압라벨_4,4,0.680873692035675,588,60,0.6,
2EQ16243,3699_레버피스_4,4,0.6165911555290222,218,22,0.9,
2EQ16243,1525_▲▲▲라벨_5,5,0.9247899651527405,796,228,0.6,
2EQ16243,2917_코마_6,6,0.847152590751648,930,550,0.6,
2EQ16243,1525_▲▲▲라벨_7,7,0.5434844493865967,752,606,0.9,
2EQ16243,0000_모듈러카바_8,8,0.5441560745239258,186,442,0.6,
2EQ16243,3780_전원스위치_9,9,0.7603421211242676,782,202,0.6,
2EQ16243,V242_카바라이트_10,10,0.7826143503189087,502,122,0.6,
2EQ16243,V242_카바라이트_11,11,0.7870839238166809,516,658,0.6,
2EQ16243,3779_압판스토퍼_12,12,0.5932472348213196,468,202,0.9,
2EQ16243,3779_압판스토퍼_14,14,0.6939554810523987,230,180,0.6,
2EQ16244,C551_토너라벨_1,1,0.342778742313385,278,98,1.05,
2EQ16244,B793_Canon각인_2,2,0.5089349150657654,6,280,1.05,
2EQ16244,6416_2206N명판_3,3,0.4132436215877533,110,336,1.2,
2EQ16244,3102_현상가압라벨_4,4,0.647605299949646,552,208,0.6,
2EQ16244,3699_레버피스_4,4,0.6829051375389099,542,212,0.6,
2EQ16244,1525_▲▲▲라벨_5,5,0.9250114560127258,796,224,0.75,
2EQ16244,2917_코마_6,6,0.8554056286811829,754,550,0.6,
2EQ16244,1525_▲▲▲라벨_7,7,0.5365726351737976,706,696,0.9,
2EQ16244,0000_모듈러카바_8,8,0.46377313137054443,266,508,0.6,
2EQ16244,3780_전원스위치_9,9,0.7567005753517151,782,202,0.6,
2EQ16244,V242_카바라이트_10,10,0.7795044779777527,430,592,0.6,
2EQ16244,V242_카바라이트_11,11,0.7546467185020447,550,646,0.6,
2EQ16244,3779_압판스토퍼_12,12,0.5991342663764954,780,94,0.9,
2EQ16244,3779_압판스토퍼_14,14,0.7599157094955444,220,180,0.6,
2EQ16245,C551_토너라벨_1,1,0.36085981130599976,474,368,0.6,
2EQ16245,B793_Canon각인_2,2,0.5736956000328064,20,386,1.05,
2EQ16245,6416_2206N명판_3,3,0.461140513420105,208,382,1.2,
2EQ16245,3102_현상가압라벨_4,4,0.6039666533470154,626,42,0.75,
2EQ16245,3699_레버피스_4,4,0.6804100871086121,580,32,0.9,
2EQ16245,1525_▲▲▲라벨_5,5,0.9264620542526245,796,230,0.6,
2EQ16245,2917_코마_6,6,0.8443835973739624,810,544,0.6,
2EQ16245,1525_▲▲▲라벨_7,7,0.5117577910423279,884,660,0.9,
2EQ16245,0000_모듈러카바_8,8,0.5942456722259521,282,522,0.6,
2EQ16245,3780_전원스위치_9,9,0.7724868655204773,308,430,0.6,
2EQ16245,V242_카바라이트_10,10,0.7667348980903625,482,124,0.6,
2EQ16245,V242_카바라이트_11,11,0.7191001772880554,724,130,0.6,
2EQ16245,3779_압판스토퍼_12,12,0.5617386698722839,470,194,0.9,
2EQ16245,3779_압판스토퍼_14,14,0.7660082578659058,294,468,0.6,
2EQ16246,C551_토너라벨_1,1,0.40351203083992004,430,340,0.6,
2EQ16246,B793_Canon각인_2,2,0.5465659499168396,36,334,1.05,
2EQ16246,6416_2206N명판_3,3,0.4438047707080841,180,456,1.2,
2EQ16246,3102_현상가압라벨_4,4,0.6386845707893372,678,0,0.6,
2EQ16246,3699_레버피스_4,4,0.5576863288879395,316,158,0.6,
2EQ16246,1525_▲▲▲라벨_5,5,0.9284601807594299,798,226,0.75,
2EQ16246,2917_코마_6,6,0.8614166975021362,710,164,0.6,
2EQ16246,1525_▲▲▲라벨_7,7,0.5981453061103821,584,512,0.9,
2EQ16246,0000_모듈러카바_8,8,0.6310776472091675,292,516,0.6,
2EQ16246,3780_전원스위치_9,9,0.7574366927146912,784,202,0.6,
2EQ16246,V242_카바라이트_10,10,0.7818916440010071,480,116,0.6,
2EQ16246,V242_카바라이트_11,11,0.7962152361869812,522,648,0.6,
2EQ16246,3779_압판스토퍼_12,12,0.5753251314163208,864,24,0.9,
2EQ16246,3779_압판스토퍼_14,14,0.7676210403442383,330,342,0.6,
2EQ16247,C551_토너라벨_1,1,0.38050612807273865,400,260,0.6,
2EQ16247,B793_Canon각인_2,2,0.4802097976207733,8,256,1.05,
2EQ16247,6416_2206N명판_3,3,0.404250830411911,726,664,0.6,
2EQ16247,3102_현상가압라벨_4,4,0.6121589541435242,758,394,0.75,
2EQ16247,3699_레버피스_4,4,0.6092720627784729,164,36,0.6,
2EQ16247,1525_▲▲▲라벨_5,5,0.9240716695785522,240,462,0.6,
2EQ16247,2917_코마_6,6,0.8579251170158386,822,544,0.6,
2EQ16247,1525_▲▲▲라벨_7,7,0.5602000951766968,536,498,0.6,
2EQ16247,0000_모듈러카바_8,8,0.48229995369911194,218,510,0.6,
2EQ16247,3780_전원스위치_9,9,0.7586861252784729,784,202,0.6,
2EQ16247,V242_카바라이트_10,10,0.7881641387939453,454,148,0.6,
2EQ16247,V242_카바라이트_11,11,0.7780908942222595,560,642,0.6,
2EQ16247,3779_압판스토퍼_12,12,0.578170120716095,338,180,0.9,
2EQ16247,3779_압판스토퍼_14,14,0.7503407597541809,484,260,0.6,
2EQ16248,C551_토너라벨_1,1,0.3070715665817261,148,226,0.6,
2EQ16248,B793_Canon각인_2,2,0.44377291202545166,44,440,1.05,
2EQ16248,6416_2206N명판_3,3,0.5177366733551025,248,372,1.2,
2EQ16248,3102_현상가압라벨_4,4,0.6856139302253723,668,66,0.6,
2EQ16248,3699_레버피스_4,4,0.6424335837364197,666,68,0.6,
2EQ16248,1525_▲▲▲라벨_5,5,0.931729793548584,168,460,0.6,
2EQ16248,2917_코마_6,6,0.8682464957237244,228,186,0.6,
2EQ16248,1525_▲▲▲라벨_7,7,0.5288001298904419,688,610,0.9,
2EQ16248,0000_모듈러카바_8,8,0.42436739802360535,236,466,0.6,
2EQ16248,3780_전원스위치_9,9,0.7615500092506409,784,202,0.6,
2EQ16248,V242_카바라이트_10,10,0.781572163105011,434,590,0.6,
2EQ16248,V242_카바라이트_11,11,0.7749816179275513,500,640,0.6,
2EQ16248,3779_압판스토퍼_12,12,0.6156632304191589,372,36,0.9,
2EQ16248,3779_압판스토퍼_14,14,0.7497350573539734,222,184,0.6,
2EQ16249,C551_토너라벨_1,1,0.3471233546733856,550,408,0.6,
2EQ16249,B793_Canon각인_2,2,0.4376499652862549,40,156,1.05,
2EQ16249,6416_2206N명판_3,3,0.5529014468193054,164,430,1.2,
2EQ16249,3102_현상가압라벨_4,4,0.581225574016571,598,606,0.6,
2EQ16249,3699_레버피스_4,4,0.5678375363349915,342,132,0.6,
2EQ16249,1525_▲▲▲라벨_5,5,0.9187194108963013,156,228,0.6,
2EQ16249,2917_코마_6,6,0.866455078125,464,514,0.6,
2EQ16249,1525_▲▲▲라벨_7,7,0.5384145379066467,494,22,0.6,
2EQ16249,0000_모듈러카바_8,8,0.5055834650993347,302,376,0.6,
2EQ16249,3780_전원스위치_9,9,0.7718672752380371,352,404,0.6,
2EQ16249,V242_카바라이트_10,10,0.7781275510787964,354,342,0.6,
2EQ16249,V242_카바라이트_11,11,0.7836508750915527,508,640,0.6,
2EQ16249,3779_압판스토퍼_12,12,0.56493079662323,312,312,0.9,
2EQ16249,3779_압판스토퍼_14,14,0.7544706463813782,302,256,0.6,
2EQ16250,C551_토너라벨_1,1,0.35309669375419617,320,132,1.05,
2EQ16250,B793_Canon각인_2,2,0.5951337218284607,76,334,1.05,
2EQ16250,6416_2206N명판_3,3,0.5186511278152466,198,286,1.2,
2EQ16250,3102_현상가압라벨_4,4,0.7237378358840942,570,8,0.6,
2EQ16250,3699_레버피스_4,4,0.663329005241394,550,12,0.6,
2EQ16250,1525_▲▲▲라벨_5,5,0.9208909869194031,808,228,0.6,
2EQ16250,2917_코마_6,6,0.8419099450111389,92,588,0.6,
2EQ16250,1525_▲▲▲라벨_7,7,0.5698401927947998,626,298,0.9,
2EQ16250,0000_모듈러카바_8,8,0.633830189704895,192,488,0.6,
2EQ16250,3780_전원스위치_9,9,0.756179928779602,784,202,0.6,
2EQ16250,V242_카바라이트_10,10,0.7765028476715088,448,588,0.6,
2EQ16250,V242_카바라이트_11,11,0.7980505228042603,558,656,0.6,
2EQ16250,3779_압판스토퍼_12,12,0.6178669929504395,440,54,0.9,
2EQ16250,3779_압판스토퍼_14,14,0.7657076716423035,216,180,0.6,
2EQ16251,C551_토너라벨_1,1,0.29811275005340576,132,222,0.75,
2EQ16251,B793_Canon각인_2,2,0.4144320487976074,130,188,1.05,
2EQ16251,6416_2206N명판_3,3,0.4692876636981964,196,332,1.2,
2EQ16251,3102_현상가압라벨_4,4,0.6606112122535706,622,0,0.6,
2EQ16251,3699_레버피스_4,4,0.5484063029289246,218,150,0.6,
2EQ16251,1525_▲▲▲라벨_5,5,0.9183458685874939,144,230,0.6,
2EQ16251,2917_코마_6,6,0.8424111604690552,612,384,0.6,
2EQ16251,1525_▲▲▲라벨_7,7,0.566824197769165,730,10,0.9,
2EQ16251,0000_모듈러카바_8,8,0.5387171506881714,202,404,0.6,
2EQ16251,3780_전원스위치_9,9,0.7685202956199646,454,432,0.6,
2EQ16251,V242_카바라이트_10,10,0.7921792268753052,500,158,0.6,
2EQ16251,V242_카바라이트_11,11,0.7256134748458862,718,614,0.6,
2EQ16251,3779_압판스토퍼_12,12,0.6040177345275879,378,226,0.9,
2EQ16251,3779_압판스토퍼_14,14,0.7426655292510986,508,434,0.6,
2EQ16252,C551_토너라벨_1,1,0.3468235731124878,430,392,0.6,
2EQ16252,B793_Canon각인_2,2,0.45873263478279114,6,396,1.05,
2EQ16252,6416_2206N명판_3,3,0.4333207607269287,208,336,1.2,
2EQ16252,3102_현상가압라벨_4,4,0.6301960945129395,666,4,0.75,
2EQ16252,3699_레버피스_4,4,0.6735262870788574,688,20,0.6,
2EQ16252,1525_▲▲▲라벨_5,5,0.9285795092582703,810,228,0.6,
2EQ16252,2917_코마_6,6,0.8558548092842102,900,538,0.6,
2EQ16252,1525_▲▲▲라벨_7,7,0.5388071537017822,572,10,0.6,
2EQ16252,0000_모듈러카바_8,8,0.5900700688362122,272,516,0.6,
2EQ16252,3780_전원스위치_9,9,0.7638471722602844,294,486,0.6,
2EQ16252,V242_카바라이트_10,10,0.778264582157135,422,582,0.6,
2EQ16252,V242_카바라이트_11,11,0.7739185094833374,724,612,0.6,
2EQ16252,3779_압판스토퍼_12,12,0.5198990106582642,464,190,0.9,
2EQ16252,3779_압판스토퍼_14,14,0.7577289342880249,906,320,0.6,
2EQ16253,C551_토너라벨_1,1,0.36706721782684326,218,196,0.6,
2EQ16253,B793_Canon각인_2,2,0.5624255537986755,76,306,1.05,
2EQ16253,6416_2206N명판_3,3,0.5144526958465576,138,438,1.2,
2EQ16253,3102_현상가압라벨_4,4,0.6050234436988831,730,372,0.6,
2EQ16253,3699_레버피스_4,4,0.6940241456031799,638,14,0.6,
2EQ16253,1525_▲▲▲라벨_5,5,0.9263486266136169,172,474,0.75,
2EQ16253,2917_코마_6,6,0.841614842414856,932,540,0.6,
2EQ16253,1525_▲▲▲라벨_7,7,0.5708065032958984,582,530,0.9,
2EQ16253,0000_모듈러카바_8,8,0.5251584053039551,254,528,0.6,
2EQ16253,3780_전원스위치_9,9,0.7583361268043518,340,420,0.6,
2EQ16253,V242_카바라이트_10,10,0.76076340675354,450,588,0.6,
2EQ16253,V242_카바라이트_11,11,0.7704704403877258,720,142,0.6,
2EQ16253,3779_압판스토퍼_12,12,0.5636997818946838,376,46,0.9,
2EQ16253,3779_압판스토퍼_14,14,0.7558748722076416,902,252,0.6,
2EQ16254,C551_토너라벨_1,1,0.3689393103122711,506,390,0.6,
2EQ16254,B793_Canon각인_2,2,0.5395925045013428,54,312,1.05,
2EQ16254,6416_2206N명판_3,3,0.474836528301239,230,448,1.2,
2EQ16254,3102_현상가압라벨_4,4,0.5976223945617676,532,528,0.6,
2EQ16254,3699_레버피스_4,4,0.5477570295333862,754,130,0.6,
2EQ16254,1525_▲▲▲라벨_5,5,0.9244529604911804,16,194,0.6,
2EQ16254,2917_코마_6,6,0.8783533573150635,440,114,0.6,
2EQ16254,1525_▲▲▲라벨_7,7,0.5706666111946106,10,594,0.6,
2EQ16254,0000_모듈러카바_8,8,0.5227584838867188,288,488,0.6,
2EQ16254,3780_전원스위치_9,9,0.7566264867782593,782,202,0.6,
2EQ16254,V242_카바라이트_10,10,0.7833166122436523,488,120,0.6,
2EQ16254,V242_카바라이트_11,11,0.7865990996360779,514,646,0.6,
2EQ16254,3779_압판스토퍼_12,12,0.5803239941596985,514,244,0.9,
2EQ16254,3779_압판스토퍼_14,14,0.7639674544334412,366,342,0.6,
2EQ16255,C551_토너라벨_1,1,0.36252009868621826,560,400,0.6,
2EQ16255,B793_Canon각인_2,2,0.45854103565216064,36,354,1.05,
2EQ16255,6416_2206N명판_3,3,0.5528130531311035,256,356,1.2,
2EQ16255,3102_현상가압라벨_4,4,0.6768985986709595,668,14,0.75,
2EQ16255,3699_레버피스_4,4,0.6758449673652649,710,32,0.6,
2EQ16255,1525_▲▲▲라벨_5,5,0.9260444641113281,144,236,0.6,
2EQ16255,2917_코마_6,6,0.8619126081466675,908,578,0.6,
2EQ16255,1525_▲▲▲라벨_7,7,0.618405818939209,706,636,0.6,
2EQ16255,0000_모듈러카바_8,8,0.4624961018562317,230,442,0.6,
2EQ16255,3780_전원스위치_9,9,0.7529571652412415,302,498,0.6,
2EQ16255,V242_카바라이트_10,10,0.7808316946029663,442,602,0.6,
2EQ16255,V242_카바라이트_11,11,0.70588618516922,558,652,0.6,
2EQ16255,3779_압판스토퍼_12,12,0.5771709084510803,788,88,0.9,
2EQ16255,3779_압판스토퍼_14,14,0.761039674282074,560,378,0.6,
2EQ16256,C551_토너라벨_1,1,0.3657034635543823,460,418,0.6,
2EQ16256,B793_Canon각인_2,2,0.5571595430374146,62,346,1.05,
2EQ16256,6416_2206N명판_3,3,0.45943447947502136,222,446,1.2,
2EQ16256,3102_현상가압라벨_4,4,0.7003707885742188,684,36,0.6,
2EQ16256,3699_레버피스_4,4,0.6553167700767517,594,14,0.9,
2EQ16256,1525_▲▲▲라벨_5,5,0.9378136396408081,154,236,0.6,
2EQ16256,2917_코마_6,6,0.8685680627822876,794,224,0.6,
2EQ16256,1525_▲▲▲라벨_7,7,0.5631411075592041,124,462,0.9,
2EQ16256,0000_모듈러카바_8,8,0.5612626075744629,276,516,0.6,
2EQ16256,3780_전원스위치_9,9,0.7599871158599854,784,202,0.6,
2EQ16256,V242_카바라이트_10,10,0.7863825559616089,486,134,0.6,
2EQ16256,V242_카바라이트_11,11,0.7842768430709839,512,650,0.6,
2EQ16256,3779_압판스토퍼_12,12,0.4914305806159973,106,614,0.9,
2EQ16256,3779_압판스토퍼_14,14,0.7686389684677124,378,402,0.6,
2EQ16257,C551_토너라벨_1,1,0.355212539434433,492,520,0.6,
2EQ16257,B793_Canon각인_2,2,0.5332537889480591,58,392,1.05,
2EQ16257,6416_2206N명판_3,3,0.5356102585792542,140,442,1.2,
2EQ16257,3102_현상가압라벨_4,4,0.6282898187637329,688,0,0.6,
2EQ16257,3699_레버피스_4,4,0.5547966361045837,432,114,0.6,
2EQ16257,1525_▲▲▲라벨_5,5,0.9323779940605164,154,244,0.6,
2EQ16257,2917_코마_6,6,0.8514086604118347,260,186,0.6,
2EQ16257,1525_▲▲▲라벨_7,7,0.532457172870636,172,646,0.6,
2EQ16257,0000_모듈러카바_8,8,0.5090862512588501,250,534,0.6,
2EQ16257,3780_전원스위치_9,9,0.753273606300354,782,202,0.6,
2EQ16257,V242_카바라이트_10,10,0.7654033899307251,430,594,0.6,
2EQ16257,V242_카바라이트_11,11,0.7242804169654846,560,634,0.6,
2EQ16257,3779_압판스토퍼_12,12,0.6148934364318848,170,466,0.9,
2EQ16257,3779_압판스토퍼_14,14,0.7484661936759949,786,96,0.6,
2EQ16258,C551_토너라벨_1,1,0.30989131331443787,504,42,0.75,
2EQ16258,B793_Canon각인_2,2,0.5185275077819824,12,354,1.05,
2EQ16258,6416_2206N명판_3,3,0.4615919291973114,286,358,1.2,
2EQ16258,3102_현상가압라벨_4,4,0.6831954717636108,692,28,0.6,
2EQ16258,3699_레버피스_4,4,0.6570466756820679,172,10,0.9,
2EQ16258,1525_▲▲▲라벨_5,5,0.9313575029373169,154,232,0.6,
2EQ16258,2917_코마_6,6,0.869597852230072,710,178,0.6,
2EQ16258,1525_▲▲▲라벨_7,7,0.5117862820625305,526,544,0.6,
2EQ16258,0000_모듈러카바_8,8,0.48436158895492554,280,514,0.6,
2EQ16258,3780_전원스위치_9,9,0.7583260536193848,784,202,0.6,
2EQ16258,V242_카바라이트_10,10,0.7784825563430786,438,596,0.6,
2EQ16258,V242_카바라이트_11,11,0.7338280081748962,724,130,0.6,
2EQ16258,3779_압판스토퍼_12,12,0.5603907704353333,754,124,0.9,
2EQ16258,3779_압판스토퍼_14,14,0.7692362070083618,374,424,0.75,
2EQ16259,C551_토너라벨_1,1,0.36235401034355164,622,364,0.6,
2EQ16259,B793_Canon각인_2,2,0.5549153089523315,60,316,1.05,
2EQ16259,6416_2206N명판_3,3,0.46974778175354004,190,436,1.2,
2EQ16259,3102_현상가압라벨_4,4,0.5960587859153748,706,286,0.6,
2EQ16259,3699_레버피스_4,4,0.6146458387374878,776,10,0.6,
2EQ16259,1525_▲▲▲라벨_5,5,0.924106776714325,800,230,0.6,
2EQ16259,2917_코마_6,6,0.864794909954071,686,196,0.6,
2EQ16259,1525_▲▲▲라벨_7,7,0.5785109400749207,558,494,0.75,
2EQ16259,0000_모듈러카바_8,8,0.6789615154266357,248,506,0.6,
2EQ16259,3780_전원스위치_9,9,0.7564347982406616,276,514,0.6,
2EQ16259,V242_카바라이트_10,10,0.7630742192268372,476,122,0.6,
2EQ16259,V242_카바라이트_11,11,0.7088460922241211,500,656,0.6,
2EQ16259,3779_압판스토퍼_12,12,0.5692492127418518,812,64,0.9,
2EQ16259,3779_압판스토퍼_14,14,0.7648022770881653,368,334,0.75,
2EQ16260,C551_토너라벨_1,1,0.3274218440055847,440,372,0.6,
2EQ16260,B793_Canon각인_2,2,0.4948708713054657,26,318,1.05,
2EQ16260,6416_2206N명판_3,3,0.49069511890411377,228,316,1.2,
2EQ16260,3102_현상가압라벨_4,4,0.680296778678894,550,4,0.9,
2EQ16260,3699_레버피스_4,4,0.6389585733413696,164,24,0.75,
2EQ16260,1525_▲▲▲라벨_5,5,0.923766016960144,798,226,0.75,
2EQ16260,2917_코마_6,6,0.8573793768882751,934,536,0.6,
2EQ16260,1525_▲▲▲라벨_7,7,0.5650424957275391,350,536,0.6,
2EQ16260,0000_모듈러카바_8,8,0.6242431402206421,284,528,0.6,
2EQ16260,3780_전원스위치_9,9,0.7621146440505981,784,202,0.6,
2EQ16260,V242_카바라이트_10,10,0.775459885597229,448,594,0.6,
2EQ16260,V242_카바라이트_11,11,0.7751487493515015,720,150,0.6,
2EQ16260,3779_압판스토퍼_12,12,0.5864666104316711,762,110,0.9,
2EQ16260,3779_압판스토퍼_14,14,0.7477185726165771,246,200,0.6,
2EQ16261,C551_토너라벨_1,1,0.3210354149341583,516,354,0.6,
2EQ16261,B793_Canon각인_2,2,0.43829411268234253,12,300,1.05,
2EQ16261,6416_2206N명판_3,3,0.5304626226425171,238,368,1.2,
2EQ16261,3102_현상가압라벨_4,4,0.6789496541023254,544,18,0.9,
2EQ16261,3699_레버피스_4,4,0.6207274794578552,398,542,0.9,
2EQ16261,1525_▲▲▲라벨_5,5,0.9251471757888794,810,230,0.6,
2EQ16261,2917_코마_6,6,0.8560884594917297,908,556,0.6,
2EQ16261,1525_▲▲▲라벨_7,7,0.5676237940788269,576,576,0.75,
2EQ16261,0000_모듈러카바_8,8,0.4998174011707306,368,458,0.6,
2EQ16261,3780_전원스위치_9,9,0.7589908838272095,782,202,0.6,
2EQ16261,V242_카바라이트_10,10,0.7800945043563843,434,600,0.6,
2EQ16261,V242_카바라이트_11,11,0.7804732322692871,564,652,0.6,
2EQ16261,3779_압판스토퍼_12,12,0.5322315096855164,66,602,0.9,
2EQ16261,3779_압판스토퍼_14,14,0.7546835541725159,502,346,0.6,
2EQ16262,C551_토너라벨_1,1,0.38057008385658264,92,242,1.05,
2EQ16262,B793_Canon각인_2,2,0.5829869508743286,94,312,1.05,
2EQ16262,6416_2206N명판_3,3,0.4866582155227661,216,360,1.2,
2EQ16262,3102_현상가압라벨_4,4,0.6295632123947144,646,2,0.6,
2EQ16262,3699_레버피스_4,4,0.6259275674819946,290,190,0.6,
2EQ16262,1525_▲▲▲라벨_5,5,0.9260435700416565,154,232,0.6,
2EQ16262,2917_코마_6,6,0.86403489112854,882,588,0.6,
2EQ16262,1525_▲▲▲라벨_7,7,0.6061179041862488,592,628,0.9,
2EQ16262,0000_모듈러카바_8,8,0.6026095747947693,310,484,0.6,
2EQ16262,3780_전원스위치_9,9,0.7583088278770447,332,448,0.6,
2EQ16262,V242_카바라이트_10,10,0.7708737254142761,436,582,0.6,
2EQ16262,V242_카바라이트_11,11,0.7855474948883057,564,656,0.6,
2EQ16262,3779_압판스토퍼_12,12,0.578156054019928,220,522,0.9,
2EQ16262,3779_압판스토퍼_14,14,0.7538608908653259,356,328,0.6,
2EQ16263,C551_토너라벨_1,1,0.3349522352218628,578,358,0.6,
2EQ16263,B793_Canon각인_2,2,0.5349192023277283,40,244,1.05,
2EQ16263,6416_2206N명판_3,3,0.49990034103393555,178,400,1.2,
2EQ16263,3102_현상가압라벨_4,4,0.6402904987335205,682,224,0.6,
2EQ16263,3699_레버피스_4,4,0.5936650633811951,276,140,0.6,
2EQ16263,1525_▲▲▲라벨_5,5,0.9300185441970825,796,228,0.6,
2EQ16263,2917_코마_6,6,0.8141688704490662,118,330,0.6,
2EQ16263,1525_▲▲▲라벨_7,7,0.5527140498161316,216,156,0.9,
2EQ16263,0000_모듈러카바_8,8,0.5405200719833374,300,432,0.6,
2EQ16263,3780_전원스위치_9,9,0.7709207534790039,476,460,0.6,
2EQ16263,V242_카바라이트_10,10,0.7765237092971802,346,348,0.6,
2EQ16263,V242_카바라이트_11,11,0.7611216902732849,508,638,0.6,
2EQ16263,3779_압판스토퍼_12,12,0.6225088834762573,756,586,0.9,
2EQ16263,3779_압판스토퍼_14,14,0.7232205867767334,350,262,0.75,
2EQ16264,C551_토너라벨_1,1,0.3362800180912018,536,372,0.6,
2EQ16264,B793_Canon각인_2,2,0.5305362939834595,88,286,1.05,
2EQ16264,6416_2206N명판_3,3,0.4319857060909271,246,342,1.2,
2EQ16264,3102_현상가압라벨_4,4,0.6162036657333374,668,226,0.6,
2EQ16264,3699_레버피스_4,4,0.528679609298706,676,206,0.6,
2EQ16264,1525_▲▲▲라벨_5,5,0.9305962920188904,142,228,0.75,
2EQ16264,2917_코마_6,6,0.8596508502960205,872,298,0.6,
2EQ16264,1525_▲▲▲라벨_7,7,0.5553383827209473,706,230,0.6,
2EQ16264,0000_모듈러카바_8,8,0.5702052712440491,346,502,0.6,
2EQ16264,3780_전원스위치_9,9,0.7613866329193115,322,392,0.6,
2EQ16264,V242_카바라이트_10,10,0.7665401697158813,478,118,0.6,
2EQ16264,V242_카바라이트_11,11,0.6792237758636475,538,666,0.6,
2EQ16264,3779_압판스토퍼_12,12,0.6123600006103516,176,444,0.9,
2EQ16264,3779_압판스토퍼_14,14,0.7601104378700256,468,348,0.6,
2EQ16265,C551_토너라벨_1,1,0.3232783079147339,428,398,0.6,
2EQ16265,B793_Canon각인_2,2,0.590147852897644,94,420,1.05,
2EQ16265,6416_2206N명판_3,3,0.4084889888763428,706,650,0.6,
2EQ16265,3102_현상가압라벨_4,4,0.650717556476593,540,6,0.75,
2EQ16265,3699_레버피스_4,4,0.60293048620224,152,22,0.75,
2EQ16265,1525_▲▲▲라벨_5,5,0.9237661957740784,176,464,0.6,
2EQ16265,2917_코마_6,6,0.8593429327011108,880,540,0.6,
2EQ16265,1525_▲▲▲라벨_7,7,0.5097820162773132,310,446,0.6,
2EQ16265,0000_모듈러카바_8,8,0.5212653875350952,274,540,0.6,
2EQ16265,3780_전원스위치_9,9,0.757187008857727,784,202,0.6,
2EQ16265,V242_카바라이트_10,10,0.7819299101829529,432,598,0.6,
2EQ16265,V242_카바라이트_11,11,0.780062735080719,546,652,0.6,
2EQ16265,3779_압판스토퍼_12,12,0.5823728442192078,322,50,0.9,
2EQ16265,3779_압판스토퍼_14,14,0.7600572109222412,282,300,0.6,
2EQ16266,C551_토너라벨_1,1,0.3993040919303894,240,144,0.6,
2EQ16266,B793_Canon각인_2,2,0.5380954146385193,52,324,1.05,
2EQ16266,6416_2206N명판_3,3,0.5195766687393188,172,422,1.2,
2EQ16266,3102_현상가압라벨_4,4,0.6148720383644104,696,236,0.6,
2EQ16266,3699_레버피스_4,4,0.5685717463493347,366,460,1.2,
2EQ16266,1525_▲▲▲라벨_5,5,0.9169653654098511,768,366,0.6,
2EQ16266,2917_코마_6,6,0.84833824634552,688,142,0.6,
2EQ16266,1525_▲▲▲라벨_7,7,0.5327128767967224,306,482,0.6,
2EQ16266,0000_모듈러카바_8,8,0.40660473704338074,208,528,0.6,
2EQ16266,3780_전원스위치_9,9,0.7585925459861755,784,202,0.6,
2EQ16266,V242_카바라이트_10,10,0.778649628162384,430,592,0.6,
2EQ16266,V242_카바라이트_11,11,0.8039435148239136,498,640,0.6,
2EQ16266,3779_압판스토퍼_12,12,0.5631299614906311,248,468,0.9,
2EQ16266,3779_압판스토퍼_14,14,0.748354971408844,234,190,0.75,
2EQ16267,C551_토너라벨_1,1,0.3121636211872101,482,320,0.75,
2EQ16267,B793_Canon각인_2,2,0.4881526231765747,0,364,1.05,
2EQ16267,6416_2206N명판_3,3,0.41720306873321533,268,360,1.2,
2EQ16267,3102_현상가압라벨_4,4,0.6901514530181885,506,18,0.9,
2EQ16267,3699_레버피스_4,4,0.659511387348175,534,48,0.6,
2EQ16267,1525_▲▲▲라벨_5,5,0.9281537532806396,796,222,0.75,
2EQ16267,2917_코마_6,6,0.8499326705932617,870,546,0.6,
2EQ16267,1525_▲▲▲라벨_7,7,0.545479953289032,598,630,0.9,
2EQ16267,0000_모듈러카바_8,8,0.6767683029174805,276,522,0.6,
2EQ16267,3780_전원스위치_9,9,0.7554864883422852,784,202,0.6,
2EQ16267,V242_카바라이트_10,10,0.7884917855262756,442,586,0.6,
2EQ16267,V242_카바라이트_11,11,0.76169353723526,560,654,0.6,
2EQ16267,3779_압판스토퍼_12,12,0.5394914150238037,196,504,0.9,
2EQ16267,3779_압판스토퍼_14,14,0.7573032379150391,468,180,0.6,
2EQ16268,C551_토너라벨_1,1,0.3226781487464905,468,378,0.6,
2EQ16268,B793_Canon각인_2,2,0.47719499468803406,218,202,1.05,
2EQ16268,6416_2206N명판_3,3,0.5006161332130432,162,326,1.2,
2EQ16268,3102_현상가압라벨_4,4,0.5875674486160278,652,214,0.6,
2EQ16268,3699_레버피스_4,4,0.5468582510948181,214,134,0.6,
2EQ16268,1525_▲▲▲라벨_5,5,0.9296186566352844,564,404,0.6,
2EQ16268,2917_코마_6,6,0.8558573722839355,632,180,0.6,
2EQ16268,1525_▲▲▲라벨_7,7,0.5635908246040344,366,286,0.6,
2EQ16268,0000_모듈러카바_8,8,0.4661208391189575,240,392,0.6,
2EQ16268,3780_전원스위치_9,9,0.7682154774665833,290,474,0.6,
2EQ16268,V242_카바라이트_10,10,0.7764765024185181,438,582,0.6,
2EQ16268,V242_카바라이트_11,11,0.7599116563796997,726,614,0.6,
2EQ16268,3779_압판스토퍼_12,12,0.5920602679252625,342,78,0.9,
2EQ16268,3779_압판스토퍼_14,14,0.7537896633148193,548,190,0.75,
2EQ16269,C551_토너라벨_1,1,0.3383775055408478,628,264,0.6,
2EQ16269,B793_Canon각인_2,2,0.5252019166946411,8,316,1.05,
2EQ16269,6416_2206N명판_3,3,0.5188263058662415,324,320,1.2,
2EQ16269,3102_현상가압라벨_4,4,0.6055613160133362,722,308,0.6,
2EQ16269,3699_레버피스_4,4,0.5192286968231201,928,470,0.6,
2EQ16269,1525_▲▲▲라벨_5,5,0.9329218864440918,154,228,0.6,
2EQ16269,2917_코마_6,6,0.8532828092575073,932,496,0.6,
2EQ16269,1525_▲▲▲라벨_7,7,0.5473313927650452,42,496,0.9,
2EQ16269,0000_모듈러카바_8,8,0.5128368139266968,196,420,0.6,
2EQ16269,3780_전원스위치_9,9,0.7613505125045776,784,202,0.6,
2EQ16269,V242_카바라이트_10,10,0.7761332392692566,440,588,0.6,
2EQ16269,V242_카바라이트_11,11,0.7902650237083435,552,654,0.6,
2EQ16269,3779_압판스토퍼_12,12,0.6131049394607544,368,82,0.9,
2EQ16269,3779_압판스토퍼_14,14,0.7640460133552551,390,376,0.6,
2EQ16270,C551_토너라벨_1,1,0.38038817048072815,390,384,0.6,
2EQ16270,B793_Canon각인_2,2,0.5797023773193359,36,360,1.05,
2EQ16270,6416_2206N명판_3,3,0.4407831132411957,238,442,1.2,
2EQ16270,3102_현상가압라벨_4,4,0.5837885737419128,590,596,0.6,
2EQ16270,3699_레버피스_4,4,0.5431025624275208,232,134,0.6,
2EQ16270,1525_▲▲▲라벨_5,5,0.9191970229148865,142,230,0.75,
2EQ16270,2917_코마_6,6,0.8503857254981995,160,512,0.6,
2EQ16270,1525_▲▲▲라벨_7,7,0.5375757217407227,524,448,0.9,
2EQ16270,0000_모듈러카바_8,8,0.48073071241378784,322,376,0.6,
2EQ16270,3780_전원스위치_9,9,0.7555360198020935,336,414,0.6,
2EQ16270,V242_카바라이트_10,10,0.7865572571754456,408,632,0.6,
2EQ16270,V242_카바라이트_11,11,0.7545362114906311,500,658,0.6,
2EQ16270,3779_압판스토퍼_12,12,0.5846365690231323,206,112,0.9,
2EQ16270,3779_압판스토퍼_14,14,0.7261894941329956,844,578,0.6,
2EQ16271,C551_토너라벨_1,1,0.3027188181877136,146,228,0.6,
2EQ16271,B793_Canon각인_2,2,0.4874846935272217,150,366,1.05,
2EQ16271,6416_2206N명판_3,3,0.455884724855423,268,318,1.2,
2EQ16271,3102_현상가압라벨_4,4,0.5853045582771301,598,592,0.6,
2EQ16271,3699_레버피스_4,4,0.5753383636474609,348,114,0.75,
2EQ16271,1525_▲▲▲라벨_5,5,0.9312206506729126,802,228,0.6,
2EQ16271,2917_코마_6,6,0.8477585315704346,14,596,0.6,
2EQ16271,1525_▲▲▲라벨_7,7,0.5652515292167664,524,480,0.9,
2EQ16271,0000_모듈러카바_8,8,0.547663152217865,316,400,0.6,
2EQ16271,3780_전원스위치_9,9,0.7412645220756531,782,204,0.6,
2EQ16271,V242_카바라이트_10,10,0.786506712436676,488,164,0.6,
2EQ16271,V242_카바라이트_11,11,0.7595620155334473,720,632,0.6,
2EQ16271,3779_압판스토퍼_12,12,0.6079439520835876,296,388,0.9,
2EQ16271,3779_압판스토퍼_14,14,0.7468234300613403,472,682,0.6,
2EQ16272,C551_토너라벨_1,1,0.3207669258117676,454,488,0.6,
2EQ16272,B793_Canon각인_2,2,0.5299979448318481,120,524,1.05,
2EQ16272,6416_2206N명판_3,3,0.4667806327342987,174,352,1.2,
2EQ16272,3102_현상가압라벨_4,4,0.6794225573539734,528,72,0.75,
2EQ16272,3699_레버피스_4,4,0.6808616518974304,552,90,0.6,
2EQ16272,1525_▲▲▲라벨_5,5,0.9203146696090698,288,474,0.6,
2EQ16272,2917_코마_6,6,0.8583617806434631,678,158,0.6,
2EQ16272,1525_▲▲▲라벨_7,7,0.5820874571800232,476,518,0.6,
2EQ16272,0000_모듈러카바_8,8,0.4473174512386322,294,566,0.6,
2EQ16272,3780_전원스위치_9,9,0.7598493099212646,784,202,0.6,
2EQ16272,V242_카바라이트_10,10,0.7674809098243713,426,598,0.6,
2EQ16272,V242_카바라이트_11,11,0.7816579937934875,566,648,0.6,
2EQ16272,3779_압판스토퍼_12,12,0.5828742384910583,796,80,0.9,
2EQ16272,3779_압판스토퍼_14,14,0.7488833665847778,358,380,0.6,
2EQ16273,C551_토너라벨_1,1,0.3117595613002777,514,110,0.6,
2EQ16273,B793_Canon각인_2,2,0.5048644542694092,26,452,1.05,
2EQ16273,6416_2206N명판_3,3,0.4094231426715851,702,650,0.6,
2EQ16273,3102_현상가압라벨_4,4,0.6269432902336121,520,0,0.9,
2EQ16273,3699_레버피스_4,4,0.652410626411438,530,4,0.9,
2EQ16273,1525_▲▲▲라벨_5,5,0.9256905317306519,802,230,0.6,
2EQ16273,2917_코마_6,6,0.8514687418937683,730,570,0.6,
2EQ16273,1525_▲▲▲라벨_7,7,0.5629854798316956,566,606,0.9,
2EQ16273,0000_모듈러카바_8,8,0.426889032125473,300,552,0.6,
2EQ16273,3780_전원스위치_9,9,0.7586380839347839,784,202,0.6,
2EQ16273,V242_카바라이트_10,10,0.7843400239944458,442,598,0.6,
2EQ16273,V242_카바라이트_11,11,0.7864433526992798,504,652,0.6,
2EQ16273,3779_압판스토퍼_12,12,0.5853310823440552,146,438,0.9,
2EQ16273,3779_압판스토퍼_14,14,0.7382393479347229,958,336,0.6,
2EQ16274,C551_토너라벨_1,1,0.34872186183929443,510,306,0.6,
2EQ16274,B793_Canon각인_2,2,0.5711663365364075,18,262,1.05,
2EQ16274,6416_2206N명판_3,3,0.4404216408729553,238,404,1.2,
2EQ16274,3102_현상가압라벨_4,4,0.6323769092559814,500,0,0.75,
2EQ16274,3699_레버피스_4,4,0.6359138488769531,528,16,0.6,
2EQ16274,1525_▲▲▲라벨_5,5,0.9241798520088196,810,230,0.6,
2EQ16274,2917_코마_6,6,0.8499680757522583,902,538,0.6,
2EQ16274,1525_▲▲▲라벨_7,7,0.5203001499176025,538,512,0.6,
2EQ16274,0000_모듈러카바_8,8,0.48862209916114807,232,494,0.6,
2EQ16274,3780_전원스위치_9,9,0.7566006779670715,784,202,0.6,
2EQ16274,V242_카바라이트_10,10,0.781720757484436,428,590,0.6,
2EQ16274,V242_카바라이트_11,11,0.7832738161087036,496,644,0.6,
2EQ16274,3779_압판스토퍼_12,12,0.5765079259872437,758,100,0.9,
2EQ16274,3779_압판스토퍼_14,14,0.7667798399925232,376,352,0.6,
2EQ16275,C551_토너라벨_1,1,0.3720957636833191,400,490,0.6,
2EQ16275,B793_Canon각인_2,2,0.5465338826179504,4,350,1.05,
2EQ16275,6416_2206N명판_3,3,0.49109745025634766,146,448,1.2,
2EQ16275,3102_현상가압라벨_4,4,0.6135039925575256,716,300,0.6,
2EQ16275,3699_레버피스_4,4,0.5825842022895813,766,20,0.6,
2EQ16275,1525_▲▲▲라벨_5,5,0.9219245910644531,14,592,0.6,
2EQ16275,2917_코마_6,6,0.8348846435546875,796,218,0.6,
2EQ16275,1525_▲▲▲라벨_7,7,0.5273387432098389,100,462,0.9,
2EQ16275,0000_모듈러카바_8,8,0.4868111312389374,294,414,0.6,
2EQ16275,3780_전원스위치_9,9,0.757549524307251,784,202,0.6,
2EQ16275,V242_카바라이트_10,10,0.7881077527999878,434,600,0.6,
2EQ16275,V242_카바라이트_11,11,0.7913410067558289,560,660,0.6,
2EQ16275,3779_압판스토퍼_12,12,0.5323967933654785,768,486,0.9,
2EQ16275,3779_압판스토퍼_14,14,0.7681026458740234,898,280,0.6,
2EQ16276,C551_토너라벨_1,1,0.3812926709651947,494,358,0.6,
2EQ16276,B793_Canon각인_2,2,0.5503221154212952,10,316,1.05,
2EQ16276,6416_2206N명판_3,3,0.46619483828544617,196,340,1.2,
2EQ16276,3102_현상가압라벨_4,4,0.6323192119598389,834,290,0.6,
2EQ16276,3699_레버피스_4,4,0.5861600041389465,362,472,1.2,
2EQ16276,1525_▲▲▲라벨_5,5,0.9238585233688354,26,586,0.6,
2EQ16276,2917_코마_6,6,0.8507139086723328,804,212,0.6,
2EQ16276,1525_▲▲▲라벨_7,7,0.5154933929443359,618,58,0.6,
2EQ16276,0000_모듈러카바_8,8,0.5855311155319214,248,418,0.6,
2EQ16276,3780_전원스위치_9,9,0.7493485808372498,784,202,0.6,
2EQ16276,V242_카바라이트_10,10,0.7681565284729004,132,320,0.6,
2EQ16276,V242_카바라이트_11,11,0.7346493005752563,562,656,0.6,
2EQ16276,3779_압판스토퍼_12,12,0.6223574280738831,314,240,0.9,
2EQ16276,3779_압판스토퍼_14,14,0.7273357510566711,394,620,0.75,
2EQ16277,C551_토너라벨_1,1,0.3323500454425812,532,264,0.6,
2EQ16277,B793_Canon각인_2,2,0.5925800204277039,68,326,1.05,
2EQ16277,6416_2206N명판_3,3,0.49744755029678345,152,308,1.2,
2EQ16277,3102_현상가압라벨_4,4,0.6851489543914795,516,22,0.75,
2EQ16277,3699_레버피스_4,4,0.658831000328064,712,30,0.6,
2EQ16277,1525_▲▲▲라벨_5,5,0.9281986951828003,154,230,0.6,
2EQ16277,2917_코마_6,6,0.857059121131897,432,0,0.6,
2EQ16277,1525_▲▲▲라벨_7,7,0.560964822769165,678,10,1.05,
2EQ16277,0000_모듈러카바_8,8,0.5504692792892456,320,534,0.6,
2EQ16277,3780_전원스위치_9,9,0.7670930027961731,336,490,0.6,
2EQ16277,V242_카바라이트_10,10,0.7675017714500427,480,124,0.6,
2EQ16277,V242_카바라이트_11,11,0.7020941972732544,494,652,0.6,
2EQ16277,3779_압판스토퍼_12,12,0.559185266494751,106,602,0.9,
2EQ16277,3779_압판스토퍼_14,14,0.7514870166778564,368,374,0.6,
2EQ16278,C551_토너라벨_1,1,0.36580890417099,530,360,0.6,
2EQ16278,B793_Canon각인_2,2,0.5261066555976868,28,246,1.05,
2EQ16278,6416_2206N명판_3,3,0.44601526856422424,182,496,1.2,
2EQ16278,3102_현상가압라벨_4,4,0.6312671899795532,654,62,0.6,
2EQ16278,3699_레버피스_4,4,0.5785011053085327,680,34,0.6,
2EQ16278,1525_▲▲▲라벨_5,5,0.9334296584129333,140,226,0.75,
2EQ16278,2917_코마_6,6,0.8687320351600647,278,132,0.6,
2EQ16278,1525_▲▲▲라벨_7,7,0.5816628336906433,732,208,0.6,
2EQ16278,0000_모듈러카바_8,8,0.4983135163784027,250,512,0.6,
2EQ16278,3780_전원스위치_9,9,0.7567029595375061,782,202,0.6,
2EQ16278,V242_카바라이트_10,10,0.7805199027061462,492,128,0.6,
2EQ16278,V242_카바라이트_11,11,0.789509654045105,558,650,0.6,
2EQ16278,3779_압판스토퍼_12,12,0.5818966031074524,246,454,0.9,
2EQ16278,3779_압판스토퍼_14,14,0.7674075365066528,416,362,0.6,
2EQ16279,C551_토너라벨_1,1,0.3357711732387543,502,424,0.6,
2EQ16279,B793_Canon각인_2,2,0.5774725079536438,94,268,1.05,
2EQ16279,6416_2206N명판_3,3,0.4461822509765625,530,266,0.6,
2EQ16279,3102_현상가압라벨_4,4,0.6859491467475891,600,30,0.6,
2EQ16279,3699_레버피스_4,4,0.6368110179901123,222,26,0.9,
2EQ16279,1525_▲▲▲라벨_5,5,0.9335954785346985,798,228,0.6,
2EQ16279,2917_코마_6,6,0.8688480257987976,862,546,0.6,
2EQ16279,1525_▲▲▲라벨_7,7,0.5820930600166321,528,518,0.9,
2EQ16279,0000_모듈러카바_8,8,0.47856903076171875,246,482,0.6,
2EQ16279,3780_전원스위치_9,9,0.7593914866447449,784,202,0.6,
2EQ16279,V242_카바라이트_10,10,0.789061427116394,428,600,0.6,
2EQ16279,V242_카바라이트_11,11,0.7583496570587158,562,646,0.6,
2EQ16279,3779_압판스토퍼_12,12,0.5821307301521301,256,524,0.9,
2EQ16279,3779_압판스토퍼_14,14,0.7445582151412964,150,488,0.75,
2EQ16280,C551_토너라벨_1,1,0.31599941849708557,486,360,0.6,
2EQ16280,B793_Canon각인_2,2,0.548683762550354,36,330,1.05,
2EQ16280,6416_2206N명판_3,3,0.4444040060043335,248,364,1.2,
2EQ16280,3102_현상가압라벨_4,4,0.6955789923667908,540,22,0.6,
2EQ16280,3699_레버피스_4,4,0.6397732496261597,166,38,0.6,
2EQ16280,1525_▲▲▲라벨_5,5,0.9239506721496582,796,224,0.75,
2EQ16280,2917_코마_6,6,0.8438482880592346,742,560,0.6,
2EQ16280,1525_▲▲▲라벨_7,7,0.5814255475997925,558,538,0.75,
2EQ16280,0000_모듈러카바_8,8,0.4862557351589203,262,506,0.6,
2EQ16280,3780_전원스위치_9,9,0.7591367363929749,784,202,0.6,
2EQ16280,V242_카바라이트_10,10,0.7792816758155823,490,126,0.6,
2EQ16280,V242_카바라이트_11,11,0.7619056105613708,566,656,0.6,
2EQ16280,3779_압판스토퍼_12,12,0.5478127002716064,590,280,0.9,
2EQ16280,3779_압판스토퍼_14,14,0.7489044666290283,220,180,0.75,
2EQ16281,C551_토너라벨_1,1,0.33723586797714233,470,304,0.6,
2EQ16281,B793_Canon각인_2,2,0.44202518463134766,34,360,1.05,
2EQ16281,6416_2206N명판_3,3,0.48658815026283264,206,440,1.2,
2EQ16281,3102_현상가압라벨_4,4,0.662195086479187,504,0,0.75,
2EQ16281,3699_레버피스_4,4,0.6335914134979248,726,4,0.6,
2EQ16281,1525_▲▲▲라벨_5,5,0.9313727617263794,796,226,0.75,
2EQ16281,2917_코마_6,6,0.8475534915924072,692,544,0.6,
2EQ16281,1525_▲▲▲라벨_7,7,0.6231389045715332,494,548,0.75,
2EQ16281,0000_모듈러카바_8,8,0.39923274517059326,244,472,0.6,
2EQ16281,3780_전원스위치_9,9,0.7572701573371887,784,202,0.6,
2EQ16281,V242_카바라이트_10,10,0.7800419330596924,442,596,0.6,
2EQ16281,V242_카바라이트_11,11,0.7580130696296692,556,618,0.6,
2EQ16281,3779_압판스토퍼_12,12,0.5762622356414795,790,86,0.9,
2EQ16281,3779_압판스토퍼_14,14,0.7447570562362671,434,332,0.6,
2EQ16282,C551_토너라벨_1,1,0.42566627264022827,538,258,0.6,
2EQ16282,B793_Canon각인_2,2,0.5965054631233215,122,356,1.05,
2EQ16282,6416_2206N명판_3,3,0.44936904311180115,650,328,0.6,
2EQ16282,3102_현상가압라벨_4,4,0.6837174296379089,522,208,0.6,
2EQ16282,3699_레버피스_4,4,0.6960663795471191,528,210,0.6,
2EQ16282,1525_▲▲▲라벨_5,5,0.9262669682502747,156,470,0.75,
2EQ16282,2917_코마_6,6,0.8797992467880249,864,568,0.6,
2EQ16282,1525_▲▲▲라벨_7,7,0.6027060151100159,520,510,0.75,
2EQ16282,0000_모듈러카바_8,8,0.42642122507095337,282,598,0.6,
2EQ16282,3780_전원스위치_9,9,0.758778989315033,784,202,0.6,
2EQ16282,V242_카바라이트_10,10,0.7826465368270874,434,582,0.6,
2EQ16282,V242_카바라이트_11,11,0.7672489285469055,494,646,0.6,
2EQ16282,3779_압판스토퍼_12,12,0.5473359227180481,106,604,0.9,
2EQ16282,3779_압판스토퍼_14,14,0.749232828617096,394,386,0.75,
2EQ16283,C551_토너라벨_1,1,0.3577088415622711,490,492,0.6,
2EQ16283,B793_Canon각인_2,2,0.5633533596992493,70,352,1.05,
2EQ16283,6416_2206N명판_3,3,0.46626147627830505,222,300,1.2,
2EQ16283,3102_현상가압라벨_4,4,0.6823673248291016,480,2,1.05,
2EQ16283,3699_레버피스_4,4,0.7062774896621704,524,46,0.6,
2EQ16283,1525_▲▲▲라벨_5,5,0.9280766844749451,810,232,0.6,
2EQ16283,2917_코마_6,6,0.8631041049957275,854,552,0.6,
2EQ16283,1525_▲▲▲라벨_7,7,0.5687639117240906,540,500,0.75,
2EQ16283,0000_모듈러카바_8,8,0.5733662843704224,334,474,0.6,
2EQ16283,3780_전원스위치_9,9,0.7584617733955383,784,202,0.6,
2EQ16283,V242_카바라이트_10,10,0.7847505211830139,438,594,0.6,
2EQ16283,V242_카바라이트_11,11,0.790224552154541,724,612,0.6,
2EQ16283,3779_압판스토퍼_12,12,0.6175040006637573,340,178,0.9,
2EQ16283,3779_압판스토퍼_14,14,0.7728918790817261,614,308,0.6,
2EQ16284,C551_토너라벨_1,1,0.3322719931602478,442,344,0.75,
2EQ16284,B793_Canon각인_2,2,0.6018098592758179,112,338,1.05,
2EQ16284,6416_2206N명판_3,3,0.4010542929172516,722,664,0.6,
2EQ16284,3102_현상가압라벨_4,4,0.6662120819091797,472,4,0.9,
2EQ16284,3699_레버피스_4,4,0.683676540851593,516,30,0.6,
2EQ16284,1525_▲▲▲라벨_5,5,0.9192962646484375,244,474,0.6,
2EQ16284,2917_코마_6,6,0.8303508758544922,214,588,0.6,
2EQ16284,1525_▲▲▲라벨_7,7,0.5473693013191223,550,478,0.9,
2EQ16284,0000_모듈러카바_8,8,0.4968445897102356,208,526,0.6,
2EQ16284,3780_전원스위치_9,9,0.762977123260498,346,484,0.6,
2EQ16284,V242_카바라이트_10,10,0.7758452296257019,442,594,0.6,
2EQ16284,V242_카바라이트_11,11,0.7639991044998169,568,648,0.6,
2EQ16284,3779_압판스토퍼_12,12,0.594209611415863,196,452,0.9,
2EQ16284,3779_압판스토퍼_14,14,0.7511175274848938,484,386,0.6,
2EQ16285,C551_토너라벨_1,1,0.3790479898452759,734,242,1.2,
2EQ16285,B793_Canon각인_2,2,0.5260077118873596,58,326,1.05,
2EQ16285,6416_2206N명판_3,3,0.473553866147995,116,430,1.2,
2EQ16285,3102_현상가압라벨_4,4,0.6475895643234253,644,50,0.75,
2EQ16285,3699_레버피스_4,4,0.6605419516563416,544,26,1.05,
2EQ16285,1525_▲▲▲라벨_5,5,0.9185671806335449,184,404,0.75,
2EQ16285,2917_코마_6,6,0.8663017749786377,490,516,0.6,
2EQ16285,1525_▲▲▲라벨_7,7,0.5400848984718323,362,224,0.9,
2EQ16285,0000_모듈러카바_8,8,0.6071909666061401,358,500,0.6,
2EQ16285,3780_전원스위치_9,9,0.752579927444458,780,202,0.6,
2EQ16285,V242_카바라이트_10,10,0.7765508890151978,440,596,0.6,
2EQ16285,V242_카바라이트_11,11,0.7799102067947388,512,652,0.6,
2EQ16285,3779_압판스토퍼_12,12,0.5429081320762634,188,498,0.9,
2EQ16285,3779_압판스토퍼_14,14,0.7522703409194946,496,154,0.75,
2EQ16286,C551_토너라벨_1,1,0.3166181743144989,520,352,0.6,
2EQ16286,B793_Canon각인_2,2,0.519234836101532,56,334,1.05,
2EQ16286,6416_2206N명판_3,3,0.46499907970428467,224,328,1.2,
2EQ16286,3102_현상가압라벨_4,4,0.6479573845863342,544,6,0.75,
2EQ16286,3699_레버피스_4,4,0.6449092030525208,152,26,0.75,
2EQ16286,1525_▲▲▲라벨_5,5,0.9221557974815369,266,476,0.6,
2EQ16286,2917_코마_6,6,0.8591300845146179,708,186,0.6,
2EQ16286,1525_▲▲▲라벨_7,7,0.5444412231445312,372,492,0.6,
2EQ16286,0000_모듈러카바_8,8,0.6170128583908081,278,520,0.6,
2EQ16286,3780_전원스위치_9,9,0.7597068548202515,784,202,0.6,
2EQ16286,V242_카바라이트_10,10,0.7823505997657776,426,594,0.6,
2EQ16286,V242_카바라이트_11,11,0.7702645659446716,568,648,0.6,
2EQ16286,3779_압판스토퍼_12,12,0.5941663384437561,184,468,0.9,
2EQ16286,3779_압판스토퍼_14,14,0.7734284996986389,370,418,0.6,
2EQ16287,C551_토너라벨_1,1,0.39231595396995544,716,400,0.6,
2EQ16287,B793_Canon각인_2,2,0.5241033434867859,60,306,1.05,
2EQ16287,6416_2206N명판_3,3,0.5015179514884949,246,306,1.2,
2EQ16287,3102_현상가압라벨_4,4,0.6904610395431519,538,2,0.75,
2EQ16287,3699_레버피스_4,4,0.6830902695655823,532,20,0.6,
2EQ16287,1525_▲▲▲라벨_5,5,0.9249135255813599,194,464,0.75,
2EQ16287,2917_코마_6,6,0.8648381233215332,834,542,0.6,
2EQ16287,1525_▲▲▲라벨_7,7,0.5275135636329651,570,508,0.6,
2EQ16287,0000_모듈러카바_8,8,0.500691294670105,270,502,0.6,
2EQ16287,3780_전원스위치_9,9,0.7546617984771729,782,202,0.6,
2EQ16287,V242_카바라이트_10,10,0.7805880308151245,432,592,0.6,
2EQ16287,V242_카바라이트_11,11,0.791553258895874,562,652,0.6,
2EQ16287,3779_압판스토퍼_12,12,0.5707888603210449,212,516,0.9,
2EQ16287,3779_압판스토퍼_14,14,0.7605450749397278,590,272,0.75,
2EQ16288,C551_토너라벨_1,1,0.40466630458831787,590,392,0.6,
2EQ16288,B793_Canon각인_2,2,0.5534531474113464,52,334,1.05,
2EQ16288,6416_2206N명판_3,3,0.4634740948677063,148,386,1.2,
2EQ16288,3102_현상가압라벨_4,4,0.5856974720954895,752,476,0.6,
2EQ16288,3699_레버피스_4,4,0.5571329593658447,216,614,0.6,
2EQ16288,1525_▲▲▲라벨_5,5,0.9241804480552673,258,480,0.6,
2EQ16288,2917_코마_6,6,0.8544979691505432,920,540,0.6,
2EQ16288,1525_▲▲▲라벨_7,7,0.5616587996482849,484,664,0.9,
2EQ16288,0000_모듈러카바_8,8,0.4445130228996277,316,442,0.6,
2EQ16288,3780_전원스위치_9,9,0.755314826965332,782,202,0.6,
2EQ16288,V242_카바라이트_10,10,0.7739455699920654,440,582,0.6,
2EQ16288,V242_카바라이트_11,11,0.7628616690635681,716,616,0.6,
2EQ16288,3779_압판스토퍼_12,12,0.5441753268241882,194,444,0.9,
2EQ16288,3779_압판스토퍼_14,14,0.7468193173408508,478,318,0.6,
2EQ16289,C551_토너라벨_1,1,0.3946318030357361,568,302,0.6,
2EQ16289,B793_Canon각인_2,2,0.518079936504364,16,392,1.05,
2EQ16289,6416_2206N명판_3,3,0.47185763716697693,350,328,1.2,
2EQ16289,3102_현상가압라벨_4,4,0.6628466844558716,624,4,0.75,
2EQ16289,3699_레버피스_4,4,0.6835324168205261,668,18,0.6,
2EQ16289,1525_▲▲▲라벨_5,5,0.9206560850143433,140,232,0.6,
2EQ16289,2917_코마_6,6,0.8616949915885925,886,544,0.6,
2EQ16289,1525_▲▲▲라벨_7,7,0.5792797803878784,548,560,0.75,
2EQ16289,0000_모듈러카바_8,8,0.5933339595794678,252,494,0.6,
2EQ16289,3780_전원스위치_9,9,0.7562820315361023,782,202,0.6,
2EQ16289,V242_카바라이트_10,10,0.7864983081817627,494,122,0.6,
2EQ16289,V242_카바라이트_11,11,0.7680771946907043,568,654,0.6,
2EQ16289,3779_압판스토퍼_12,12,0.5655837655067444,516,182,0.9,
2EQ16289,3779_압판스토퍼_14,14,0.72232985496521,212,174,0.6,
2EQ16290,C551_토너라벨_1,1,0.32439035177230835,274,226,1.05,
2EQ16290,B793_Canon각인_2,2,0.4360514283180237,126,132,1.05,
2EQ16290,6416_2206N명판_3,3,0.4202107787132263,6,648,0.6,
2EQ16290,3102_현상가압라벨_4,4,0.6491199731826782,172,28,0.6,
2EQ16290,3699_레버피스_4,4,0.5696887969970703,534,128,0.75,
2EQ16290,1525_▲▲▲라벨_5,5,0.9180999398231506,166,466,0.75,
2EQ16290,2917_코마_6,6,0.8610320091247559,890,594,0.6,
2EQ16290,1525_▲▲▲라벨_7,7,0.5240309238433838,754,314,0.75,
2EQ16290,0000_모듈러카바_8,8,0.5441093444824219,398,440,0.6,
2EQ16290,3780_전원스위치_9,9,0.756756067276001,784,202,0.6,
2EQ16290,V242_카바라이트_10,10,0.7775301337242126,424,594,0.6,
2EQ16290,V242_카바라이트_11,11,0.7711895108222961,720,624,0.6,
2EQ16290,3779_압판스토퍼_12,12,0.5864018201828003,454,232,0.9,
2EQ16290,3779_압판스토퍼_14,14,0.7466181516647339,236,180,0.75,
2EQ16291,C551_토너라벨_1,1,0.3300533890724182,442,348,0.6,
2EQ16291,B793_Canon각인_2,2,0.5365262627601624,8,394,1.05,
2EQ16291,6416_2206N명판_3,3,0.4540024399757385,258,326,1.2,
2EQ16291,3102_현상가압라벨_4,4,0.674896776676178,530,36,0.6,
2EQ16291,3699_레버피스_4,4,0.656189501285553,706,36,0.6,
2EQ16291,1525_▲▲▲라벨_5,5,0.9255215525627136,390,442,0.6,
2EQ16291,2917_코마_6,6,0.8333536386489868,790,566,0.6,
2EQ16291,1525_▲▲▲라벨_7,7,0.5137873888015747,588,534,0.75,
2EQ16291,0000_모듈러카바_8,8,0.3789636492729187,226,474,0.6,
2EQ16291,3780_전원스위치_9,9,0.7600371241569519,784,202,0.6,
2EQ16291,V242_카바라이트_10,10,0.7910180687904358,482,130,0.6,
2EQ16291,V242_카바라이트_11,11,0.7782019376754761,498,656,0.6,
2EQ16291,3779_압판스토퍼_12,12,0.5837868452072144,764,108,0.9,
2EQ16291,3779_압판스토퍼_14,14,0.7691839933395386,586,228,0.6,
2EQ16292,C551_토너라벨_1,1,0.3397926092147827,552,460,0.6,
2EQ16292,B793_Canon각인_2,2,0.5947796106338501,96,346,1.05,
2EQ16292,6416_2206N명판_3,3,0.5125564932823181,278,368,1.2,
2EQ16292,3102_현상가압라벨_4,4,0.6351948380470276,594,0,0.6,
2EQ16292,3699_레버피스_4,4,0.6091644763946533,532,74,0.9,
2EQ16292,1525_▲▲▲라벨_5,5,0.9057905673980713,120,468,0.75,
2EQ16292,2917_코마_6,6,0.8447875380516052,896,590,0.6,
2EQ16292,1525_▲▲▲라벨_7,7,0.585698127746582,318,48,0.6,
2EQ16292,0000_모듈러카바_8,8,0.40336546301841736,226,558,0.6,
2EQ16292,3780_전원스위치_9,9,0.7578740119934082,782,202,0.6,
2EQ16292,V242_카바라이트_10,10,0.7737399935722351,482,142,0.6,
2EQ16292,V242_카바라이트_11,11,0.7701341509819031,542,652,0.6,
2EQ16292,3779_압판스토퍼_12,12,0.58551424741745,314,162,0.9,
2EQ16292,3779_압판스토퍼_14,14,0.7454334497451782,234,180,0.75,
2EQ16293,C551_토너라벨_1,1,0.33670833706855774,422,242,0.6,
2EQ16293,B793_Canon각인_2,2,0.5677871108055115,8,318,1.05,
2EQ16293,6416_2206N명판_3,3,0.4911717474460602,274,314,1.2,
2EQ16293,3102_현상가압라벨_4,4,0.6352972388267517,244,30,0.6,
2EQ16293,3699_레버피스_4,4,0.573541522026062,272,16,0.6,
2EQ16293,1525_▲▲▲라벨_5,5,0.926358699798584,798,232,0.6,
2EQ16293,2917_코마_6,6,0.8414970636367798,718,548,0.6,
2EQ16293,1525_▲▲▲라벨_7,7,0.546891987323761,552,548,0.75,
2EQ16293,0000_모듈러카바_8,8,0.40130743384361267,196,542,0.6,
2EQ16293,3780_전원스위치_9,9,0.7597091794013977,782,202,0.6,
2EQ16293,V242_카바라이트_10,10,0.7932683229446411,488,130,0.6,
2EQ16293,V242_카바라이트_11,11,0.7741702198982239,544,658,0.6,
2EQ16293,3779_압판스토퍼_12,12,0.5700729489326477,522,230,0.9,
2EQ16293,3779_압판스토퍼_14,14,0.7376842498779297,614,130,0.6,
2EQ16294,C551_토너라벨_1,1,0.3312705159187317,234,144,1.05,
2EQ16294,B793_Canon각인_2,2,0.5546180605888367,46,400,1.05,
2EQ16294,6416_2206N명판_3,3,0.4275437891483307,544,348,0.6,
2EQ16294,3102_현상가압라벨_4,4,0.6611627340316772,628,36,0.6,
2EQ16294,3699_레버피스_4,4,0.6849062442779541,630,40,0.6,
2EQ16294,1525_▲▲▲라벨_5,5,0.9141929745674133,380,440,0.6,
2EQ16294,2917_코마_6,6,0.8553848266601562,688,144,0.6,
2EQ16294,1525_▲▲▲라벨_7,7,0.5488678812980652,674,636,0.6,
2EQ16294,0000_모듈러카바_8,8,0.44467028975486755,358,518,0.6,
2EQ16294,3780_전원스위치_9,9,0.7449656128883362,382,432,0.6,
2EQ16294,V242_카바라이트_10,10,0.7546262741088867,484,126,0.6,
2EQ16294,V242_카바라이트_11,11,0.7252105474472046,572,644,0.6,
2EQ16294,3779_압판스토퍼_12,12,0.5752006769180298,800,76,0.9,
2EQ16294,3779_압판스토퍼_14,14,0.7445818185806274,608,246,0.6,
2EQ16295,C551_토너라벨_1,1,0.33692917227745056,464,396,0.6,
2EQ16295,B793_Canon각인_2,2,0.49316373467445374,40,336,1.05,
2EQ16295,6416_2206N명판_3,3,0.4375057816505432,6,648,0.6,
2EQ16295,3102_현상가압라벨_4,4,0.6691839098930359,534,24,1.05,
2EQ16295,3699_레버피스_4,4,0.6818764805793762,656,70,0.6,
2EQ16295,1525_▲▲▲라벨_5,5,0.9270473122596741,808,230,0.6,
2EQ16295,2917_코마_6,6,0.8477693200111389,894,594,0.6,
2EQ16295,1525_▲▲▲라벨_7,7,0.5333132147789001,530,550,0.6,
2EQ16295,0000_모듈러카바_8,8,0.5154246091842651,256,532,0.6,
2EQ16295,3780_전원스위치_9,9,0.7589942216873169,782,202,0.6,
2EQ16295,V242_카바라이트_10,10,0.7761970162391663,484,126,0.6,
2EQ16295,V242_카바라이트_11,11,0.7850691676139832,562,660,0.6,
2EQ16295,3779_압판스토퍼_12,12,0.5453059077262878,374,704,0.9,
2EQ16295,3779_압판스토퍼_14,14,0.7738575339317322,388,422,0.6,
2EQ16296,C551_토너라벨_1,1,0.33221006393432617,576,400,0.6,
2EQ16296,B793_Canon각인_2,2,0.5178701877593994,0,258,1.05,
2EQ16296,6416_2206N명판_3,3,0.42231273651123047,218,366,1.2,
2EQ16296,3102_현상가압라벨_4,4,0.6356369853019714,486,402,0.6,
2EQ16296,3699_레버피스_4,4,0.6643616557121277,236,2,1.05,
2EQ16296,1525_▲▲▲라벨_5,5,0.9256801605224609,138,488,0.6,
2EQ16296,2917_코마_6,6,0.851767897605896,742,546,0.6,
2EQ16296,1525_▲▲▲라벨_7,7,0.5511050224304199,512,546,0.6,
2EQ16296,0000_모듈러카바_8,8,0.5186476111412048,252,486,0.6,
2EQ16296,3780_전원스위치_9,9,0.7480955123901367,314,470,0.6,
2EQ16296,V242_카바라이트_10,10,0.7744523882865906,480,130,0.6,
2EQ16296,V242_카바라이트_11,11,0.7460463047027588,502,640,0.6,
2EQ16296,3779_압판스토퍼_12,12,0.593336284160614,416,178,0.9,
2EQ16296,3779_압판스토퍼_14,14,0.7636699676513672,474,298,0.6,
2EQ16297,C551_토너라벨_1,1,0.3339318633079529,388,330,0.6,
2EQ16297,B793_Canon각인_2,2,0.569268524646759,58,338,1.05,
2EQ16297,6416_2206N명판_3,3,0.4594900906085968,200,414,1.2,
2EQ16297,3102_현상가압라벨_4,4,0.6437647938728333,700,296,0.6,
2EQ16297,3699_레버피스_4,4,0.6136881709098816,770,16,0.6,
2EQ16297,1525_▲▲▲라벨_5,5,0.9232050180435181,178,462,0.75,
2EQ16297,2917_코마_6,6,0.8444911241531372,708,138,0.6,
2EQ16297,1525_▲▲▲라벨_7,7,0.5601255297660828,16,380,0.9,
2EQ16297,0000_모듈러카바_8,8,0.5548112988471985,268,508,0.6,
2EQ16297,3780_전원스위치_9,9,0.7588282823562622,782,202,0.6,
2EQ16297,V242_카바라이트_10,10,0.7837264537811279,434,600,0.6,
2EQ16297,V242_카바라이트_11,11,0.7773248553276062,554,650,0.6,
2EQ16297,3779_압판스토퍼_12,12,0.6243332028388977,542,246,0.9,
2EQ16297,3779_압판스토퍼_14,14,0.7638339400291443,358,390,0.75,
2EQ16298,C551_토너라벨_1,1,0.36131295561790466,458,376,0.6,
2EQ16298,B793_Canon각인_2,2,0.4905911386013031,24,352,1.05,
2EQ16298,6416_2206N명판_3,3,0.4833740293979645,208,338,1.2,
2EQ16298,3102_현상가압라벨_4,4,0.6108967661857605,582,70,0.6,
2EQ16298,3699_레버피스_4,4,0.586746871471405,206,22,0.6,
2EQ16298,1525_▲▲▲라벨_5,5,0.9197136163711548,796,230,0.6,
2EQ16298,2917_코마_6,6,0.8623793125152588,938,556,0.6,
2EQ16298,1525_▲▲▲라벨_7,7,0.5695799589157104,534,594,0.75,
2EQ16298,0000_모듈러카바_8,8,0.6500316858291626,292,522,0.6,
2EQ16298,3780_전원스위치_9,9,0.7523361444473267,272,446,0.6,
2EQ16298,V242_카바라이트_10,10,0.7802590131759644,430,594,0.6,
2EQ16298,V242_카바라이트_11,11,0.770119309425354,556,656,0.6,
2EQ16298,3779_압판스토퍼_12,12,0.6130313277244568,512,156,0.9,
2EQ16298,3779_압판스토퍼_14,14,0.738083004951477,492,354,0.6,
2EQ16299,C551_토너라벨_1,1,0.33150386810302734,578,360,0.6,
2EQ16299,B793_Canon각인_2,2,0.4926234781742096,42,334,1.05,
2EQ16299,6416_2206N명판_3,3,0.48236095905303955,246,326,1.2,
2EQ16299,3102_현상가압라벨_4,4,0.6862135529518127,498,8,0.75,
2EQ16299,3699_레버피스_4,4,0.6516389846801758,698,18,0.6,
2EQ16299,1525_▲▲▲라벨_5,5,0.9271511435508728,796,224,0.75,
2EQ16299,2917_코마_6,6,0.8560750484466553,910,564,0.6,
2EQ16299,1525_▲▲▲라벨_7,7,0.5790448784828186,580,568,0.9,
2EQ16299,0000_모듈러카바_8,8,0.5961897969245911,226,532,0.6,
2EQ16299,3780_전원스위치_9,9,0.7689082622528076,186,434,0.75,
2EQ16299,V242_카바라이트_10,10,0.777213990688324,442,600,0.6,
2EQ16299,V242_카바라이트_11,11,0.7840884923934937,496,644,0.6,
2EQ16299,3779_압판스토퍼_12,12,0.56397944688797,206,450,0.9,
2EQ16299,3779_압판스토퍼_14,14,0.7769184112548828,548,248,0.6,
2EQ16300,C551_토너라벨_1,1,0.35229095816612244,118,244,1.05,
2EQ16300,B793_Canon각인_2,2,0.5561652779579163,64,354,1.05,
2EQ16300,6416_2206N명판_3,3,0.467579185962677,146,448,1.2,
2EQ16300,3102_현상가압라벨_4,4,0.6459845900535583,670,8,0.6,
2EQ16300,3699_레버피스_4,4,0.5795920491218567,288,186,0.6,
2EQ16300,1525_▲▲▲라벨_5,5,0.9365377426147461,162,240,0.6,
2EQ16300,2917_코마_6,6,0.8259225487709045,136,572,0.6,
2EQ16300,1525_▲▲▲라벨_7,7,0.5724490284919739,732,202,0.6,
2EQ16300,0000_모듈러카바_8,8,0.4811120331287384,266,450,0.6,
2EQ16300,3780_전원스위치_9,9,0.7597069144248962,784,202,0.6,
2EQ16300,V242_카바라이트_10,10,0.7742774486541748,410,588,0.6,
2EQ16300,V242_카바라이트_11,11,0.780733048915863,564,646,0.6,
2EQ16300,3779_압판스토퍼_12,12,0.5518353581428528,526,94,0.9,
2EQ16300,3779_압판스토퍼_14,14,0.6738905906677246,162,74,0.6,
2EQ16301,C551_토너라벨_1,1,0.378845751285553,498,390,0.6,
2EQ16301,B793_Canon각인_2,2,0.5942161083221436,90,342,1.05,
2EQ16301,6416_2206N명판_3,3,0.5420162081718445,140,422,1.2,
2EQ16301,3102_현상가압라벨_4,4,0.6307415962219238,664,0,0.6,
2EQ16301,3699_레버피스_4,4,0.5407085418701172,444,484,0.6,
2EQ16301,1525_▲▲▲라벨_5,5,0.9137702584266663,148,238,0.6,
2EQ16301,2917_코마_6,6,0.8682803511619568,188,690,0.6,
2EQ16301,1525_▲▲▲라벨_7,7,0.5358977317810059,938,664,0.9,
2EQ16301,0000_모듈러카바_8,8,0.5542048811912537,234,478,0.6,
2EQ16301,3780_전원스위치_9,9,0.7608311176300049,782,202,0.6,
2EQ16301,V242_카바라이트_10,10,0.7693003416061401,436,592,0.6,
2EQ16301,V242_카바라이트_11,11,0.7912644743919373,508,656,0.6,
2EQ16301,3779_압판스토퍼_12,12,0.6200186610221863,344,14,0.9,
2EQ16301,3779_압판스토퍼_14,14,0.7576798796653748,840,10,0.6,
2EQ16302,C551_토너라벨_1,1,0.3682670593261719,80,244,1.2,
2EQ16302,B793_Canon각인_2,2,0.5379930734634399,8,438,1.05,
2EQ16302,6416_2206N명판_3,3,0.4404241740703583,160,464,1.2,
2EQ16302,3102_현상가압라벨_4,4,0.6326470375061035,658,20,0.6,
2EQ16302,3699_레버피스_4,4,0.5627288222312927,696,400,0.6,
2EQ16302,1525_▲▲▲라벨_5,5,0.9262437224388123,16,588,0.6,
2EQ16302,2917_코마_6,6,0.8578035235404968,552,526,0.6,
2EQ16302,1525_▲▲▲라벨_7,7,0.5523194670677185,780,568,0.6,
2EQ16302,0000_모듈러카바_8,8,0.5913817286491394,232,484,0.6,
2EQ16302,3780_전원스위치_9,9,0.7379748225212097,780,202,0.6,
2EQ16302,V242_카바라이트_10,10,0.7941521406173706,506,654,0.6,
2EQ16302,V242_카바라이트_11,11,0.7928507924079895,498,646,0.6,
2EQ16302,3779_압판스토퍼_12,12,0.5805686116218567,186,490,0.9,
2EQ16302,3779_압판스토퍼_14,14,0.7570091485977173,254,198,0.75,
2EQ16303,C551_토너라벨_1,1,0.3136695921421051,410,346,0.6,
2EQ16303,B793_Canon각인_2,2,0.4664216935634613,22,242,1.05,
2EQ16303,6416_2206N명판_3,3,0.40819644927978516,710,652,0.6,
2EQ16303,3102_현상가압라벨_4,4,0.6282234787940979,542,138,0.6,
2EQ16303,3699_레버피스_4,4,0.5992544293403625,614,224,0.6,
2EQ16303,1525_▲▲▲라벨_5,5,0.9289205074310303,140,230,0.75,
2EQ16303,2917_코마_6,6,0.8746903538703918,904,558,0.6,
2EQ16303,1525_▲▲▲라벨_7,7,0.5701442956924438,512,610,0.6,
2EQ16303,0000_모듈러카바_8,8,0.5240607857704163,300,450,0.6,
2EQ16303,3780_전원스위치_9,9,0.7564942836761475,784,202,0.6,
2EQ16303,V242_카바라이트_10,10,0.7769001722335815,480,130,0.6,
2EQ16303,V242_카바라이트_11,11,0.7847505807876587,728,624,0.6,
2EQ16303,3779_압판스토퍼_12,12,0.5839913487434387,760,102,0.9,
2EQ16303,3779_압판스토퍼_14,14,0.7390124201774597,238,200,0.75,
2EQ16304,C551_토너라벨_1,1,0.3317341208457947,298,36,0.6,
2EQ16304,B793_Canon각인_2,2,0.4722362458705902,0,338,1.05,
2EQ16304,6416_2206N명판_3,3,0.4491305649280548,524,218,0.6,
2EQ16304,3102_현상가압라벨_4,4,0.6974015235900879,558,50,0.6,
2EQ16304,3699_레버피스_4,4,0.6267373561859131,176,32,0.75,
2EQ16304,1525_▲▲▲라벨_5,5,0.9201581478118896,194,460,0.6,
2EQ16304,2917_코마_6,6,0.8598198890686035,886,562,0.6,
2EQ16304,1525_▲▲▲라벨_7,7,0.5625725388526917,450,592,0.75,
2EQ16304,0000_모듈러카바_8,8,0.4524061679840088,270,522,0.6,
2EQ16304,3780_전원스위치_9,9,0.7585833072662354,784,202,0.6,
2EQ16304,V242_카바라이트_10,10,0.7826612591743469,432,598,0.6,
2EQ16304,V242_카바라이트_11,11,0.780072808265686,562,648,0.6,
2EQ16304,3779_압판스토퍼_12,12,0.5960783362388611,434,234,0.9,
2EQ16304,3779_압판스토퍼_14,14,0.7682046294212341,590,272,0.6,
2EQ16305,C551_토너라벨_1,1,0.383622407913208,274,106,1.05,
2EQ16305,B793_Canon각인_2,2,0.5500841736793518,0,276,1.05,
2EQ16305,6416_2206N명판_3,3,0.44449013471603394,516,236,0.6,
2EQ16305,3102_현상가압라벨_4,4,0.607599675655365,492,82,0.6,
2EQ16305,3699_레버피스_4,4,0.6414748430252075,200,26,0.6,
2EQ16305,1525_▲▲▲라벨_5,5,0.9243811964988708,798,230,0.6,
2EQ16305,2917_코마_6,6,0.8664438128471375,682,168,0.6,
2EQ16305,1525_▲▲▲라벨_7,7,0.5808660984039307,568,594,0.75,
2EQ16305,0000_모듈러카바_8,8,0.48733723163604736,726,504,0.6,
2EQ16305,3780_전원스위치_9,9,0.7569373846054077,782,202,0.6,
2EQ16305,V242_카바라이트_10,10,0.7763252854347229,478,132,0.6,
2EQ16305,V242_카바라이트_11,11,0.7888519167900085,508,648,0.6,
2EQ16305,3779_압판스토퍼_12,12,0.5792787671089172,278,462,0.9,
2EQ16305,3779_압판스토퍼_14,14,0.7517801523208618,226,182,0.75,
2EQ16306,C551_토너라벨_1,1,0.3259565532207489,542,392,0.6,
2EQ16306,B793_Canon각인_2,2,0.43950653076171875,66,332,1.05,
2EQ16306,6416_2206N명판_3,3,0.42562440037727356,320,308,1.2,
2EQ16306,3102_현상가압라벨_4,4,0.6503469944000244,548,34,0.6,
2EQ16306,3699_레버피스_4,4,0.6078293323516846,310,12,0.9,
2EQ16306,1525_▲▲▲라벨_5,5,0.9269083738327026,170,476,0.75,
2EQ16306,2917_코마_6,6,0.8813386559486389,704,174,0.6,
2EQ16306,1525_▲▲▲라벨_7,7,0.5211837887763977,526,548,0.6,
2EQ16306,0000_모듈러카바_8,8,0.4676710069179535,212,472,0.6,
2EQ16306,3780_전원스위치_9,9,0.7595443725585938,784,202,0.6,
2EQ16306,V242_카바라이트_10,10,0.7858850359916687,430,606,0.6,
2EQ16306,V242_카바라이트_11,11,0.7517966032028198,558,614,0.6,
2EQ16306,3779_압판스토퍼_12,12,0.5670065879821777,386,24,0.9,
2EQ16306,3779_압판스토퍼_14,14,0.7632237076759338,396,392,0.6,
2EQ16307,C551_토너라벨_1,1,0.3037446141242981,484,332,0.6,
2EQ16307,B793_Canon각인_2,2,0.35615161061286926,160,664,0.6,
2EQ16307,6416_2206N명판_3,3,0.4263301193714142,538,326,0.6,
2EQ16307,3102_현상가압라벨_4,4,0.6451764106750488,550,12,0.6,
2EQ16307,3699_레버피스_4,4,0.6468362212181091,274,28,0.6,
2EQ16307,1525_▲▲▲라벨_5,5,0.928533136844635,804,228,0.6,
2EQ16307,2917_코마_6,6,0.8624587655067444,910,548,0.6,
2EQ16307,1525_▲▲▲라벨_7,7,0.6004171967506409,532,572,0.9,
2EQ16307,0000_모듈러카바_8,8,0.4995134174823761,278,498,0.6,
2EQ16307,3780_전원스위치_9,9,0.7556631565093994,784,202,0.6,
2EQ16307,V242_카바라이트_10,10,0.7801546454429626,434,592,0.6,
2EQ16307,V242_카바라이트_11,11,0.7380843758583069,728,616,0.6,
2EQ16307,3779_압판스토퍼_12,12,0.5976126790046692,496,234,0.9,
2EQ16307,3779_압판스토퍼_14,14,0.7420713901519775,268,342,0.6,
2EQ16308,C551_토너라벨_1,1,0.35766926407814026,554,470,0.6,
2EQ16308,B793_Canon각인_2,2,0.41302523016929626,20,214,1.05,
2EQ16308,6416_2206N명판_3,3,0.41217896342277527,618,522,0.6,
2EQ16308,3102_현상가압라벨_4,4,0.6938574910163879,508,26,0.6,
2EQ16308,3699_레버피스_4,4,0.634039580821991,252,42,0.6,
2EQ16308,1525_▲▲▲라벨_5,5,0.928870439529419,134,496,0.6,
2EQ16308,2917_코마_6,6,0.847968339920044,926,542,0.6,
2EQ16308,1525_▲▲▲라벨_7,7,0.5808550715446472,624,696,0.9,
2EQ16308,0000_모듈러카바_8,8,0.5399162173271179,260,508,0.6,
2EQ16308,3780_전원스위치_9,9,0.7593586444854736,782,202,0.6,
2EQ16308,V242_카바라이트_10,10,0.7807980179786682,436,590,0.6,
2EQ16308,V242_카바라이트_11,11,0.7918659448623657,728,612,0.6,
2EQ16308,3779_압판스토퍼_12,12,0.5987474322319031,812,66,0.9,
2EQ16308,3779_압판스토퍼_14,14,0.7496192455291748,222,182,0.75,
2EQ16309,C551_토너라벨_1,1,0.36447662115097046,434,456,0.6,
2EQ16309,B793_Canon각인_2,2,0.4142143130302429,80,378,1.05,
2EQ16309,6416_2206N명판_3,3,0.4053453803062439,542,264,0.6,
2EQ16309,3102_현상가압라벨_4,4,0.6287118196487427,504,0,0.75,
2EQ16309,3699_레버피스_4,4,0.6317185163497925,692,6,0.6,
2EQ16309,1525_▲▲▲라벨_5,5,0.9251434803009033,142,232,0.6,
2EQ16309,2917_코마_6,6,0.8607596755027771,922,566,0.6,
2EQ16309,1525_▲▲▲라벨_7,7,0.6094438433647156,534,572,0.9,
2EQ16309,0000_모듈러카바_8,8,0.6121752858161926,300,460,0.6,
2EQ16309,3780_전원스위치_9,9,0.7508163452148438,298,464,0.6,
2EQ16309,V242_카바라이트_10,10,0.7684612274169922,438,596,0.6,
2EQ16309,V242_카바라이트_11,11,0.777391254901886,724,612,0.6,
2EQ16309,3779_압판스토퍼_12,12,0.5732255578041077,798,76,0.9,
2EQ16309,3779_압판스토퍼_14,14,0.7554663419723511,910,280,0.6,
2EQ16310,C551_토너라벨_1,1,0.34553101658821106,466,452,0.6,
2EQ16310,B793_Canon각인_2,2,0.5719793438911438,42,314,1.05,
2EQ16310,6416_2206N명판_3,3,0.5191412568092346,144,334,1.2,
2EQ16310,3102_현상가압라벨_4,4,0.6766975522041321,502,46,0.6,
2EQ16310,3699_레버피스_4,4,0.6762743592262268,666,44,0.6,
2EQ16310,1525_▲▲▲라벨_5,5,0.9251130223274231,808,230,0.6,
2EQ16310,2917_코마_6,6,0.8742841482162476,694,170,0.6,
2EQ16310,1525_▲▲▲라벨_7,7,0.5202594995498657,478,556,0.75,
2EQ16310,0000_모듈러카바_8,8,0.4771018624305725,290,530,0.6,
2EQ16310,3780_전원스위치_9,9,0.7583137154579163,782,202,0.6,
2EQ16310,V242_카바라이트_10,10,0.7722561955451965,426,600,0.6,
2EQ16310,V242_카바라이트_11,11,0.7939061522483826,562,654,0.6,
2EQ16310,3779_압판스토퍼_12,12,0.5423511862754822,180,520,0.9,
2EQ16310,3779_압판스토퍼_14,14,0.7442544102668762,228,188,0.75,
2EQ16311,C551_토너라벨_1,1,0.340412437915802,452,368,0.6,
2EQ16311,B793_Canon각인_2,2,0.5281120538711548,0,286,1.05,
2EQ16311,6416_2206N명판_3,3,0.4106210768222809,702,650,0.6,
2EQ16311,3102_현상가압라벨_4,4,0.6151240468025208,632,38,0.6,
2EQ16311,3699_레버피스_4,4,0.6216208338737488,520,66,0.6,
2EQ16311,1525_▲▲▲라벨_5,5,0.924013078212738,804,232,0.6,
2EQ16311,2917_코마_6,6,0.8476511836051941,908,608,0.6,
2EQ16311,1525_▲▲▲라벨_7,7,0.5482531785964966,588,516,0.9,
2EQ16311,0000_모듈러카바_8,8,0.42467665672302246,244,542,0.6,
2EQ16311,3780_전원스위치_9,9,0.7593996524810791,784,202,0.6,
2EQ16311,V242_카바라이트_10,10,0.7821799516677856,428,602,0.6,
2EQ16311,V242_카바라이트_11,11,0.7467999458312988,720,142,0.6,
2EQ16311,3779_압판스토퍼_12,12,0.5868369936943054,200,500,0.9,
2EQ16311,3779_압판스토퍼_14,14,0.7572923898696899,290,318,0.6,
2EQ16312,C551_토너라벨_1,1,0.37571778893470764,268,386,0.6,
2EQ16312,B793_Canon각인_2,2,0.5556420683860779,56,260,1.05,
2EQ16312,6416_2206N명판_3,3,0.4046505093574524,710,652,0.6,
2EQ16312,3102_현상가압라벨_4,4,0.6898419857025146,562,70,0.6,
2EQ16312,3699_레버피스_4,4,0.6369393467903137,204,38,0.9,
2EQ16312,1525_▲▲▲라벨_5,5,0.9277393221855164,376,432,0.6,
2EQ16312,2917_코마_6,6,0.8394273519515991,20,604,0.6,
2EQ16312,1525_▲▲▲라벨_7,7,0.5382339358329773,652,646,0.9,
2EQ16312,0000_모듈러카바_8,8,0.5027706623077393,258,512,0.6,
2EQ16312,3780_전원스위치_9,9,0.7606988549232483,330,486,0.6,
2EQ16312,V242_카바라이트_10,10,0.7774164080619812,432,596,0.6,
2EQ16312,V242_카바라이트_11,11,0.7607576847076416,718,142,0.6,
2EQ16312,3779_압판스토퍼_12,12,0.5744571089744568,216,518,0.9,
2EQ16312,3779_압판스토퍼_14,14,0.7342876195907593,512,390,0.6,
2EQ16313,C551_토너라벨_1,1,0.3536306917667389,530,342,0.6,
2EQ16313,B793_Canon각인_2,2,0.5379285216331482,60,302,1.05,
2EQ16313,6416_2206N명판_3,3,0.41048166155815125,512,206,0.6,
2EQ16313,3102_현상가압라벨_4,4,0.6381509304046631,658,150,0.6,
2EQ16313,3699_레버피스_4,4,0.6202006340026855,674,48,0.6,
2EQ16313,1525_▲▲▲라벨_5,5,0.9247602820396423,308,504,0.6,
2EQ16313,2917_코마_6,6,0.8570284247398376,794,552,0.6,
2EQ16313,1525_▲▲▲라벨_7,7,0.5823269486427307,534,558,0.75,
2EQ16313,0000_모듈러카바_8,8,0.5999009013175964,270,532,0.6,
2EQ16313,3780_전원스위치_9,9,0.7534157037734985,780,202,0.6,
2EQ16313,V242_카바라이트_10,10,0.7757534384727478,432,598,0.6,
2EQ16313,V242_카바라이트_11,11,0.7009372115135193,570,628,0.6,
2EQ16313,3779_압판스토퍼_12,12,0.5329057574272156,832,56,0.9,
2EQ16313,3779_압판스토퍼_14,14,0.7629886269569397,356,426,0.6,
2EQ16314,C551_토너라벨_1,1,0.30813726782798767,506,314,0.6,
2EQ16314,B793_Canon각인_2,2,0.48996061086654663,96,316,1.05,
2EQ16314,6416_2206N명판_3,3,0.41953450441360474,6,650,0.6,
2EQ16314,3102_현상가압라벨_4,4,0.7244212031364441,560,18,0.6,
2EQ16314,3699_레버피스_4,4,0.6721214056015015,540,22,0.6,
2EQ16314,1525_▲▲▲라벨_5,5,0.9242305159568787,176,470,0.6,
2EQ16314,2917_코마_6,6,0.8444646596908569,894,544,0.6,
2EQ16314,1525_▲▲▲라벨_7,7,0.5536137223243713,550,524,0.9,
2EQ16314,0000_모듈러카바_8,8,0.4045870006084442,242,522,0.6,
2EQ16314,3780_전원스위치_9,9,0.760016143321991,782,202,0.6,
2EQ16314,V242_카바라이트_10,10,0.7742927670478821,440,602,0.6,
2EQ16314,V242_카바라이트_11,11,0.7916232347488403,508,660,0.6,
2EQ16314,3779_압판스토퍼_12,12,0.5516478419303894,272,472,0.9,
2EQ16314,3779_압판스토퍼_14,14,0.7558982372283936,230,184,0.75,
2EQ16315,C551_토너라벨_1,1,0.30833667516708374,326,336,0.6,
2EQ16315,B793_Canon각인_2,2,0.4386298656463623,38,368,1.05,
2EQ16315,6416_2206N명판_3,3,0.44155728816986084,530,264,0.6,
2EQ16315,3102_현상가압라벨_4,4,0.7024188041687012,580,28,0.6,
2EQ16315,3699_레버피스_4,4,0.6370550990104675,194,10,0.9,
2EQ16315,1525_▲▲▲라벨_5,5,0.9320191740989685,794,224,0.75,
2EQ16315,2917_코마_6,6,0.8681392669677734,928,576,0.6,
2EQ16315,1525_▲▲▲라벨_7,7,0.6166770458221436,558,530,0.9,
2EQ16315,0000_모듈러카바_8,8,0.46402493119239807,284,516,0.6,
2EQ16315,3780_전원스위치_9,9,0.7599212527275085,782,202,0.6,
2EQ16315,V242_카바라이트_10,10,0.7791454195976257,434,590,0.6,
2EQ16315,V242_카바라이트_11,11,0.7935823202133179,500,646,0.6,
2EQ16315,3779_압판스토퍼_12,12,0.5809077024459839,478,198,0.9,
2EQ16315,3779_압판스토퍼_14,14,0.7508519887924194,558,426,0.75,
2EQ16316,C551_토너라벨_1,1,0.3309808075428009,504,300,0.6,
2EQ16316,B793_Canon각인_2,2,0.4233412742614746,34,210,1.05,
2EQ16316,6416_2206N명판_3,3,0.47096407413482666,144,320,1.2,
2EQ16316,3102_현상가압라벨_4,4,0.6547174453735352,508,48,0.6,
2EQ16316,3699_레버피스_4,4,0.6561014652252197,484,38,0.75,
2EQ16316,1525_▲▲▲라벨_5,5,0.9271379113197327,212,470,0.75,
2EQ16316,2917_코마_6,6,0.8411641716957092,694,196,0.6,
2EQ16316,1525_▲▲▲라벨_7,7,0.5630260109901428,482,542,0.6,
2EQ16316,0000_모듈러카바_8,8,0.49211761355400085,304,538,0.6,
2EQ16316,3780_전원스위치_9,9,0.757658839225769,784,202,0.6,
2EQ16316,V242_카바라이트_10,10,0.7749766111373901,434,602,0.6,
2EQ16316,V242_카바라이트_11,11,0.7256626486778259,560,640,0.6,
2EQ16316,3779_압판스토퍼_12,12,0.5755184292793274,422,202,0.9,
2EQ16316,3779_압판스토퍼_14,14,0.7386810183525085,288,240,0.6,
2EQ16317,C551_토너라벨_1,1,0.31931281089782715,530,326,0.6,
2EQ16317,B793_Canon각인_2,2,0.5973030924797058,72,280,1.05,
2EQ16317,6416_2206N명판_3,3,0.4836677312850952,196,300,1.2,
2EQ16317,3102_현상가압라벨_4,4,0.6792128682136536,626,12,0.6,
2EQ16317,3699_레버피스_4,4,0.669108510017395,630,14,0.6,
2EQ16317,1525_▲▲▲라벨_5,5,0.9268260598182678,190,470,0.6,
2EQ16317,2917_코마_6,6,0.8720291256904602,666,170,0.6,
2EQ16317,1525_▲▲▲라벨_7,7,0.5793536305427551,526,608,0.6,
2EQ16317,0000_모듈러카바_8,8,0.5341113805770874,276,524,0.6,
2EQ16317,3780_전원스위치_9,9,0.7577683329582214,782,202,0.6,
2EQ16317,V242_카바라이트_10,10,0.7827613949775696,434,592,0.6,
2EQ16317,V242_카바라이트_11,11,0.7782329320907593,502,638,0.6,
2EQ16317,3779_압판스토퍼_12,12,0.6025145649909973,490,300,0.9,
2EQ16317,3779_압판스토퍼_14,14,0.7336809039115906,624,260,0.6,
2EQ16318,C551_토너라벨_1,1,0.38421526551246643,488,110,0.6,
2EQ16318,B793_Canon각인_2,2,0.5254246592521667,86,346,1.05,
2EQ16318,6416_2206N명판_3,3,0.5337846875190735,242,420,1.2,
2EQ16318,3102_현상가압라벨_4,4,0.6049755811691284,676,0,0.6,
2EQ16318,3699_레버피스_4,4,0.5609797835350037,366,474,1.2,
2EQ16318,1525_▲▲▲라벨_5,5,0.9294718503952026,58,458,0.75,
2EQ16318,2917_코마_6,6,0.852725625038147,726,564,0.6,
2EQ16318,1525_▲▲▲라벨_7,7,0.5713576674461365,426,600,0.75,
2EQ16318,0000_모듈러카바_8,8,0.4549155533313751,256,478,0.6,
2EQ16318,3780_전원스위치_9,9,0.7570307850837708,782,202,0.6,
2EQ16318,V242_카바라이트_10,10,0.7826780080795288,422,598,0.6,
2EQ16318,V242_카바라이트_11,11,0.7862315773963928,562,658,0.6,
2EQ16318,3779_압판스토퍼_12,12,0.6183936595916748,420,34,0.9,
2EQ16318,3779_압판스토퍼_14,14,0.7419639229774475,338,418,0.6,
2EQ16319,C551_토너라벨_1,1,0.34520015120506287,516,428,0.6,
2EQ16319,B793_Canon각인_2,2,0.5523317456245422,58,328,1.05,
2EQ16319,6416_2206N명판_3,3,0.4965585768222809,168,360,1.2,
2EQ16319,3102_현상가압라벨_4,4,0.6508840322494507,664,70,0.6,
2EQ16319,3699_레버피스_4,4,0.5588016510009766,358,496,1.2,
2EQ16319,1525_▲▲▲라벨_5,5,0.9272741079330444,74,588,0.75,
2EQ16319,2917_코마_6,6,0.8561872839927673,170,702,0.6,
2EQ16319,1525_▲▲▲라벨_7,7,0.5120489597320557,930,656,0.9,
2EQ16319,0000_모듈러카바_8,8,0.482098788022995,288,418,0.6,
2EQ16319,3780_전원스위치_9,9,0.7542896866798401,782,202,0.6,
2EQ16319,V242_카바라이트_10,10,0.7890781164169312,418,602,0.6,
2EQ16319,V242_카바라이트_11,11,0.7513735890388489,566,654,0.6,
2EQ16319,3779_압판스토퍼_12,12,0.6210512518882751,318,250,0.9,
2EQ16319,3779_압판스토퍼_14,14,0.7364245057106018,220,174,0.6,
2EQ16320,C551_토너라벨_1,1,0.3347584307193756,522,376,0.6,
2EQ16320,B793_Canon각인_2,2,0.4316428601741791,14,256,1.05,
2EQ16320,6416_2206N명판_3,3,0.4203647971153259,534,300,0.75,
2EQ16320,3102_현상가압라벨_4,4,0.6639080047607422,576,78,0.6,
2EQ16320,3699_레버피스_4,4,0.6069788932800293,564,56,0.9,
2EQ16320,1525_▲▲▲라벨_5,5,0.9243823885917664,172,486,0.75,
2EQ16320,2917_코마_6,6,0.8530475497245789,932,552,0.6,
2EQ16320,1525_▲▲▲라벨_7,7,0.6058703064918518,532,592,0.9,
2EQ16320,0000_모듈러카바_8,8,0.46742528676986694,290,524,0.6,
2EQ16320,3780_전원스위치_9,9,0.7605809569358826,784,202,0.6,
2EQ16320,V242_카바라이트_10,10,0.7760441303253174,432,598,0.6,
2EQ16320,V242_카바라이트_11,11,0.7791725993156433,508,636,0.6,
2EQ16320,3779_압판스토퍼_12,12,0.5758990049362183,770,106,0.9,
2EQ16320,3779_압판스토퍼_14,14,0.7618006467819214,234,186,0.6,
2EQ16321,C551_토너라벨_1,1,0.3234684467315674,544,342,0.6,
2EQ16321,B793_Canon각인_2,2,0.5031787753105164,44,364,1.05,
2EQ16321,6416_2206N명판_3,3,0.4819605052471161,218,324,1.2,
2EQ16321,3102_현상가압라벨_4,4,0.6510480642318726,476,46,0.75,
2EQ16321,3699_레버피스_4,4,0.6852596998214722,486,50,0.75,
2EQ16321,1525_▲▲▲라벨_5,5,0.9309973120689392,796,228,0.6,
2EQ16321,2917_코마_6,6,0.851421058177948,894,600,0.6,
2EQ16321,1525_▲▲▲라벨_7,7,0.5412606596946716,592,572,0.6,
2EQ16321,0000_모듈러카바_8,8,0.5440990924835205,258,514,0.6,
2EQ16321,3780_전원스위치_9,9,0.7623516917228699,298,424,0.6,
2EQ16321,V242_카바라이트_10,10,0.7764984965324402,434,594,0.6,
2EQ16321,V242_카바라이트_11,11,0.7528910040855408,564,638,0.6,
2EQ16321,3779_압판스토퍼_12,12,0.593433678150177,212,582,0.9,
2EQ16321,3779_압판스토퍼_14,14,0.7675852179527283,382,350,0.75,
2EQ16322,C551_토너라벨_1,1,0.35823506116867065,606,434,0.6,
2EQ16322,B793_Canon각인_2,2,0.5434012413024902,72,328,1.05,
2EQ16322,6416_2206N명판_3,3,0.4686681628227234,144,420,1.2,
2EQ16322,3102_현상가압라벨_4,4,0.612720251083374,698,238,0.6,
2EQ16322,3699_레버피스_4,4,0.56419837474823,396,128,0.6,
2EQ16322,1525_▲▲▲라벨_5,5,0.9277890920639038,58,584,0.6,
2EQ16322,2917_코마_6,6,0.8512949347496033,798,366,0.6,
2EQ16322,1525_▲▲▲라벨_7,7,0.5846818089485168,568,566,0.75,
2EQ16322,0000_모듈러카바_8,8,0.5070441961288452,340,494,0.6,
2EQ16322,3780_전원스위치_9,9,0.7621939182281494,784,202,0.6,
2EQ16322,V242_카바라이트_10,10,0.7840784192085266,450,612,0.6,
2EQ16322,V242_카바라이트_11,11,0.7509807348251343,566,630,0.6,
2EQ16322,3779_압판스토퍼_12,12,0.5861734747886658,316,660,0.9,
2EQ16322,3779_압판스토퍼_14,14,0.7761867642402649,218,180,0.6,
2EQ16323,C551_토너라벨_1,1,0.39367982745170593,472,344,0.6,
2EQ16323,B793_Canon각인_2,2,0.5401543378829956,60,268,1.05,
2EQ16323,6416_2206N명판_3,3,0.4710696339607239,184,450,1.2,
2EQ16323,3102_현상가압라벨_4,4,0.657056987285614,690,30,0.6,
2EQ16323,3699_레버피스_4,4,0.6601693034172058,616,8,0.9,
2EQ16323,1525_▲▲▲라벨_5,5,0.9148291349411011,274,428,0.6,
2EQ16323,2917_코마_6,6,0.8632198572158813,694,398,0.6,
2EQ16323,1525_▲▲▲라벨_7,7,0.5312078595161438,86,594,0.6,
2EQ16323,0000_모듈러카바_8,8,0.5108187198638916,280,488,0.6,
2EQ16323,3780_전원스위치_9,9,0.7570005059242249,468,378,0.6,
2EQ16323,V242_카바라이트_10,10,0.7861614227294922,440,598,0.6,
2EQ16323,V242_카바라이트_11,11,0.7322801947593689,566,666,0.6,
2EQ16323,3779_압판스토퍼_12,12,0.6007538437843323,940,308,0.9,
2EQ16323,3779_압판스토퍼_14,14,0.7575445175170898,314,352,0.6,
2EQ16324,C551_토너라벨_1,1,0.3226983845233917,466,356,0.6,
2EQ16324,B793_Canon각인_2,2,0.486756294965744,20,380,1.05,
2EQ16324,6416_2206N명판_3,3,0.44096803665161133,576,326,0.6,
2EQ16324,3102_현상가압라벨_4,4,0.6854828596115112,540,68,0.9,
2EQ16324,3699_레버피스_4,4,0.6297842264175415,566,100,0.6,
2EQ16324,1525_▲▲▲라벨_5,5,0.929668664932251,370,460,0.6,
2EQ16324,2917_코마_6,6,0.8555926084518433,910,612,0.6,
2EQ16324,1525_▲▲▲라벨_7,7,0.6159859895706177,536,554,0.9,
2EQ16324,0000_모듈러카바_8,8,0.6511898040771484,274,522,0.6,
2EQ16324,3780_전원스위치_9,9,0.7547564506530762,782,202,0.6,
2EQ16324,V242_카바라이트_10,10,0.7736949920654297,428,588,0.6,
2EQ16324,V242_카바라이트_11,11,0.7831305861473083,498,654,0.6,
2EQ16324,3779_압판스토퍼_12,12,0.5668121576309204,236,524,0.9,
2EQ16324,3779_압판스토퍼_14,14,0.755214273929596,506,314,0.6,
2EQ16325,C551_토너라벨_1,1,0.3558498024940491,326,450,0.6,
2EQ16325,B793_Canon각인_2,2,0.5430622696876526,78,322,1.05,
2EQ16325,6416_2206N명판_3,3,0.44685736298561096,124,368,1.2,
2EQ16325,3102_현상가압라벨_4,4,0.6102065443992615,692,278,0.6,
2EQ16325,3699_레버피스_4,4,0.5552586317062378,234,618,0.6,
2EQ16325,1525_▲▲▲라벨_5,5,0.9280370473861694,294,416,0.6,
2EQ16325,2917_코마_6,6,0.8484233617782593,692,412,0.6,
2EQ16325,1525_▲▲▲라벨_7,7,0.594035804271698,392,628,0.6,
2EQ16325,0000_모듈러카바_8,8,0.5200614929199219,242,468,0.6,
2EQ16325,3780_전원스위치_9,9,0.752528965473175,782,202,0.6,
2EQ16325,V242_카바라이트_10,10,0.7788168787956238,424,594,0.6,
2EQ16325,V242_카바라이트_11,11,0.7563287615776062,720,140,0.6,
2EQ16325,3779_압판스토퍼_12,12,0.5805182456970215,176,460,0.9,
2EQ16325,3779_압판스토퍼_14,14,0.7706694602966309,570,202,0.6,
2EQ16326,C551_토너라벨_1,1,0.40338194370269775,396,318,0.6,
2EQ16326,B793_Canon각인_2,2,0.5075519680976868,34,232,1.05,
2EQ16326,6416_2206N명판_3,3,0.4904816448688507,246,310,1.2,
2EQ16326,3102_현상가압라벨_4,4,0.5986402034759521,746,440,0.6,
2EQ16326,3699_레버피스_4,4,0.5718911290168762,226,612,0.6,
2EQ16326,1525_▲▲▲라벨_5,5,0.9210635423660278,430,442,0.6,
2EQ16326,2917_코마_6,6,0.8692938089370728,902,540,0.6,
2EQ16326,1525_▲▲▲라벨_7,7,0.5385969281196594,492,602,1.05,
2EQ16326,0000_모듈러카바_8,8,0.5233796834945679,326,524,0.6,
2EQ16326,3780_전원스위치_9,9,0.7600637674331665,782,202,0.6,
2EQ16326,V242_카바라이트_10,10,0.7821656465530396,432,598,0.6,
2EQ16326,V242_카바라이트_11,11,0.76495361328125,562,638,0.6,
2EQ16326,3779_압판스토퍼_12,12,0.5714340806007385,220,456,0.9,
2EQ16326,3779_압판스토퍼_14,14,0.7389909029006958,226,188,0.75,
2EQ16327,C551_토너라벨_1,1,0.30326879024505615,516,336,0.6,
2EQ16327,B793_Canon각인_2,2,0.5347676873207092,2,322,1.05,
2EQ16327,6416_2206N명판_3,3,0.42587828636169434,240,394,1.2,
2EQ16327,3102_현상가압라벨_4,4,0.6132045388221741,522,52,0.6,
2EQ16327,3699_레버피스_4,4,0.5523946285247803,924,162,0.6,
2EQ16327,1525_▲▲▲라벨_5,5,0.9210376143455505,166,462,0.6,
2EQ16327,2917_코마_6,6,0.8596116900444031,934,552,0.6,
2EQ16327,1525_▲▲▲라벨_7,7,0.5859624743461609,450,632,0.6,
2EQ16327,0000_모듈러카바_8,8,0.43067073822021484,246,476,0.6,
2EQ16327,3780_전원스위치_9,9,0.7601423263549805,782,202,0.6,
2EQ16327,V242_카바라이트_10,10,0.7808343172073364,442,598,0.6,
2EQ16327,V242_카바라이트_11,11,0.785790741443634,558,660,0.6,
2EQ16327,3779_압판스토퍼_12,12,0.5886390805244446,224,544,0.9,
2EQ16327,3779_압판스토퍼_14,14,0.735795795917511,458,320,0.75,
2EQ16328,C551_토너라벨_1,1,0.3988445997238159,558,390,0.6,
2EQ16328,B793_Canon각인_2,2,0.481084942817688,40,340,1.05,
2EQ16328,6416_2206N명판_3,3,0.47213804721832275,266,266,1.2,
2EQ16328,3102_현상가압라벨_4,4,0.6127195954322815,686,100,0.6,
2EQ16328,3699_레버피스_4,4,0.6475121974945068,316,0,0.9,
2EQ16328,1525_▲▲▲라벨_5,5,0.9153666496276855,812,228,0.6,
2EQ16328,2917_코마_6,6,0.8546572327613831,892,598,0.6,
2EQ16328,1525_▲▲▲라벨_7,7,0.5560581684112549,476,570,0.9,
2EQ16328,0000_모듈러카바_8,8,0.46277761459350586,262,520,0.6,
2EQ16328,3780_전원스위치_9,9,0.7545357346534729,782,202,0.6,
2EQ16328,V242_카바라이트_10,10,0.7814752459526062,446,602,0.6,
2EQ16328,V242_카바라이트_11,11,0.7581250667572021,508,622,0.6,
2EQ16328,3779_압판스토퍼_12,12,0.5923255681991577,456,232,0.9,
2EQ16328,3779_압판스토퍼_14,14,0.7764735817909241,910,240,0.75,
2EQ16329,C551_토너라벨_1,1,0.33206114172935486,518,502,0.6,
2EQ16329,B793_Canon각인_2,2,0.5510798692703247,80,344,1.05,
2EQ16329,6416_2206N명판_3,3,0.43306243419647217,104,366,1.2,
2EQ16329,3102_현상가압라벨_4,4,0.616426408290863,648,36,0.6,
2EQ16329,3699_레버피스_4,4,0.5807984471321106,288,228,0.6,
2EQ16329,1525_▲▲▲라벨_5,5,0.9276456832885742,166,240,0.6,
2EQ16329,2917_코마_6,6,0.8365764617919922,248,188,0.6,
2EQ16329,1525_▲▲▲라벨_7,7,0.552915096282959,76,468,0.9,
2EQ16329,0000_모듈러카바_8,8,0.5674120783805847,326,450,0.6,
2EQ16329,3780_전원스위치_9,9,0.7568871974945068,784,202,0.6,
2EQ16329,V242_카바라이트_10,10,0.7760591506958008,476,126,0.6,
2EQ16329,V242_카바라이트_11,11,0.7520886063575745,720,136,0.6,
2EQ16329,3779_압판스토퍼_12,12,0.5362139940261841,306,186,0.9,
2EQ16329,3779_압판스토퍼_14,14,0.7297058701515198,432,438,0.6,
2EQ16330,C551_토너라벨_1,1,0.3757510781288147,476,330,0.6,
2EQ16330,B793_Canon각인_2,2,0.5489553213119507,10,378,1.05,
2EQ16330,6416_2206N명판_3,3,0.5042645931243896,164,426,1.2,
2EQ16330,3102_현상가압라벨_4,4,0.5961414575576782,168,542,0.6,
2EQ16330,3699_레버피스_4,4,0.5734110474586487,206,612,0.6,
2EQ16330,1525_▲▲▲라벨_5,5,0.9194055199623108,154,234,0.6,
2EQ16330,2917_코마_6,6,0.8628445863723755,888,376,0.6,
2EQ16330,1525_▲▲▲라벨_7,7,0.5421739816665649,254,610,0.6,
2EQ16330,0000_모듈러카바_8,8,0.4968545734882355,216,520,0.6,
2EQ16330,3780_전원스위치_9,9,0.7549819946289062,782,202,0.6,
2EQ16330,V242_카바라이트_10,10,0.7755619883537292,434,584,0.6,
2EQ16330,V242_카바라이트_11,11,0.7674919366836548,510,646,0.6,
2EQ16330,3779_압판스토퍼_12,12,0.5745226144790649,412,56,0.9,
2EQ16330,3779_압판스토퍼_14,14,0.7486491799354553,226,186,0.6,
2EQ16331,C551_토너라벨_1,1,0.32761093974113464,554,352,0.6,
2EQ16331,B793_Canon각인_2,2,0.5005554556846619,32,284,1.05,
2EQ16331,6416_2206N명판_3,3,0.44468826055526733,198,314,1.2,
2EQ16331,3102_현상가압라벨_4,4,0.6247200965881348,864,330,0.6,
2EQ16331,3699_레버피스_4,4,0.5994616746902466,380,0,0.6,
2EQ16331,1525_▲▲▲라벨_5,5,0.9257292151451111,296,478,0.75,
2EQ16331,2917_코마_6,6,0.8462953567504883,654,564,0.6,
2EQ16331,1525_▲▲▲라벨_7,7,0.588266909122467,554,670,0.6,
2EQ16331,0000_모듈러카바_8,8,0.5093626976013184,352,528,0.6,
2EQ16331,3780_전원스위치_9,9,0.7563192248344421,784,202,0.6,
2EQ16331,V242_카바라이트_10,10,0.7811547517776489,446,602,0.6,
2EQ16331,V242_카바라이트_11,11,0.7654553651809692,566,642,0.6,
2EQ16331,3779_압판스토퍼_12,12,0.5822635293006897,306,168,0.9,
2EQ16331,3779_압판스토퍼_14,14,0.7815865874290466,388,408,0.6,
2EQ16332,C551_토너라벨_1,1,0.383430540561676,284,116,1.2,
2EQ16332,B793_Canon각인_2,2,0.3983713984489441,78,244,1.05,
2EQ16332,6416_2206N명판_3,3,0.5129262804985046,138,382,1.2,
2EQ16332,3102_현상가압라벨_4,4,0.6152397394180298,608,6,0.6,
2EQ16332,3699_레버피스_4,4,0.5676144361495972,352,484,1.2,
2EQ16332,1525_▲▲▲라벨_5,5,0.923262357711792,802,228,0.6,
2EQ16332,2917_코마_6,6,0.8604022264480591,932,590,0.6,
2EQ16332,1525_▲▲▲라벨_7,7,0.5664535164833069,404,532,0.9,
2EQ16332,0000_모듈러카바_8,8,0.5013076066970825,266,490,0.6,
2EQ16332,3780_전원스위치_9,9,0.7543550133705139,782,202,0.6,
2EQ16332,V242_카바라이트_10,10,0.7842979431152344,430,590,0.6,
2EQ16332,V242_카바라이트_11,11,0.7534447908401489,562,650,0.6,
2EQ16332,3779_압판스토퍼_12,12,0.5852658152580261,358,178,0.9,
2EQ16332,3779_압판스토퍼_14,14,0.7623011469841003,414,402,0.6,
2EQ16333,C551_토너라벨_1,1,0.31980207562446594,410,320,0.6,
2EQ16333,B793_Canon각인_2,2,0.48860010504722595,4,372,1.05,
2EQ16333,6416_2206N명판_3,3,0.4471653401851654,248,326,1.2,
2EQ16333,3102_현상가압라벨_4,4,0.7153525948524475,502,4,0.6,
2EQ16333,3699_레버피스_4,4,0.6720576882362366,482,8,0.6,
2EQ16333,1525_▲▲▲라벨_5,5,0.9236564040184021,796,228,0.6,
2EQ16333,2917_코마_6,6,0.8475433588027954,934,568,0.6,
2EQ16333,1525_▲▲▲라벨_7,7,0.5429810285568237,612,550,0.9,
2EQ16333,0000_모듈러카바_8,8,0.5962314009666443,272,536,0.6,
2EQ16333,3780_전원스위치_9,9,0.7585024237632751,782,202,0.6,
2EQ16333,V242_카바라이트_10,10,0.7768917083740234,442,584,0.6,
2EQ16333,V242_카바라이트_11,11,0.7411425709724426,506,518,0.6,
2EQ16333,3779_압판스토퍼_12,12,0.5907654166221619,446,226,0.9,
2EQ16333,3779_압판스토퍼_14,14,0.7565381526947021,908,292,0.6,
2EQ16334,C551_토너라벨_1,1,0.34689971804618835,492,442,0.6,
2EQ16334,B793_Canon각인_2,2,0.5527302622795105,26,358,1.05,
2EQ16334,6416_2206N명판_3,3,0.4356341063976288,142,460,1.2,
2EQ16334,3102_현상가압라벨_4,4,0.6558427214622498,722,60,0.75,
2EQ16334,3699_레버피스_4,4,0.6237723231315613,670,50,0.9,
2EQ16334,1525_▲▲▲라벨_5,5,0.9297589063644409,8,636,0.6,
2EQ16334,2917_코마_6,6,0.8310421109199524,92,340,0.6,
2EQ16334,1525_▲▲▲라벨_7,7,0.5769944787025452,634,602,0.6,
2EQ16334,0000_모듈러카바_8,8,0.48729217052459717,262,344,0.6,
2EQ16334,3780_전원스위치_9,9,0.7559435963630676,780,204,0.6,
2EQ16334,V242_카바라이트_10,10,0.7886106967926025,398,608,0.6,
2EQ16334,V242_카바라이트_11,11,0.740235447883606,558,658,0.6,
2EQ16334,3779_압판스토퍼_12,12,0.5721240639686584,138,494,0.9,
2EQ16334,3779_압판스토퍼_14,14,0.738872230052948,248,192,0.75,
2EQ16335,C551_토너라벨_1,1,0.3781397342681885,458,390,0.6,
2EQ16335,B793_Canon각인_2,2,0.43042102456092834,36,488,1.05,
2EQ16335,6416_2206N명판_3,3,0.4128882586956024,190,448,1.2,
2EQ16335,3102_현상가압라벨_4,4,0.585268497467041,148,38,0.6,
2EQ16335,3699_레버피스_4,4,0.6165481209754944,492,32,0.6,
2EQ16335,1525_▲▲▲라벨_5,5,0.9275573492050171,796,224,0.75,
2EQ16335,2917_코마_6,6,0.8716717958450317,928,564,0.6,
2EQ16335,1525_▲▲▲라벨_7,7,0.5343220829963684,510,590,0.6,
2EQ16335,0000_모듈러카바_8,8,0.44187960028648376,272,534,0.6,
2EQ16335,3780_전원스위치_9,9,0.7594584226608276,782,202,0.6,
2EQ16335,V242_카바라이트_10,10,0.7783607840538025,426,588,0.6,
2EQ16335,V242_카바라이트_11,11,0.764445960521698,568,644,0.6,
2EQ16335,3779_압판스토퍼_12,12,0.5541222095489502,342,158,0.9,
2EQ16335,3779_압판스토퍼_14,14,0.7717960476875305,580,234,0.75,
2EQ16336,C551_토너라벨_1,1,0.34595924615859985,486,328,0.6,
2EQ16336,B793_Canon각인_2,2,0.4704936742782593,24,284,1.05,
2EQ16336,6416_2206N명판_3,3,0.4576342701911926,250,368,1.2,
2EQ16336,3102_현상가압라벨_4,4,0.6191695928573608,496,4,0.6,
2EQ16336,3699_레버피스_4,4,0.5975940823554993,516,4,0.6,
2EQ16336,1525_▲▲▲라벨_5,5,0.9224542379379272,154,234,0.6,
2EQ16336,2917_코마_6,6,0.8579941987991333,894,596,0.6,
2EQ16336,1525_▲▲▲라벨_7,7,0.5503779649734497,644,192,0.75,
2EQ16336,0000_모듈러카바_8,8,0.5320814847946167,218,534,0.6,
2EQ16336,3780_전원스위치_9,9,0.7515012621879578,782,202,0.6,
2EQ16336,V242_카바라이트_10,10,0.7830405831336975,450,600,0.6,
2EQ16336,V242_카바라이트_11,11,0.747928261756897,720,136,0.6,
2EQ16336,3779_압판스토퍼_12,12,0.5784172415733337,310,210,0.9,
2EQ16336,3779_압판스토퍼_14,14,0.7408530712127686,328,428,0.6,
2EQ16337,C551_토너라벨_1,1,0.3620317280292511,576,310,0.6,
2EQ16337,B793_Canon각인_2,2,0.5244425535202026,0,402,1.05,
2EQ16337,6416_2206N명판_3,3,0.4114742875099182,100,402,1.2,
2EQ16337,3102_현상가압라벨_4,4,0.6284852027893066,696,262,0.6,
2EQ16337,3699_레버피스_4,4,0.5601031184196472,272,182,0.6,
2EQ16337,1525_▲▲▲라벨_5,5,0.9140337705612183,18,590,0.75,
2EQ16337,2917_코마_6,6,0.849190354347229,558,504,0.6,
2EQ16337,1525_▲▲▲라벨_7,7,0.5397714972496033,900,556,1.2,
2EQ16337,0000_모듈러카바_8,8,0.5690232515335083,250,392,0.6,
2EQ16337,3780_전원스위치_9,9,0.7568075656890869,782,202,0.6,
2EQ16337,V242_카바라이트_10,10,0.7712476253509521,432,584,0.6,
2EQ16337,V242_카바라이트_11,11,0.7513915300369263,556,654,0.6,
2EQ16337,3779_압판스토퍼_12,12,0.5860092639923096,862,6,0.9,
2EQ16337,3779_압판스토퍼_14,14,0.7411917448043823,234,184,0.75,
2EQ16338,C551_토너라벨_1,1,0.35786014795303345,562,248,0.6,
2EQ16338,B793_Canon각인_2,2,0.49893853068351746,86,386,1.05,
2EQ16338,6416_2206N명판_3,3,0.4097484350204468,704,652,0.6,
2EQ16338,3102_현상가압라벨_4,4,0.6391121745109558,436,186,0.9,
2EQ16338,3699_레버피스_4,4,0.6869227886199951,492,216,0.6,
2EQ16338,1525_▲▲▲라벨_5,5,0.9238081574440002,796,224,0.75,
2EQ16338,2917_코마_6,6,0.8460952043533325,888,598,0.6,
2EQ16338,1525_▲▲▲라벨_7,7,0.5659798979759216,476,590,0.6,
2EQ16338,0000_모듈러카바_8,8,0.49720659852027893,282,504,0.6,
2EQ16338,3780_전원스위치_9,9,0.751936674118042,782,202,0.6,
2EQ16338,V242_카바라이트_10,10,0.7775277495384216,446,614,0.6,
2EQ16338,V242_카바라이트_11,11,0.7724094390869141,518,614,0.6,
2EQ16338,3779_압판스토퍼_12,12,0.5895254015922546,780,92,0.9,
2EQ16338,3779_압판스토퍼_14,14,0.7626277804374695,244,196,0.6,
2EQ16339,C551_토너라벨_1,1,0.3973780870437622,606,330,0.6,
2EQ16339,B793_Canon각인_2,2,0.5680834650993347,176,436,1.05,
2EQ16339,6416_2206N명판_3,3,0.48756927251815796,164,366,1.2,
2EQ16339,3102_현상가압라벨_4,4,0.6042904853820801,802,0,0.6,
2EQ16339,3699_레버피스_4,4,0.5960073471069336,808,0,0.6,
2EQ16339,1525_▲▲▲라벨_5,5,0.922295093536377,246,400,0.6,
2EQ16339,2917_코마_6,6,0.8755878210067749,680,412,0.6,
2EQ16339,1525_▲▲▲라벨_7,7,0.5275623202323914,428,580,0.6,
2EQ16339,0000_모듈러카바_8,8,0.4442301094532013,228,454,0.6,
2EQ16339,3780_전원스위치_9,9,0.7535685300827026,782,202,0.6,
2EQ16339,V242_카바라이트_10,10,0.7538137435913086,474,130,0.6,
2EQ16339,V242_카바라이트_11,11,0.7460632920265198,574,642,0.6,
2EQ16339,3779_압판스토퍼_12,12,0.5486779808998108,106,604,0.9,
2EQ16339,3779_압판스토퍼_14,14,0.7708274126052856,386,364,0.6,
2EQ16340,C551_토너라벨_1,1,0.3782920837402344,560,420,0.6,
2EQ16340,B793_Canon각인_2,2,0.5370215773582458,12,312,1.05,
2EQ16340,6416_2206N명판_3,3,0.43956202268600464,178,442,1.2,
2EQ16340,3102_현상가압라벨_4,4,0.6013920307159424,820,276,0.6,
2EQ16340,3699_레버피스_4,4,0.5646918416023254,786,404,0.6,
2EQ16340,1525_▲▲▲라벨_5,5,0.9283143877983093,804,232,0.6,
2EQ16340,2917_코마_6,6,0.8679189682006836,938,546,0.6,
2EQ16340,1525_▲▲▲라벨_7,7,0.5268955230712891,506,588,0.75,
2EQ16340,0000_모듈러카바_8,8,0.5375272631645203,270,492,0.6,
2EQ16340,3780_전원스위치_9,9,0.7598853707313538,782,202,0.6,
2EQ16340,V242_카바라이트_10,10,0.779123067855835,428,586,0.6,
2EQ16340,V242_카바라이트_11,11,0.773840069770813,718,608,0.6,
2EQ16340,3779_압판스토퍼_12,12,0.5830985307693481,824,56,0.9,
2EQ16340,3779_압판스토퍼_14,14,0.7527388334274292,224,188,0.6,
2EQ16341,C551_토너라벨_1,1,0.38349178433418274,490,336,0.6,
2EQ16341,B793_Canon각인_2,2,0.5417826771736145,2,296,1.05,
2EQ16341,6416_2206N명판_3,3,0.5118772387504578,164,454,1.2,
2EQ16341,3102_현상가압라벨_4,4,0.6034213304519653,724,294,0.6,
2EQ16341,3699_레버피스_4,4,0.5875133275985718,372,484,1.2,
2EQ16341,1525_▲▲▲라벨_5,5,0.9264711737632751,4,626,0.6,
2EQ16341,2917_코마_6,6,0.853868842124939,916,600,0.6,
2EQ16341,1525_▲▲▲라벨_7,7,0.5887930989265442,512,520,0.9,
2EQ16341,0000_모듈러카바_8,8,0.423464298248291,210,488,0.6,
2EQ16341,3780_전원스위치_9,9,0.7571908831596375,782,202,0.6,
2EQ16341,V242_카바라이트_10,10,0.7846152782440186,488,130,0.6,
2EQ16341,V242_카바라이트_11,11,0.7760398387908936,520,664,0.6,
2EQ16341,3779_압판스토퍼_12,12,0.6167053580284119,306,164,0.9,
2EQ16341,3779_압판스토퍼_14,14,0.7574778199195862,658,262,0.6,
2EQ16342,C551_토너라벨_1,1,0.3688865602016449,332,332,0.6,
2EQ16342,B793_Canon각인_2,2,0.5546680092811584,64,306,1.05,
2EQ16342,6416_2206N명판_3,3,0.4734093248844147,142,396,1.2,
2EQ16342,3102_현상가압라벨_4,4,0.5764232277870178,670,54,0.6,
2EQ16342,3699_레버피스_4,4,0.6050514578819275,766,4,0.75,
2EQ16342,1525_▲▲▲라벨_5,5,0.9222142696380615,156,420,0.75,
2EQ16342,2917_코마_6,6,0.863648533821106,648,112,0.6,
2EQ16342,1525_▲▲▲라벨_7,7,0.5319222807884216,380,440,0.75,
2EQ16342,0000_모듈러카바_8,8,0.47238242626190186,208,470,0.6,
2EQ16342,3780_전원스위치_9,9,0.7549720406532288,782,202,0.6,
2EQ16342,V242_카바라이트_10,10,0.7808403372764587,482,130,0.6,
2EQ16342,V242_카바라이트_11,11,0.7759926319122314,436,598,0.6,
2EQ16342,3779_압판스토퍼_12,12,0.5288577079772949,350,6,0.9,
2EQ16342,3779_압판스토퍼_14,14,0.7653147578239441,334,344,0.6,
2EQ16343,C551_토너라벨_1,1,0.36557480692863464,592,340,0.6,
2EQ16343,B793_Canon각인_2,2,0.5507609248161316,18,304,1.05,
2EQ16343,6416_2206N명판_3,3,0.4274429976940155,596,338,0.6,
2EQ16343,3102_현상가압라벨_4,4,0.7009638547897339,516,50,0.6,
2EQ16343,3699_레버피스_4,4,0.6493187546730042,688,48,0.6,
2EQ16343,1525_▲▲▲라벨_5,5,0.9264981150627136,810,228,0.6,
2EQ16343,2917_코마_6,6,0.8391098380088806,6,612,0.6,
2EQ16343,1525_▲▲▲라벨_7,7,0.5411109924316406,622,534,0.9,
2EQ16343,0000_모듈러카바_8,8,0.5591112375259399,268,506,0.6,
2EQ16343,3780_전원스위치_9,9,0.759612500667572,784,202,0.6,
2EQ16343,V242_카바라이트_10,10,0.7829313278198242,434,594,0.6,
2EQ16343,V242_카바라이트_11,11,0.7737396359443665,564,654,0.6,
2EQ16343,3779_압판스토퍼_12,12,0.5764840245246887,712,310,0.9,
2EQ16343,3779_압판스토퍼_14,14,0.7431153655052185,276,310,0.75,
2EQ16344,C551_토너라벨_1,1,0.3508390486240387,430,202,0.6,
2EQ16344,B793_Canon각인_2,2,0.5192372798919678,6,294,1.05,
2EQ16344,6416_2206N명판_3,3,0.4412766695022583,198,278,1.2,
2EQ16344,3102_현상가압라벨_4,4,0.6532419919967651,634,22,0.6,
2EQ16344,3699_레버피스_4,4,0.6493608951568604,644,24,0.6,
2EQ16344,1525_▲▲▲라벨_5,5,0.924241304397583,62,466,0.75,
2EQ16344,2917_코마_6,6,0.8584885597229004,854,562,0.6,
2EQ16344,1525_▲▲▲라벨_7,7,0.6143196225166321,472,548,0.75,
2EQ16344,0000_모듈러카바_8,8,0.513171374797821,208,514,0.6,
2EQ16344,3780_전원스위치_9,9,0.7629890441894531,358,476,0.6,
2EQ16344,V242_카바라이트_10,10,0.7539993524551392,456,588,0.6,
2EQ16344,V242_카바라이트_11,11,0.7207245230674744,568,640,0.6,
2EQ16344,3779_압판스토퍼_12,12,0.5830866694450378,208,538,0.9,
2EQ16344,3779_압판스토퍼_14,14,0.7615497708320618,370,340,0.6,
2EQ16345,C551_토너라벨_1,1,0.35367104411125183,570,390,0.6,
2EQ16345,B793_Canon각인_2,2,0.5505308508872986,34,376,1.05,
2EQ16345,6416_2206N명판_3,3,0.4083430767059326,110,466,1.2,
2EQ16345,3102_현상가압라벨_4,4,0.6332094669342041,572,10,0.6,
2EQ16345,3699_레버피스_4,4,0.5697938203811646,228,182,0.6,
2EQ16345,1525_▲▲▲라벨_5,5,0.9349940419197083,54,578,0.6,
2EQ16345,2917_코마_6,6,0.8552060723304749,582,136,0.6,
2EQ16345,1525_▲▲▲라벨_7,7,0.5470177531242371,348,236,0.9,
2EQ16345,0000_모듈러카바_8,8,0.4980212152004242,318,520,0.6,
2EQ16345,3780_전원스위치_9,9,0.7599716186523438,782,202,0.6,
2EQ16345,V242_카바라이트_10,10,0.7782085537910461,432,596,0.6,
2EQ16345,V242_카바라이트_11,11,0.8029029965400696,526,646,0.6,
2EQ16345,3779_압판스토퍼_12,12,0.5579177141189575,250,512,0.9,
2EQ16345,3779_압판스토퍼_14,14,0.7336273193359375,222,180,0.75,
2EQ16346,C551_토너라벨_1,1,0.3314206302165985,562,258,0.6,
2EQ16346,B793_Canon각인_2,2,0.48489290475845337,32,340,1.05,
2EQ16346,6416_2206N명판_3,3,0.40896981954574585,700,652,0.6,
2EQ16346,3102_현상가압라벨_4,4,0.6938835382461548,438,40,0.6,
2EQ16346,3699_레버피스_4,4,0.6402133703231812,418,44,0.6,
2EQ16346,1525_▲▲▲라벨_5,5,0.9248850345611572,198,470,0.75,
2EQ16346,2917_코마_6,6,0.8622116446495056,918,598,0.6,
2EQ16346,1525_▲▲▲라벨_7,7,0.5647745132446289,544,562,0.75,
2EQ16346,0000_모듈러카바_8,8,0.4626087546348572,288,492,0.6,
2EQ16346,3780_전원스위치_9,9,0.7518460750579834,784,202,0.6,
2EQ16346,V242_카바라이트_10,10,0.7668401002883911,434,588,0.6,
2EQ16346,V242_카바라이트_11,11,0.7678347826004028,720,146,0.6,
2EQ16346,3779_압판스토퍼_12,12,0.5403066277503967,208,504,0.9,
2EQ16346,3779_압판스토퍼_14,14,0.7387952208518982,220,192,0.6,
2EQ16347,C551_토너라벨_1,1,0.3425069749355316,806,80,0.6,
2EQ16347,B793_Canon각인_2,2,0.5607472658157349,22,386,1.05,
2EQ16347,6416_2206N명판_3,3,0.4939183294773102,110,442,1.2,
2EQ16347,3102_현상가압라벨_4,4,0.6024676561355591,750,464,0.6,
2EQ16347,3699_레버피스_4,4,0.5743644833564758,392,158,0.6,
2EQ16347,1525_▲▲▲라벨_5,5,0.922225832939148,812,230,0.6,
2EQ16347,2917_코마_6,6,0.8151893615722656,680,138,0.6,
2EQ16347,1525_▲▲▲라벨_7,7,0.5345615148544312,806,614,0.6,
2EQ16347,0000_모듈러카바_8,8,0.4774622917175293,264,474,0.6,
2EQ16347,3780_전원스위치_9,9,0.7530722618103027,782,202,0.6,
2EQ16347,V242_카바라이트_10,10,0.7775574922561646,420,594,0.6,
2EQ16347,V242_카바라이트_11,11,0.7805470824241638,550,658,0.6,
2EQ16347,3779_압판스토퍼_12,12,0.5350232720375061,12,628,0.9,
2EQ16347,3779_압판스토퍼_14,14,0.7477683424949646,534,278,0.75,
2EQ16348,C551_토너라벨_1,1,0.3327634930610657,476,346,0.75,
2EQ16348,B793_Canon각인_2,2,0.429916650056839,14,302,1.05,
2EQ16348,6416_2206N명판_3,3,0.4331642687320709,510,280,0.75,
2EQ16348,3102_현상가압라벨_4,4,0.7108851075172424,564,30,0.6,
2EQ16348,3699_레버피스_4,4,0.683449387550354,542,34,0.6,
2EQ16348,1525_▲▲▲라벨_5,5,0.9297298789024353,800,230,0.6,
2EQ16348,2917_코마_6,6,0.8741527199745178,898,586,0.6,
2EQ16348,1525_▲▲▲라벨_7,7,0.5888303518295288,502,540,0.75,
2EQ16348,0000_모듈러카바_8,8,0.5087703466415405,278,538,0.6,
2EQ16348,3780_전원스위치_9,9,0.7555278539657593,784,202,0.6,
2EQ16348,V242_카바라이트_10,10,0.7866321802139282,462,598,0.6,
2EQ16348,V242_카바라이트_11,11,0.7633790969848633,568,648,0.6,
2EQ16348,3779_압판스토퍼_12,12,0.5908570289611816,486,152,0.9,
2EQ16348,3779_압판스토퍼_14,14,0.7618462443351746,344,362,0.6,
2EQ16349,C551_토너라벨_1,1,0.357130765914917,642,380,0.6,
2EQ16349,B793_Canon각인_2,2,0.5119017958641052,72,252,1.05,
2EQ16349,6416_2206N명판_3,3,0.42771804332733154,188,406,1.2,
2EQ16349,3102_현상가압라벨_4,4,0.6162309646606445,704,224,0.6,
2EQ16349,3699_레버피스_4,4,0.5801050662994385,762,614,0.6,
2EQ16349,1525_▲▲▲라벨_5,5,0.9277019500732422,162,244,0.6,
2EQ16349,2917_코마_6,6,0.8454519510269165,462,534,0.6,
2EQ16349,1525_▲▲▲라벨_7,7,0.5484322905540466,874,626,0.6,
2EQ16349,0000_모듈러카바_8,8,0.5766631364822388,286,580,0.6,
2EQ16349,3780_전원스위치_9,9,0.7573431730270386,782,202,0.6,
2EQ16349,V242_카바라이트_10,10,0.7587306499481201,478,126,0.6,
2EQ16349,V242_카바라이트_11,11,0.7729347944259644,720,146,0.6,
2EQ16349,3779_압판스토퍼_12,12,0.5484245419502258,366,180,0.9,
2EQ16349,3779_압판스토퍼_14,14,0.7516782283782959,310,344,0.6,
2EQ16350,C551_토너라벨_1,1,0.3207395076751709,146,228,0.6,
2EQ16350,B793_Canon각인_2,2,0.5480197668075562,32,312,1.05,
2EQ16350,6416_2206N명판_3,3,0.4639750123023987,256,298,1.2,
2EQ16350,3102_현상가압라벨_4,4,0.6718529462814331,514,12,0.75,
2EQ16350,3699_레버피스_4,4,0.6251232028007507,536,30,0.6,
2EQ16350,1525_▲▲▲라벨_5,5,0.9266531467437744,174,492,0.6,
2EQ16350,2917_코마_6,6,0.858375072479248,938,556,0.6,
2EQ16350,1525_▲▲▲라벨_7,7,0.5956752896308899,540,566,0.9,
2EQ16350,0000_모듈러카바_8,8,0.49385929107666016,262,514,0.6,
2EQ16350,3780_전원스위치_9,9,0.7528772354125977,782,202,0.6,
2EQ16350,V242_카바라이트_10,10,0.7876559495925903,432,594,0.6,
2EQ16350,V242_카바라이트_11,11,0.760708749294281,568,638,0.6,
2EQ16350,3779_압판스토퍼_12,12,0.5661760568618774,450,294,0.9,
2EQ16350,3779_압판스토퍼_14,14,0.7506841421127319,554,208,0.75,
2EQ16351,C551_토너라벨_1,1,0.36433133482933044,122,242,1.2,
2EQ16351,B793_Canon각인_2,2,0.4866538643836975,24,334,1.05,
2EQ16351,6416_2206N명판_3,3,0.4225230813026428,162,334,1.2,
2EQ16351,3102_현상가압라벨_4,4,0.6507753133773804,546,82,0.75,
2EQ16351,3699_레버피스_4,4,0.6233442425727844,542,72,0.9,
2EQ16351,1525_▲▲▲라벨_5,5,0.924407958984375,804,232,0.6,
2EQ16351,2917_코마_6,6,0.8522505760192871,908,598,0.6,
2EQ16351,1525_▲▲▲라벨_7,7,0.5406789183616638,586,502,0.9,
2EQ16351,0000_모듈러카바_8,8,0.6418306827545166,290,522,0.6,
2EQ16351,3780_전원스위치_9,9,0.7556353807449341,782,202,0.6,
2EQ16351,V242_카바라이트_10,10,0.7788850665092468,424,592,0.6,
2EQ16351,V242_카바라이트_11,11,0.7969551086425781,562,654,0.6,
2EQ16351,3779_압판스토퍼_12,12,0.5986728072166443,592,196,0.9,
2EQ16351,3779_압판스토퍼_14,14,0.7654910683631897,338,426,0.6,
2EQ16352,C551_토너라벨_1,1,0.3489120900630951,470,364,0.6,
2EQ16352,B793_Canon각인_2,2,0.548157811164856,2,350,1.05,
2EQ16352,6416_2206N명판_3,3,0.541969895362854,244,362,1.2,
2EQ16352,3102_현상가압라벨_4,4,0.6222448945045471,736,250,0.6,
2EQ16352,3699_레버피스_4,4,0.5992265343666077,368,470,1.05,
2EQ16352,1525_▲▲▲라벨_5,5,0.9282621741294861,152,244,0.6,
2EQ16352,2917_코마_6,6,0.8479675054550171,154,222,0.6,
2EQ16352,1525_▲▲▲라벨_7,7,0.5250070095062256,456,486,0.9,
2EQ16352,0000_모듈러카바_8,8,0.5132092833518982,232,512,0.6,
2EQ16352,3780_전원스위치_9,9,0.7598499655723572,308,442,0.6,
2EQ16352,V242_카바라이트_10,10,0.7779043912887573,416,600,0.6,
2EQ16352,V242_카바라이트_11,11,0.7993851900100708,562,650,0.6,
2EQ16352,3779_압판스토퍼_12,12,0.583151638507843,306,160,0.9,
2EQ16352,3779_압판스토퍼_14,14,0.7542466521263123,228,182,0.6,
2EQ16353,C551_토너라벨_1,1,0.34265831112861633,452,444,0.6,
2EQ16353,B793_Canon각인_2,2,0.4857426583766937,26,510,1.05,
2EQ16353,6416_2206N명판_3,3,0.41186636686325073,698,650,0.6,
2EQ16353,3102_현상가압라벨_4,4,0.6554499268531799,594,12,0.6,
2EQ16353,3699_레버피스_4,4,0.6339746117591858,192,10,0.9,
2EQ16353,1525_▲▲▲라벨_5,5,0.9230838418006897,346,424,0.75,
2EQ16353,2917_코마_6,6,0.8479182124137878,932,522,0.6,
2EQ16353,1525_▲▲▲라벨_7,7,0.5644182562828064,584,586,0.75,
2EQ16353,0000_모듈러카바_8,8,0.43732720613479614,288,528,0.6,
2EQ16353,3780_전원스위치_9,9,0.7527533173561096,782,202,0.6,
2EQ16353,V242_카바라이트_10,10,0.7805291414260864,428,596,0.6,
2EQ16353,V242_카바라이트_11,11,0.7587301135063171,720,146,0.6,
2EQ16353,3779_압판스토퍼_12,12,0.5664259195327759,284,144,0.9,
2EQ16353,3779_압판스토퍼_14,14,0.7590477466583252,372,380,0.6,
2EQ16354,C551_토너라벨_1,1,0.35138964653015137,486,354,0.6,
2EQ16354,B793_Canon각인_2,2,0.5492246747016907,36,348,1.05,
2EQ16354,6416_2206N명판_3,3,0.4663403034210205,208,356,1.2,
2EQ16354,3102_현상가압라벨_4,4,0.5936715006828308,732,358,0.6,
2EQ16354,3699_레버피스_4,4,0.6119675636291504,508,12,0.9,
2EQ16354,1525_▲▲▲라벨_5,5,0.9221653938293457,796,226,0.75,
2EQ16354,2917_코마_6,6,0.8481786251068115,222,188,0.6,
2EQ16354,1525_▲▲▲라벨_7,7,0.5640433430671692,472,606,0.6,
2EQ16354,0000_모듈러카바_8,8,0.4512298107147217,240,534,0.6,
2EQ16354,3780_전원스위치_9,9,0.7525067329406738,782,202,0.6,
2EQ16354,V242_카바라이트_10,10,0.7966777086257935,490,124,0.6,
2EQ16354,V242_카바라이트_11,11,0.7514194250106812,718,612,0.6,
2EQ16354,3779_압판스토퍼_12,12,0.60489422082901,284,166,0.9,
2EQ16354,3779_압판스토퍼_14,14,0.7603312134742737,500,184,0.6,
2EQ16355,C551_토너라벨_1,1,0.3477325141429901,526,370,0.6,
2EQ16355,B793_Canon각인_2,2,0.5486422181129456,62,428,1.05,
2EQ16355,6416_2206N명판_3,3,0.45963171124458313,318,320,1.2,
2EQ16355,3102_현상가압라벨_4,4,0.6814300417900085,616,6,0.6,
2EQ16355,3699_레버피스_4,4,0.6682279109954834,618,10,0.6,
2EQ16355,1525_▲▲▲라벨_5,5,0.9244760274887085,188,472,0.75,
2EQ16355,2917_코마_6,6,0.8649278283119202,936,578,0.6,
2EQ16355,1525_▲▲▲라벨_7,7,0.5784805417060852,462,560,0.6,
2EQ16355,0000_모듈러카바_8,8,0.48302435874938965,274,544,0.6,
2EQ16355,3780_전원스위치_9,9,0.7576377391815186,782,202,0.6,
2EQ16355,V242_카바라이트_10,10,0.7595602869987488,496,128,0.6,
2EQ16355,V242_카바라이트_11,11,0.7463350296020508,724,616,0.6,
2EQ16355,3779_압판스토퍼_12,12,0.587872326374054,426,194,0.9,
2EQ16355,3779_압판스토퍼_14,14,0.7545832991600037,526,178,0.75,
2EQ16356,C551_토너라벨_1,1,0.3176344335079193,556,398,0.6,
2EQ16356,B793_Canon각인_2,2,0.5516778826713562,96,264,1.05,
2EQ16356,6416_2206N명판_3,3,0.41155362129211426,704,650,0.6,
2EQ16356,3102_현상가압라벨_4,4,0.6743713617324829,728,190,0.6,
2EQ16356,3699_레버피스_4,4,0.6785266399383545,564,202,0.6,
2EQ16356,1525_▲▲▲라벨_5,5,0.92347252368927,140,230,0.75,
2EQ16356,2917_코마_6,6,0.8582577109336853,816,542,0.6,
2EQ16356,1525_▲▲▲라벨_7,7,0.507188081741333,292,38,0.6,
2EQ16356,0000_모듈러카바_8,8,0.4475996494293213,278,556,0.6,
2EQ16356,3780_전원스위치_9,9,0.752120316028595,782,202,0.6,
2EQ16356,V242_카바라이트_10,10,0.7800716757774353,436,604,0.6,
2EQ16356,V242_카바라이트_11,11,0.7713156938552856,504,624,0.6,
2EQ16356,3779_압판스토퍼_12,12,0.586234986782074,734,136,0.9,
2EQ16356,3779_압판스토퍼_14,14,0.763526201248169,512,338,0.6,
2EQ16357,C551_토너라벨_1,1,0.352021187543869,520,280,0.6,
2EQ16357,B793_Canon각인_2,2,0.45661821961402893,74,212,1.05,
2EQ16357,6416_2206N명판_3,3,0.42250046133995056,498,338,0.9,
2EQ16357,3102_현상가압라벨_4,4,0.6955732107162476,642,24,0.6,
2EQ16357,3699_레버피스_4,4,0.6767118573188782,644,28,0.6,
2EQ16357,1525_▲▲▲라벨_5,5,0.9260328412055969,200,472,0.75,
2EQ16357,2917_코마_6,6,0.8465880751609802,58,386,0.6,
2EQ16357,1525_▲▲▲라벨_7,7,0.5373788475990295,616,560,0.6,
2EQ16357,0000_모듈러카바_8,8,0.47962814569473267,340,532,0.6,
2EQ16357,3780_전원스위치_9,9,0.7542025446891785,782,202,0.6,
2EQ16357,V242_카바라이트_10,10,0.781677782535553,426,594,0.6,
2EQ16357,V242_카바라이트_11,11,0.7816902995109558,500,642,0.6,
2EQ16357,3779_압판스토퍼_12,12,0.6112357974052429,304,170,0.9,
2EQ16357,3779_압판스토퍼_14,14,0.7595793604850769,586,244,0.6,
2EQ16358,C551_토너라벨_1,1,0.33481553196907043,586,354,0.6,
2EQ16358,B793_Canon각인_2,2,0.5644235014915466,84,338,1.05,
2EQ16358,6416_2206N명판_3,3,0.4728907644748688,226,302,1.2,
2EQ16358,3102_현상가압라벨_4,4,0.6744400262832642,482,64,0.6,
2EQ16358,3699_레버피스_4,4,0.6712544560432434,520,66,0.6,
2EQ16358,1525_▲▲▲라벨_5,5,0.9246065020561218,796,224,0.75,
2EQ16358,2917_코마_6,6,0.8667523264884949,918,546,0.6,
2EQ16358,1525_▲▲▲라벨_7,7,0.5377007722854614,422,596,0.75,
2EQ16358,0000_모듈러카바_8,8,0.4147074818611145,244,526,0.6,
2EQ16358,3780_전원스위치_9,9,0.7584925293922424,782,202,0.6,
2EQ16358,V242_카바라이트_10,10,0.7860262393951416,512,128,0.6,
2EQ16358,V242_카바라이트_11,11,0.797653079032898,498,650,0.6,
2EQ16358,3779_압판스토퍼_12,12,0.5567778944969177,192,488,0.9,
2EQ16358,3779_압판스토퍼_14,14,0.7483819723129272,230,180,0.75,
2EQ16359,C551_토너라벨_1,1,0.3397868573665619,444,388,0.6,
2EQ16359,B793_Canon각인_2,2,0.5355526208877563,26,406,1.05,
2EQ16359,6416_2206N명판_3,3,0.42867955565452576,548,280,0.6,
2EQ16359,3102_현상가압라벨_4,4,0.6878355145454407,656,72,0.6,
2EQ16359,3699_레버피스_4,4,0.6671462059020996,662,76,0.6,
2EQ16359,1525_▲▲▲라벨_5,5,0.9216920137405396,810,230,0.6,
2EQ16359,2917_코마_6,6,0.8484006524085999,914,612,0.6,
2EQ16359,1525_▲▲▲라벨_7,7,0.5811455249786377,508,532,0.75,
2EQ16359,0000_모듈러카바_8,8,0.44599077105522156,326,438,0.6,
2EQ16359,3780_전원스위치_9,9,0.757964015007019,782,202,0.6,
2EQ16359,V242_카바라이트_10,10,0.7816888093948364,480,138,0.6,
2EQ16359,V242_카바라이트_11,11,0.7909348607063293,562,654,0.6,
2EQ16359,3779_압판스토퍼_12,12,0.5921992063522339,198,472,0.9,
2EQ16359,3779_압판스토퍼_14,14,0.7566587328910828,380,326,0.6,
2EQ16360,C551_토너라벨_1,1,0.3528538644313812,466,326,0.6,
2EQ16360,B793_Canon각인_2,2,0.5635910630226135,60,358,1.05,
2EQ16360,6416_2206N명판_3,3,0.42482438683509827,88,446,1.2,
2EQ16360,3102_현상가압라벨_4,4,0.6315956115722656,666,0,0.6,
2EQ16360,3699_레버피스_4,4,0.5501654744148254,736,386,0.6,
2EQ16360,1525_▲▲▲라벨_5,5,0.9359517693519592,142,236,0.75,
2EQ16360,2917_코마_6,6,0.832126259803772,298,558,0.6,
2EQ16360,1525_▲▲▲라벨_7,7,0.5496879816055298,534,600,0.75,
2EQ16360,0000_모듈러카바_8,8,0.4197860658168793,716,466,0.6,
2EQ16360,3780_전원스위치_9,9,0.7573515176773071,782,202,0.6,
2EQ16360,V242_카바라이트_10,10,0.7790548801422119,486,138,0.6,
2EQ16360,V242_카바라이트_11,11,0.7823804020881653,720,144,0.6,
2EQ16360,3779_압판스토퍼_12,12,0.511995792388916,574,64,0.9,
2EQ16360,3779_압판스토퍼_14,14,0.7547497749328613,456,172,0.75,
2EQ16361,C551_토너라벨_1,1,0.3533020317554474,452,388,0.6,
2EQ16361,B793_Canon각인_2,2,0.5551056861877441,0,352,1.05,
2EQ16361,6416_2206N명판_3,3,0.4263695478439331,552,422,0.9,
2EQ16361,3102_현상가압라벨_4,4,0.6292979717254639,634,148,0.6,
2EQ16361,3699_레버피스_4,4,0.6315880417823792,162,14,0.9,
2EQ16361,1525_▲▲▲라벨_5,5,0.9175032377243042,208,470,0.6,
2EQ16361,2917_코마_6,6,0.8511250019073486,706,194,0.6,
2EQ16361,1525_▲▲▲라벨_7,7,0.59003084897995,562,688,0.6,
2EQ16361,0000_모듈러카바_8,8,0.4394150674343109,278,512,0.6,
2EQ16361,3780_전원스위치_9,9,0.758729875087738,782,202,0.6,
2EQ16361,V242_카바라이트_10,10,0.7883663773536682,484,130,0.6,
2EQ16361,V242_카바라이트_11,11,0.7846850156784058,502,638,0.6,
2EQ16361,3779_압판스토퍼_12,12,0.5697665810585022,196,456,0.9,
2EQ16361,3779_압판스토퍼_14,14,0.7654167413711548,428,506,0.6,
2EQ16362,C551_토너라벨_1,1,0.3616536259651184,510,350,0.6,
2EQ16362,B793_Canon각인_2,2,0.5594748854637146,76,358,1.05,
2EQ16362,6416_2206N명판_3,3,0.5296991467475891,176,260,1.2,
2EQ16362,3102_현상가압라벨_4,4,0.581436276435852,768,48,0.6,
2EQ16362,3699_레버피스_4,4,0.6231047511100769,774,52,0.6,
2EQ16362,1525_▲▲▲라벨_5,5,0.9304431080818176,8,600,0.6,
2EQ16362,2917_코마_6,6,0.8587217926979065,904,538,0.6,
2EQ16362,1525_▲▲▲라벨_7,7,0.5623428225517273,638,658,0.9,
2EQ16362,0000_모듈러카바_8,8,0.38645315170288086,210,486,0.6,
2EQ16362,3780_전원스위치_9,9,0.7562125325202942,782,202,0.6,
2EQ16362,V242_카바라이트_10,10,0.7512061595916748,486,122,0.6,
2EQ16362,V242_카바라이트_11,11,0.7617666721343994,566,658,0.6,
2EQ16362,3779_압판스토퍼_12,12,0.59791499376297,800,60,0.9,
2EQ16362,3779_압판스토퍼_14,14,0.7368344664573669,252,260,0.6,
2EQ16363,C551_토너라벨_1,1,0.34957849979400635,518,312,0.6,
2EQ16363,B793_Canon각인_2,2,0.5654895305633545,52,324,1.05,
2EQ16363,6416_2206N명판_3,3,0.4602032005786896,260,354,1.2,
2EQ16363,3102_현상가압라벨_4,4,0.6331358551979065,578,8,0.6,
2EQ16363,3699_레버피스_4,4,0.6276308298110962,544,12,0.6,
2EQ16363,1525_▲▲▲라벨_5,5,0.9243777394294739,210,472,0.6,
2EQ16363,2917_코마_6,6,0.8734678626060486,932,532,0.6,
2EQ16363,1525_▲▲▲라벨_7,7,0.5536447167396545,552,568,0.9,
2EQ16363,0000_모듈러카바_8,8,0.48810550570487976,254,478,0.6,
2EQ16363,3780_전원스위치_9,9,0.7545716166496277,782,202,0.6,
2EQ16363,V242_카바라이트_10,10,0.7886145114898682,496,122,0.6,
2EQ16363,V242_카바라이트_11,11,0.7912368774414062,520,640,0.6,
2EQ16363,3779_압판스토퍼_12,12,0.5725272297859192,760,116,0.9,
2EQ16363,3779_압판스토퍼_14,14,0.7680712342262268,402,394,0.6,
2EQ16364,C551_토너라벨_1,1,0.3284377157688141,224,184,1.05,
2EQ16364,B793_Canon각인_2,2,0.5483704805374146,20,342,1.05,
2EQ16364,6416_2206N명판_3,3,0.47313395142555237,238,328,1.2,
2EQ16364,3102_현상가압라벨_4,4,0.6023839712142944,690,286,0.6,
2EQ16364,3699_레버피스_4,4,0.6382290720939636,232,20,0.6,
2EQ16364,1525_▲▲▲라벨_5,5,0.9176018834114075,814,232,0.6,
2EQ16364,2917_코마_6,6,0.8590550422668457,702,178,0.6,
2EQ16364,1525_▲▲▲라벨_7,7,0.5765005350112915,574,588,0.75,
2EQ16364,0000_모듈러카바_8,8,0.4528340697288513,282,490,0.6,
2EQ16364,3780_전원스위치_9,9,0.7534759640693665,782,202,0.6,
2EQ16364,V242_카바라이트_10,10,0.7919787168502808,500,134,0.6,
2EQ16364,V242_카바라이트_11,11,0.7856253981590271,500,648,0.6,
2EQ16364,3779_압판스토퍼_12,12,0.5852352976799011,312,178,0.9,
2EQ16364,3779_압판스토퍼_14,14,0.7716497182846069,376,374,0.6,
2EQ16365,C551_토너라벨_1,1,0.400241494178772,588,236,0.6,
2EQ16365,B793_Canon각인_2,2,0.47493061423301697,128,344,1.05,
2EQ16365,6416_2206N명판_3,3,0.5351610779762268,156,422,1.2,
2EQ16365,3102_현상가압라벨_4,4,0.6110914349555969,646,4,0.6,
2EQ16365,3699_레버피스_4,4,0.5752852559089661,680,6,0.6,
2EQ16365,1525_▲▲▲라벨_5,5,0.9299319982528687,12,606,0.6,
2EQ16365,2917_코마_6,6,0.8634922504425049,376,176,0.6,
2EQ16365,1525_▲▲▲라벨_7,7,0.559001624584198,572,98,0.9,
2EQ16365,0000_모듈러카바_8,8,0.5563169121742249,278,522,0.6,
2EQ16365,3780_전원스위치_9,9,0.7525262832641602,782,202,0.6,
2EQ16365,V242_카바라이트_10,10,0.7720812559127808,424,590,0.6,
2EQ16365,V242_카바라이트_11,11,0.7534887790679932,554,644,0.6,
2EQ16365,3779_압판스토퍼_12,12,0.5410351753234863,158,434,0.9,
2EQ16365,3779_압판스토퍼_14,14,0.7524714469909668,226,188,0.75,
2EQ16366,C551_토너라벨_1,1,0.33094802498817444,320,562,0.6,
2EQ16366,B793_Canon각인_2,2,0.49315837025642395,40,382,1.05,
2EQ16366,6416_2206N명판_3,3,0.4606464207172394,218,348,1.2,
2EQ16366,3102_현상가압라벨_4,4,0.5942322015762329,766,346,0.6,
2EQ16366,3699_레버피스_4,4,0.6487685441970825,158,14,0.9,
2EQ16366,1525_▲▲▲라벨_5,5,0.9261527061462402,796,224,0.75,
2EQ16366,2917_코마_6,6,0.8623872995376587,838,576,0.6,
2EQ16366,1525_▲▲▲라벨_7,7,0.5952114462852478,456,560,0.6,
2EQ16366,0000_모듈러카바_8,8,0.5553106665611267,254,512,0.6,
2EQ16366,3780_전원스위치_9,9,0.7515543103218079,782,202,0.6,
2EQ16366,V242_카바라이트_10,10,0.7779668569564819,718,142,0.6,
2EQ16366,V242_카바라이트_11,11,0.7602480053901672,566,644,0.6,
2EQ16366,3779_압판스토퍼_12,12,0.5301766991615295,270,24,0.9,
2EQ16366,3779_압판스토퍼_14,14,0.7560536861419678,266,340,0.6,
2EQ16367,C551_토너라벨_1,1,0.3330456614494324,504,390,0.6,
2EQ16367,B793_Canon각인_2,2,0.5450530052185059,50,376,1.05,
2EQ16367,6416_2206N명판_3,3,0.4745752215385437,238,310,1.2,
2EQ16367,3102_현상가압라벨_4,4,0.6734312772750854,654,68,0.6,
2EQ16367,3699_레버피스_4,4,0.6825428605079651,654,72,0.6,
2EQ16367,1525_▲▲▲라벨_5,5,0.9298539161682129,120,456,0.6,
2EQ16367,2917_코마_6,6,0.8693122863769531,930,562,0.6,
2EQ16367,1525_▲▲▲라벨_7,7,0.5878193378448486,566,616,0.6,
2EQ16367,0000_모듈러카바_8,8,0.4511301517486572,248,510,0.6,
2EQ16367,3780_전원스위치_9,9,0.7571715712547302,278,420,0.6,
2EQ16367,V242_카바라이트_10,10,0.7802444696426392,430,594,0.6,
2EQ16367,V242_카바라이트_11,11,0.777166485786438,566,652,0.6,
2EQ16367,3779_압판스토퍼_12,12,0.5293858051300049,234,482,0.9,
2EQ16367,3779_압판스토퍼_14,14,0.7708893418312073,384,378,0.6,
2EQ16368,C551_토너라벨_1,1,0.3228810131549835,568,332,0.6,
2EQ16368,B793_Canon각인_2,2,0.5064916014671326,0,384,1.05,
2EQ16368,6416_2206N명판_3,3,0.5045267939567566,228,324,1.2,
2EQ16368,3102_현상가압라벨_4,4,0.6195053458213806,544,22,0.9,
2EQ16368,3699_레버피스_4,4,0.6501641273498535,182,28,0.9,
2EQ16368,1525_▲▲▲라벨_5,5,0.9194369316101074,812,230,0.6,
2EQ16368,2917_코마_6,6,0.8703144788742065,924,558,0.6,
2EQ16368,1525_▲▲▲라벨_7,7,0.5847017765045166,598,528,0.9,
2EQ16368,0000_모듈러카바_8,8,0.4510037302970886,312,524,0.6,
2EQ16368,3780_전원스위치_9,9,0.7614524364471436,784,202,0.6,
2EQ16368,V242_카바라이트_10,10,0.7951469421386719,500,132,0.6,
2EQ16368,V242_카바라이트_11,11,0.76948082447052,502,648,0.6,
2EQ16368,3779_압판스토퍼_12,12,0.542349636554718,28,618,0.9,
2EQ16368,3779_압판스토퍼_14,14,0.7627105712890625,380,416,0.6,
2EQ16369,C551_토너라벨_1,1,0.3275335729122162,422,472,0.6,
2EQ16369,B793_Canon각인_2,2,0.38594716787338257,18,426,1.05,
2EQ16369,6416_2206N명판_3,3,0.4021179974079132,708,650,0.6,
2EQ16369,3102_현상가압라벨_4,4,0.6367635130882263,784,340,0.6,
2EQ16369,3699_레버피스_4,4,0.6909658908843994,544,14,0.6,
2EQ16369,1525_▲▲▲라벨_5,5,0.9204829335212708,800,232,0.6,
2EQ16369,2917_코마_6,6,0.8569654226303101,926,586,0.6,
2EQ16369,1525_▲▲▲라벨_7,7,0.6120140552520752,546,518,0.9,
2EQ16369,0000_모듈러카바_8,8,0.4698483943939209,348,500,0.6,
2EQ16369,3780_전원스위치_9,9,0.7582756280899048,302,456,0.6,
2EQ16369,V242_카바라이트_10,10,0.774834930896759,428,606,0.6,
2EQ16369,V242_카바라이트_11,11,0.7651557922363281,728,622,0.6,
2EQ16369,3779_압판스토퍼_12,12,0.5874007940292358,546,202,0.9,
2EQ16369,3779_압판스토퍼_14,14,0.7156304121017456,232,194,0.75,
2EQ16370,C551_토너라벨_1,1,0.34104037284851074,598,398,0.6,
2EQ16370,B793_Canon각인_2,2,0.5347603559494019,0,306,1.05,
2EQ16370,6416_2206N명판_3,3,0.42881661653518677,580,306,0.6,
2EQ16370,3102_현상가압라벨_4,4,0.6218912601470947,678,8,0.6,
2EQ16370,3699_레버피스_4,4,0.5992647409439087,596,118,0.6,
2EQ16370,1525_▲▲▲라벨_5,5,0.920894980430603,118,430,0.75,
2EQ16370,2917_코마_6,6,0.8548445701599121,938,562,0.6,
2EQ16370,1525_▲▲▲라벨_7,7,0.5593229532241821,616,576,0.9,
2EQ16370,0000_모듈러카바_8,8,0.46135568618774414,246,534,0.6,
2EQ16370,3780_전원스위치_9,9,0.7547991275787354,782,202,0.6,
2EQ16370,V242_카바라이트_10,10,0.7811647653579712,434,590,0.6,
2EQ16370,V242_카바라이트_11,11,0.7712867856025696,494,642,0.6,
2EQ16370,3779_압판스토퍼_12,12,0.536779522895813,538,704,0.9,
2EQ16370,3779_압판스토퍼_14,14,0.7331567406654358,234,252,0.75,
2EQ16371,C551_토너라벨_1,1,0.3984086215496063,332,136,0.6,
2EQ16371,B793_Canon각인_2,2,0.4859756827354431,54,348,1.05,
2EQ16371,6416_2206N명판_3,3,0.4921574294567108,220,368,1.2,
2EQ16371,3102_현상가압라벨_4,4,0.6906540393829346,636,10,0.6,
2EQ16371,3699_레버피스_4,4,0.6709271669387817,640,12,0.6,
2EQ16371,1525_▲▲▲라벨_5,5,0.919897198677063,814,230,0.6,
2EQ16371,2917_코마_6,6,0.8629359602928162,920,546,0.6,
2EQ16371,1525_▲▲▲라벨_7,7,0.5937169790267944,472,558,0.75,
2EQ16371,0000_모듈러카바_8,8,0.5060712099075317,374,484,0.6,
2EQ16371,3780_전원스위치_9,9,0.7571390867233276,782,202,0.6,
2EQ16371,V242_카바라이트_10,10,0.7795199751853943,478,136,0.6,
2EQ16371,V242_카바라이트_11,11,0.7827262878417969,504,634,0.6,
2EQ16371,3779_압판스토퍼_12,12,0.4969511032104492,106,614,0.9,
2EQ16371,3779_압판스토퍼_14,14,0.7610310912132263,334,358,0.6,
2EQ16372,C551_토너라벨_1,1,0.34762343764305115,544,360,0.6,
2EQ16372,B793_Canon각인_2,2,0.5214460492134094,30,378,1.05,
2EQ16372,6416_2206N명판_3,3,0.45188745856285095,228,366,1.2,
2EQ16372,3102_현상가압라벨_4,4,0.703242838382721,524,20,0.75,
2EQ16372,3699_레버피스_4,4,0.6265493035316467,718,32,0.6,
2EQ16372,1525_▲▲▲라벨_5,5,0.922806441783905,812,230,0.6,
2EQ16372,2917_코마_6,6,0.8628189563751221,890,546,0.6,
2EQ16372,1525_▲▲▲라벨_7,7,0.5824846029281616,568,552,0.75,
2EQ16372,0000_모듈러카바_8,8,0.40822750329971313,218,544,0.6,
2EQ16372,3780_전원스위치_9,9,0.7574312686920166,782,202,0.6,
2EQ16372,V242_카바라이트_10,10,0.7756195664405823,432,588,0.6,
2EQ16372,V242_카바라이트_11,11,0.7696129083633423,510,648,0.6,
2EQ16372,3779_압판스토퍼_12,12,0.5822034478187561,194,518,0.9,
2EQ16372,3779_압판스토퍼_14,14,0.7417470812797546,242,204,0.6,
2EQ16373,C551_토너라벨_1,1,0.34474682807922363,548,404,0.6,
2EQ16373,B793_Canon각인_2,2,0.5368273854255676,28,346,1.05,
2EQ16373,6416_2206N명판_3,3,0.4174765348434448,222,360,1.2,
2EQ16373,3102_현상가압라벨_4,4,0.6638693809509277,628,26,0.6,
2EQ16373,3699_레버피스_4,4,0.6652804613113403,630,30,0.6,
2EQ16373,1525_▲▲▲라벨_5,5,0.926967978477478,226,466,0.6,
2EQ16373,2917_코마_6,6,0.8755543231964111,938,542,0.6,
2EQ16373,1525_▲▲▲라벨_7,7,0.5558184385299683,500,610,0.6,
2EQ16373,0000_모듈러카바_8,8,0.48974284529685974,252,496,0.6,
2EQ16373,3780_전원스위치_9,9,0.7608677744865417,784,202,0.6,
2EQ16373,V242_카바라이트_10,10,0.7799316048622131,494,128,0.6,
2EQ16373,V242_카바라이트_11,11,0.7430092692375183,554,650,0.6,
2EQ16373,3779_압판스토퍼_12,12,0.591263473033905,296,164,0.9,
2EQ16373,3779_압판스토퍼_14,14,0.7360461354255676,236,190,0.75,
2EQ16374,C551_토너라벨_1,1,0.3408815562725067,562,360,0.6,
2EQ16374,B793_Canon각인_2,2,0.5536097288131714,6,282,1.05,
2EQ16374,6416_2206N명판_3,3,0.4512854516506195,360,352,1.2,
2EQ16374,3102_현상가압라벨_4,4,0.667243480682373,530,12,0.9,
2EQ16374,3699_레버피스_4,4,0.6304013729095459,160,26,0.75,
2EQ16374,1525_▲▲▲라벨_5,5,0.9240110516548157,192,478,0.6,
2EQ16374,2917_코마_6,6,0.8683167099952698,936,560,0.6,
2EQ16374,1525_▲▲▲라벨_7,7,0.5852290987968445,544,556,0.6,
2EQ16374,0000_모듈러카바_8,8,0.5164920687675476,264,500,0.6,
2EQ16374,3780_전원스위치_9,9,0.7559314966201782,782,202,0.6,
2EQ16374,V242_카바라이트_10,10,0.7780799865722656,440,600,0.6,
2EQ16374,V242_카바라이트_11,11,0.7874246835708618,498,636,0.6,
2EQ16374,3779_압판스토퍼_12,12,0.5623324513435364,276,146,0.9,
2EQ16374,3779_압판스토퍼_14,14,0.7506260871887207,354,470,0.6,
2EQ16375,C551_토너라벨_1,1,0.2980690896511078,146,228,0.6,
2EQ16375,B793_Canon각인_2,2,0.5574930906295776,46,306,1.05,
2EQ16375,6416_2206N명판_3,3,0.5339838266372681,150,368,1.2,
2EQ16375,3102_현상가압라벨_4,4,0.6147039532661438,504,78,0.9,
2EQ16375,3699_레버피스_4,4,0.604127824306488,514,56,1.2,
2EQ16375,1525_▲▲▲라벨_5,5,0.922818660736084,796,226,0.75,
2EQ16375,2917_코마_6,6,0.8204325437545776,0,606,0.6,
2EQ16375,1525_▲▲▲라벨_7,7,0.5312044024467468,592,506,0.9,
2EQ16375,0000_모듈러카바_8,8,0.5766052603721619,300,490,0.6,
2EQ16375,3780_전원스위치_9,9,0.7598023414611816,784,202,0.6,
2EQ16375,V242_카바라이트_10,10,0.7911165952682495,500,128,0.6,
2EQ16375,V242_카바라이트_11,11,0.7948212623596191,504,638,0.6,
2EQ16375,3779_압판스토퍼_12,12,0.5521601438522339,168,448,0.9,
2EQ16375,3779_압판스토퍼_14,14,0.737639844417572,214,172,0.75,
2EQ16376,C551_토너라벨_1,1,0.301466703414917,544,382,0.6,
2EQ16376,B793_Canon각인_2,2,0.565090537071228,0,316,1.05,
2EQ16376,6416_2206N명판_3,3,0.41501516103744507,588,296,0.6,
2EQ16376,3102_현상가압라벨_4,4,0.6689366102218628,464,20,0.75,
2EQ16376,3699_레버피스_4,4,0.6574185490608215,426,38,0.6,
2EQ16376,1525_▲▲▲라벨_5,5,0.929204523563385,796,228,0.6,
2EQ16376,2917_코마_6,6,0.8546321392059326,688,132,0.6,
2EQ16376,1525_▲▲▲라벨_7,7,0.6404703855514526,148,522,0.75,
2EQ16376,0000_모듈러카바_8,8,0.43140435218811035,316,528,0.6,
2EQ16376,3780_전원스위치_9,9,0.7588858008384705,298,446,0.6,
2EQ16376,V242_카바라이트_10,10,0.7732495665550232,432,590,0.6,
2EQ16376,V242_카바라이트_11,11,0.7956362962722778,502,648,0.6,
2EQ16376,3779_압판스토퍼_12,12,0.5666989088058472,178,538,0.9,
2EQ16376,3779_압판스토퍼_14,14,0.7373364567756653,242,202,0.6,
2EQ16377,C551_토너라벨_1,1,0.308988094329834,456,258,0.75,
2EQ16377,B793_Canon각인_2,2,0.5277990102767944,28,344,1.05,
2EQ16377,6416_2206N명판_3,3,0.4619485139846802,236,322,1.2,
2EQ16377,3102_현상가압라벨_4,4,0.6126230359077454,764,364,0.6,
2EQ16377,3699_레버피스_4,4,0.6283887624740601,542,22,0.9,
2EQ16377,1525_▲▲▲라벨_5,5,0.9197701215744019,234,470,0.6,
2EQ16377,2917_코마_6,6,0.8571809530258179,934,558,0.6,
2EQ16377,1525_▲▲▲라벨_7,7,0.5816057920455933,636,2,1.05,
2EQ16377,0000_모듈러카바_8,8,0.5641415119171143,274,520,0.6,
2EQ16377,3780_전원스위치_9,9,0.7566445469856262,782,202,0.6,
2EQ16377,V242_카바라이트_10,10,0.7860012650489807,478,122,0.6,
2EQ16377,V242_카바라이트_11,11,0.7892907857894897,512,652,0.6,
2EQ16377,3779_압판스토퍼_12,12,0.5415429472923279,464,218,0.9,
2EQ16377,3779_압판스토퍼_14,14,0.7635474801063538,218,178,0.75,
2EQ16378,C551_토너라벨_1,1,0.31630387902259827,486,294,0.6,
2EQ16378,B793_Canon각인_2,2,0.48424285650253296,88,202,1.05,
2EQ16378,6416_2206N명판_3,3,0.4224773347377777,608,300,0.6,
2EQ16378,3102_현상가압라벨_4,4,0.6780850887298584,534,12,0.9,
2EQ16378,3699_레버피스_4,4,0.6624557375907898,162,30,0.75,
2EQ16378,1525_▲▲▲라벨_5,5,0.9236564636230469,188,472,0.6,
2EQ16378,2917_코마_6,6,0.871734082698822,880,542,0.6,
2EQ16378,1525_▲▲▲라벨_7,7,0.6273077726364136,482,550,0.9,
2EQ16378,0000_모듈러카바_8,8,0.5009339451789856,232,514,0.6,
2EQ16378,3780_전원스위치_9,9,0.7546774744987488,782,202,0.6,
2EQ16378,V242_카바라이트_10,10,0.778761088848114,500,128,0.6,
2EQ16378,V242_카바라이트_11,11,0.79916912317276,534,660,0.6,
2EQ16378,3779_압판스토퍼_12,12,0.5757714509963989,514,156,0.9,
2EQ16378,3779_압판스토퍼_14,14,0.753063976764679,340,412,0.6,
2EQ16379,C551_토너라벨_1,1,0.3245079517364502,472,346,0.6,
2EQ16379,B793_Canon각인_2,2,0.4906434714794159,28,378,1.05,
2EQ16379,6416_2206N명판_3,3,0.431842178106308,602,340,0.6,
2EQ16379,3102_현상가압라벨_4,4,0.6099209189414978,644,124,0.6,
2EQ16379,3699_레버피스_4,4,0.6333358287811279,176,30,0.9,
2EQ16379,1525_▲▲▲라벨_5,5,0.9301659464836121,796,224,0.75,
2EQ16379,2917_코마_6,6,0.8674347400665283,908,550,0.6,
2EQ16379,1525_▲▲▲라벨_7,7,0.6015994548797607,502,524,0.75,
2EQ16379,0000_모듈러카바_8,8,0.4668935239315033,262,486,0.6,
2EQ16379,3780_전원스위치_9,9,0.7572888135910034,288,446,0.6,
2EQ16379,V242_카바라이트_10,10,0.7798265814781189,718,146,0.6,
2EQ16379,V242_카바라이트_11,11,0.756416916847229,718,164,0.6,
2EQ16379,3779_압판스토퍼_12,12,0.5956346988677979,444,208,0.9,
2EQ16379,3779_압판스토퍼_14,14,0.7555766105651855,388,184,0.75,
2EQ16380,C551_토너라벨_1,1,0.3610096573829651,526,360,0.6,
2EQ16380,B793_Canon각인_2,2,0.5710130333900452,56,318,1.05,
2EQ16380,6416_2206N명판_3,3,0.4308216869831085,526,340,0.6,
2EQ16380,3102_현상가압라벨_4,4,0.6358391046524048,690,28,0.6,
2EQ16380,3699_레버피스_4,4,0.6442065238952637,196,26,0.6,
2EQ16380,1525_▲▲▲라벨_5,5,0.9251845479011536,190,460,0.6,
2EQ16380,2917_코마_6,6,0.8559077978134155,688,162,0.6,
2EQ16380,1525_▲▲▲라벨_7,7,0.605900228023529,492,524,0.75,
2EQ16380,0000_모듈러카바_8,8,0.42278385162353516,238,508,0.6,
2EQ16380,3780_전원스위치_9,9,0.7533925175666809,782,202,0.6,
2EQ16380,V242_카바라이트_10,10,0.7732017040252686,438,586,0.6,
2EQ16380,V242_카바라이트_11,11,0.7307186722755432,558,644,0.6,
2EQ16380,3779_압판스토퍼_12,12,0.5911781191825867,394,158,0.9,
2EQ16380,3779_압판스토퍼_14,14,0.7605502009391785,210,172,0.6,
2EQ16381,C551_토너라벨_1,1,0.33052411675453186,526,416,0.6,
2EQ16381,B793_Canon각인_2,2,0.5019339323043823,26,352,1.05,
2EQ16381,6416_2206N명판_3,3,0.4298942983150482,264,364,1.2,
2EQ16381,3102_현상가압라벨_4,4,0.6818694472312927,580,44,0.6,
2EQ16381,3699_레버피스_4,4,0.6477636694908142,182,14,0.9,
2EQ16381,1525_▲▲▲라벨_5,5,0.9223984479904175,200,484,0.6,
2EQ16381,2917_코마_6,6,0.864399254322052,936,606,0.6,
2EQ16381,1525_▲▲▲라벨_7,7,0.5755711197853088,490,536,0.75,
2EQ16381,0000_모듈러카바_8,8,0.4886552095413208,250,500,0.6,
2EQ16381,3780_전원스위치_9,9,0.7506672143936157,782,202,0.6,
2EQ16381,V242_카바라이트_10,10,0.7929216623306274,494,134,0.6,
2EQ16381,V242_카바라이트_11,11,0.8031279444694519,538,654,0.6,
2EQ16381,3779_압판스토퍼_12,12,0.5721866488456726,330,168,0.9,
2EQ16381,3779_압판스토퍼_14,14,0.7554205060005188,356,376,0.75,
2EQ16382,C551_토너라벨_1,1,0.4121563136577606,574,314,0.6,
2EQ16382,B793_Canon각인_2,2,0.5543559789657593,80,376,1.05,
2EQ16382,6416_2206N명판_3,3,0.49919793009757996,170,376,1.2,
2EQ16382,3102_현상가압라벨_4,4,0.6152660846710205,678,14,0.75,
2EQ16382,3699_레버피스_4,4,0.6692461967468262,692,18,0.75,
2EQ16382,1525_▲▲▲라벨_5,5,0.92884361743927,182,472,0.6,
2EQ16382,2917_코마_6,6,0.8604530692100525,888,580,0.6,
2EQ16382,1525_▲▲▲라벨_7,7,0.5155494809150696,550,542,0.9,
2EQ16382,0000_모듈러카바_8,8,0.4485994577407837,238,522,0.6,
2EQ16382,3780_전원스위치_9,9,0.7543386220932007,784,202,0.6,
2EQ16382,V242_카바라이트_10,10,0.7752548456192017,496,126,0.6,
2EQ16382,V242_카바라이트_11,11,0.7776001691818237,496,622,0.6,
2EQ16382,3779_압판스토퍼_12,12,0.563630998134613,340,60,0.9,
2EQ16382,3779_압판스토퍼_14,14,0.7333802580833435,708,294,0.6,
2EQ16383,C551_토너라벨_1,1,0.3381466269493103,550,440,0.6,
2EQ16383,B793_Canon각인_2,2,0.525027871131897,14,306,1.05,
2EQ16383,6416_2206N명판_3,3,0.4831417500972748,198,350,1.2,
2EQ16383,3102_현상가압라벨_4,4,0.642870306968689,650,8,0.6,
2EQ16383,3699_레버피스_4,4,0.6577871441841125,656,10,0.6,
2EQ16383,1525_▲▲▲라벨_5,5,0.9262723922729492,796,226,0.75,
2EQ16383,2917_코마_6,6,0.8727627992630005,932,564,0.6,
2EQ16383,1525_▲▲▲라벨_7,7,0.5328648686408997,532,574,0.6,
2EQ16383,0000_모듈러카바_8,8,0.4137735366821289,266,508,0.6,
2EQ16383,3780_전원스위치_9,9,0.7559823393821716,784,202,0.6,
2EQ16383,V242_카바라이트_10,10,0.7870277166366577,488,120,0.6,
2EQ16383,V242_카바라이트_11,11,0.7625938653945923,552,650,0.6,
2EQ16383,3779_압판스토퍼_12,12,0.5532927513122559,162,434,0.9,
2EQ16383,3779_압판스토퍼_14,14,0.7685827016830444,334,354,0.75,
2EQ16384,C551_토너라벨_1,1,0.3332935571670532,550,318,0.6,
2EQ16384,B793_Canon각인_2,2,0.5537018775939941,32,302,1.05,
2EQ16384,6416_2206N명판_3,3,0.46014171838760376,236,302,1.2,
2EQ16384,3102_현상가압라벨_4,4,0.6336904168128967,632,98,0.6,
2EQ16384,3699_레버피스_4,4,0.6354846358299255,638,0,0.6,
2EQ16384,1525_▲▲▲라벨_5,5,0.9265618920326233,800,232,0.6,
2EQ16384,2917_코마_6,6,0.8706548810005188,926,562,0.6,
2EQ16384,1525_▲▲▲라벨_7,7,0.5370141267776489,590,528,0.9,
2EQ16384,0000_모듈러카바_8,8,0.5265532732009888,298,528,0.6,
2EQ16384,3780_전원스위치_9,9,0.7537093758583069,782,202,0.6,
2EQ16384,V242_카바라이트_10,10,0.7894077301025391,488,138,0.6,
2EQ16384,V242_카바라이트_11,11,0.7985555529594421,504,650,0.6,
2EQ16384,3779_압판스토퍼_12,12,0.5728505253791809,190,404,0.9,
2EQ16384,3779_압판스토퍼_14,14,0.7408921718597412,240,190,0.6,
2EQ16385,C551_토너라벨_1,1,0.37075987458229065,254,438,0.6,
2EQ16385,B793_Canon각인_2,2,0.5967438817024231,86,348,1.05,
2EQ16385,6416_2206N명판_3,3,0.51386559009552,112,390,1.2,
2EQ16385,3102_현상가압라벨_4,4,0.6498172283172607,672,106,0.6,
2EQ16385,3699_레버피스_4,4,0.554607093334198,364,514,1.2,
2EQ16385,1525_▲▲▲라벨_5,5,0.9275188446044922,138,226,0.75,
2EQ16385,2917_코마_6,6,0.8491451144218445,786,308,0.6,
2EQ16385,1525_▲▲▲라벨_7,7,0.5875884890556335,564,524,0.9,
2EQ16385,0000_모듈러카바_8,8,0.4594212770462036,282,542,0.6,
2EQ16385,3780_전원스위치_9,9,0.7548993229866028,782,202,0.6,
2EQ16385,V242_카바라이트_10,10,0.7925128936767578,486,130,0.6,
2EQ16385,V242_카바라이트_11,11,0.7882693409919739,508,650,0.6,
2EQ16385,3779_압판스토퍼_12,12,0.5424413681030273,246,472,0.9,
2EQ16385,3779_압판스토퍼_14,14,0.7621733546257019,220,178,0.6,
2EQ16386,C551_토너라벨_1,1,0.3352823555469513,476,508,0.6,
2EQ16386,B793_Canon각인_2,2,0.5535951852798462,28,360,1.05,
2EQ16386,6416_2206N명판_3,3,0.42637407779693604,584,284,0.6,
2EQ16386,3102_현상가압라벨_4,4,0.628874659538269,610,116,0.6,
2EQ16386,3699_레버피스_4,4,0.6294136047363281,618,24,0.6,
2EQ16386,1525_▲▲▲라벨_5,5,0.9238139986991882,802,222,0.75,
2EQ16386,2917_코마_6,6,0.8651747703552246,676,132,0.6,
2EQ16386,1525_▲▲▲라벨_7,7,0.5750013589859009,530,608,0.75,
2EQ16386,0000_모듈러카바_8,8,0.5733253955841064,296,518,0.6,
2EQ16386,3780_전원스위치_9,9,0.7505319118499756,782,202,0.6,
2EQ16386,V242_카바라이트_10,10,0.779728889465332,436,598,0.6,
2EQ16386,V242_카바라이트_11,11,0.7457705140113831,720,134,0.6,
2EQ16386,3779_압판스토퍼_12,12,0.5627793073654175,482,100,0.9,
2EQ16386,3779_압판스토퍼_14,14,0.7508214712142944,366,314,0.75,
2EQ16387,C551_토너라벨_1,1,0.3947702944278717,532,466,0.6,
2EQ16387,B793_Canon각인_2,2,0.49444103240966797,24,356,1.05,
2EQ16387,6416_2206N명판_3,3,0.49961528182029724,216,416,1.2,
2EQ16387,3102_현상가압라벨_4,4,0.6456001996994019,652,6,0.6,
2EQ16387,3699_레버피스_4,4,0.5671038627624512,376,462,1.2,
2EQ16387,1525_▲▲▲라벨_5,5,0.9226810336112976,816,232,0.6,
2EQ16387,2917_코마_6,6,0.8645098209381104,496,534,0.6,
2EQ16387,1525_▲▲▲라벨_7,7,0.5300283432006836,818,624,0.9,
2EQ16387,0000_모듈러카바_8,8,0.48033204674720764,294,468,0.6,
2EQ16387,3780_전원스위치_9,9,0.7319731116294861,120,202,0.6,
2EQ16387,V242_카바라이트_10,10,0.7696934938430786,478,122,0.6,
2EQ16387,V242_카바라이트_11,11,0.7618744969367981,508,648,0.6,
2EQ16387,3779_압판스토퍼_12,12,0.6257447600364685,758,94,0.9,
2EQ16387,3779_압판스토퍼_14,14,0.7416636347770691,258,202,0.6,
2EQ16388,C551_토너라벨_1,1,0.44678592681884766,558,332,0.6,
2EQ16388,B793_Canon각인_2,2,0.595854640007019,4,338,1.05,
2EQ16388,6416_2206N명판_3,3,0.4812873601913452,252,254,1.2,
2EQ16388,3102_현상가압라벨_4,4,0.6065511703491211,632,70,0.6,
2EQ16388,3699_레버피스_4,4,0.6100232005119324,206,2,0.9,
2EQ16388,1525_▲▲▲라벨_5,5,0.924863874912262,140,228,0.75,
2EQ16388,2917_코마_6,6,0.8417178392410278,920,560,0.6,
2EQ16388,1525_▲▲▲라벨_7,7,0.570389449596405,526,564,0.75,
2EQ16388,0000_모듈러카바_8,8,0.5015537142753601,294,558,0.6,
2EQ16388,3780_전원스위치_9,9,0.7518713474273682,782,202,0.6,
2EQ16388,V242_카바라이트_10,10,0.784392237663269,496,126,0.6,
2EQ16388,V242_카바라이트_11,11,0.7656720876693726,720,148,0.6,
2EQ16388,3779_압판스토퍼_12,12,0.6260733008384705,794,324,0.6,
2EQ16388,3779_압판스토퍼_14,14,0.7597833871841431,254,242,0.6,
2EQ16389,C551_토너라벨_1,1,0.32706743478775024,578,342,0.6,
2EQ16389,B793_Canon각인_2,2,0.5372857451438904,0,336,1.05,
2EQ16389,6416_2206N명판_3,3,0.47143563628196716,230,348,1.2,
2EQ16389,3102_현상가압라벨_4,4,0.7028586864471436,532,6,0.75,
2EQ16389,3699_레버피스_4,4,0.6979764699935913,528,24,0.6,
2EQ16389,1525_▲▲▲라벨_5,5,0.9226488471031189,166,468,0.6,
2EQ16389,2917_코마_6,6,0.8615660667419434,906,580,0.6,
2EQ16389,1525_▲▲▲라벨_7,7,0.6151765584945679,486,546,0.9,
2EQ16389,0000_모듈러카바_8,8,0.4886459410190582,298,520,0.6,
2EQ16389,3780_전원스위치_9,9,0.756363570690155,782,202,0.6,
2EQ16389,V242_카바라이트_10,10,0.7786527872085571,432,590,0.6,
2EQ16389,V242_카바라이트_11,11,0.8001851439476013,542,648,0.6,
2EQ16389,3779_압판스토퍼_12,12,0.5658628344535828,278,122,0.9,
2EQ16389,3779_압판스토퍼_14,14,0.7661396265029907,374,432,0.75,
2EQ16390,C551_토너라벨_1,1,0.40088951587677,530,312,0.6,
2EQ16390,B793_Canon각인_2,2,0.503762423992157,0,314,1.05,
2EQ16390,6416_2206N명판_3,3,0.5252684950828552,292,282,1.2,
2EQ16390,3102_현상가압라벨_4,4,0.661594033241272,642,32,0.6,
2EQ16390,3699_레버피스_4,4,0.6903498768806458,180,10,0.9,
2EQ16390,1525_▲▲▲라벨_5,5,0.9218345284461975,192,464,0.75,
2EQ16390,2917_코마_6,6,0.8706079125404358,674,150,0.6,
2EQ16390,1525_▲▲▲라벨_7,7,0.5812056660652161,480,564,0.6,
2EQ16390,0000_모듈러카바_8,8,0.47918856143951416,274,504,0.6,
2EQ16390,3780_전원스위치_9,9,0.7519351243972778,782,202,0.6,
2EQ16390,V242_카바라이트_10,10,0.7786058783531189,496,128,0.6,
2EQ16390,V242_카바라이트_11,11,0.7395000457763672,722,136,0.6,
2EQ16390,3779_압판스토퍼_12,12,0.602107048034668,700,250,0.6,
2EQ16390,3779_압판스토퍼_14,14,0.7446683049201965,368,336,0.6,
2EQ16391,C551_토너라벨_1,1,0.36545518040657043,570,368,0.6,
2EQ16391,B793_Canon각인_2,2,0.5750613808631897,118,418,1.05,
2EQ16391,6416_2206N명판_3,3,0.46983447670936584,296,360,1.2,
2EQ16391,3102_현상가압라벨_4,4,0.6731551885604858,432,26,0.75,
2EQ16391,3699_레버피스_4,4,0.6533373594284058,718,62,0.6,
2EQ16391,1525_▲▲▲라벨_5,5,0.927367627620697,800,224,0.75,
2EQ16391,2917_코마_6,6,0.8520898222923279,908,548,0.6,
2EQ16391,1525_▲▲▲라벨_7,7,0.5490499138832092,430,606,0.6,
2EQ16391,0000_모듈러카바_8,8,0.5004996061325073,242,488,0.6,
2EQ16391,3780_전원스위치_9,9,0.758979320526123,782,202,0.6,
2EQ16391,V242_카바라이트_10,10,0.7793224453926086,432,594,0.6,
2EQ16391,V242_카바라이트_11,11,0.788826584815979,500,646,0.6,
2EQ16391,3779_압판스토퍼_12,12,0.539121687412262,514,704,0.9,
2EQ16391,3779_압판스토퍼_14,14,0.7416766881942749,348,322,0.75,
2EQ16392,C551_토너라벨_1,1,0.3361123204231262,528,426,0.6,
2EQ16392,B793_Canon각인_2,2,0.4936845302581787,38,304,1.05,
2EQ16392,6416_2206N명판_3,3,0.4517960846424103,260,310,1.2,
2EQ16392,3102_현상가압라벨_4,4,0.650090217590332,544,36,1.2,
2EQ16392,3699_레버피스_4,4,0.6685875058174133,664,96,0.6,
2EQ16392,1525_▲▲▲라벨_5,5,0.9197390079498291,796,226,0.75,
2EQ16392,2917_코마_6,6,0.8541852235794067,908,544,0.6,
2EQ16392,1525_▲▲▲라벨_7,7,0.6019917130470276,550,538,0.75,
2EQ16392,0000_모듈러카바_8,8,0.5496420860290527,214,514,0.6,
2EQ16392,3780_전원스위치_9,9,0.7591925263404846,782,202,0.6,
2EQ16392,V242_카바라이트_10,10,0.777855396270752,498,132,0.6,
2EQ16392,V242_카바라이트_11,11,0.7959964871406555,508,656,0.6,
2EQ16392,3779_압판스토퍼_12,12,0.5698110461235046,496,202,0.9,
2EQ16392,3779_압판스토퍼_14,14,0.7414319515228271,330,408,0.6,
2EQ16393,C551_토너라벨_1,1,0.426643967628479,536,316,0.6,
2EQ16393,B793_Canon각인_2,2,0.5188925862312317,14,292,1.05,
2EQ16393,6416_2206N명판_3,3,0.4842616617679596,232,312,1.2,
2EQ16393,3102_현상가압라벨_4,4,0.6836439371109009,576,10,0.6,
2EQ16393,3699_레버피스_4,4,0.6585277318954468,550,14,0.6,
2EQ16393,1525_▲▲▲라벨_5,5,0.9179866313934326,234,450,0.6,
2EQ16393,2917_코마_6,6,0.8581069707870483,898,592,0.6,
2EQ16393,1525_▲▲▲라벨_7,7,0.5920368432998657,534,566,0.6,
2EQ16393,0000_모듈러카바_8,8,0.4826391935348511,274,518,0.6,
2EQ16393,3780_전원스위치_9,9,0.7539384961128235,782,202,0.6,
2EQ16393,V242_카바라이트_10,10,0.7887717485427856,496,132,0.6,
2EQ16393,V242_카바라이트_11,11,0.7537139654159546,554,660,0.6,
2EQ16393,3779_압판스토퍼_12,12,0.5430562496185303,194,424,0.9,
2EQ16393,3779_압판스토퍼_14,14,0.7435163855552673,344,376,0.6,
2EQ16394,C551_토너라벨_1,1,0.30046916007995605,146,226,0.6,
2EQ16394,B793_Canon각인_2,2,0.5036367774009705,0,318,1.05,
2EQ16394,6416_2206N명판_3,3,0.4391520619392395,260,392,1.2,
2EQ16394,3102_현상가압라벨_4,4,0.6798577904701233,458,32,1.05,
2EQ16394,3699_레버피스_4,4,0.6395695209503174,572,78,0.6,
2EQ16394,1525_▲▲▲라벨_5,5,0.9245079755783081,806,230,0.6,
2EQ16394,2917_코마_6,6,0.860081672668457,926,580,0.6,
2EQ16394,1525_▲▲▲라벨_7,7,0.6136900782585144,558,552,0.9,
2EQ16394,0000_모듈러카바_8,8,0.5213193297386169,302,500,0.6,
2EQ16394,3780_전원스위치_9,9,0.755254864692688,782,202,0.6,
2EQ16394,V242_카바라이트_10,10,0.7885327339172363,494,130,0.6,
2EQ16394,V242_카바라이트_11,11,0.7994519472122192,506,646,0.6,
2EQ16394,3779_압판스토퍼_12,12,0.5862842798233032,288,166,0.9,
2EQ16394,3779_압판스토퍼_14,14,0.7649998068809509,910,302,0.6,
2EQ16395,C551_토너라벨_1,1,0.42650938034057617,560,336,0.6,
2EQ16395,B793_Canon각인_2,2,0.5465614199638367,42,346,1.05,
2EQ16395,6416_2206N명판_3,3,0.42359575629234314,164,352,1.2,
2EQ16395,3102_현상가압라벨_4,4,0.5981526374816895,584,72,0.6,
2EQ16395,3699_레버피스_4,4,0.6175366640090942,198,30,0.6,
2EQ16395,1525_▲▲▲라벨_5,5,0.9248806238174438,802,230,0.6,
2EQ16395,2917_코마_6,6,0.8742199540138245,926,562,0.6,
2EQ16395,1525_▲▲▲라벨_7,7,0.5683817863464355,322,536,0.6,
2EQ16395,0000_모듈러카바_8,8,0.5456169247627258,274,500,0.6,
2EQ16395,3780_전원스위치_9,9,0.7533724308013916,782,202,0.6,
2EQ16395,V242_카바라이트_10,10,0.7887402772903442,502,128,0.6,
2EQ16395,V242_카바라이트_11,11,0.8090252876281738,520,656,0.6,
2EQ16395,3779_압판스토퍼_12,12,0.5994927883148193,126,470,0.9,
2EQ16395,3779_압판스토퍼_14,14,0.7623503804206848,242,192,0.6,
2EQ16396,C551_토너라벨_1,1,0.33049896359443665,208,212,1.05,
2EQ16396,B793_Canon각인_2,2,0.47809335589408875,88,338,1.05,
2EQ16396,6416_2206N명판_3,3,0.4696980118751526,258,326,1.2,
2EQ16396,3102_현상가압라벨_4,4,0.6791017651557922,516,16,0.75,
2EQ16396,3699_레버피스_4,4,0.6262012124061584,520,34,0.6,
2EQ16396,1525_▲▲▲라벨_5,5,0.9260692596435547,796,230,0.6,
2EQ16396,2917_코마_6,6,0.8748742341995239,934,560,0.6,
2EQ16396,1525_▲▲▲라벨_7,7,0.5664659142494202,528,522,0.9,
2EQ16396,0000_모듈러카바_8,8,0.4209546148777008,284,470,0.6,
2EQ16396,3780_전원스위치_9,9,0.7578782439231873,284,450,0.6,
2EQ16396,V242_카바라이트_10,10,0.7836211323738098,488,124,0.6,
2EQ16396,V242_카바라이트_11,11,0.795638382434845,506,652,0.6,
2EQ16396,3779_압판스토퍼_12,12,0.581415057182312,752,104,0.9,
2EQ16396,3779_압판스토퍼_14,14,0.7576382756233215,228,184,0.6,
2EQ16397,C551_토너라벨_1,1,0.33815449476242065,588,416,0.6,
2EQ16397,B793_Canon각인_2,2,0.5260676741600037,0,296,1.05,
2EQ16397,6416_2206N명판_3,3,0.4388439357280731,282,396,1.2,
2EQ16397,3102_현상가압라벨_4,4,0.6693963408470154,560,18,1.05,
2EQ16397,3699_레버피스_4,4,0.6385776400566101,638,64,0.6,
2EQ16397,1525_▲▲▲라벨_5,5,0.9269822835922241,796,228,0.75,
2EQ16397,2917_코마_6,6,0.8499440550804138,218,184,0.6,
2EQ16397,1525_▲▲▲라벨_7,7,0.5734606981277466,522,534,0.75,
2EQ16397,0000_모듈러카바_8,8,0.4331114888191223,226,438,0.6,
2EQ16397,3780_전원스위치_9,9,0.7604713439941406,312,376,0.6,
2EQ16397,V242_카바라이트_10,10,0.7847421169281006,500,124,0.6,
2EQ16397,V242_카바라이트_11,11,0.7781269550323486,558,656,0.6,
2EQ16397,3779_압판스토퍼_12,12,0.5877549052238464,374,172,0.9,
2EQ16397,3779_압판스토퍼_14,14,0.7342759370803833,348,388,0.6,
2EQ16398,C551_토너라벨_1,1,0.4418734014034271,502,350,0.6,
2EQ16398,B793_Canon각인_2,2,0.5059767961502075,0,346,1.05,
2EQ16398,6416_2206N명판_3,3,0.5156112313270569,206,432,1.2,
2EQ16398,3102_현상가압라벨_4,4,0.640366792678833,670,0,0.6,
2EQ16398,3699_레버피스_4,4,0.6000157594680786,266,178,0.6,
2EQ16398,1525_▲▲▲라벨_5,5,0.9168388843536377,22,606,0.6,
2EQ16398,2917_코마_6,6,0.8488675355911255,794,216,0.6,
2EQ16398,1525_▲▲▲라벨_7,7,0.578053891658783,660,534,0.6,
2EQ16398,0000_모듈러카바_8,8,0.4570952355861664,248,478,0.6,
2EQ16398,3780_전원스위치_9,9,0.751603364944458,782,202,0.6,
2EQ16398,V242_카바라이트_10,10,0.7855122685432434,478,124,0.6,
2EQ16398,V242_카바라이트_11,11,0.7092116475105286,550,650,0.6,
2EQ16398,3779_압판스토퍼_12,12,0.5812438130378723,278,160,0.9,
2EQ16398,3779_압판스토퍼_14,14,0.7387100458145142,232,188,0.75,
2EQ16399,C551_토너라벨_1,1,0.41830456256866455,616,268,0.6,
2EQ16399,B793_Canon각인_2,2,0.5436418056488037,28,268,1.05,
2EQ16399,6416_2206N명판_3,3,0.4904596209526062,204,372,1.2,
2EQ16399,3102_현상가압라벨_4,4,0.6156714558601379,594,32,0.6,
2EQ16399,3699_레버피스_4,4,0.6166871190071106,248,2,0.6,
2EQ16399,1525_▲▲▲라벨_5,5,0.9194682240486145,236,462,0.6,
2EQ16399,2917_코마_6,6,0.8514098525047302,696,158,0.6,
2EQ16399,1525_▲▲▲라벨_7,7,0.6176701784133911,426,628,0.6,
2EQ16399,0000_모듈러카바_8,8,0.5197795033454895,276,490,0.6,
2EQ16399,3780_전원스위치_9,9,0.7567944526672363,782,202,0.6,
2EQ16399,V242_카바라이트_10,10,0.7799541354179382,484,134,0.6,
2EQ16399,V242_카바라이트_11,11,0.7711805105209351,554,656,0.6,
2EQ16399,3779_압판스토퍼_12,12,0.5648077726364136,260,146,0.9,
2EQ16399,3779_압판스토퍼_14,14,0.7510716915130615,210,170,0.6,
2EQ16400,C551_토너라벨_1,1,0.29927369952201843,130,222,0.75,
2EQ16400,B793_Canon각인_2,2,0.5072142481803894,92,310,1.05,
2EQ16400,6416_2206N명판_3,3,0.41212865710258484,706,650,0.6,
2EQ16400,3102_현상가압라벨_4,4,0.620111882686615,502,4,0.9,
2EQ16400,3699_레버피스_4,4,0.6623409986495972,160,12,0.9,
2EQ16400,1525_▲▲▲라벨_5,5,0.9255869388580322,104,488,0.6,
2EQ16400,2917_코마_6,6,0.8637072443962097,914,542,0.6,
2EQ16400,1525_▲▲▲라벨_7,7,0.609508752822876,486,540,0.6,
2EQ16400,0000_모듈러카바_8,8,0.4593246877193451,260,518,0.6,
2EQ16400,3780_전원스위치_9,9,0.7558993101119995,782,202,0.6,
2EQ16400,V242_카바라이트_10,10,0.7719833850860596,490,128,0.6,
2EQ16400,V242_카바라이트_11,11,0.7540755867958069,720,140,0.6,
2EQ16400,3779_압판스토퍼_12,12,0.5211971402168274,628,46,0.9,
2EQ16400,3779_압판스토퍼_14,14,0.7643822431564331,550,246,0.6,
2EQ16401,C551_토너라벨_1,1,0.344139963388443,454,412,0.6,
2EQ16401,B793_Canon각인_2,2,0.5759233832359314,50,374,1.05,
2EQ16401,6416_2206N명판_3,3,0.5613677501678467,284,320,1.2,
2EQ16401,3102_현상가압라벨_4,4,0.6595837473869324,682,40,0.6,
2EQ16401,3699_레버피스_4,4,0.6779229640960693,686,44,0.6,
2EQ16401,1525_▲▲▲라벨_5,5,0.9225382208824158,796,230,0.6,
2EQ16401,2917_코마_6,6,0.8643930554389954,932,544,0.6,
2EQ16401,1525_▲▲▲라벨_7,7,0.5280044078826904,564,574,0.6,
2EQ16401,0000_모듈러카바_8,8,0.42237162590026855,250,482,0.6,
2EQ16401,3780_전원스위치_9,9,0.7579532265663147,782,202,0.6,
2EQ16401,V242_카바라이트_10,10,0.7823336720466614,434,596,0.6,
2EQ16401,V242_카바라이트_11,11,0.7607594132423401,562,650,0.6,
2EQ16401,3779_압판스토퍼_12,12,0.6143994927406311,372,186,0.9,
2EQ16401,3779_압판스토퍼_14,14,0.7542765736579895,226,182,0.75,
2EQ16402,C551_토너라벨_1,1,0.3765951991081238,450,288,0.6,
2EQ16402,B793_Canon각인_2,2,0.5709907412528992,16,378,1.05,
2EQ16402,6416_2206N명판_3,3,0.42643147706985474,238,410,1.2,
2EQ16402,3102_현상가압라벨_4,4,0.6036829352378845,766,324,0.6,
2EQ16402,3699_레버피스_4,4,0.53609299659729,484,354,0.6,
2EQ16402,1525_▲▲▲라벨_5,5,0.9290784597396851,434,448,0.6,
2EQ16402,2917_코마_6,6,0.8613516092300415,926,590,0.6,
2EQ16402,1525_▲▲▲라벨_7,7,0.6093966364860535,528,628,0.6,
2EQ16402,0000_모듈러카바_8,8,0.5438514351844788,288,486,0.6,
2EQ16402,3780_전원스위치_9,9,0.7545167803764343,782,202,0.6,
2EQ16402,V242_카바라이트_10,10,0.7841318249702454,492,136,0.6,
2EQ16402,V242_카바라이트_11,11,0.7656137943267822,504,652,0.6,
2EQ16402,3779_압판스토퍼_12,12,0.5451374053955078,54,608,0.9,
2EQ16402,3779_압판스토퍼_14,14,0.7442187666893005,852,346,0.6,
2EQ16403,C551_토너라벨_1,1,0.39155662059783936,750,44,0.75,
2EQ16403,B793_Canon각인_2,2,0.5565499663352966,18,290,1.05,
2EQ16403,6416_2206N명판_3,3,0.4497837424278259,258,316,1.2,
2EQ16403,3102_현상가압라벨_4,4,0.6015108823776245,766,332,0.6,
2EQ16403,3699_레버피스_4,4,0.6246682405471802,164,26,0.75,
2EQ16403,1525_▲▲▲라벨_5,5,0.9245911240577698,332,448,0.6,
2EQ16403,2917_코마_6,6,0.8564233779907227,844,538,0.6,
2EQ16403,1525_▲▲▲라벨_7,7,0.5926535725593567,526,580,0.6,
2EQ16403,0000_모듈러카바_8,8,0.4652783274650574,302,546,0.6,
2EQ16403,3780_전원스위치_9,9,0.7526346445083618,784,202,0.6,
2EQ16403,V242_카바라이트_10,10,0.7754582762718201,434,602,0.6,
2EQ16403,V242_카바라이트_11,11,0.7924827933311462,512,648,0.6,
2EQ16403,3779_압판스토퍼_12,12,0.5442806482315063,378,174,0.9,
2EQ16403,3779_압판스토퍼_14,14,0.7352427840232849,226,186,0.6,
2EQ16404,C551_토너라벨_1,1,0.3052424490451813,146,228,0.6,
2EQ16404,B793_Canon각인_2,2,0.5381982922554016,0,288,1.05,
2EQ16404,6416_2206N명판_3,3,0.4504871666431427,236,362,1.2,
2EQ16404,3102_현상가압라벨_4,4,0.6407705545425415,668,28,0.6,
2EQ16404,3699_레버피스_4,4,0.6106956601142883,472,36,0.6,
2EQ16404,1525_▲▲▲라벨_5,5,0.9291471242904663,796,226,0.75,
2EQ16404,2917_코마_6,6,0.8656550049781799,926,580,0.6,
2EQ16404,1525_▲▲▲라벨_7,7,0.577516496181488,596,564,0.75,
2EQ16404,0000_모듈러카바_8,8,0.4214995801448822,314,530,0.6,
2EQ16404,3780_전원스위치_9,9,0.7573279142379761,782,202,0.6,
2EQ16404,V242_카바라이트_10,10,0.7901912331581116,482,138,0.6,
2EQ16404,V242_카바라이트_11,11,0.7907615900039673,562,650,0.6,
2EQ16404,3779_압판스토퍼_12,12,0.593541145324707,600,352,0.9,
2EQ16404,3779_압판스토퍼_14,14,0.7200742959976196,426,424,0.6,
2EQ16405,C551_토너라벨_1,1,0.35051727294921875,578,354,0.6,
2EQ16405,B793_Canon각인_2,2,0.45554184913635254,4,222,1.05,
2EQ16405,6416_2206N명판_3,3,0.40576547384262085,580,360,0.6,
2EQ16405,3102_현상가압라벨_4,4,0.6571487784385681,534,8,1.05,
2EQ16405,3699_레버피스_4,4,0.6113117933273315,562,28,0.9,
2EQ16405,1525_▲▲▲라벨_5,5,0.9277746081352234,336,476,0.6,
2EQ16405,2917_코마_6,6,0.8567542433738708,896,534,0.6,
2EQ16405,1525_▲▲▲라벨_7,7,0.5555392503738403,506,522,0.75,
2EQ16405,0000_모듈러카바_8,8,0.49821436405181885,238,510,0.6,
2EQ16405,3780_전원스위치_9,9,0.7537803649902344,782,202,0.6,
2EQ16405,V242_카바라이트_10,10,0.7809010744094849,434,598,0.6,
2EQ16405,V242_카바라이트_11,11,0.7779589891433716,508,660,0.6,
2EQ16405,3779_압판스토퍼_12,12,0.5993043184280396,426,194,0.9,
2EQ16405,3779_압판스토퍼_14,14,0.7672688961029053,576,230,0.75,
2EQ16406,C551_토너라벨_1,1,0.3956792652606964,322,148,1.2,
2EQ16406,B793_Canon각인_2,2,0.5676953196525574,22,344,1.05,
2EQ16406,6416_2206N명판_3,3,0.5053322911262512,206,284,1.2,
2EQ16406,3102_현상가압라벨_4,4,0.6676890254020691,536,22,0.75,
2EQ16406,3699_레버피스_4,4,0.6325253844261169,522,26,0.75,
2EQ16406,1525_▲▲▲라벨_5,5,0.9172376990318298,814,228,0.6,
2EQ16406,2917_코마_6,6,0.8487063646316528,222,190,0.6,
2EQ16406,1525_▲▲▲라벨_7,7,0.5717251300811768,586,540,0.9,
2EQ16406,0000_모듈러카바_8,8,0.5359734892845154,276,486,0.6,
2EQ16406,3780_전원스위치_9,9,0.7582530379295349,782,202,0.6,
2EQ16406,V242_카바라이트_10,10,0.783909797668457,486,120,0.6,
2EQ16406,V242_카바라이트_11,11,0.7847082018852234,510,638,0.6,
2EQ16406,3779_압판스토퍼_12,12,0.5981388092041016,242,126,0.9,
2EQ16406,3779_압판스토퍼_14,14,0.764266312122345,388,400,0.6,
2EQ16407,C551_토너라벨_1,1,0.3079739212989807,494,322,0.6,
2EQ16407,B793_Canon각인_2,2,0.5878910422325134,54,366,1.05,
2EQ16407,6416_2206N명판_3,3,0.40297648310661316,706,650,0.6,
2EQ16407,3102_현상가압라벨_4,4,0.6101489067077637,748,408,0.6,
2EQ16407,3699_레버피스_4,4,0.6571668386459351,708,6,0.6,
2EQ16407,1525_▲▲▲라벨_5,5,0.9279816150665283,800,228,0.6,
2EQ16407,2917_코마_6,6,0.8431953191757202,930,554,0.6,
2EQ16407,1525_▲▲▲라벨_7,7,0.6081532835960388,556,538,0.9,
2EQ16407,0000_모듈러카바_8,8,0.5546740889549255,280,484,0.6,
2EQ16407,3780_전원스위치_9,9,0.7485024333000183,782,200,0.6,
2EQ16407,V242_카바라이트_10,10,0.7804038524627686,496,126,0.6,
2EQ16407,V242_카바라이트_11,11,0.7843038439750671,502,646,0.6,
2EQ16407,3779_압판스토퍼_12,12,0.5203037858009338,590,2,0.9,
2EQ16407,3779_압판스토퍼_14,14,0.7430731058120728,236,252,0.6,
2EQ16408,C551_토너라벨_1,1,0.33161047101020813,544,356,0.6,
2EQ16408,B793_Canon각인_2,2,0.593435525894165,82,278,1.05,
2EQ16408,6416_2206N명판_3,3,0.4293787181377411,276,260,1.2,
2EQ16408,3102_현상가압라벨_4,4,0.644127368927002,664,296,0.6,
2EQ16408,3699_레버피스_4,4,0.6502314805984497,220,14,0.75,
2EQ16408,1525_▲▲▲라벨_5,5,0.9287853837013245,800,230,0.6,
2EQ16408,2917_코마_6,6,0.8483951091766357,12,600,0.6,
2EQ16408,1525_▲▲▲라벨_7,7,0.5581963658332825,544,584,0.75,
2EQ16408,0000_모듈러카바_8,8,0.4675523340702057,290,472,0.6,
2EQ16408,3780_전원스위치_9,9,0.7521584033966064,782,202,0.6,
2EQ16408,V242_카바라이트_10,10,0.7731444239616394,434,602,0.6,
2EQ16408,V242_카바라이트_11,11,0.7631333470344543,540,660,0.6,
2EQ16408,3779_압판스토퍼_12,12,0.5770746469497681,414,222,0.9,
2EQ16408,3779_압판스토퍼_14,14,0.736656904220581,468,280,0.6,
2EQ16409,C551_토너라벨_1,1,0.3707048296928406,488,320,0.6,
2EQ16409,B793_Canon각인_2,2,0.4620874524116516,2,330,1.05,
2EQ16409,6416_2206N명판_3,3,0.4410850405693054,6,648,0.6,
2EQ16409,3102_현상가압라벨_4,4,0.6616725921630859,636,28,0.6,
2EQ16409,3699_레버피스_4,4,0.7140926122665405,456,34,0.6,
2EQ16409,1525_▲▲▲라벨_5,5,0.9196271896362305,812,226,0.6,
2EQ16409,2917_코마_6,6,0.8621269464492798,938,542,0.6,
2EQ16409,1525_▲▲▲라벨_7,7,0.5506646633148193,532,564,0.6,
2EQ16409,0000_모듈러카바_8,8,0.47821182012557983,310,514,0.6,
2EQ16409,3780_전원스위치_9,9,0.7564546465873718,784,202,0.6,
2EQ16409,V242_카바라이트_10,10,0.7771190404891968,484,136,0.6,
2EQ16409,V242_카바라이트_11,11,0.7729145288467407,504,628,0.6,
2EQ16409,3779_압판스토퍼_12,12,0.5581731796264648,200,526,0.9,
2EQ16409,3779_압판스토퍼_14,14,0.7524617314338684,524,370,0.6,
2EQ16410,C551_토너라벨_1,1,0.37834689021110535,444,310,0.6,
2EQ16410,B793_Canon각인_2,2,0.538460910320282,86,374,1.05,
2EQ16410,6416_2206N명판_3,3,0.5227102637290955,166,436,1.2,
2EQ16410,3102_현상가압라벨_4,4,0.6148592233657837,662,8,0.6,
2EQ16410,3699_레버피스_4,4,0.5672838687896729,364,470,1.2,
2EQ16410,1525_▲▲▲라벨_5,5,0.9241390228271484,344,416,0.6,
2EQ16410,2917_코마_6,6,0.8531889915466309,692,388,0.6,
2EQ16410,1525_▲▲▲라벨_7,7,0.5627472996711731,448,574,0.6,
2EQ16410,0000_모듈러카바_8,8,0.5619233250617981,368,538,0.6,
2EQ16410,3780_전원스위치_9,9,0.7531538009643555,782,202,0.6,
2EQ16410,V242_카바라이트_10,10,0.7783714532852173,484,132,0.6,
2EQ16410,V242_카바라이트_11,11,0.7840458154678345,558,650,0.6,
2EQ16410,3779_압판스토퍼_12,12,0.5911496877670288,700,132,0.9,
2EQ16410,3779_압판스토퍼_14,14,0.7592074871063232,374,426,0.6,
2EQ16411,C551_토너라벨_1,1,0.31954947113990784,532,336,0.6,
2EQ16411,B793_Canon각인_2,2,0.5472579598426819,30,350,1.05,
2EQ16411,6416_2206N명판_3,3,0.5012062191963196,214,316,1.2,
2EQ16411,3102_현상가압라벨_4,4,0.6661159992218018,542,56,0.6,
2EQ16411,3699_레버피스_4,4,0.6374501585960388,524,58,0.6,
2EQ16411,1525_▲▲▲라벨_5,5,0.9200279116630554,202,450,0.75,
2EQ16411,2917_코마_6,6,0.8449493050575256,222,190,0.6,
2EQ16411,1525_▲▲▲라벨_7,7,0.6094637513160706,580,554,0.9,
2EQ16411,0000_모듈러카바_8,8,0.46921178698539734,280,516,0.6,
2EQ16411,3780_전원스위치_9,9,0.7578299641609192,784,202,0.6,
2EQ16411,V242_카바라이트_10,10,0.7839656472206116,502,128,0.6,
2EQ16411,V242_카바라이트_11,11,0.7900685667991638,510,648,0.6,
2EQ16411,3779_압판스토퍼_12,12,0.5718910098075867,212,510,0.9,
2EQ16411,3779_압판스토퍼_14,14,0.7674043774604797,346,374,0.6,
2EQ16412,C551_토너라벨_1,1,0.44491326808929443,604,306,0.6,
2EQ16412,B793_Canon각인_2,2,0.5486123561859131,28,304,1.05,
2EQ16412,6416_2206N명판_3,3,0.4148009121417999,698,220,0.6,
2EQ16412,3102_현상가압라벨_4,4,0.6197351217269897,518,28,0.6,
2EQ16412,3699_레버피스_4,4,0.5676352977752686,566,256,0.6,
2EQ16412,1525_▲▲▲라벨_5,5,0.9275673031806946,214,474,0.6,
2EQ16412,2917_코마_6,6,0.8613564372062683,768,540,0.6,
2EQ16412,1525_▲▲▲라벨_7,7,0.5995268821716309,502,610,0.75,
2EQ16412,0000_모듈러카바_8,8,0.6332559585571289,262,496,0.6,
2EQ16412,3780_전원스위치_9,9,0.7567216753959656,782,202,0.6,
2EQ16412,V242_카바라이트_10,10,0.7726070284843445,432,596,0.6,
2EQ16412,V242_카바라이트_11,11,0.7652236223220825,560,662,0.6,
2EQ16412,3779_압판스토퍼_12,12,0.5971401333808899,448,240,0.9,
2EQ16412,3779_압판스토퍼_14,14,0.7344026565551758,760,246,0.6,
2EQ16413,C551_토너라벨_1,1,0.3209945261478424,214,138,1.05,
2EQ16413,B793_Canon각인_2,2,0.5412742495536804,22,312,1.05,
2EQ16413,6416_2206N명판_3,3,0.44334739446640015,558,244,0.6,
2EQ16413,3102_현상가압라벨_4,4,0.7004064321517944,450,42,0.6,
2EQ16413,3699_레버피스_4,4,0.6734805107116699,458,44,0.6,
2EQ16413,1525_▲▲▲라벨_5,5,0.9242889881134033,154,234,0.6,
2EQ16413,2917_코마_6,6,0.8728005290031433,870,566,0.6,
2EQ16413,1525_▲▲▲라벨_7,7,0.576676070690155,548,596,0.75,
2EQ16413,0000_모듈러카바_8,8,0.41417649388313293,230,484,0.6,
2EQ16413,3780_전원스위치_9,9,0.7573541402816772,784,202,0.6,
2EQ16413,V242_카바라이트_10,10,0.7751157283782959,480,134,0.6,
2EQ16413,V242_카바라이트_11,11,0.7634963393211365,550,656,0.6,
2EQ16413,3779_압판스토퍼_12,12,0.5630416870117188,190,456,0.9,
2EQ16413,3779_압판스토퍼_14,14,0.7654133439064026,354,400,0.6,
2EQ16414,C551_토너라벨_1,1,0.35200023651123047,244,146,1.05,
2EQ16414,B793_Canon각인_2,2,0.5425331592559814,2,346,1.05,
2EQ16414,6416_2206N명판_3,3,0.42407017946243286,544,308,0.6,
2EQ16414,3102_현상가압라벨_4,4,0.6161800622940063,544,62,0.6,
2EQ16414,3699_레버피스_4,4,0.594882071018219,208,30,0.6,
2EQ16414,1525_▲▲▲라벨_5,5,0.9202748537063599,814,228,0.6,
2EQ16414,2917_코마_6,6,0.8551536798477173,706,192,0.6,
2EQ16414,1525_▲▲▲라벨_7,7,0.581960916519165,508,522,0.9,
2EQ16414,0000_모듈러카바_8,8,0.5242708921432495,190,506,0.6,
2EQ16414,3780_전원스위치_9,9,0.7573291063308716,782,202,0.6,
2EQ16414,V242_카바라이트_10,10,0.7761475443840027,496,124,0.6,
2EQ16414,V242_카바라이트_11,11,0.7755566835403442,560,654,0.6,
2EQ16414,3779_압판스토퍼_12,12,0.5528035759925842,118,410,0.9,
2EQ16414,3779_압판스토퍼_14,14,0.7562625408172607,226,186,0.6,
2EQ16415,C551_토너라벨_1,1,0.33956000208854675,570,420,0.6,
2EQ16415,B793_Canon각인_2,2,0.5560216307640076,88,266,1.05,
2EQ16415,6416_2206N명판_3,3,0.5152493715286255,186,432,1.2,
2EQ16415,3102_현상가압라벨_4,4,0.6166479587554932,708,222,0.6,
2EQ16415,3699_레버피스_4,4,0.6085500717163086,278,170,0.6,
2EQ16415,1525_▲▲▲라벨_5,5,0.921188473701477,206,448,0.6,
2EQ16415,2917_코마_6,6,0.8650369048118591,916,548,0.6,
2EQ16415,1525_▲▲▲라벨_7,7,0.5483282208442688,504,564,0.75,
2EQ16415,0000_모듈러카바_8,8,0.5344409942626953,288,514,0.6,
2EQ16415,3780_전원스위치_9,9,0.7595933675765991,306,436,0.6,
2EQ16415,V242_카바라이트_10,10,0.779481828212738,438,596,0.6,
2EQ16415,V242_카바라이트_11,11,0.7913934588432312,504,644,0.6,
2EQ16415,3779_압판스토퍼_12,12,0.5816958546638489,320,172,0.9,
2EQ16415,3779_압판스토퍼_14,14,0.7678907513618469,574,318,0.6,
2EQ16416,C551_토너라벨_1,1,0.3461046516895294,456,288,0.6,
2EQ16416,B793_Canon각인_2,2,0.4817076623439789,10,296,1.05,
2EQ16416,6416_2206N명판_3,3,0.5550785064697266,216,356,1.2,
2EQ16416,3102_현상가압라벨_4,4,0.6875642538070679,570,56,0.6,
2EQ16416,3699_레버피스_4,4,0.6157121658325195,220,40,0.9,
2EQ16416,1525_▲▲▲라벨_5,5,0.9276708960533142,176,466,0.75,
2EQ16416,2917_코마_6,6,0.8625470995903015,858,564,0.6,
2EQ16416,1525_▲▲▲라벨_7,7,0.6073064804077148,536,572,0.9,
2EQ16416,0000_모듈러카바_8,8,0.5142017006874084,278,478,0.6,
2EQ16416,3780_전원스위치_9,9,0.7627105712890625,782,202,0.6,
2EQ16416,V242_카바라이트_10,10,0.7836645245552063,500,126,0.6,
2EQ16416,V242_카바라이트_11,11,0.7933945655822754,500,648,0.6,
2EQ16416,3779_압판스토퍼_12,12,0.5820351243019104,812,202,0.6,
2EQ16416,3779_압판스토퍼_14,14,0.7709751725196838,376,388,0.6,
2EQ16417,C551_토너라벨_1,1,0.3561871647834778,508,410,0.6,
2EQ16417,B793_Canon각인_2,2,0.5637078881263733,80,336,1.05,
2EQ16417,6416_2206N명판_3,3,0.41134369373321533,708,650,0.6,
2EQ16417,3102_현상가압라벨_4,4,0.607193112373352,608,60,0.6,
2EQ16417,3699_레버피스_4,4,0.6004824042320251,156,34,0.6,
2EQ16417,1525_▲▲▲라벨_5,5,0.9211336970329285,796,222,0.75,
2EQ16417,2917_코마_6,6,0.8627194166183472,874,580,0.6,
2EQ16417,1525_▲▲▲라벨_7,7,0.5863593816757202,490,604,0.9,
2EQ16417,0000_모듈러카바_8,8,0.44560110569000244,268,472,0.6,
2EQ16417,3780_전원스위치_9,9,0.7556844353675842,782,202,0.6,
2EQ16417,V242_카바라이트_10,10,0.779137909412384,492,130,0.6,
2EQ16417,V242_카바라이트_11,11,0.7737199664115906,514,658,0.6,
2EQ16417,3779_압판스토퍼_12,12,0.5983175039291382,434,222,0.9,
2EQ16417,3779_압판스토퍼_14,14,0.734603762626648,706,274,0.6,
2EQ16418,C551_토너라벨_1,1,0.38043057918548584,532,278,0.6,
2EQ16418,B793_Canon각인_2,2,0.49901631474494934,74,320,1.05,
2EQ16418,6416_2206N명판_3,3,0.479883074760437,130,386,1.2,
2EQ16418,3102_현상가압라벨_4,4,0.6878898739814758,670,0,0.6,
2EQ16418,3699_레버피스_4,4,0.6825565695762634,670,4,0.6,
2EQ16418,1525_▲▲▲라벨_5,5,0.9276185631752014,796,232,0.6,
2EQ16418,2917_코마_6,6,0.8644941449165344,936,570,0.6,
2EQ16418,1525_▲▲▲라벨_7,7,0.5778596997261047,486,516,0.6,
2EQ16418,0000_모듈러카바_8,8,0.5659824013710022,322,488,0.6,
2EQ16418,3780_전원스위치_9,9,0.756722092628479,782,202,0.6,
2EQ16418,V242_카바라이트_10,10,0.7821136713027954,438,594,0.6,
2EQ16418,V242_카바라이트_11,11,0.8017066121101379,560,652,0.6,
2EQ16418,3779_압판스토퍼_12,12,0.5574358105659485,584,674,0.9,
2EQ16418,3779_압판스토퍼_14,14,0.749599039554596,224,182,0.75,
2EQ16419,C551_토너라벨_1,1,0.3425234258174896,522,464,0.6,
2EQ16419,B793_Canon각인_2,2,0.4927726089954376,40,292,1.05,
2EQ16419,6416_2206N명판_3,3,0.4456841051578522,598,376,0.6,
2EQ16419,3102_현상가압라벨_4,4,0.6959766149520874,540,32,0.6,
2EQ16419,3699_레버피스_4,4,0.7017601132392883,518,34,0.6,
2EQ16419,1525_▲▲▲라벨_5,5,0.9282158613204956,800,230,0.75,
2EQ16419,2917_코마_6,6,0.8661426305770874,922,576,0.6,
2EQ16419,1525_▲▲▲라벨_7,7,0.577593207359314,594,500,0.9,
2EQ16419,0000_모듈러카바_8,8,0.530724287033081,308,548,0.6,
2EQ16419,3780_전원스위치_9,9,0.7580841183662415,782,202,0.6,
2EQ16419,V242_카바라이트_10,10,0.7854242324829102,484,130,0.6,
2EQ16419,V242_카바라이트_11,11,0.7883750200271606,544,662,0.6,
2EQ16419,3779_압판스토퍼_12,12,0.5841783881187439,784,90,0.9,
2EQ16419,3779_압판스토퍼_14,14,0.7551180720329285,938,274,0.75,
2EQ16420,C551_토너라벨_1,1,0.376503050327301,534,308,0.6,
2EQ16420,B793_Canon각인_2,2,0.5351648330688477,32,310,1.05,
2EQ16420,6416_2206N명판_3,3,0.5476107597351074,288,358,1.2,
2EQ16420,3102_현상가압라벨_4,4,0.6342002153396606,730,0,0.6,
2EQ16420,3699_레버피스_4,4,0.565653383731842,58,52,0.6,
2EQ16420,1525_▲▲▲라벨_5,5,0.9240764379501343,138,228,0.75,
2EQ16420,2917_코마_6,6,0.8530657291412354,878,588,0.6,
2EQ16420,1525_▲▲▲라벨_7,7,0.566287100315094,528,550,0.6,
2EQ16420,0000_모듈러카바_8,8,0.4935189485549927,326,442,0.6,
2EQ16420,3780_전원스위치_9,9,0.7595452070236206,288,466,0.6,
2EQ16420,V242_카바라이트_10,10,0.777461588382721,440,600,0.6,
2EQ16420,V242_카바라이트_11,11,0.7738210558891296,718,150,0.6,
2EQ16420,3779_압판스토퍼_12,12,0.5628717541694641,442,186,0.9,
2EQ16420,3779_압판스토퍼_14,14,0.7693467736244202,368,358,0.6,
2EQ16421,C551_토너라벨_1,1,0.34062865376472473,484,402,0.6,
2EQ16421,B793_Canon각인_2,2,0.5308981537818909,78,300,1.05,
2EQ16421,6416_2206N명판_3,3,0.43439534306526184,148,446,1.2,
2EQ16421,3102_현상가압라벨_4,4,0.6468520760536194,648,0,0.6,
2EQ16421,3699_레버피스_4,4,0.5582832098007202,238,142,0.75,
2EQ16421,1525_▲▲▲라벨_5,5,0.9277355074882507,254,416,0.6,
2EQ16421,2917_코마_6,6,0.856508195400238,886,390,0.6,
2EQ16421,1525_▲▲▲라벨_7,7,0.6056823134422302,712,208,0.9,
2EQ16421,0000_모듈러카바_8,8,0.46882686018943787,290,424,0.6,
2EQ16421,3780_전원스위치_9,9,0.749245822429657,782,202,0.6,
2EQ16421,V242_카바라이트_10,10,0.798597514629364,514,168,0.6,
2EQ16421,V242_카바라이트_11,11,0.7007024884223938,568,674,0.6,
2EQ16421,3779_압판스토퍼_12,12,0.6703320145606995,616,354,0.9,
2EQ16421,3779_압판스토퍼_14,14,0.7269103527069092,596,360,0.6,
2EQ16422,C551_토너라벨_1,1,0.3377658724784851,464,368,0.6,
2EQ16422,B793_Canon각인_2,2,0.4369477331638336,44,384,1.05,
2EQ16422,6416_2206N명판_3,3,0.4204277992248535,594,318,0.6,
2EQ16422,3102_현상가압라벨_4,4,0.6243895888328552,616,126,0.6,
2EQ16422,3699_레버피스_4,4,0.6681733131408691,632,30,0.6,
2EQ16422,1525_▲▲▲라벨_5,5,0.924383819103241,230,480,0.6,
2EQ16422,2917_코마_6,6,0.8306282758712769,846,580,0.6,
2EQ16422,1525_▲▲▲라벨_7,7,0.5824980735778809,516,578,0.6,
2EQ16422,0000_모듈러카바_8,8,0.5289310812950134,296,464,0.6,
2EQ16422,3780_전원스위치_9,9,0.7553300857543945,784,202,0.6,
2EQ16422,V242_카바라이트_10,10,0.7791373133659363,488,128,0.6,
2EQ16422,V242_카바라이트_11,11,0.7933876514434814,566,658,0.6,
2EQ16422,3779_압판스토퍼_12,12,0.5547252893447876,218,458,0.9,
2EQ16422,3779_압판스토퍼_14,14,0.7498905658721924,240,194,0.6,
2EQ16423,C551_토너라벨_1,1,0.3715205788612366,488,504,0.6,
2EQ16423,B793_Canon각인_2,2,0.5366308689117432,30,428,1.05,
2EQ16423,6416_2206N명판_3,3,0.5079737901687622,162,432,1.2,
2EQ16423,3102_현상가압라벨_4,4,0.6442593932151794,676,2,0.6,
2EQ16423,3699_레버피스_4,4,0.5951635837554932,264,170,0.6,
2EQ16423,1525_▲▲▲라벨_5,5,0.9283478856086731,124,602,0.6,
2EQ16423,2917_코마_6,6,0.8743177056312561,800,404,0.6,
2EQ16423,1525_▲▲▲라벨_7,7,0.6063879728317261,554,482,0.9,
2EQ16423,0000_모듈러카바_8,8,0.5292700529098511,242,382,0.6,
2EQ16423,3780_전원스위치_9,9,0.7541902661323547,782,202,0.6,
2EQ16423,V242_카바라이트_10,10,0.7869259715080261,488,118,0.6,
2EQ16423,V242_카바라이트_11,11,0.7534902095794678,716,610,0.6,
2EQ16423,3779_압판스토퍼_12,12,0.5895019173622131,772,90,0.9,
2EQ16423,3779_압판스토퍼_14,14,0.721071720123291,870,366,0.6,
2EQ16424,C551_토너라벨_1,1,0.3678848445415497,250,364,0.6,
2EQ16424,B793_Canon각인_2,2,0.54106605052948,46,360,1.05,
2EQ16424,6416_2206N명판_3,3,0.4004081189632416,8,660,0.6,
2EQ16424,3102_현상가압라벨_4,4,0.6020411252975464,776,4,0.6,
2EQ16424,3699_레버피스_4,4,0.5714364647865295,782,6,0.6,
2EQ16424,1525_▲▲▲라벨_5,5,0.9237486720085144,140,234,0.75,
2EQ16424,2917_코마_6,6,0.8619656562805176,444,52,0.6,
2EQ16424,1525_▲▲▲라벨_7,7,0.5621699690818787,312,242,0.9,
2EQ16424,0000_모듈러카바_8,8,0.5882198214530945,322,520,0.6,
2EQ16424,3780_전원스위치_9,9,0.7573314905166626,782,202,0.6,
2EQ16424,V242_카바라이트_10,10,0.7791684865951538,480,134,0.6,
2EQ16424,V242_카바라이트_11,11,0.7907009124755859,508,662,0.6,
2EQ16424,3779_압판스토퍼_12,12,0.5846612453460693,372,190,0.9,
2EQ16424,3779_압판스토퍼_14,14,0.764350414276123,852,32,0.6,
2EQ16425,C551_토너라벨_1,1,0.46472227573394775,600,320,0.6,
2EQ16425,B793_Canon각인_2,2,0.5285758972167969,32,262,1.05,
2EQ16425,6416_2206N명판_3,3,0.4800678789615631,256,226,1.2,
2EQ16425,3102_현상가압라벨_4,4,0.6712579727172852,652,14,0.6,
2EQ16425,3699_레버피스_4,4,0.6911415457725525,658,16,0.6,
2EQ16425,1525_▲▲▲라벨_5,5,0.9253970980644226,168,478,0.6,
2EQ16425,2917_코마_6,6,0.8533824682235718,676,136,0.6,
2EQ16425,1525_▲▲▲라벨_7,7,0.5830792784690857,328,560,0.6,
2EQ16425,0000_모듈러카바_8,8,0.4846813678741455,250,510,0.6,
2EQ16425,3780_전원스위치_9,9,0.752077579498291,782,202,0.6,
2EQ16425,V242_카바라이트_10,10,0.7848859429359436,476,126,0.6,
2EQ16425,V242_카바라이트_11,11,0.7327225804328918,524,616,0.6,
2EQ16425,3779_압판스토퍼_12,12,0.6006737947463989,300,156,0.9,
2EQ16425,3779_압판스토퍼_14,14,0.729790449142456,870,514,0.6,
2EQ16426,C551_토너라벨_1,1,0.39869508147239685,534,328,0.6,
2EQ16426,B793_Canon각인_2,2,0.5198317766189575,2,300,1.05,
2EQ16426,6416_2206N명판_3,3,0.5116693377494812,232,348,1.2,
2EQ16426,3102_현상가압라벨_4,4,0.5824669599533081,608,674,0.6,
2EQ16426,3699_레버피스_4,4,0.5943160057067871,170,48,0.6,
2EQ16426,1525_▲▲▲라벨_5,5,0.9292517900466919,796,228,0.75,
2EQ16426,2917_코마_6,6,0.8543277978897095,904,550,0.6,
2EQ16426,1525_▲▲▲라벨_7,7,0.6272078156471252,618,524,0.9,
2EQ16426,0000_모듈러카바_8,8,0.4807489216327667,272,502,0.6,
2EQ16426,3780_전원스위치_9,9,0.7558439373970032,782,202,0.6,
2EQ16426,V242_카바라이트_10,10,0.7829335331916809,440,590,0.6,
2EQ16426,V242_카바라이트_11,11,0.7598506808280945,558,652,0.6,
2EQ16426,3779_압판스토퍼_12,12,0.5710210800170898,280,154,0.9,
2EQ16426,3779_압판스토퍼_14,14,0.7633614540100098,384,366,0.6,
2EQ16427,C551_토너라벨_1,1,0.4081713855266571,386,344,0.6,
2EQ16427,B793_Canon각인_2,2,0.5166457891464233,46,284,1.05,
2EQ16427,6416_2206N명판_3,3,0.5042412281036377,236,418,1.2,
2EQ16427,3102_현상가압라벨_4,4,0.6268293261528015,636,90,0.6,
2EQ16427,3699_레버피스_4,4,0.6017058491706848,244,24,0.6,
2EQ16427,1525_▲▲▲라벨_5,5,0.9167040586471558,814,230,0.6,
2EQ16427,2917_코마_6,6,0.8637679219245911,930,560,0.6,
2EQ16427,1525_▲▲▲라벨_7,7,0.6098918914794922,446,544,0.75,
2EQ16427,0000_모듈러카바_8,8,0.540298581123352,284,472,0.6,
2EQ16427,3780_전원스위치_9,9,0.7590039372444153,782,202,0.6,
2EQ16427,V242_카바라이트_10,10,0.7644872069358826,488,130,0.6,
2EQ16427,V242_카바라이트_11,11,0.803350031375885,548,660,0.6,
2EQ16427,3779_압판스토퍼_12,12,0.5579633116722107,322,196,0.9,
2EQ16427,3779_압판스토퍼_14,14,0.759568452835083,214,176,0.75,
2EQ16428,C551_토너라벨_1,1,0.32257819175720215,552,510,0.6,
2EQ16428,B793_Canon각인_2,2,0.43050500750541687,36,444,1.05,
2EQ16428,6416_2206N명판_3,3,0.4088120758533478,704,650,0.6,
2EQ16428,3102_현상가압라벨_4,4,0.6604872345924377,724,176,0.6,
2EQ16428,3699_레버피스_4,4,0.6810686588287354,550,194,0.6,
2EQ16428,1525_▲▲▲라벨_5,5,0.912053644657135,394,446,0.6,
2EQ16428,2917_코마_6,6,0.836698591709137,924,540,0.6,
2EQ16428,1525_▲▲▲라벨_7,7,0.5404252409934998,488,582,0.6,
2EQ16428,0000_모듈러카바_8,8,0.4800897240638733,252,518,0.6,
2EQ16428,3780_전원스위치_9,9,0.757080614566803,782,202,0.6,
2EQ16428,V242_카바라이트_10,10,0.7739766240119934,434,606,0.6,
2EQ16428,V242_카바라이트_11,11,0.7689512968063354,540,666,0.6,
2EQ16428,3779_압판스토퍼_12,12,0.5307504534721375,192,474,0.9,
2EQ16428,3779_압판스토퍼_14,14,0.7559364438056946,238,194,0.6,
2EQ16429,C551_토너라벨_1,1,0.36386358737945557,502,298,0.6,
2EQ16429,B793_Canon각인_2,2,0.49325132369995117,90,298,1.05,
2EQ16429,6416_2206N명판_3,3,0.4398581087589264,224,314,1.2,
2EQ16429,3102_현상가압라벨_4,4,0.6330814361572266,488,2,0.6,
2EQ16429,3699_레버피스_4,4,0.694919228553772,508,42,0.6,
2EQ16429,1525_▲▲▲라벨_5,5,0.9265974164009094,180,468,0.6,
2EQ16429,2917_코마_6,6,0.852918267250061,936,558,0.6,
2EQ16429,1525_▲▲▲라벨_7,7,0.5630195140838623,554,590,0.75,
2EQ16429,0000_모듈러카바_8,8,0.5108587741851807,252,512,0.6,
2EQ16429,3780_전원스위치_9,9,0.7589157223701477,316,420,0.6,
2EQ16429,V242_카바라이트_10,10,0.7789943218231201,496,132,0.6,
2EQ16429,V242_카바라이트_11,11,0.7847065329551697,512,652,0.6,
2EQ16429,3779_압판스토퍼_12,12,0.5434273481369019,882,8,0.9,
2EQ16429,3779_압판스토퍼_14,14,0.7285485863685608,164,626,0.6,
2EQ16430,C551_토너라벨_1,1,0.40115442872047424,556,330,0.6,
2EQ16430,B793_Canon각인_2,2,0.5389450192451477,36,348,1.05,
2EQ16430,6416_2206N명판_3,3,0.46581727266311646,204,288,1.2,
2EQ16430,3102_현상가압라벨_4,4,0.611379861831665,794,354,0.6,
2EQ16430,3699_레버피스_4,4,0.6580098271369934,380,6,0.6,
2EQ16430,1525_▲▲▲라벨_5,5,0.9218220710754395,188,468,0.6,
2EQ16430,2917_코마_6,6,0.8449707627296448,738,52,0.6,
2EQ16430,1525_▲▲▲라벨_7,7,0.5803734064102173,542,616,0.6,
2EQ16430,0000_모듈러카바_8,8,0.5597740411758423,308,468,0.6,
2EQ16430,3780_전원스위치_9,9,0.7554041743278503,782,202,0.6,
2EQ16430,V242_카바라이트_10,10,0.7728243470191956,436,606,0.6,
2EQ16430,V242_카바라이트_11,11,0.7821996212005615,514,642,0.6,
2EQ16430,3779_압판스토퍼_12,12,0.5777551531791687,238,132,0.9,
2EQ16430,3779_압판스토퍼_14,14,0.7611145973205566,376,356,0.6,
2EQ16431,C551_토너라벨_1,1,0.4365832805633545,638,328,0.6,
2EQ16431,B793_Canon각인_2,2,0.5274168252944946,56,308,1.05,
2EQ16431,6416_2206N명판_3,3,0.5228503346443176,194,310,1.2,
2EQ16431,3102_현상가압라벨_4,4,0.6036339402198792,678,64,0.6,
2EQ16431,3699_레버피스_4,4,0.6393207311630249,190,28,0.6,
2EQ16431,1525_▲▲▲라벨_5,5,0.9285231828689575,158,234,0.6,
2EQ16431,2917_코마_6,6,0.8244853019714355,88,388,0.6,
2EQ16431,1525_▲▲▲라벨_7,7,0.5731778144836426,14,230,0.9,
2EQ16431,0000_모듈러카바_8,8,0.5280623435974121,314,496,0.6,
2EQ16431,3780_전원스위치_9,9,0.7577633261680603,310,450,0.6,
2EQ16431,V242_카바라이트_10,10,0.7677664160728455,500,120,0.6,
2EQ16431,V242_카바라이트_11,11,0.7700048685073853,506,656,0.6,
2EQ16431,3779_압판스토퍼_12,12,0.6087361574172974,522,174,0.9,
2EQ16431,3779_압판스토퍼_14,14,0.7570220828056335,912,256,0.6,
2EQ16432,C551_토너라벨_1,1,0.3143725097179413,498,374,0.6,
2EQ16432,B793_Canon각인_2,2,0.5466127395629883,16,308,1.05,
2EQ16432,6416_2206N명판_3,3,0.44699496030807495,564,300,0.6,
2EQ16432,3102_현상가압라벨_4,4,0.657316267490387,534,10,0.75,
2EQ16432,3699_레버피스_4,4,0.6337765455245972,166,42,0.6,
2EQ16432,1525_▲▲▲라벨_5,5,0.9267498254776001,800,232,0.6,
2EQ16432,2917_코마_6,6,0.8787561655044556,896,548,0.6,
2EQ16432,1525_▲▲▲라벨_7,7,0.5928877592086792,526,564,0.9,
2EQ16432,0000_모듈러카바_8,8,0.42278003692626953,288,470,0.6,
2EQ16432,3780_전원스위치_9,9,0.7553806304931641,782,202,0.6,
2EQ16432,V242_카바라이트_10,10,0.7772923707962036,486,120,0.6,
2EQ16432,V242_카바라이트_11,11,0.7443490028381348,562,628,0.6,
2EQ16432,3779_압판스토퍼_12,12,0.5908190011978149,760,112,0.9,
2EQ16432,3779_압판스토퍼_14,14,0.7692785263061523,566,254,0.75,
2EQ16433,C551_토너라벨_1,1,0.3113735318183899,364,398,0.6,
2EQ16433,B793_Canon각인_2,2,0.5107208490371704,44,378,1.05,
2EQ16433,6416_2206N명판_3,3,0.4231710731983185,518,412,0.9,
2EQ16433,3102_현상가압라벨_4,4,0.6761157512664795,528,18,0.6,
2EQ16433,3699_레버피스_4,4,0.6072853207588196,152,38,0.6,
2EQ16433,1525_▲▲▲라벨_5,5,0.9290593266487122,802,230,0.6,
2EQ16433,2917_코마_6,6,0.8639470934867859,898,548,0.6,
2EQ16433,1525_▲▲▲라벨_7,7,0.5578591227531433,196,270,0.6,
2EQ16433,0000_모듈러카바_8,8,0.4507577419281006,268,458,0.6,
2EQ16433,3780_전원스위치_9,9,0.7597106695175171,784,202,0.6,
2EQ16433,V242_카바라이트_10,10,0.7843334674835205,432,598,0.6,
2EQ16433,V242_카바라이트_11,11,0.7727224826812744,720,142,0.6,
2EQ16433,3779_압판스토퍼_12,12,0.5967265963554382,432,244,0.9,
2EQ16433,3779_압판스토퍼_14,14,0.7517544627189636,354,344,0.6,
2EQ16434,C551_토너라벨_1,1,0.3090417981147766,464,366,0.6,
2EQ16434,B793_Canon각인_2,2,0.5378519892692566,6,322,1.05,
2EQ16434,6416_2206N명판_3,3,0.43847811222076416,590,314,0.6,
2EQ16434,3102_현상가압라벨_4,4,0.7119777202606201,502,14,0.6,
2EQ16434,3699_레버피스_4,4,0.7031421065330505,480,18,0.6,
2EQ16434,1525_▲▲▲라벨_5,5,0.9258003234863281,192,476,0.6,
2EQ16434,2917_코마_6,6,0.8347117304801941,14,606,0.6,
2EQ16434,1525_▲▲▲라벨_7,7,0.5841768980026245,594,576,0.75,
2EQ16434,0000_모듈러카바_8,8,0.4407865107059479,278,490,0.6,
2EQ16434,3780_전원스위치_9,9,0.7589902877807617,784,202,0.6,
2EQ16434,V242_카바라이트_10,10,0.7827459573745728,500,134,0.6,
2EQ16434,V242_카바라이트_11,11,0.7828425765037537,720,146,0.6,
2EQ16434,3779_압판스토퍼_12,12,0.5569324493408203,404,146,0.9,
2EQ16434,3779_압판스토퍼_14,14,0.7592257261276245,352,386,0.6,
2EQ16435,C551_토너라벨_1,1,0.30957716703414917,538,262,0.75,
2EQ16435,B793_Canon각인_2,2,0.5489387512207031,36,304,1.05,
2EQ16435,6416_2206N명판_3,3,0.4312881529331207,582,312,0.6,
2EQ16435,3102_현상가압라벨_4,4,0.6709063053131104,498,182,0.75,
2EQ16435,3699_레버피스_4,4,0.62428879737854,504,200,0.6,
2EQ16435,1525_▲▲▲라벨_5,5,0.9198502898216248,812,228,0.6,
2EQ16435,2917_코마_6,6,0.8757275342941284,934,556,0.6,
2EQ16435,1525_▲▲▲라벨_7,7,0.5545786619186401,518,590,1.2,
2EQ16435,0000_모듈러카바_8,8,0.5146062970161438,302,494,0.6,
2EQ16435,3780_전원스위치_9,9,0.7619463205337524,784,202,0.6,
2EQ16435,V242_카바라이트_10,10,0.7800425887107849,420,598,0.6,
2EQ16435,V242_카바라이트_11,11,0.7679976224899292,494,656,0.6,
2EQ16435,3779_압판스토퍼_12,12,0.5876777768135071,356,184,0.9,
2EQ16435,3779_압판스토퍼_14,14,0.7682225108146667,538,200,0.75,
2EQ16436,C551_토너라벨_1,1,0.37587296962738037,466,330,0.6,
2EQ16436,B793_Canon각인_2,2,0.5361940860748291,44,250,1.05,
2EQ16436,6416_2206N명판_3,3,0.4700468182563782,170,442,1.2,
2EQ16436,3102_현상가압라벨_4,4,0.598422646522522,770,24,0.6,
2EQ16436,3699_레버피스_4,4,0.5816935300827026,760,18,0.75,
2EQ16436,1525_▲▲▲라벨_5,5,0.9217516183853149,12,594,0.6,
2EQ16436,2917_코마_6,6,0.8415042757987976,174,700,0.6,
2EQ16436,1525_▲▲▲라벨_7,7,0.5482305288314819,956,670,0.6,
2EQ16436,0000_모듈러카바_8,8,0.5793952941894531,290,526,0.6,
2EQ16436,3780_전원스위치_9,9,0.7582412362098694,784,202,0.6,
2EQ16436,V242_카바라이트_10,10,0.782322347164154,482,130,0.6,
2EQ16436,V242_카바라이트_11,11,0.7410436868667603,718,618,0.6,
2EQ16436,3779_압판스토퍼_12,12,0.5439127087593079,600,74,0.9,
2EQ16436,3779_압판스토퍼_14,14,0.7476696968078613,212,176,0.75,
2EQ16437,C551_토너라벨_1,1,0.3282904028892517,546,410,0.6,
2EQ16437,B793_Canon각인_2,2,0.5523987412452698,0,334,1.05,
2EQ16437,6416_2206N명판_3,3,0.5473745465278625,236,332,1.2,
2EQ16437,3102_현상가압라벨_4,4,0.6517122387886047,476,8,0.9,
2EQ16437,3699_레버피스_4,4,0.6289783120155334,698,28,0.6,
2EQ16437,1525_▲▲▲라벨_5,5,0.9213575124740601,796,226,0.75,
2EQ16437,2917_코마_6,6,0.8685611486434937,930,566,0.6,
2EQ16437,1525_▲▲▲라벨_7,7,0.5725741982460022,524,580,0.6,
2EQ16437,0000_모듈러카바_8,8,0.5699160099029541,280,512,0.6,
2EQ16437,3780_전원스위치_9,9,0.7576355338096619,782,202,0.6,
2EQ16437,V242_카바라이트_10,10,0.7738322019577026,426,582,0.6,
2EQ16437,V242_카바라이트_11,11,0.7722100019454956,558,652,0.6,
2EQ16437,3779_압판스토퍼_12,12,0.5811514258384705,468,194,0.9,
2EQ16437,3779_압판스토퍼_14,14,0.7550888061523438,218,182,0.75,
2EQ16438,C551_토너라벨_1,1,0.34872058033943176,484,342,0.6,
2EQ16438,B793_Canon각인_2,2,0.4753299057483673,30,350,1.05,
2EQ16438,6416_2206N명판_3,3,0.4386361539363861,586,282,0.6,
2EQ16438,3102_현상가압라벨_4,4,0.6228647828102112,896,398,0.6,
2EQ16438,3699_레버피스_4,4,0.6491626501083374,810,506,0.6,
2EQ16438,1525_▲▲▲라벨_5,5,0.9270105957984924,240,456,0.6,
2EQ16438,2917_코마_6,6,0.853072464466095,660,152,0.6,
2EQ16438,1525_▲▲▲라벨_7,7,0.5393826365470886,524,594,0.6,
2EQ16438,0000_모듈러카바_8,8,0.4989629089832306,240,500,0.6,
2EQ16438,3780_전원스위치_9,9,0.7573433518409729,782,202,0.6,
2EQ16438,V242_카바라이트_10,10,0.7848535776138306,486,126,0.6,
2EQ16438,V242_카바라이트_11,11,0.7800222635269165,502,644,0.6,
2EQ16438,3779_압판스토퍼_12,12,0.5552325248718262,178,426,0.9,
2EQ16438,3779_압판스토퍼_14,14,0.7661445140838623,346,350,0.6,
2EQ16439,C551_토너라벨_1,1,0.40340009331703186,344,320,0.6,
2EQ16439,B793_Canon각인_2,2,0.47598156332969666,52,360,1.05,
2EQ16439,6416_2206N명판_3,3,0.45731794834136963,140,424,1.2,
2EQ16439,3102_현상가압라벨_4,4,0.654119074344635,668,32,0.6,
2EQ16439,3699_레버피스_4,4,0.5538394451141357,358,482,1.2,
2EQ16439,1525_▲▲▲라벨_5,5,0.9235657453536987,220,368,0.6,
2EQ16439,2917_코마_6,6,0.8642477989196777,602,10,0.6,
2EQ16439,1525_▲▲▲라벨_7,7,0.6084142923355103,722,208,0.6,
2EQ16439,0000_모듈러카바_8,8,0.5615108609199524,306,432,0.6,
2EQ16439,3780_전원스위치_9,9,0.7567270994186401,782,202,0.6,
2EQ16439,V242_카바라이트_10,10,0.7692999839782715,434,586,0.6,
2EQ16439,V242_카바라이트_11,11,0.7255133390426636,568,644,0.6,
2EQ16439,3779_압판스토퍼_12,12,0.6047201752662659,790,70,0.9,
2EQ16439,3779_압판스토퍼_14,14,0.7635115385055542,236,188,0.75,
2EQ16440,C551_토너라벨_1,1,0.3739379942417145,654,288,0.6,
2EQ16440,B793_Canon각인_2,2,0.5499314665794373,34,358,1.05,
2EQ16440,6416_2206N명판_3,3,0.5013033747673035,190,356,1.2,
2EQ16440,3102_현상가압라벨_4,4,0.6705392003059387,680,26,0.6,
2EQ16440,3699_레버피스_4,4,0.6585989594459534,588,18,0.75,
2EQ16440,1525_▲▲▲라벨_5,5,0.9240275025367737,142,490,0.6,
2EQ16440,2917_코마_6,6,0.8584564328193665,880,556,0.6,
2EQ16440,1525_▲▲▲라벨_7,7,0.5786348581314087,318,626,0.9,
2EQ16440,0000_모듈러카바_8,8,0.600899875164032,342,516,0.6,
2EQ16440,3780_전원스위치_9,9,0.7578879594802856,784,202,0.6,
2EQ16440,V242_카바라이트_10,10,0.7869184613227844,432,600,0.6,
2EQ16440,V242_카바라이트_11,11,0.792802631855011,566,648,0.6,
2EQ16440,3779_압판스토퍼_12,12,0.5498951077461243,456,198,0.9,
2EQ16440,3779_압판스토퍼_14,14,0.7522616386413574,200,486,0.75,
2EQ16441,C551_토너라벨_1,1,0.3998121917247772,544,396,0.6,
2EQ16441,B793_Canon각인_2,2,0.5415494441986084,10,274,1.05,
2EQ16441,6416_2206N명판_3,3,0.4539929926395416,280,286,1.2,
2EQ16441,3102_현상가압라벨_4,4,0.6131827235221863,706,272,0.6,
2EQ16441,3699_레버피스_4,4,0.5919349193572998,260,10,0.6,
2EQ16441,1525_▲▲▲라벨_5,5,0.9189242124557495,212,466,0.75,
2EQ16441,2917_코마_6,6,0.8671525120735168,938,546,0.6,
2EQ16441,1525_▲▲▲라벨_7,7,0.5829600095748901,574,596,0.9,
2EQ16441,0000_모듈러카바_8,8,0.5310661196708679,256,518,0.6,
2EQ16441,3780_전원스위치_9,9,0.75594162940979,782,202,0.6,
2EQ16441,V242_카바라이트_10,10,0.7805544137954712,446,600,0.6,
2EQ16441,V242_카바라이트_11,11,0.744149923324585,540,658,0.6,
2EQ16441,3779_압판스토퍼_12,12,0.5082517862319946,316,544,0.9,
2EQ16441,3779_압판스토퍼_14,14,0.7488029599189758,340,340,0.6,
2EQ16442,C551_토너라벨_1,1,0.37572309374809265,574,276,0.6,
2EQ16442,B793_Canon각인_2,2,0.5399489402770996,40,248,1.05,
2EQ16442,6416_2206N명판_3,3,0.4446326196193695,234,340,1.2,
2EQ16442,3102_현상가압라벨_4,4,0.6057937145233154,340,98,0.6,
2EQ16442,3699_레버피스_4,4,0.6588311791419983,198,32,0.6,
2EQ16442,1525_▲▲▲라벨_5,5,0.9237023591995239,796,226,0.75,
2EQ16442,2917_코마_6,6,0.8509672284126282,886,598,0.6,
2EQ16442,1525_▲▲▲라벨_7,7,0.5458078384399414,0,650,0.6,
2EQ16442,0000_모듈러카바_8,8,0.48816370964050293,292,518,0.6,
2EQ16442,3780_전원스위치_9,9,0.7540445923805237,782,202,0.6,
2EQ16442,V242_카바라이트_10,10,0.7585110664367676,484,124,0.6,
2EQ16442,V242_카바라이트_11,11,0.7338402271270752,570,646,0.6,
2EQ16442,3779_압판스토퍼_12,12,0.5894477963447571,478,244,0.9,
2EQ16442,3779_압판스토퍼_14,14,0.7625871896743774,220,182,0.6,
2EQ16443,C551_토너라벨_1,1,0.32499563694000244,460,346,0.6,
2EQ16443,B793_Canon각인_2,2,0.535064697265625,34,338,1.05,
2EQ16443,6416_2206N명판_3,3,0.4108513295650482,698,650,0.6,
2EQ16443,3102_현상가압라벨_4,4,0.6084824800491333,710,50,0.6,
2EQ16443,3699_레버피스_4,4,0.5983846187591553,428,18,0.6,
2EQ16443,1525_▲▲▲라벨_5,5,0.9224138855934143,238,464,0.6,
2EQ16443,2917_코마_6,6,0.8519026637077332,900,594,0.6,
2EQ16443,1525_▲▲▲라벨_7,7,0.5930894017219543,568,554,0.75,
2EQ16443,0000_모듈러카바_8,8,0.4646071791648865,308,464,0.6,
2EQ16443,3780_전원스위치_9,9,0.7563826441764832,784,202,0.6,
2EQ16443,V242_카바라이트_10,10,0.7599315643310547,490,130,0.6,
2EQ16443,V242_카바라이트_11,11,0.7721543312072754,720,150,0.6,
2EQ16443,3779_압판스토퍼_12,12,0.5198140740394592,612,580,0.9,
2EQ16443,3779_압판스토퍼_14,14,0.7686878442764282,350,356,0.6,
2EQ16444,C551_토너라벨_1,1,0.3132679760456085,148,230,0.6,
2EQ16444,B793_Canon각인_2,2,0.5374521613121033,22,296,1.05,
2EQ16444,6416_2206N명판_3,3,0.44463303685188293,254,320,1.2,
2EQ16444,3102_현상가압라벨_4,4,0.6842430830001831,510,30,0.6,
2EQ16444,3699_레버피스_4,4,0.6505223512649536,484,34,0.6,
2EQ16444,1525_▲▲▲라벨_5,5,0.9268937110900879,796,226,0.75,
2EQ16444,2917_코마_6,6,0.8605602383613586,910,550,0.6,
2EQ16444,1525_▲▲▲라벨_7,7,0.5762840509414673,552,526,0.75,
2EQ16444,0000_모듈러카바_8,8,0.4186207950115204,638,602,0.6,
2EQ16444,3780_전원스위치_9,9,0.7531789541244507,292,410,0.6,
2EQ16444,V242_카바라이트_10,10,0.7720267176628113,430,582,0.6,
2EQ16444,V242_카바라이트_11,11,0.7549275755882263,720,140,0.6,
2EQ16444,3779_압판스토퍼_12,12,0.5502270460128784,228,392,0.9,
2EQ16444,3779_압판스토퍼_14,14,0.7624093294143677,222,186,0.6,
2EQ16445,C551_토너라벨_1,1,0.31665927171707153,450,428,0.6,
2EQ16445,B793_Canon각인_2,2,0.46741601824760437,10,256,1.05,
2EQ16445,6416_2206N명판_3,3,0.4988853633403778,208,366,1.2,
2EQ16445,3102_현상가압라벨_4,4,0.6839495301246643,514,12,0.9,
2EQ16445,3699_레버피스_4,4,0.6356369256973267,152,30,0.75,
2EQ16445,1525_▲▲▲라벨_5,5,0.9298345446586609,796,232,0.6,
2EQ16445,2917_코마_6,6,0.8484951853752136,936,558,0.6,
2EQ16445,1525_▲▲▲라벨_7,7,0.5923408269882202,502,516,0.9,
2EQ16445,0000_모듈러카바_8,8,0.5040130615234375,234,474,0.6,
2EQ16445,3780_전원스위치_9,9,0.7549165487289429,782,202,0.6,
2EQ16445,V242_카바라이트_10,10,0.7831260561943054,430,602,0.6,
2EQ16445,V242_카바라이트_11,11,0.7614048719406128,566,644,0.6,
2EQ16445,3779_압판스토퍼_12,12,0.5899477005004883,394,192,0.9,
2EQ16445,3779_압판스토퍼_14,14,0.7570004463195801,100,410,0.6,
2EQ16446,C551_토너라벨_1,1,0.3231671154499054,522,284,0.6,
2EQ16446,B793_Canon각인_2,2,0.5446539521217346,20,300,1.05,
2EQ16446,6416_2206N명판_3,3,0.44126054644584656,256,256,1.2,
2EQ16446,3102_현상가압라벨_4,4,0.7006784677505493,514,38,0.6,
2EQ16446,3699_레버피스_4,4,0.6333017945289612,690,36,0.6,
2EQ16446,1525_▲▲▲라벨_5,5,0.9253618121147156,812,230,0.6,
2EQ16446,2917_코마_6,6,0.8444375991821289,892,602,0.6,
2EQ16446,1525_▲▲▲라벨_7,7,0.6102070808410645,474,534,0.75,
2EQ16446,0000_모듈러카바_8,8,0.499551922082901,270,532,0.6,
2EQ16446,3780_전원스위치_9,9,0.7566882967948914,784,202,0.6,
2EQ16446,V242_카바라이트_10,10,0.7783401608467102,432,600,0.6,
2EQ16446,V242_카바라이트_11,11,0.7622302174568176,566,648,0.6,
2EQ16446,3779_압판스토퍼_12,12,0.5782470107078552,548,146,0.9,
2EQ16446,3779_압판스토퍼_14,14,0.763927698135376,374,426,0.6,
2EQ16447,C551_토너라벨_1,1,0.36118602752685547,470,402,0.6,
2EQ16447,B793_Canon각인_2,2,0.5763185024261475,140,354,1.05,
2EQ16447,6416_2206N명판_3,3,0.547153115272522,196,386,1.2,
2EQ16447,3102_현상가압라벨_4,4,0.6048483848571777,626,4,0.6,
2EQ16447,3699_레버피스_4,4,0.6395408511161804,286,178,0.6,
2EQ16447,1525_▲▲▲라벨_5,5,0.9224331378936768,10,598,0.6,
2EQ16447,2917_코마_6,6,0.8677436709403992,244,176,0.6,
2EQ16447,1525_▲▲▲라벨_7,7,0.5431596040725708,316,48,0.9,
2EQ16447,0000_모듈러카바_8,8,0.4922409951686859,192,334,0.6,
2EQ16447,3780_전원스위치_9,9,0.7539944052696228,784,202,0.6,
2EQ16447,V242_카바라이트_10,10,0.7800038456916809,448,598,0.6,
2EQ16447,V242_카바라이트_11,11,0.7564948201179504,566,620,0.6,
2EQ16447,3779_압판스토퍼_12,12,0.587884247303009,480,268,0.9,
2EQ16447,3779_압판스토퍼_14,14,0.7582268714904785,934,238,0.6,
2EQ16448,C551_토너라벨_1,1,0.3486567735671997,488,336,0.6,
2EQ16448,B793_Canon각인_2,2,0.5399804711341858,16,318,1.05,
2EQ16448,6416_2206N명판_3,3,0.41894787549972534,226,344,1.2,
2EQ16448,3102_현상가압라벨_4,4,0.6329537630081177,688,46,0.6,
2EQ16448,3699_레버피스_4,4,0.5785062313079834,484,10,0.6,
2EQ16448,1525_▲▲▲라벨_5,5,0.9316270351409912,800,230,0.6,
2EQ16448,2917_코마_6,6,0.8539390563964844,182,592,0.6,
2EQ16448,1525_▲▲▲라벨_7,7,0.5753805637359619,560,648,0.6,
2EQ16448,0000_모듈러카바_8,8,0.4573570191860199,284,536,0.6,
2EQ16448,3780_전원스위치_9,9,0.7558204531669617,782,202,0.6,
2EQ16448,V242_카바라이트_10,10,0.7773249745368958,434,594,0.6,
2EQ16448,V242_카바라이트_11,11,0.7669773101806641,552,662,0.6,
2EQ16448,3779_압판스토퍼_12,12,0.5821889042854309,540,156,0.9,
2EQ16448,3779_압판스토퍼_14,14,0.7584947943687439,534,394,0.6,
2EQ16449,C551_토너라벨_1,1,0.32835739850997925,434,372,0.6,
2EQ16449,B793_Canon각인_2,2,0.5390597581863403,20,318,1.05,
2EQ16449,6416_2206N명판_3,3,0.40987348556518555,706,652,0.6,
2EQ16449,3102_현상가압라벨_4,4,0.6901255249977112,712,4,0.6,
2EQ16449,3699_레버피스_4,4,0.6763160228729248,714,8,0.6,
2EQ16449,1525_▲▲▲라벨_5,5,0.9248692393302917,796,226,0.75,
2EQ16449,2917_코마_6,6,0.8696339726448059,854,568,0.6,
2EQ16449,1525_▲▲▲라벨_7,7,0.5973381400108337,514,578,0.9,
2EQ16449,0000_모듈러카바_8,8,0.4622654914855957,250,482,0.6,
2EQ16449,3780_전원스위치_9,9,0.7598327994346619,304,444,0.6,
2EQ16449,V242_카바라이트_10,10,0.7769303917884827,492,128,0.6,
2EQ16449,V242_카바라이트_11,11,0.7788123488426208,720,152,0.6,
2EQ16449,3779_압판스토퍼_12,12,0.5795053839683533,550,330,0.9,
2EQ16449,3779_압판스토퍼_14,14,0.772481381893158,372,436,0.6,
2EQ16450,C551_토너라벨_1,1,0.39164915680885315,358,4,0.9,
2EQ16450,B793_Canon각인_2,2,0.5734412670135498,98,278,1.05,
2EQ16450,6416_2206N명판_3,3,0.4296073913574219,174,292,1.2,
2EQ16450,3102_현상가압라벨_4,4,0.7087460160255432,500,26,0.6,
2EQ16450,3699_레버피스_4,4,0.6645100116729736,480,30,0.6,
2EQ16450,1525_▲▲▲라벨_5,5,0.9202249050140381,796,226,0.75,
2EQ16450,2917_코마_6,6,0.8599627614021301,874,552,0.6,
2EQ16450,1525_▲▲▲라벨_7,7,0.5850486755371094,472,572,0.75,
2EQ16450,0000_모듈러카바_8,8,0.49506986141204834,274,498,0.6,
2EQ16450,3780_전원스위치_9,9,0.7536243796348572,784,202,0.6,
2EQ16450,V242_카바라이트_10,10,0.7678024768829346,434,592,0.6,
2EQ16450,V242_카바라이트_11,11,0.777549147605896,550,656,0.6,
2EQ16450,3779_압판스토퍼_12,12,0.5482675433158875,586,178,0.9,
2EQ16450,3779_압판스토퍼_14,14,0.7639160752296448,374,334,0.6,
2EQ16451,C551_토너라벨_1,1,0.3817058801651001,572,314,0.6,
2EQ16451,B793_Canon각인_2,2,0.44089317321777344,16,216,1.05,
2EQ16451,6416_2206N명판_3,3,0.42406439781188965,4,650,0.6,
2EQ16451,3102_현상가압라벨_4,4,0.6170092821121216,584,86,0.6,
2EQ16451,3699_레버피스_4,4,0.6114315390586853,514,12,0.6,
2EQ16451,1525_▲▲▲라벨_5,5,0.9233245253562927,218,488,0.6,
2EQ16451,2917_코마_6,6,0.8446125984191895,766,544,0.6,
2EQ16451,1525_▲▲▲라벨_7,7,0.5852139592170715,594,526,0.6,
2EQ16451,0000_모듈러카바_8,8,0.6135144829750061,264,506,0.6,
2EQ16451,3780_전원스위치_9,9,0.7574079632759094,782,202,0.6,
2EQ16451,V242_카바라이트_10,10,0.7847305536270142,436,596,0.6,
2EQ16451,V242_카바라이트_11,11,0.7962437868118286,498,628,0.6,
2EQ16451,3779_압판스토퍼_12,12,0.5857798457145691,842,36,0.9,
2EQ16451,3779_압판스토퍼_14,14,0.7564314007759094,488,302,0.6,
2EQ16452,C551_토너라벨_1,1,0.38568708300590515,462,336,0.6,
2EQ16452,B793_Canon각인_2,2,0.4479871988296509,10,310,1.05,
2EQ16452,6416_2206N명판_3,3,0.4475407302379608,234,268,1.2,
2EQ16452,3102_현상가압라벨_4,4,0.6497944593429565,498,8,0.75,
2EQ16452,3699_레버피스_4,4,0.6623724102973938,688,16,0.6,
2EQ16452,1525_▲▲▲라벨_5,5,0.927615761756897,176,464,0.75,
2EQ16452,2917_코마_6,6,0.8572261333465576,918,560,0.6,
2EQ16452,1525_▲▲▲라벨_7,7,0.5974164009094238,528,526,0.9,
2EQ16452,0000_모듈러카바_8,8,0.48507222533226013,280,502,0.6,
2EQ16452,3780_전원스위치_9,9,0.7546175718307495,784,202,0.6,
2EQ16452,V242_카바라이트_10,10,0.7858887910842896,488,130,0.6,
2EQ16452,V242_카바라이트_11,11,0.7922323346138,572,656,0.6,
2EQ16452,3779_압판스토퍼_12,12,0.5779134035110474,258,478,0.9,
2EQ16452,3779_압판스토퍼_14,14,0.7680749297142029,376,450,0.75,
2EQ16453,C551_토너라벨_1,1,0.3259751796722412,516,400,0.6,
2EQ16453,B793_Canon각인_2,2,0.5664758086204529,44,304,1.05,
2EQ16453,6416_2206N명판_3,3,0.48065364360809326,274,296,1.2,
2EQ16453,3102_현상가압라벨_4,4,0.6854203939437866,530,4,0.75,
2EQ16453,3699_레버피스_4,4,0.6661021113395691,172,32,0.6,
2EQ16453,1525_▲▲▲라벨_5,5,0.9257781505584717,796,224,0.75,
2EQ16453,2917_코마_6,6,0.8482663631439209,900,588,0.6,
2EQ16453,1525_▲▲▲라벨_7,7,0.5780431628227234,624,542,0.75,
2EQ16453,0000_모듈러카바_8,8,0.5667041540145874,368,514,0.6,
2EQ16453,3780_전원스위치_9,9,0.7580090761184692,782,202,0.6,
2EQ16453,V242_카바라이트_10,10,0.775619626045227,452,586,0.6,
2EQ16453,V242_카바라이트_11,11,0.7888025045394897,506,648,0.6,
2EQ16453,3779_압판스토퍼_12,12,0.5980533957481384,548,134,0.9,
2EQ16453,3779_압판스토퍼_14,14,0.7553712725639343,148,546,0.6,
2EQ16454,C551_토너라벨_1,1,0.3723025918006897,510,374,0.6,
2EQ16454,B793_Canon각인_2,2,0.5444657802581787,40,296,1.05,
2EQ16454,6416_2206N명판_3,3,0.41231197118759155,522,322,0.6,
2EQ16454,3102_현상가압라벨_4,4,0.6146907210350037,578,62,0.6,
2EQ16454,3699_레버피스_4,4,0.580621063709259,616,260,0.6,
2EQ16454,1525_▲▲▲라벨_5,5,0.9234268069267273,808,228,0.6,
2EQ16454,2917_코마_6,6,0.8753337264060974,898,548,0.6,
2EQ16454,1525_▲▲▲라벨_7,7,0.5646564960479736,516,540,0.6,
2EQ16454,0000_모듈러카바_8,8,0.4462887644767761,308,520,0.6,
2EQ16454,3780_전원스위치_9,9,0.7522329688072205,784,202,0.6,
2EQ16454,V242_카바라이트_10,10,0.7694502472877502,478,144,0.6,
2EQ16454,V242_카바라이트_11,11,0.7869254946708679,508,660,0.6,
2EQ16454,3779_압판스토퍼_12,12,0.5995790362358093,432,208,0.9,
2EQ16454,3779_압판스토퍼_14,14,0.7628722786903381,516,222,0.6,
2EQ16455,C551_토너라벨_1,1,0.340654581785202,498,308,0.6,
2EQ16455,B793_Canon각인_2,2,0.5697687864303589,98,382,1.05,
2EQ16455,6416_2206N명판_3,3,0.4325012266635895,208,292,1.2,
2EQ16455,3102_현상가압라벨_4,4,0.6754459738731384,510,72,0.6,
2EQ16455,3699_레버피스_4,4,0.6668584942817688,520,76,0.6,
2EQ16455,1525_▲▲▲라벨_5,5,0.9204023480415344,230,464,0.75,
2EQ16455,2917_코마_6,6,0.8826928734779358,892,548,0.6,
2EQ16455,1525_▲▲▲라벨_7,7,0.5420006513595581,540,568,0.6,
2EQ16455,0000_모듈러카바_8,8,0.4272111654281616,262,532,0.6,
2EQ16455,3780_전원스위치_9,9,0.7522570490837097,782,202,0.6,
2EQ16455,V242_카바라이트_10,10,0.7724711894989014,434,590,0.6,
2EQ16455,V242_카바라이트_11,11,0.7723954916000366,560,656,0.6,
2EQ16455,3779_압판스토퍼_12,12,0.578989565372467,390,62,0.9,
2EQ16455,3779_압판스토퍼_14,14,0.7636853456497192,938,250,0.75,
2EQ16456,C551_토너라벨_1,1,0.3939467966556549,504,288,0.6,
2EQ16456,B793_Canon각인_2,2,0.562417209148407,28,338,1.05,
2EQ16456,6416_2206N명판_3,3,0.4581166207790375,206,368,1.2,
2EQ16456,3102_현상가압라벨_4,4,0.6700927019119263,562,0,0.75,
2EQ16456,3699_레버피스_4,4,0.6156961917877197,598,16,0.6,
2EQ16456,1525_▲▲▲라벨_5,5,0.923369288444519,792,228,0.75,
2EQ16456,2917_코마_6,6,0.8718487620353699,926,554,0.6,
2EQ16456,1525_▲▲▲라벨_7,7,0.5651823282241821,336,582,0.6,
2EQ16456,0000_모듈러카바_8,8,0.4868859052658081,248,480,0.6,
2EQ16456,3780_전원스위치_9,9,0.7561084032058716,778,202,0.6,
2EQ16456,V242_카바라이트_10,10,0.7937424182891846,496,134,0.6,
2EQ16456,V242_카바라이트_11,11,0.7463589310646057,548,646,0.6,
2EQ16456,3779_압판스토퍼_12,12,0.5751737356185913,370,94,0.9,
2EQ16456,3779_압판스토퍼_14,14,0.7646750807762146,210,172,0.75,
2EQ16457,C551_토너라벨_1,1,0.3522524833679199,480,384,0.6,
2EQ16457,B793_Canon각인_2,2,0.5606569647789001,56,286,1.05,
2EQ16457,6416_2206N명판_3,3,0.44019272923469543,176,398,1.2,
2EQ16457,3102_현상가압라벨_4,4,0.6109153628349304,664,322,0.6,
2EQ16457,3699_레버피스_4,4,0.6301335692405701,240,28,0.6,
2EQ16457,1525_▲▲▲라벨_5,5,0.919173538684845,192,464,0.75,
2EQ16457,2917_코마_6,6,0.8497457504272461,878,562,0.6,
2EQ16457,1525_▲▲▲라벨_7,7,0.6113461256027222,488,588,0.75,
2EQ16457,0000_모듈러카바_8,8,0.3993854224681854,224,478,0.6,
2EQ16457,3780_전원스위치_9,9,0.7554984092712402,784,202,0.6,
2EQ16457,V242_카바라이트_10,10,0.7801651358604431,430,602,0.6,
2EQ16457,V242_카바라이트_11,11,0.7945125699043274,510,656,0.6,
2EQ16457,3779_압판스토퍼_12,12,0.5972728133201599,606,228,0.9,
2EQ16457,3779_압판스토퍼_14,14,0.7325538396835327,280,318,0.75,
2EQ16458,C551_토너라벨_1,1,0.40010738372802734,602,400,0.6,
2EQ16458,B793_Canon각인_2,2,0.5554317235946655,28,320,1.05,
2EQ16458,6416_2206N명판_3,3,0.4942447543144226,152,378,1.2,
2EQ16458,3102_현상가압라벨_4,4,0.6156677603721619,808,326,0.6,
2EQ16458,3699_레버피스_4,4,0.605542778968811,354,478,1.05,
2EQ16458,1525_▲▲▲라벨_5,5,0.9185006618499756,140,228,0.75,
2EQ16458,2917_코마_6,6,0.870259702205658,170,10,1.05,
2EQ16458,1525_▲▲▲라벨_7,7,0.5360938906669617,506,660,0.6,
2EQ16458,0000_모듈러카바_8,8,0.6295210719108582,250,538,0.6,
2EQ16458,3780_전원스위치_9,9,0.7480342984199524,292,426,0.6,
2EQ16458,V242_카바라이트_10,10,0.7868402004241943,422,592,0.6,
2EQ16458,V242_카바라이트_11,11,0.6903444528579712,524,578,1.2,
2EQ16458,3779_압판스토퍼_12,12,0.6285842657089233,560,230,0.9,
2EQ16458,3779_압판스토퍼_14,14,0.7279906272888184,342,340,0.6,
2EQ16459,C551_토너라벨_1,1,0.34456169605255127,502,320,0.6,
2EQ16459,B793_Canon각인_2,2,0.5740877985954285,44,342,1.05,
2EQ16459,6416_2206N명판_3,3,0.4139139652252197,704,652,0.6,
2EQ16459,3102_현상가압라벨_4,4,0.6886923313140869,462,12,0.6,
2EQ16459,3699_레버피스_4,4,0.6629265546798706,440,16,0.6,
2EQ16459,1525_▲▲▲라벨_5,5,0.9271506071090698,800,232,0.6,
2EQ16459,2917_코마_6,6,0.8465924859046936,928,560,0.6,
2EQ16459,1525_▲▲▲라벨_7,7,0.5629567503929138,554,602,0.6,
2EQ16459,0000_모듈러카바_8,8,0.4930323362350464,266,522,0.6,
2EQ16459,3780_전원스위치_9,9,0.7569014430046082,784,202,0.6,
2EQ16459,V242_카바라이트_10,10,0.750669538974762,504,126,0.6,
2EQ16459,V242_카바라이트_11,11,0.7534950971603394,728,510,0.6,
2EQ16459,3779_압판스토퍼_12,12,0.5279513597488403,620,606,0.9,
2EQ16459,3779_압판스토퍼_14,14,0.7363724112510681,238,194,0.75,
2EQ16460,C551_토너라벨_1,1,0.31700465083122253,524,452,0.6,
2EQ16460,B793_Canon각인_2,2,0.5428218841552734,18,266,1.05,
2EQ16460,6416_2206N명판_3,3,0.4174440801143646,512,302,0.9,
2EQ16460,3102_현상가압라벨_4,4,0.6399789452552795,508,212,0.6,
2EQ16460,3699_레버피스_4,4,0.6683914065361023,516,214,0.6,
2EQ16460,1525_▲▲▲라벨_5,5,0.9260518550872803,214,496,0.75,
2EQ16460,2917_코마_6,6,0.832690954208374,882,594,0.6,
2EQ16460,1525_▲▲▲라벨_7,7,0.5714373588562012,566,554,0.75,
2EQ16460,0000_모듈러카바_8,8,0.518507719039917,210,516,0.6,
2EQ16460,3780_전원스위치_9,9,0.7535440921783447,784,202,0.6,
2EQ16460,V242_카바라이트_10,10,0.7887452840805054,428,600,0.6,
2EQ16460,V242_카바라이트_11,11,0.7520968914031982,722,134,0.6,
2EQ16460,3779_압판스토퍼_12,12,0.5404420495033264,104,602,0.9,
2EQ16460,3779_압판스토퍼_14,14,0.7550784945487976,696,6,0.75,
2EQ16461,C551_토너라벨_1,1,0.38758039474487305,606,264,0.6,
2EQ16461,B793_Canon각인_2,2,0.5415539145469666,36,322,1.05,
2EQ16461,6416_2206N명판_3,3,0.4313772916793823,8,650,0.6,
2EQ16461,3102_현상가압라벨_4,4,0.61390221118927,556,58,0.6,
2EQ16461,3699_레버피스_4,4,0.5382837057113647,618,10,0.6,
2EQ16461,1525_▲▲▲라벨_5,5,0.9290964603424072,796,226,0.75,
2EQ16461,2917_코마_6,6,0.8621957898139954,910,602,0.6,
2EQ16461,1525_▲▲▲라벨_7,7,0.5583396553993225,516,580,0.6,
2EQ16461,0000_모듈러카바_8,8,0.492908775806427,248,508,0.6,
2EQ16461,3780_전원스위치_9,9,0.7549034357070923,782,202,0.6,
2EQ16461,V242_카바라이트_10,10,0.7763229012489319,438,594,0.6,
2EQ16461,V242_카바라이트_11,11,0.7518232464790344,544,644,0.6,
2EQ16461,3779_압판스토퍼_12,12,0.583059549331665,338,186,0.9,
2EQ16461,3779_압판스토퍼_14,14,0.7704004645347595,394,400,0.6,
2EQ16462,C551_토너라벨_1,1,0.3866884410381317,530,318,0.6,
2EQ16462,B793_Canon각인_2,2,0.4740435481071472,28,346,1.05,
2EQ16462,6416_2206N명판_3,3,0.4191710948944092,326,384,1.2,
2EQ16462,3102_현상가압라벨_4,4,0.6169290542602539,522,78,0.6,
2EQ16462,3699_레버피스_4,4,0.6143219470977783,416,12,0.6,
2EQ16462,1525_▲▲▲라벨_5,5,0.9235750436782837,810,228,0.6,
2EQ16462,2917_코마_6,6,0.8514931201934814,836,586,0.6,
2EQ16462,1525_▲▲▲라벨_7,7,0.6026226282119751,542,520,0.9,
2EQ16462,0000_모듈러카바_8,8,0.5052793025970459,214,526,0.6,
2EQ16462,3780_전원스위치_9,9,0.7571725249290466,784,204,0.6,
2EQ16462,V242_카바라이트_10,10,0.7793590426445007,418,598,0.6,
2EQ16462,V242_카바라이트_11,11,0.796853244304657,504,654,0.6,
2EQ16462,3779_압판스토퍼_12,12,0.5551753044128418,126,506,0.9,
2EQ16462,3779_압판스토퍼_14,14,0.7580569386482239,224,188,0.6,
2EQ16463,C551_토너라벨_1,1,0.3855258822441101,434,352,0.6,
2EQ16463,B793_Canon각인_2,2,0.5217580199241638,84,334,1.05,
2EQ16463,6416_2206N명판_3,3,0.4036388397216797,730,664,0.6,
2EQ16463,3102_현상가압라벨_4,4,0.622130274772644,610,64,0.6,
2EQ16463,3699_레버피스_4,4,0.584818959236145,636,34,0.6,
2EQ16463,1525_▲▲▲라벨_5,5,0.9291707873344421,160,478,0.75,
2EQ16463,2917_코마_6,6,0.877900242805481,922,560,0.6,
2EQ16463,1525_▲▲▲라벨_7,7,0.604785680770874,522,520,0.9,
2EQ16463,0000_모듈러카바_8,8,0.5538750886917114,314,446,0.6,
2EQ16463,3780_전원스위치_9,9,0.7583302855491638,782,202,0.6,
2EQ16463,V242_카바라이트_10,10,0.7498356699943542,496,128,0.6,
2EQ16463,V242_카바라이트_11,11,0.7691078782081604,550,658,0.6,
2EQ16463,3779_압판스토퍼_12,12,0.549483060836792,206,474,0.9,
2EQ16463,3779_압판스토퍼_14,14,0.7630963325500488,368,424,0.6,
2EQ16464,C551_토너라벨_1,1,0.39161616563796997,74,242,1.2,
2EQ16464,B793_Canon각인_2,2,0.5021088719367981,26,342,1.05,
2EQ16464,6416_2206N명판_3,3,0.46979156136512756,264,556,1.2,
2EQ16464,3102_현상가압라벨_4,4,0.6347479224205017,652,14,0.6,
2EQ16464,3699_레버피스_4,4,0.5866345167160034,362,470,1.05,
2EQ16464,1525_▲▲▲라벨_5,5,0.9068787693977356,258,456,0.6,
2EQ16464,2917_코마_6,6,0.856248676776886,708,178,0.6,
2EQ16464,1525_▲▲▲라벨_7,7,0.5678904056549072,546,618,0.75,
2EQ16464,0000_모듈러카바_8,8,0.40254902839660645,222,538,0.6,
2EQ16464,3780_전원스위치_9,9,0.7618600726127625,270,454,0.6,
2EQ16464,V242_카바라이트_10,10,0.7791501879692078,492,128,0.6,
2EQ16464,V242_카바라이트_11,11,0.7622519135475159,720,150,0.6,
2EQ16464,3779_압판스토퍼_12,12,0.5820459127426147,302,174,0.9,
2EQ16464,3779_압판스토퍼_14,14,0.7664248943328857,346,380,0.6,
2EQ16465,C551_토너라벨_1,1,0.30438899993896484,568,328,0.6,
2EQ16465,B793_Canon각인_2,2,0.5885974168777466,114,306,1.05,
2EQ16465,6416_2206N명판_3,3,0.5381238460540771,168,338,1.2,
2EQ16465,3102_현상가압라벨_4,4,0.6121751070022583,598,18,0.6,
2EQ16465,3699_레버피스_4,4,0.6828795075416565,600,22,0.6,
2EQ16465,1525_▲▲▲라벨_5,5,0.9199310541152954,796,224,0.75,
2EQ16465,2917_코마_6,6,0.8433520197868347,706,116,0.6,
2EQ16465,1525_▲▲▲라벨_7,7,0.5902259945869446,412,564,0.6,
2EQ16465,0000_모듈러카바_8,8,0.43852436542510986,210,514,0.6,
2EQ16465,3780_전원스위치_9,9,0.7580804228782654,784,202,0.6,
2EQ16465,V242_카바라이트_10,10,0.796019434928894,496,138,0.6,
2EQ16465,V242_카바라이트_11,11,0.7421679496765137,562,656,0.6,
2EQ16465,3779_압판스토퍼_12,12,0.5006221532821655,592,660,0.9,
2EQ16465,3779_압판스토퍼_14,14,0.7656066417694092,352,388,0.6,
2EQ16466,C551_토너라벨_1,1,0.3505870997905731,554,254,0.6,
2EQ16466,B793_Canon각인_2,2,0.4970400333404541,6,356,1.05,
2EQ16466,6416_2206N명판_3,3,0.4510362446308136,216,376,1.2,
2EQ16466,3102_현상가압라벨_4,4,0.6034195423126221,786,452,0.6,
2EQ16466,3699_레버피스_4,4,0.6533258557319641,320,10,0.9,
2EQ16466,1525_▲▲▲라벨_5,5,0.931824266910553,804,228,0.6,
2EQ16466,2917_코마_6,6,0.8555417060852051,908,524,0.6,
2EQ16466,1525_▲▲▲라벨_7,7,0.5775965452194214,568,518,0.75,
2EQ16466,0000_모듈러카바_8,8,0.5484060645103455,284,488,0.6,
2EQ16466,3780_전원스위치_9,9,0.758996307849884,782,202,0.6,
2EQ16466,V242_카바라이트_10,10,0.7813439965248108,434,600,0.6,
2EQ16466,V242_카바라이트_11,11,0.7696958780288696,558,656,0.6,
2EQ16466,3779_압판스토퍼_12,12,0.5864784717559814,842,38,0.9,
2EQ16466,3779_압판스토퍼_14,14,0.758949875831604,398,434,0.75,
2EQ16467,C551_토너라벨_1,1,0.31216010451316833,146,228,0.6,
2EQ16467,B793_Canon각인_2,2,0.5294252634048462,54,318,1.05,
2EQ16467,6416_2206N명판_3,3,0.4092865586280823,24,650,0.6,
2EQ16467,3102_현상가압라벨_4,4,0.6218846440315247,800,388,0.6,
2EQ16467,3699_레버피스_4,4,0.6331595778465271,476,6,0.9,
2EQ16467,1525_▲▲▲라벨_5,5,0.9223393797874451,796,232,0.6,
2EQ16467,2917_코마_6,6,0.8551849722862244,842,568,0.6,
2EQ16467,1525_▲▲▲라벨_7,7,0.5787755250930786,520,594,0.75,
2EQ16467,0000_모듈러카바_8,8,0.5978109836578369,336,486,0.6,
2EQ16467,3780_전원스위치_9,9,0.7592689394950867,784,202,0.6,
2EQ16467,V242_카바라이트_10,10,0.7891883254051208,496,140,0.6,
2EQ16467,V242_카바라이트_11,11,0.7743373513221741,562,648,0.6,
2EQ16467,3779_압판스토퍼_12,12,0.5732991695404053,412,120,0.9,
2EQ16467,3779_압판스토퍼_14,14,0.7668027281761169,242,198,0.6,
2EQ16468,C551_토너라벨_1,1,0.35932084918022156,600,310,0.6,
2EQ16468,B793_Canon각인_2,2,0.5433838963508606,46,340,1.05,
2EQ16468,6416_2206N명판_3,3,0.4980745315551758,126,440,1.2,
2EQ16468,3102_현상가압라벨_4,4,0.5785796642303467,660,670,0.6,
2EQ16468,3699_레버피스_4,4,0.5580666661262512,298,112,0.6,
2EQ16468,1525_▲▲▲라벨_5,5,0.9221807718276978,810,230,0.6,
2EQ16468,2917_코마_6,6,0.8541755676269531,548,160,0.6,
2EQ16468,1525_▲▲▲라벨_7,7,0.6050326824188232,546,596,0.75,
2EQ16468,0000_모듈러카바_8,8,0.568716824054718,268,520,0.6,
2EQ16468,3780_전원스위치_9,9,0.7511739134788513,782,202,0.6,
2EQ16468,V242_카바라이트_10,10,0.7931063771247864,492,136,0.6,
2EQ16468,V242_카바라이트_11,11,0.7725836634635925,510,656,0.6,
2EQ16468,3779_압판스토퍼_12,12,0.58247971534729,704,184,0.9,
2EQ16468,3779_압판스토퍼_14,14,0.738688588142395,412,340,0.6,
2EQ16469,C551_토너라벨_1,1,0.35930952429771423,508,400,0.6,
2EQ16469,B793_Canon각인_2,2,0.5693845152854919,54,406,1.05,
2EQ16469,6416_2206N명판_3,3,0.4604841470718384,166,392,1.2,
2EQ16469,3102_현상가압라벨_4,4,0.599793553352356,622,0,0.6,
2EQ16469,3699_레버피스_4,4,0.572687566280365,356,468,1.2,
2EQ16469,1525_▲▲▲라벨_5,5,0.9263718128204346,798,232,0.6,
2EQ16469,2917_코마_6,6,0.8517541885375977,882,588,0.6,
2EQ16469,1525_▲▲▲라벨_7,7,0.5625947117805481,490,552,0.6,
2EQ16469,0000_모듈러카바_8,8,0.47397342324256897,242,474,0.6,
2EQ16469,3780_전원스위치_9,9,0.7471635341644287,418,438,0.6,
2EQ16469,V242_카바라이트_10,10,0.7741677761077881,414,586,0.6,
2EQ16469,V242_카바라이트_11,11,0.7808923125267029,562,656,0.6,
2EQ16469,3779_압판스토퍼_12,12,0.5832746028900146,318,170,0.9,
2EQ16469,3779_압판스토퍼_14,14,0.7300145030021667,466,436,0.6,
2EQ16470,C551_토너라벨_1,1,0.31300777196884155,586,338,0.6,
2EQ16470,B793_Canon각인_2,2,0.5313786268234253,86,328,1.05,
2EQ16470,6416_2206N명판_3,3,0.40907353162765503,702,650,0.6,
2EQ16470,3102_현상가압라벨_4,4,0.6711273193359375,536,172,0.6,
2EQ16470,3699_레버피스_4,4,0.6852965354919434,512,176,0.6,
2EQ16470,1525_▲▲▲라벨_5,5,0.9199744462966919,798,224,0.75,
2EQ16470,2917_코마_6,6,0.8741744756698608,928,536,0.6,
2EQ16470,1525_▲▲▲라벨_7,7,0.5934610366821289,526,548,0.75,
2EQ16470,0000_모듈러카바_8,8,0.48927760124206543,282,504,0.6,
2EQ16470,3780_전원스위치_9,9,0.7539917230606079,782,202,0.6,
2EQ16470,V242_카바라이트_10,10,0.7777989506721497,476,134,0.6,
2EQ16470,V242_카바라이트_11,11,0.7991626858711243,510,660,0.6,
2EQ16470,3779_압판스토퍼_12,12,0.5877014994621277,66,602,0.9,
2EQ16470,3779_압판스토퍼_14,14,0.7629214525222778,390,388,0.6,
2EQ16471,C551_토너라벨_1,1,0.33046191930770874,616,348,0.6,
2EQ16471,B793_Canon각인_2,2,0.5509376525878906,6,334,1.05,
2EQ16471,6416_2206N명판_3,3,0.4050353765487671,708,652,0.6,
2EQ16471,3102_현상가압라벨_4,4,0.6750115156173706,468,2,0.75,
2EQ16471,3699_레버피스_4,4,0.6280204057693481,266,256,0.6,
2EQ16471,1525_▲▲▲라벨_5,5,0.9202021360397339,802,230,0.6,
2EQ16471,2917_코마_6,6,0.867883026599884,684,308,0.6,
2EQ16471,1525_▲▲▲라벨_7,7,0.5741725564002991,472,592,0.6,
2EQ16471,0000_모듈러카바_8,8,0.45441100001335144,294,542,0.6,
2EQ16471,3780_전원스위치_9,9,0.7548857927322388,782,202,0.6,
2EQ16471,V242_카바라이트_10,10,0.7717981338500977,434,592,0.6,
2EQ16471,V242_카바라이트_11,11,0.7840024828910828,564,650,0.6,
2EQ16471,3779_압판스토퍼_12,12,0.567058801651001,194,542,0.9,
2EQ16471,3779_압판스토퍼_14,14,0.7448925971984863,220,188,0.6,
2EQ16472,C551_토너라벨_1,1,0.31532368063926697,532,332,0.6,
2EQ16472,B793_Canon각인_2,2,0.5292937159538269,26,310,1.05,
2EQ16472,6416_2206N명판_3,3,0.4092257618904114,708,650,0.6,
2EQ16472,3102_현상가압라벨_4,4,0.5950372219085693,412,102,0.6,
2EQ16472,3699_레버피스_4,4,0.6561890244483948,432,24,0.6,
2EQ16472,1525_▲▲▲라벨_5,5,0.9313214421272278,450,444,0.6,
2EQ16472,2917_코마_6,6,0.8630049228668213,932,544,0.6,
2EQ16472,1525_▲▲▲라벨_7,7,0.5373620986938477,586,558,0.6,
2EQ16472,0000_모듈러카바_8,8,0.49269869923591614,206,502,0.6,
2EQ16472,3780_전원스위치_9,9,0.7586838006973267,782,202,0.6,
2EQ16472,V242_카바라이트_10,10,0.7777646780014038,426,598,0.6,
2EQ16472,V242_카바라이트_11,11,0.7315552234649658,562,640,0.6,
2EQ16472,3779_압판스토퍼_12,12,0.5931795835494995,386,168,0.9,
2EQ16472,3779_압판스토퍼_14,14,0.7423158884048462,296,262,0.75,
2EQ16473,C551_토너라벨_1,1,0.39350560307502747,516,406,0.6,
2EQ16473,B793_Canon각인_2,2,0.545845627784729,36,340,1.05,
2EQ16473,6416_2206N명판_3,3,0.45232927799224854,186,298,1.2,
2EQ16473,3102_현상가압라벨_4,4,0.6182191967964172,686,276,0.6,
2EQ16473,3699_레버피스_4,4,0.5564490556716919,368,448,1.2,
2EQ16473,1525_▲▲▲라벨_5,5,0.9217174053192139,796,232,0.6,
2EQ16473,2917_코마_6,6,0.8427724838256836,918,596,0.6,
2EQ16473,1525_▲▲▲라벨_7,7,0.6122236251831055,214,204,0.75,
2EQ16473,0000_모듈러카바_8,8,0.5150794982910156,258,532,0.6,
2EQ16473,3780_전원스위치_9,9,0.7550516128540039,780,202,0.6,
2EQ16473,V242_카바라이트_10,10,0.7857409715652466,434,604,0.6,
2EQ16473,V242_카바라이트_11,11,0.7780730724334717,566,648,0.6,
2EQ16473,3779_압판스토퍼_12,12,0.5845861434936523,470,98,0.9,
2EQ16473,3779_압판스토퍼_14,14,0.7604454159736633,370,382,0.6,
2EQ16474,C551_토너라벨_1,1,0.3789873421192169,502,356,0.6,
2EQ16474,B793_Canon각인_2,2,0.5181946754455566,48,340,1.05,
2EQ16474,6416_2206N명판_3,3,0.48805537819862366,164,394,1.2,
2EQ16474,3102_현상가압라벨_4,4,0.6182926297187805,732,308,0.6,
2EQ16474,3699_레버피스_4,4,0.5624059438705444,322,196,0.6,
2EQ16474,1525_▲▲▲라벨_5,5,0.9269736409187317,792,226,0.75,
2EQ16474,2917_코마_6,6,0.8468392491340637,882,610,0.6,
2EQ16474,1525_▲▲▲라벨_7,7,0.613777220249176,476,556,0.6,
2EQ16474,0000_모듈러카바_8,8,0.5278659462928772,232,508,0.6,
2EQ16474,3780_전원스위치_9,9,0.7562723755836487,778,202,0.6,
2EQ16474,V242_카바라이트_10,10,0.7783978581428528,476,134,0.6,
2EQ16474,V242_카바라이트_11,11,0.7581267356872559,716,138,0.6,
2EQ16474,3779_압판스토퍼_12,12,0.5830464959144592,404,204,0.9,
2EQ16474,3779_압판스토퍼_14,14,0.7669477462768555,390,358,0.6,
2EQ16475,C551_토너라벨_1,1,0.32176145911216736,542,340,0.6,
2EQ16475,B793_Canon각인_2,2,0.5483961701393127,0,312,1.05,
2EQ16475,6416_2206N명판_3,3,0.4358530640602112,202,360,1.2,
2EQ16475,3102_현상가압라벨_4,4,0.6742375493049622,500,56,0.75,
2EQ16475,3699_레버피스_4,4,0.6283782720565796,682,68,0.6,
2EQ16475,1525_▲▲▲라벨_5,5,0.9257558584213257,250,482,0.6,
2EQ16475,2917_코마_6,6,0.8479135632514954,926,612,0.6,
2EQ16475,1525_▲▲▲라벨_7,7,0.5565524697303772,720,708,0.6,
2EQ16475,0000_모듈러카바_8,8,0.5290122032165527,262,472,0.6,
2EQ16475,3780_전원스위치_9,9,0.7505829334259033,780,202,0.6,
2EQ16475,V242_카바라이트_10,10,0.7759711742401123,422,604,0.6,
2EQ16475,V242_카바라이트_11,11,0.7874687910079956,520,626,0.6,
2EQ16475,3779_압판스토퍼_12,12,0.5858553051948547,800,74,0.9,
2EQ16475,3779_압판스토퍼_14,14,0.7673996090888977,356,416,0.6,
2EQ16476,C551_토너라벨_1,1,0.37454771995544434,472,328,0.6,
2EQ16476,B793_Canon각인_2,2,0.5103396773338318,26,336,1.05,
2EQ16476,6416_2206N명판_3,3,0.45046934485435486,128,412,1.2,
2EQ16476,3102_현상가압라벨_4,4,0.6248446106910706,696,254,0.6,
2EQ16476,3699_레버피스_4,4,0.6178495287895203,274,178,0.6,
2EQ16476,1525_▲▲▲라벨_5,5,0.9224330186843872,152,234,0.6,
2EQ16476,2917_코마_6,6,0.8588286638259888,868,582,0.6,
2EQ16476,1525_▲▲▲라벨_7,7,0.6074269413948059,640,652,0.9,
2EQ16476,0000_모듈러카바_8,8,0.5404468178749084,250,546,0.6,
2EQ16476,3780_전원스위치_9,9,0.7584041953086853,780,202,0.6,
2EQ16476,V242_카바라이트_10,10,0.7770461440086365,496,122,0.6,
2EQ16476,V242_카바라이트_11,11,0.799237847328186,536,650,0.6,
2EQ16476,3779_압판스토퍼_12,12,0.5394248962402344,198,472,0.9,
2EQ16476,3779_압판스토퍼_14,14,0.7447904944419861,356,348,0.75,
2EQ16477,C551_토너라벨_1,1,0.3396122455596924,472,356,0.6,
2EQ16477,B793_Canon각인_2,2,0.5269066095352173,0,336,1.05,
2EQ16477,6416_2206N명판_3,3,0.44815996289253235,262,364,1.2,
2EQ16477,3102_현상가압라벨_4,4,0.6739453673362732,560,8,0.6,
2EQ16477,3699_레버피스_4,4,0.6838308572769165,538,12,0.6,
2EQ16477,1525_▲▲▲라벨_5,5,0.9295185804367065,218,472,0.6,
2EQ16477,2917_코마_6,6,0.8741101622581482,928,568,0.6,
2EQ16477,1525_▲▲▲라벨_7,7,0.5503698587417603,520,578,0.6,
2EQ16477,0000_모듈러카바_8,8,0.45345059037208557,344,492,0.6,
2EQ16477,3780_전원스위치_9,9,0.757152795791626,780,202,0.6,
2EQ16477,V242_카바라이트_10,10,0.7808843851089478,530,120,0.6,
2EQ16477,V242_카바라이트_11,11,0.7644578814506531,720,618,0.6,
2EQ16477,3779_압판스토퍼_12,12,0.5407914519309998,162,432,0.9,
2EQ16477,3779_압판스토퍼_14,14,0.7460938096046448,244,190,0.75,
2EQ16478,C551_토너라벨_1,1,0.35240983963012695,542,304,0.6,
2EQ16478,B793_Canon각인_2,2,0.5112725496292114,120,348,1.05,
2EQ16478,6416_2206N명판_3,3,0.5036099553108215,226,454,1.2,
2EQ16478,3102_현상가압라벨_4,4,0.6356788277626038,666,62,0.6,
2EQ16478,3699_레버피스_4,4,0.576357901096344,360,496,1.2,
2EQ16478,1525_▲▲▲라벨_5,5,0.9265564680099487,8,610,0.6,
2EQ16478,2917_코마_6,6,0.8570176362991333,548,526,0.6,
2EQ16478,1525_▲▲▲라벨_7,7,0.5633779764175415,382,234,0.75,
2EQ16478,0000_모듈러카바_8,8,0.3530093729496002,170,406,0.6,
2EQ16478,3780_전원스위치_9,9,0.7572810053825378,780,202,0.6,
2EQ16478,V242_카바라이트_10,10,0.7959958910942078,482,128,0.6,
2EQ16478,V242_카바라이트_11,11,0.7845434546470642,564,650,0.6,
2EQ16478,3779_압판스토퍼_12,12,0.535673201084137,232,136,0.9,
2EQ16478,3779_압판스토퍼_14,14,0.7751258611679077,212,178,0.75,
2EQ16479,C551_토너라벨_1,1,0.3388116657733917,480,326,0.6,
2EQ16479,B793_Canon각인_2,2,0.5255659818649292,118,408,1.05,
2EQ16479,6416_2206N명판_3,3,0.5213863849639893,196,424,1.2,
2EQ16479,3102_현상가압라벨_4,4,0.6410839557647705,672,62,0.6,
2EQ16479,3699_레버피스_4,4,0.5766808986663818,366,490,1.2,
2EQ16479,1525_▲▲▲라벨_5,5,0.9227294325828552,252,394,0.75,
2EQ16479,2917_코마_6,6,0.8752103447914124,386,102,0.6,
2EQ16479,1525_▲▲▲라벨_7,7,0.5166763067245483,74,520,0.6,
2EQ16479,0000_모듈러카바_8,8,0.5621011257171631,384,504,0.6,
2EQ16479,3780_전원스위치_9,9,0.7591051459312439,782,202,0.6,
2EQ16479,V242_카바라이트_10,10,0.7791498899459839,434,590,0.6,
2EQ16479,V242_카바라이트_11,11,0.7884104251861572,506,634,0.6,
2EQ16479,3779_압판스토퍼_12,12,0.5853642821311951,790,72,0.9,
2EQ16479,3779_압판스토퍼_14,14,0.7386916875839233,504,390,0.6,
2EQ16480,C551_토너라벨_1,1,0.32524022459983826,416,482,0.6,
2EQ16480,B793_Canon각인_2,2,0.5138016939163208,30,358,1.05,
2EQ16480,6416_2206N명판_3,3,0.4166281819343567,542,366,0.6,
2EQ16480,3102_현상가압라벨_4,4,0.6811867952346802,502,16,0.6,
2EQ16480,3699_레버피스_4,4,0.7008865475654602,540,16,0.6,
2EQ16480,1525_▲▲▲라벨_5,5,0.9220752716064453,262,452,0.6,
2EQ16480,2917_코마_6,6,0.8709285259246826,690,150,0.6,
2EQ16480,1525_▲▲▲라벨_7,7,0.5803277492523193,502,564,0.6,
2EQ16480,0000_모듈러카바_8,8,0.4455411732196808,296,526,0.6,
2EQ16480,3780_전원스위치_9,9,0.754906177520752,782,202,0.6,
2EQ16480,V242_카바라이트_10,10,0.779579758644104,490,134,0.6,
2EQ16480,V242_카바라이트_11,11,0.7844206690788269,500,650,0.6,
2EQ16480,3779_압판스토퍼_12,12,0.5185556411743164,106,614,0.9,
2EQ16480,3779_압판스토퍼_14,14,0.7678864002227783,364,382,0.6,
2EQ16481,C551_토너라벨_1,1,0.31831809878349304,474,342,0.6,
2EQ16481,B793_Canon각인_2,2,0.4868297874927521,38,328,1.05,
2EQ16481,6416_2206N명판_3,3,0.41393500566482544,710,652,0.6,
2EQ16481,3102_현상가압라벨_4,4,0.6236758232116699,682,22,0.6,
2EQ16481,3699_레버피스_4,4,0.6230900287628174,454,32,0.6,
2EQ16481,1525_▲▲▲라벨_5,5,0.9243685007095337,794,226,0.75,
2EQ16481,2917_코마_6,6,0.8514150381088257,186,592,0.6,
2EQ16481,1525_▲▲▲라벨_7,7,0.6029027104377747,524,576,0.6,
2EQ16481,0000_모듈러카바_8,8,0.5527498722076416,298,528,0.6,
2EQ16481,3780_전원스위치_9,9,0.751725435256958,782,202,0.6,
2EQ16481,V242_카바라이트_10,10,0.7778527140617371,432,600,0.6,
2EQ16481,V242_카바라이트_11,11,0.7857162952423096,558,656,0.6,
2EQ16481,3779_압판스토퍼_12,12,0.5887124538421631,432,204,0.9,
2EQ16481,3779_압판스토퍼_14,14,0.7298709750175476,232,200,0.6,
2EQ16482,C551_토너라벨_1,1,0.3424204885959625,558,372,0.6,
2EQ16482,B793_Canon각인_2,2,0.5698985457420349,44,328,1.05,
2EQ16482,6416_2206N명판_3,3,0.49366775155067444,186,370,1.2,
2EQ16482,3102_현상가압라벨_4,4,0.5960450768470764,710,32,0.6,
2EQ16482,3699_레버피스_4,4,0.5802662968635559,446,4,0.6,
2EQ16482,1525_▲▲▲라벨_5,5,0.9302240610122681,798,230,0.6,
2EQ16482,2917_코마_6,6,0.8615251183509827,910,534,0.6,
2EQ16482,1525_▲▲▲라벨_7,7,0.5741142630577087,250,502,0.6,
2EQ16482,0000_모듈러카바_8,8,0.44350308179855347,264,468,0.6,
2EQ16482,3780_전원스위치_9,9,0.7609716653823853,782,202,0.6,
2EQ16482,V242_카바라이트_10,10,0.7773080468177795,434,592,0.6,
2EQ16482,V242_카바라이트_11,11,0.7961669564247131,506,648,0.6,
2EQ16482,3779_압판스토퍼_12,12,0.5638649463653564,308,160,0.9,
2EQ16482,3779_압판스토퍼_14,14,0.7766209840774536,334,354,0.6,
2EQ16483,C551_토너라벨_1,1,0.3387383818626404,556,420,0.6,
2EQ16483,B793_Canon각인_2,2,0.4973926842212677,4,376,1.05,
2EQ16483,6416_2206N명판_3,3,0.4904269278049469,236,500,1.2,
2EQ16483,3102_현상가압라벨_4,4,0.5957620739936829,746,356,0.6,
2EQ16483,3699_레버피스_4,4,0.5791648030281067,372,474,1.2,
2EQ16483,1525_▲▲▲라벨_5,5,0.9265509843826294,796,228,0.6,
2EQ16483,2917_코마_6,6,0.8607509732246399,930,574,0.6,
2EQ16483,1525_▲▲▲라벨_7,7,0.6149963736534119,544,544,0.9,
2EQ16483,0000_모듈러카바_8,8,0.5308076739311218,314,526,0.6,
2EQ16483,3780_전원스위치_9,9,0.7549272179603577,782,202,0.6,
2EQ16483,V242_카바라이트_10,10,0.7780022025108337,430,592,0.6,
2EQ16483,V242_카바라이트_11,11,0.7430962324142456,564,646,0.6,
2EQ16483,3779_압판스토퍼_12,12,0.5529575943946838,832,44,0.9,
2EQ16483,3779_압판스토퍼_14,14,0.7411813139915466,582,222,0.6,
2EQ16484,C551_토너라벨_1,1,0.333217054605484,552,400,0.6,
2EQ16484,B793_Canon각인_2,2,0.5672788619995117,74,328,1.05,
2EQ16484,6416_2206N명판_3,3,0.4575140178203583,166,352,1.2,
2EQ16484,3102_현상가압라벨_4,4,0.6873530745506287,668,14,0.6,
2EQ16484,3699_레버피스_4,4,0.6647478342056274,668,16,0.6,
2EQ16484,1525_▲▲▲라벨_5,5,0.9291572570800781,410,440,0.6,
2EQ16484,2917_코마_6,6,0.8471388816833496,220,184,0.6,
2EQ16484,1525_▲▲▲라벨_7,7,0.5809593796730042,642,706,0.6,
2EQ16484,0000_모듈러카바_8,8,0.41443607211112976,224,546,0.6,
2EQ16484,3780_전원스위치_9,9,0.7586515545845032,782,202,0.6,
2EQ16484,V242_카바라이트_10,10,0.7721203565597534,490,130,0.6,
2EQ16484,V242_카바라이트_11,11,0.7916975617408752,510,646,0.6,
2EQ16484,3779_압판스토퍼_12,12,0.5976661443710327,422,208,0.9,
2EQ16484,3779_압판스토퍼_14,14,0.7533825039863586,312,364,0.6,
2EQ16485,C551_토너라벨_1,1,0.3889150023460388,580,302,0.6,
2EQ16485,B793_Canon각인_2,2,0.5568566918373108,68,338,1.05,
2EQ16485,6416_2206N명판_3,3,0.4768730103969574,178,470,1.2,
2EQ16485,3102_현상가압라벨_4,4,0.6107761263847351,794,18,0.6,
2EQ16485,3699_레버피스_4,4,0.5681977868080139,368,486,1.2,
2EQ16485,1525_▲▲▲라벨_5,5,0.9197123646736145,176,462,0.6,
2EQ16485,2917_코마_6,6,0.8607677221298218,794,528,0.6,
2EQ16485,1525_▲▲▲라벨_7,7,0.5885987281799316,692,294,0.9,
2EQ16485,0000_모듈러카바_8,8,0.5292710065841675,282,478,0.6,
2EQ16485,3780_전원스위치_9,9,0.7545168995857239,782,202,0.6,
2EQ16485,V242_카바라이트_10,10,0.7922227382659912,490,130,0.6,
2EQ16485,V242_카바라이트_11,11,0.7855271100997925,500,650,0.6,
2EQ16485,3779_압판스토퍼_12,12,0.5340952277183533,192,480,0.9,
2EQ16485,3779_압판스토퍼_14,14,0.7485213279724121,608,250,0.6,
2EQ16486,C551_토너라벨_1,1,0.35945844650268555,484,488,0.6,
2EQ16486,B793_Canon각인_2,2,0.4016321897506714,88,558,1.05,
2EQ16486,6416_2206N명판_3,3,0.40828028321266174,704,650,0.6,
2EQ16486,3102_현상가압라벨_4,4,0.6501924395561218,606,14,0.6,
2EQ16486,3699_레버피스_4,4,0.6689868569374084,610,18,0.6,
2EQ16486,1525_▲▲▲라벨_5,5,0.9303662776947021,320,454,0.75,
2EQ16486,2917_코마_6,6,0.8676595091819763,914,536,0.6,
2EQ16486,1525_▲▲▲라벨_7,7,0.5490718483924866,532,550,0.75,
2EQ16486,0000_모듈러카바_8,8,0.45532333850860596,268,480,0.6,
2EQ16486,3780_전원스위치_9,9,0.7588424682617188,782,202,0.6,
2EQ16486,V242_카바라이트_10,10,0.7819791436195374,426,606,0.6,
2EQ16486,V242_카바라이트_11,11,0.7816246747970581,432,578,0.6,
2EQ16486,3779_압판스토퍼_12,12,0.5821821689605713,804,72,0.9,
2EQ16486,3779_압판스토퍼_14,14,0.7494065761566162,344,382,0.6,
2EQ16487,C551_토너라벨_1,1,0.3569263517856598,494,454,0.6,
2EQ16487,B793_Canon각인_2,2,0.5667367577552795,62,344,1.05,
2EQ16487,6416_2206N명판_3,3,0.4600053131580353,150,406,1.2,
2EQ16487,3102_현상가압라벨_4,4,0.6415345668792725,658,268,0.6,
2EQ16487,3699_레버피스_4,4,0.5603507161140442,936,154,0.6,
2EQ16487,1525_▲▲▲라벨_5,5,0.9263569712638855,810,238,0.6,
2EQ16487,2917_코마_6,6,0.8559629917144775,642,114,0.6,
2EQ16487,1525_▲▲▲라벨_7,7,0.5425496697425842,518,500,0.9,
2EQ16487,0000_모듈러카바_8,8,0.41765907406806946,288,508,0.6,
2EQ16487,3780_전원스위치_9,9,0.7526714205741882,782,202,0.6,
2EQ16487,V242_카바라이트_10,10,0.769676685333252,442,588,0.6,
2EQ16487,V242_카바라이트_11,11,0.7719621062278748,500,652,0.6,
2EQ16487,3779_압판스토퍼_12,12,0.5624887943267822,192,442,0.9,
2EQ16487,3779_압판스토퍼_14,14,0.7601642608642578,528,200,0.75,
2EQ16488,C551_토너라벨_1,1,0.3850290775299072,566,276,0.6,
2EQ16488,B793_Canon각인_2,2,0.4693586528301239,64,342,1.05,
2EQ16488,6416_2206N명판_3,3,0.483625203371048,202,330,1.2,
2EQ16488,3102_현상가압라벨_4,4,0.5852212905883789,600,48,0.6,
2EQ16488,3699_레버피스_4,4,0.5873212218284607,268,10,0.6,
2EQ16488,1525_▲▲▲라벨_5,5,0.9204403162002563,794,226,0.75,
2EQ16488,2917_코마_6,6,0.8581905961036682,694,120,0.6,
2EQ16488,1525_▲▲▲라벨_7,7,0.6009910702705383,526,522,0.9,
2EQ16488,0000_모듈러카바_8,8,0.4134000539779663,296,544,0.6,
2EQ16488,3780_전원스위치_9,9,0.7542453408241272,782,202,0.6,
2EQ16488,V242_카바라이트_10,10,0.7777708172798157,444,598,0.6,
2EQ16488,V242_카바라이트_11,11,0.7728466987609863,498,648,0.6,
2EQ16488,3779_압판스토퍼_12,12,0.548681914806366,276,600,0.9,
2EQ16488,3779_압판스토퍼_14,14,0.7531220316886902,220,182,0.6,
2EQ16489,C551_토너라벨_1,1,0.37780818343162537,456,314,0.6,
2EQ16489,B793_Canon각인_2,2,0.5440585017204285,44,356,1.05,
2EQ16489,6416_2206N명판_3,3,0.4506306052207947,154,492,1.2,
2EQ16489,3102_현상가압라벨_4,4,0.5875349044799805,678,0,0.6,
2EQ16489,3699_레버피스_4,4,0.6206897497177124,534,226,0.6,
2EQ16489,1525_▲▲▲라벨_5,5,0.9293599724769592,24,592,0.6,
2EQ16489,2917_코마_6,6,0.8372883200645447,18,392,0.6,
2EQ16489,1525_▲▲▲라벨_7,7,0.5204593539237976,478,324,0.9,
2EQ16489,0000_모듈러카바_8,8,0.47220033407211304,292,478,0.6,
2EQ16489,3780_전원스위치_9,9,0.7449902892112732,782,202,0.6,
2EQ16489,V242_카바라이트_10,10,0.7700663208961487,718,138,0.6,
2EQ16489,V242_카바라이트_11,11,0.7893003225326538,510,602,0.6,
2EQ16489,3779_압판스토퍼_12,12,0.5566896796226501,790,72,0.9,
2EQ16489,3779_압판스토퍼_14,14,0.7501978278160095,336,382,0.6,
2EQ16490,C551_토너라벨_1,1,0.3831211030483246,478,408,0.6,
2EQ16490,B793_Canon각인_2,2,0.6107386350631714,98,354,1.05,
2EQ16490,6416_2206N명판_3,3,0.40992075204849243,706,652,0.6,
2EQ16490,3102_현상가압라벨_4,4,0.638799786567688,664,44,0.6,
2EQ16490,3699_레버피스_4,4,0.5821056962013245,370,482,1.2,
2EQ16490,1525_▲▲▲라벨_5,5,0.9421387314796448,22,588,0.6,
2EQ16490,2917_코마_6,6,0.8683715462684631,692,416,0.6,
2EQ16490,1525_▲▲▲라벨_7,7,0.5458534955978394,532,464,0.6,
2EQ16490,0000_모듈러카바_8,8,0.5165177583694458,226,508,0.6,
2EQ16490,3780_전원스위치_9,9,0.7526649832725525,780,202,0.6,
2EQ16490,V242_카바라이트_10,10,0.7968153357505798,488,130,0.6,
2EQ16490,V242_카바라이트_11,11,0.7881529927253723,556,652,0.6,
2EQ16490,3779_압판스토퍼_12,12,0.5501146912574768,212,384,0.9,
2EQ16490,3779_압판스토퍼_14,14,0.7697451114654541,210,174,0.6,
2EQ16491,C551_토너라벨_1,1,0.33097565174102783,430,388,0.6,
2EQ16491,B793_Canon각인_2,2,0.5308588743209839,14,352,1.05,
2EQ16491,6416_2206N명판_3,3,0.45437559485435486,566,306,0.6,
2EQ16491,3102_현상가압라벨_4,4,0.6931720972061157,656,50,0.6,
2EQ16491,3699_레버피스_4,4,0.66925448179245,660,54,0.6,
2EQ16491,1525_▲▲▲라벨_5,5,0.9232238531112671,218,476,0.6,
2EQ16491,2917_코마_6,6,0.8654866218566895,932,536,0.6,
2EQ16491,1525_▲▲▲라벨_7,7,0.5223968625068665,522,528,0.6,
2EQ16491,0000_모듈러카바_8,8,0.5246553421020508,266,514,0.6,
2EQ16491,3780_전원스위치_9,9,0.7592077851295471,782,202,0.6,
2EQ16491,V242_카바라이트_10,10,0.7748512625694275,440,604,0.6,
2EQ16491,V242_카바라이트_11,11,0.7718892693519592,718,150,0.6,
2EQ16491,3779_압판스토퍼_12,12,0.5332225561141968,450,86,0.9,
2EQ16491,3779_압판스토퍼_14,14,0.7564334869384766,566,220,0.75,
2EQ16492,C551_토너라벨_1,1,0.4041222333908081,438,342,0.6,
2EQ16492,B793_Canon각인_2,2,0.5316476225852966,106,316,1.05,
2EQ16492,6416_2206N명판_3,3,0.40783244371414185,708,654,0.6,
2EQ16492,3102_현상가압라벨_4,4,0.6446792483329773,608,58,0.75,
2EQ16492,3699_레버피스_4,4,0.6407774090766907,560,46,0.9,
2EQ16492,1525_▲▲▲라벨_5,5,0.9138288497924805,14,596,0.6,
2EQ16492,2917_코마_6,6,0.8539583683013916,838,362,0.6,
2EQ16492,1525_▲▲▲라벨_7,7,0.5356940627098083,298,32,0.9,
2EQ16492,0000_모듈러카바_8,8,0.5117983222007751,292,536,0.6,
2EQ16492,3780_전원스위치_9,9,0.7511385083198547,780,202,0.6,
2EQ16492,V242_카바라이트_10,10,0.7739197015762329,430,594,0.6,
2EQ16492,V242_카바라이트_11,11,0.753861129283905,738,590,0.6,
2EQ16492,3779_압판스토퍼_12,12,0.5796127915382385,250,140,0.9,
2EQ16492,3779_압판스토퍼_14,14,0.7290261387825012,822,12,0.75,
2EQ16493,C551_토너라벨_1,1,0.38856151700019836,502,402,0.6,
2EQ16493,B793_Canon각인_2,2,0.4871051609516144,72,326,1.05,
2EQ16493,6416_2206N명판_3,3,0.45603758096694946,156,412,1.2,
2EQ16493,3102_현상가압라벨_4,4,0.6095154881477356,588,90,0.6,
2EQ16493,3699_레버피스_4,4,0.6515325307846069,586,0,0.6,
2EQ16493,1525_▲▲▲라벨_5,5,0.9240092635154724,808,230,0.6,
2EQ16493,2917_코마_6,6,0.8650673031806946,696,92,0.6,
2EQ16493,1525_▲▲▲라벨_7,7,0.5558912754058838,306,586,0.6,
2EQ16493,0000_모듈러카바_8,8,0.44986119866371155,346,520,0.6,
2EQ16493,3780_전원스위치_9,9,0.7596673369407654,782,202,0.6,
2EQ16493,V242_카바라이트_10,10,0.787416398525238,482,134,0.6,
2EQ16493,V242_카바라이트_11,11,0.7865082621574402,550,650,0.6,
2EQ16493,3779_압판스토퍼_12,12,0.5348596572875977,372,178,0.9,
2EQ16493,3779_압판스토퍼_14,14,0.7480358481407166,848,324,0.6,
2EQ16494,C551_토너라벨_1,1,0.3802528977394104,570,356,0.6,
2EQ16494,B793_Canon각인_2,2,0.5353226661682129,56,356,1.05,
2EQ16494,6416_2206N명판_3,3,0.5053927302360535,216,412,1.2,
2EQ16494,3102_현상가압라벨_4,4,0.6141635179519653,662,0,0.6,
2EQ16494,3699_레버피스_4,4,0.554427981376648,714,386,0.6,
2EQ16494,1525_▲▲▲라벨_5,5,0.9260323643684387,226,404,0.6,
2EQ16494,2917_코마_6,6,0.8690876364707947,260,136,0.6,
2EQ16494,1525_▲▲▲라벨_7,7,0.5556196570396423,88,462,0.9,
2EQ16494,0000_모듈러카바_8,8,0.5421006083488464,296,486,0.6,
2EQ16494,3780_전원스위치_9,9,0.7553603053092957,782,202,0.6,
2EQ16494,V242_카바라이트_10,10,0.7596727013587952,480,128,0.6,
2EQ16494,V242_카바라이트_11,11,0.762004554271698,556,658,0.6,
2EQ16494,3779_압판스토퍼_12,12,0.548488438129425,30,620,0.9,
2EQ16494,3779_압판스토퍼_14,14,0.7624996900558472,370,398,0.6,
2EQ16495,C551_토너라벨_1,1,0.39637061953544617,556,202,0.6,
2EQ16495,B793_Canon각인_2,2,0.5880841612815857,0,350,1.05,
2EQ16495,6416_2206N명판_3,3,0.46006059646606445,194,318,1.2,
2EQ16495,3102_현상가압라벨_4,4,0.640109121799469,578,38,0.6,
2EQ16495,3699_레버피스_4,4,0.5635015964508057,936,156,0.6,
2EQ16495,1525_▲▲▲라벨_5,5,0.9217067956924438,222,462,0.6,
2EQ16495,2917_코마_6,6,0.8664746284484863,890,548,0.6,
2EQ16495,1525_▲▲▲라벨_7,7,0.5970433950424194,636,608,0.9,
2EQ16495,0000_모듈러카바_8,8,0.4596470892429352,334,466,0.6,
2EQ16495,3780_전원스위치_9,9,0.7530108690261841,780,202,0.6,
2EQ16495,V242_카바라이트_10,10,0.7743815779685974,488,128,0.6,
2EQ16495,V242_카바라이트_11,11,0.7801823019981384,558,658,0.6,
2EQ16495,3779_압판스토퍼_12,12,0.5630018711090088,244,124,0.9,
2EQ16495,3779_압판스토퍼_14,14,0.75165194272995,380,330,0.75,
2EQ16496,C551_토너라벨_1,1,0.33256229758262634,536,382,0.6,
2EQ16496,B793_Canon각인_2,2,0.5430566072463989,16,318,1.05,
2EQ16496,6416_2206N명판_3,3,0.5202597975730896,204,326,1.2,
2EQ16496,3102_현상가압라벨_4,4,0.647691547870636,642,32,0.6,
2EQ16496,3699_레버피스_4,4,0.6261890530586243,182,8,0.9,
2EQ16496,1525_▲▲▲라벨_5,5,0.9295699596405029,794,224,0.75,
2EQ16496,2917_코마_6,6,0.8579246997833252,866,584,0.6,
2EQ16496,1525_▲▲▲라벨_7,7,0.567363440990448,528,494,0.75,
2EQ16496,0000_모듈러카바_8,8,0.4752845764160156,264,524,0.6,
2EQ16496,3780_전원스위치_9,9,0.7597008347511292,782,202,0.6,
2EQ16496,V242_카바라이트_10,10,0.7788801789283752,436,592,0.6,
2EQ16496,V242_카바라이트_11,11,0.7957007884979248,506,652,0.6,
2EQ16496,3779_압판스토퍼_12,12,0.5153980851173401,108,604,0.9,
2EQ16496,3779_압판스토퍼_14,14,0.7490582466125488,218,178,0.75,
2EQ16497,C551_토너라벨_1,1,0.3153527081012726,588,336,0.6,
2EQ16497,B793_Canon각인_2,2,0.5492950677871704,44,380,1.05,
2EQ16497,6416_2206N명판_3,3,0.4892183244228363,166,320,1.2,
2EQ16497,3102_현상가압라벨_4,4,0.6610082983970642,524,8,0.75,
2EQ16497,3699_레버피스_4,4,0.6227775812149048,544,24,0.6,
2EQ16497,1525_▲▲▲라벨_5,5,0.9259265661239624,138,226,0.75,
2EQ16497,2917_코마_6,6,0.8434412479400635,126,592,0.6,
2EQ16497,1525_▲▲▲라벨_7,7,0.6054421067237854,542,508,0.9,
2EQ16497,0000_모듈러카바_8,8,0.6113943457603455,316,520,0.6,
2EQ16497,3780_전원스위치_9,9,0.7555455565452576,782,202,0.6,
2EQ16497,V242_카바라이트_10,10,0.7745217084884644,436,594,0.6,
2EQ16497,V242_카바라이트_11,11,0.7620700001716614,568,648,0.6,
2EQ16497,3779_압판스토퍼_12,12,0.5926480293273926,296,160,0.9,
2EQ16497,3779_압판스토퍼_14,14,0.7576920390129089,348,352,0.6,
2EQ16498,C551_토너라벨_1,1,0.3528502583503723,504,418,0.6,
2EQ16498,B793_Canon각인_2,2,0.5481811761856079,40,284,1.05,
2EQ16498,6416_2206N명판_3,3,0.424215704202652,148,452,1.2,
2EQ16498,3102_현상가압라벨_4,4,0.6047928333282471,722,228,0.6,
2EQ16498,3699_레버피스_4,4,0.5566719174385071,210,614,0.6,
2EQ16498,1525_▲▲▲라벨_5,5,0.9209680557250977,154,236,0.6,
2EQ16498,2917_코마_6,6,0.8422361612319946,792,224,0.6,
2EQ16498,1525_▲▲▲라벨_7,7,0.5375681519508362,486,486,0.9,
2EQ16498,0000_모듈러카바_8,8,0.4804764986038208,258,546,0.6,
2EQ16498,3780_전원스위치_9,9,0.7525335550308228,780,202,0.6,
2EQ16498,V242_카바라이트_10,10,0.7787203788757324,430,582,0.6,
2EQ16498,V242_카바라이트_11,11,0.80012446641922,564,654,0.6,
2EQ16498,3779_압판스토퍼_12,12,0.5577685236930847,76,602,0.9,
2EQ16498,3779_압판스토퍼_14,14,0.7787334322929382,382,378,0.6,
2EQ16499,C551_토너라벨_1,1,0.32942405343055725,538,292,0.6,
2EQ16499,B793_Canon각인_2,2,0.4319286644458771,26,362,1.05,
2EQ16499,6416_2206N명판_3,3,0.49171125888824463,198,292,1.2,
2EQ16499,3102_현상가압라벨_4,4,0.6731482744216919,528,18,0.9,
2EQ16499,3699_레버피스_4,4,0.6269185543060303,162,28,0.75,
2EQ16499,1525_▲▲▲라벨_5,5,0.9285130500793457,98,456,0.6,
2EQ16499,2917_코마_6,6,0.8634728789329529,592,564,0.6,
2EQ16499,1525_▲▲▲라벨_7,7,0.583433985710144,576,512,0.9,
2EQ16499,0000_모듈러카바_8,8,0.41442248225212097,194,448,0.6,
2EQ16499,3780_전원스위치_9,9,0.7538679838180542,780,202,0.6,
2EQ16499,V242_카바라이트_10,10,0.7885116338729858,488,132,0.6,
2EQ16499,V242_카바라이트_11,11,0.7768883109092712,552,646,0.6,
2EQ16499,3779_압판스토퍼_12,12,0.6102694869041443,582,240,0.9,
2EQ16499,3779_압판스토퍼_14,14,0.7688571214675903,350,388,0.6,
2EQ16500,C551_토너라벨_1,1,0.3717893958091736,478,302,0.6,
2EQ16500,B793_Canon각인_2,2,0.5199469327926636,26,370,1.05,
2EQ16500,6416_2206N명판_3,3,0.48857638239860535,148,390,1.2,
2EQ16500,3102_현상가압라벨_4,4,0.6300980448722839,662,12,0.6,
2EQ16500,3699_레버피스_4,4,0.5722467303276062,362,462,1.2,
2EQ16500,1525_▲▲▲라벨_5,5,0.9322448968887329,590,20,0.6,
2EQ16500,2917_코마_6,6,0.8627179861068726,226,92,0.6,
2EQ16500,1525_▲▲▲라벨_7,7,0.5732770562171936,520,478,0.9,
2EQ16500,0000_모듈러카바_8,8,0.5424282550811768,282,518,0.6,
2EQ16500,3780_전원스위치_9,9,0.7582389116287231,782,202,0.6,
2EQ16500,V242_카바라이트_10,10,0.7768493890762329,480,136,0.6,
2EQ16500,V242_카바라이트_11,11,0.7940505146980286,510,646,0.6,
2EQ16500,3779_압판스토퍼_12,12,0.5551168322563171,272,454,0.9,
2EQ16500,3779_압판스토퍼_14,14,0.7606062889099121,538,182,0.75,
2EQ16501,C551_토너라벨_1,1,0.41172826290130615,452,292,0.6,
2EQ16501,B793_Canon각인_2,2,0.5296995639801025,46,328,1.05,
2EQ16501,6416_2206N명판_3,3,0.47344475984573364,374,286,1.2,
2EQ16501,3102_현상가압라벨_4,4,0.6294677257537842,552,14,0.6,
2EQ16501,3699_레버피스_4,4,0.6561342477798462,584,92,0.6,
2EQ16501,1525_▲▲▲라벨_5,5,0.9204365015029907,140,226,0.75,
2EQ16501,2917_코마_6,6,0.8570120930671692,938,574,0.6,
2EQ16501,1525_▲▲▲라벨_7,7,0.5719744563102722,594,478,0.9,
2EQ16501,0000_모듈러카바_8,8,0.6303753852844238,236,478,0.6,
2EQ16501,3780_전원스위치_9,9,0.7521778345108032,284,432,0.6,
2EQ16501,V242_카바라이트_10,10,0.7781282067298889,432,590,0.6,
2EQ16501,V242_카바라이트_11,11,0.7424523234367371,498,648,0.6,
2EQ16501,3779_압판스토퍼_12,12,0.5856698155403137,230,574,0.9,
2EQ16501,3779_압판스토퍼_14,14,0.7574542760848999,340,360,0.6,
2EQ16502,C551_토너라벨_1,1,0.3778383135795593,596,286,0.6,
2EQ16502,B793_Canon각인_2,2,0.49935680627822876,56,334,1.05,
2EQ16502,6416_2206N명판_3,3,0.49854400753974915,160,402,1.2,
2EQ16502,3102_현상가압라벨_4,4,0.6103100776672363,672,0,0.6,
2EQ16502,3699_레버피스_4,4,0.586049497127533,218,622,0.6,
2EQ16502,1525_▲▲▲라벨_5,5,0.9204518795013428,234,400,0.75,
2EQ16502,2917_코마_6,6,0.8518580794334412,704,334,0.6,
2EQ16502,1525_▲▲▲라벨_7,7,0.550187349319458,294,512,0.6,
2EQ16502,0000_모듈러카바_8,8,0.533374011516571,318,438,0.6,
2EQ16502,3780_전원스위치_9,9,0.7512561678886414,332,476,0.6,
2EQ16502,V242_카바라이트_10,10,0.7705219984054565,438,592,0.6,
2EQ16502,V242_카바라이트_11,11,0.7327590584754944,720,134,0.6,
2EQ16502,3779_압판스토퍼_12,12,0.631683886051178,708,172,0.9,
2EQ16502,3779_압판스토퍼_14,14,0.7540486454963684,332,314,0.6,
2EQ16503,C551_토너라벨_1,1,0.328111857175827,560,322,0.6,
2EQ16503,B793_Canon각인_2,2,0.5535588264465332,42,340,1.05,
2EQ16503,6416_2206N명판_3,3,0.4149034023284912,178,348,1.2,
2EQ16503,3102_현상가압라벨_4,4,0.6213328242301941,442,94,0.6,
2EQ16503,3699_레버피스_4,4,0.609326183795929,162,26,0.75,
2EQ16503,1525_▲▲▲라벨_5,5,0.9219747185707092,390,440,0.6,
2EQ16503,2917_코마_6,6,0.8638595342636108,908,550,0.6,
2EQ16503,1525_▲▲▲라벨_7,7,0.5586084127426147,574,572,0.75,
2EQ16503,0000_모듈러카바_8,8,0.5436513423919678,276,512,0.6,
2EQ16503,3780_전원스위치_9,9,0.7611256837844849,782,202,0.6,
2EQ16503,V242_카바라이트_10,10,0.7773022651672363,438,594,0.6,
2EQ16503,V242_카바라이트_11,11,0.7775630354881287,538,656,0.6,
2EQ16503,3779_압판스토퍼_12,12,0.5899969935417175,788,72,0.9,
2EQ16503,3779_압판스토퍼_14,14,0.7656686902046204,358,446,0.6,
2EQ16504,C551_토너라벨_1,1,0.39618393778800964,496,258,0.6,
2EQ16504,B793_Canon각인_2,2,0.5453000068664551,4,348,1.05,
2EQ16504,6416_2206N명판_3,3,0.44017893075942993,138,414,1.2,
2EQ16504,3102_현상가압라벨_4,4,0.5770495533943176,654,642,0.6,
2EQ16504,3699_레버피스_4,4,0.577235221862793,232,590,0.6,
2EQ16504,1525_▲▲▲라벨_5,5,0.9259048700332642,154,232,0.6,
2EQ16504,2917_코마_6,6,0.8457084894180298,928,530,0.6,
2EQ16504,1525_▲▲▲라벨_7,7,0.5525776743888855,602,462,0.9,
2EQ16504,0000_모듈러카바_8,8,0.4631088972091675,248,534,0.6,
2EQ16504,3780_전원스위치_9,9,0.7515247464179993,780,202,0.6,
2EQ16504,V242_카바라이트_10,10,0.774768054485321,436,602,0.6,
2EQ16504,V242_카바라이트_11,11,0.7696016430854797,560,646,0.6,
2EQ16504,3779_압판스토퍼_12,12,0.6087909936904907,400,194,0.9,
2EQ16504,3779_압판스토퍼_14,14,0.7314351797103882,844,354,0.6,
2EQ16505,C551_토너라벨_1,1,0.39858734607696533,584,338,0.6,
2EQ16505,B793_Canon각인_2,2,0.5182154178619385,76,354,1.05,
2EQ16505,6416_2206N명판_3,3,0.4025777280330658,8,660,0.6,
2EQ16505,3102_현상가압라벨_4,4,0.603065550327301,688,24,0.6,
2EQ16505,3699_레버피스_4,4,0.5643477439880371,344,488,1.2,
2EQ16505,1525_▲▲▲라벨_5,5,0.9195692539215088,282,314,0.6,
2EQ16505,2917_코마_6,6,0.8563665151596069,638,398,0.6,
2EQ16505,1525_▲▲▲라벨_7,7,0.5853444337844849,404,488,0.9,
2EQ16505,0000_모듈러카바_8,8,0.5535280704498291,242,426,0.6,
2EQ16505,3780_전원스위치_9,9,0.7561790943145752,780,202,0.6,
2EQ16505,V242_카바라이트_10,10,0.7811671495437622,476,130,0.6,
2EQ16505,V242_카바라이트_11,11,0.7680258750915527,716,616,0.6,
2EQ16505,3779_압판스토퍼_12,12,0.5985381603240967,256,138,0.9,
2EQ16505,3779_압판스토퍼_14,14,0.7748298048973083,498,272,0.6,
2EQ16506,C551_토너라벨_1,1,0.30399349331855774,506,454,0.6,
2EQ16506,B793_Canon각인_2,2,0.5115916132926941,0,356,1.05,
2EQ16506,6416_2206N명판_3,3,0.5274353623390198,198,424,1.2,
2EQ16506,3102_현상가압라벨_4,4,0.654961109161377,668,6,0.6,
2EQ16506,3699_레버피스_4,4,0.5722174644470215,360,468,1.2,
2EQ16506,1525_▲▲▲라벨_5,5,0.9259656071662903,206,380,0.6,
2EQ16506,2917_코마_6,6,0.8388097882270813,226,58,0.6,
2EQ16506,1525_▲▲▲라벨_7,7,0.5206243395805359,44,448,0.6,
2EQ16506,0000_모듈러카바_8,8,0.6073184609413147,214,334,0.6,
2EQ16506,3780_전원스위치_9,9,0.7593804597854614,782,202,0.6,
2EQ16506,V242_카바라이트_10,10,0.7916693091392517,498,164,0.6,
2EQ16506,V242_카바라이트_11,11,0.7294191718101501,702,594,0.6,
2EQ16506,3779_압판스토퍼_12,12,0.6952441930770874,746,476,0.9,
2EQ16506,3779_압판스토퍼_14,14,0.6964008808135986,844,614,0.75,
2EQ16507,C551_토너라벨_1,1,0.3439594507217407,456,374,0.6,
2EQ16507,B793_Canon각인_2,2,0.5541936755180359,28,338,1.05,
2EQ16507,6416_2206N명판_3,3,0.449686735868454,212,378,1.2,
2EQ16507,3102_현상가압라벨_4,4,0.7143734693527222,528,36,0.6,
2EQ16507,3699_레버피스_4,4,0.6795210838317871,506,40,0.6,
2EQ16507,1525_▲▲▲라벨_5,5,0.931128740310669,796,224,0.75,
2EQ16507,2917_코마_6,6,0.852057695388794,934,556,0.6,
2EQ16507,1525_▲▲▲라벨_7,7,0.5284218192100525,512,548,0.6,
2EQ16507,0000_모듈러카바_8,8,0.4665331542491913,242,496,0.6,
2EQ16507,3780_전원스위치_9,9,0.7607269883155823,264,474,0.6,
2EQ16507,V242_카바라이트_10,10,0.7708227038383484,482,134,0.6,
2EQ16507,V242_카바라이트_11,11,0.7809386253356934,570,648,0.6,
2EQ16507,3779_압판스토퍼_12,12,0.5552241802215576,188,474,0.9,
2EQ16507,3779_압판스토퍼_14,14,0.7517868876457214,554,202,0.6,
2EQ16508,C551_토너라벨_1,1,0.31079989671707153,148,228,0.6,
2EQ16508,B793_Canon각인_2,2,0.5453792810440063,28,274,1.05,
2EQ16508,6416_2206N명판_3,3,0.49213653802871704,220,326,1.2,
2EQ16508,3102_현상가압라벨_4,4,0.663566529750824,518,14,0.9,
2EQ16508,3699_레버피스_4,4,0.6484128832817078,712,38,0.6,
2EQ16508,1525_▲▲▲라벨_5,5,0.9263332486152649,450,446,0.6,
2EQ16508,2917_코마_6,6,0.847993016242981,52,396,0.6,
2EQ16508,1525_▲▲▲라벨_7,7,0.557502031326294,536,544,0.75,
2EQ16508,0000_모듈러카바_8,8,0.5435081124305725,226,544,0.6,
2EQ16508,3780_전원스위치_9,9,0.7538836598396301,784,202,0.6,
2EQ16508,V242_카바라이트_10,10,0.7829130291938782,456,612,0.6,
2EQ16508,V242_카바라이트_11,11,0.7903090715408325,500,640,0.6,
2EQ16508,3779_압판스토퍼_12,12,0.5303570628166199,14,604,0.9,
2EQ16508,3779_압판스토퍼_14,14,0.7506695985794067,224,178,0.75,
2EQ16509,C551_토너라벨_1,1,0.3826448917388916,336,146,1.05,
2EQ16509,B793_Canon각인_2,2,0.5987156629562378,88,386,1.05,
2EQ16509,6416_2206N명판_3,3,0.44803163409233093,294,288,1.2,
2EQ16509,3102_현상가압라벨_4,4,0.6441957354545593,612,0,1.2,
2EQ16509,3699_레버피스_4,4,0.6819348931312561,594,30,0.9,
2EQ16509,1525_▲▲▲라벨_5,5,0.9227786064147949,804,230,0.6,
2EQ16509,2917_코마_6,6,0.8467049598693848,122,388,0.6,
2EQ16509,1525_▲▲▲라벨_7,7,0.5864192247390747,900,238,0.9,
2EQ16509,0000_모듈러카바_8,8,0.5214427709579468,264,538,0.6,
2EQ16509,3780_전원스위치_9,9,0.7546151280403137,244,460,0.6,
2EQ16509,V242_카바라이트_10,10,0.760208785533905,444,592,0.6,
2EQ16509,V242_카바라이트_11,11,0.7738047242164612,720,138,0.6,
2EQ16509,3779_압판스토퍼_12,12,0.5726811289787292,104,602,0.9,
2EQ16509,3779_압판스토퍼_14,14,0.7619144320487976,344,336,0.6,
2EQ16510,C551_토너라벨_1,1,0.3129936456680298,508,392,0.6,
2EQ16510,B793_Canon각인_2,2,0.525912880897522,0,404,1.05,
2EQ16510,6416_2206N명판_3,3,0.4573507308959961,162,380,1.2,
2EQ16510,3102_현상가압라벨_4,4,0.6183320879936218,592,22,0.9,
2EQ16510,3699_레버피스_4,4,0.6841624975204468,218,16,0.9,
2EQ16510,1525_▲▲▲라벨_5,5,0.9288424849510193,232,460,0.75,
2EQ16510,2917_코마_6,6,0.8536301255226135,904,530,0.6,
2EQ16510,1525_▲▲▲라벨_7,7,0.5787442922592163,584,548,0.9,
2EQ16510,0000_모듈러카바_8,8,0.4705095887184143,392,494,0.6,
2EQ16510,3780_전원스위치_9,9,0.7554680705070496,784,202,0.6,
2EQ16510,V242_카바라이트_10,10,0.7670988440513611,478,126,0.6,
2EQ16510,V242_카바라이트_11,11,0.726250410079956,722,134,0.6,
2EQ16510,3779_압판스토퍼_12,12,0.6106770038604736,446,28,0.9,
2EQ16510,3779_압판스토퍼_14,14,0.7650729417800903,230,184,0.75,
2EQ16511,C551_토너라벨_1,1,0.3320208191871643,564,338,0.6,
2EQ16511,B793_Canon각인_2,2,0.473733514547348,0,296,1.05,
2EQ16511,6416_2206N명판_3,3,0.4839368462562561,246,344,1.2,
2EQ16511,3102_현상가압라벨_4,4,0.599612295627594,186,636,0.6,
2EQ16511,3699_레버피스_4,4,0.6414877772331238,514,64,0.6,
2EQ16511,1525_▲▲▲라벨_5,5,0.9222574830055237,800,230,0.6,
2EQ16511,2917_코마_6,6,0.8519623875617981,700,134,0.6,
2EQ16511,1525_▲▲▲라벨_7,7,0.5994080305099487,486,498,0.9,
2EQ16511,0000_모듈러카바_8,8,0.532853901386261,276,532,0.6,
2EQ16511,3780_전원스위치_9,9,0.7550567984580994,782,202,0.6,
2EQ16511,V242_카바라이트_10,10,0.779028058052063,428,598,0.6,
2EQ16511,V242_카바라이트_11,11,0.7756242752075195,728,612,0.6,
2EQ16511,3779_압판스토퍼_12,12,0.5809231996536255,314,158,0.9,
2EQ16511,3779_압판스토퍼_14,14,0.7512961626052856,382,352,0.6,
2EQ16512,C551_토너라벨_1,1,0.3336608409881592,464,484,0.6,
2EQ16512,B793_Canon각인_2,2,0.5746954679489136,62,316,1.05,
2EQ16512,6416_2206N명판_3,3,0.48954278230667114,202,284,1.2,
2EQ16512,3102_현상가압라벨_4,4,0.6577728986740112,490,14,0.75,
2EQ16512,3699_레버피스_4,4,0.6150831580162048,714,24,0.6,
2EQ16512,1525_▲▲▲라벨_5,5,0.9260424971580505,804,230,0.6,
2EQ16512,2917_코마_6,6,0.8602258563041687,934,554,0.6,
2EQ16512,1525_▲▲▲라벨_7,7,0.5415707230567932,608,536,0.75,
2EQ16512,0000_모듈러카바_8,8,0.5402277112007141,274,464,0.6,
2EQ16512,3780_전원스위치_9,9,0.73796546459198,186,580,0.6,
2EQ16512,V242_카바라이트_10,10,0.7862513065338135,492,124,0.6,
2EQ16512,V242_카바라이트_11,11,0.7834944725036621,560,658,0.6,
2EQ16512,3779_압판스토퍼_12,12,0.5606598854064941,372,34,0.9,
2EQ16512,3779_압판스토퍼_14,14,0.734085738658905,522,342,0.6,
2EQ16513,C551_토너라벨_1,1,0.33745405077934265,424,338,0.6,
2EQ16513,B793_Canon각인_2,2,0.528624951839447,0,344,1.05,
2EQ16513,6416_2206N명판_3,3,0.48535630106925964,262,380,1.2,
2EQ16513,3102_현상가압라벨_4,4,0.6131606698036194,640,92,0.6,
2EQ16513,3699_레버피스_4,4,0.6630228161811829,672,4,0.6,
2EQ16513,1525_▲▲▲라벨_5,5,0.9187805652618408,796,228,0.6,
2EQ16513,2917_코마_6,6,0.8611850142478943,704,138,0.6,
2EQ16513,1525_▲▲▲라벨_7,7,0.5365365743637085,514,524,0.6,
2EQ16513,0000_모듈러카바_8,8,0.586276113986969,290,466,0.6,
2EQ16513,3780_전원스위치_9,9,0.7620100378990173,288,444,0.6,
2EQ16513,V242_카바라이트_10,10,0.7718347907066345,452,594,0.6,
2EQ16513,V242_카바라이트_11,11,0.7655702233314514,720,150,0.6,
2EQ16513,3779_압판스토퍼_12,12,0.60310959815979,434,232,0.9,
2EQ16513,3779_압판스토퍼_14,14,0.7692468166351318,220,184,0.6,
2EQ16514,C551_토너라벨_1,1,0.31838148832321167,528,344,0.6,
2EQ16514,B793_Canon각인_2,2,0.5124309659004211,44,316,1.05,
2EQ16514,6416_2206N명판_3,3,0.42262351512908936,534,314,0.75,
2EQ16514,3102_현상가압라벨_4,4,0.6054280996322632,586,114,0.6,
2EQ16514,3699_레버피스_4,4,0.6320152878761292,198,14,0.9,
2EQ16514,1525_▲▲▲라벨_5,5,0.9266505241394043,808,230,0.6,
2EQ16514,2917_코마_6,6,0.8731020092964172,938,552,0.6,
2EQ16514,1525_▲▲▲라벨_7,7,0.5428673624992371,416,372,0.6,
2EQ16514,0000_모듈러카바_8,8,0.48074281215667725,338,488,0.6,
2EQ16514,3780_전원스위치_9,9,0.7551376223564148,784,202,0.6,
2EQ16514,V242_카바라이트_10,10,0.7794338464736938,440,600,0.6,
2EQ16514,V242_카바라이트_11,11,0.7694721817970276,724,614,0.6,
2EQ16514,3779_압판스토퍼_12,12,0.5513392686843872,480,186,0.9,
2EQ16514,3779_압판스토퍼_14,14,0.7646026611328125,420,392,0.6,
2EQ16515,C551_토너라벨_1,1,0.32552725076675415,472,386,0.6,
2EQ16515,B793_Canon각인_2,2,0.538148045539856,14,338,1.05,
2EQ16515,6416_2206N명판_3,3,0.533392071723938,218,348,1.2,
2EQ16515,3102_현상가압라벨_4,4,0.5992812514305115,686,10,0.6,
2EQ16515,3699_레버피스_4,4,0.6355673670768738,666,44,0.6,
2EQ16515,1525_▲▲▲라벨_5,5,0.920100212097168,198,458,0.6,
2EQ16515,2917_코마_6,6,0.834585428237915,706,200,0.6,
2EQ16515,1525_▲▲▲라벨_7,7,0.5665898323059082,630,638,0.75,
2EQ16515,0000_모듈러카바_8,8,0.45063039660453796,256,502,0.6,
2EQ16515,3780_전원스위치_9,9,0.754975438117981,322,462,0.6,
2EQ16515,V242_카바라이트_10,10,0.7803582549095154,440,594,0.6,
2EQ16515,V242_카바라이트_11,11,0.7768886685371399,536,664,0.6,
2EQ16515,3779_압판스토퍼_12,12,0.5949450135231018,596,188,0.9,
2EQ16515,3779_압판스토퍼_14,14,0.7481366991996765,356,360,0.6,
2EQ16516,C551_토너라벨_1,1,0.354148268699646,580,338,0.6,
2EQ16516,B793_Canon각인_2,2,0.5535659193992615,76,398,1.05,
2EQ16516,6416_2206N명판_3,3,0.46386370062828064,216,370,1.2,
2EQ16516,3102_현상가압라벨_4,4,0.6769275069236755,626,10,0.6,
2EQ16516,3699_레버피스_4,4,0.6643909811973572,620,14,0.6,
2EQ16516,1525_▲▲▲라벨_5,5,0.9276335835456848,796,224,0.75,
2EQ16516,2917_코마_6,6,0.8639930486679077,896,546,0.6,
2EQ16516,1525_▲▲▲라벨_7,7,0.5500348210334778,668,662,0.9,
2EQ16516,0000_모듈러카바_8,8,0.4755547344684601,312,506,0.6,
2EQ16516,3780_전원스위치_9,9,0.7552080750465393,784,202,0.6,
2EQ16516,V242_카바라이트_10,10,0.7676831483840942,490,128,0.6,
2EQ16516,V242_카바라이트_11,11,0.7797287702560425,538,652,0.6,
2EQ16516,3779_압판스토퍼_12,12,0.49782517552375793,514,200,0.9,
2EQ16516,3779_압판스토퍼_14,14,0.7474761009216309,392,414,0.6,
2EQ16517,C551_토너라벨_1,1,0.3332902491092682,590,356,0.6,
2EQ16517,B793_Canon각인_2,2,0.5547444820404053,32,342,1.05,
2EQ16517,6416_2206N명판_3,3,0.4528399705886841,196,342,1.2,
2EQ16517,3102_현상가압라벨_4,4,0.656378448009491,632,2,0.6,
2EQ16517,3699_레버피스_4,4,0.6522587537765503,632,4,0.6,
2EQ16517,1525_▲▲▲라벨_5,5,0.9189326167106628,796,230,0.6,
2EQ16517,2917_코마_6,6,0.8734895586967468,910,576,0.6,
2EQ16517,1525_▲▲▲라벨_7,7,0.5847063660621643,524,578,0.6,
2EQ16517,0000_모듈러카바_8,8,0.4710097908973694,320,522,0.6,
2EQ16517,3780_전원스위치_9,9,0.7586529850959778,782,202,0.6,
2EQ16517,V242_카바라이트_10,10,0.7692551016807556,444,600,0.6,
2EQ16517,V242_카바라이트_11,11,0.7954806089401245,498,644,0.6,
2EQ16517,3779_압판스토퍼_12,12,0.5986581444740295,256,132,0.9,
2EQ16517,3779_압판스토퍼_14,14,0.7687913179397583,378,350,0.6,
2EQ16518,C551_토너라벨_1,1,0.3231413960456848,494,382,0.6,
2EQ16518,B793_Canon각인_2,2,0.5673956871032715,60,350,1.05,
2EQ16518,6416_2206N명판_3,3,0.47072142362594604,250,338,1.2,
2EQ16518,3102_현상가압라벨_4,4,0.6558343768119812,512,0,0.75,
2EQ16518,3699_레버피스_4,4,0.6439361572265625,710,4,0.6,
2EQ16518,1525_▲▲▲라벨_5,5,0.924270510673523,142,232,0.6,
2EQ16518,2917_코마_6,6,0.8636307716369629,904,568,0.6,
2EQ16518,1525_▲▲▲라벨_7,7,0.569516658782959,514,504,0.75,
2EQ16518,0000_모듈러카바_8,8,0.5080550312995911,254,536,0.6,
2EQ16518,3780_전원스위치_9,9,0.7553966641426086,782,202,0.6,
2EQ16518,V242_카바라이트_10,10,0.7798817157745361,422,600,0.6,
2EQ16518,V242_카바라이트_11,11,0.7820854783058167,560,650,0.6,
2EQ16518,3779_압판스토퍼_12,12,0.5881420969963074,432,216,0.9,
2EQ16518,3779_압판스토퍼_14,14,0.7656161189079285,358,348,0.6,
2EQ16519,C551_토너라벨_1,1,0.3408430814743042,468,344,0.6,
2EQ16519,B793_Canon각인_2,2,0.546500563621521,14,308,1.05,
2EQ16519,6416_2206N명판_3,3,0.4750883877277374,234,296,1.2,
2EQ16519,3102_현상가압라벨_4,4,0.6963168978691101,660,10,0.6,
2EQ16519,3699_레버피스_4,4,0.667373538017273,664,12,0.6,
2EQ16519,1525_▲▲▲라벨_5,5,0.9210432767868042,796,226,0.75,
2EQ16519,2917_코마_6,6,0.8732283115386963,930,542,0.6,
2EQ16519,1525_▲▲▲라벨_7,7,0.5346570014953613,496,500,0.6,
2EQ16519,0000_모듈러카바_8,8,0.5379129648208618,292,474,0.6,
2EQ16519,3780_전원스위치_9,9,0.7537070512771606,782,202,0.6,
2EQ16519,V242_카바라이트_10,10,0.7768429517745972,430,598,0.6,
2EQ16519,V242_카바라이트_11,11,0.7377567887306213,502,640,0.6,
2EQ16519,3779_압판스토퍼_12,12,0.5677451491355896,216,482,0.9,
2EQ16519,3779_압판스토퍼_14,14,0.7521107196807861,474,308,0.6,
2EQ16520,C551_토너라벨_1,1,0.31904375553131104,320,480,0.6,
2EQ16520,B793_Canon각인_2,2,0.5951980948448181,68,276,1.05,
2EQ16520,6416_2206N명판_3,3,0.4443027675151825,180,376,1.2,
2EQ16520,3102_현상가압라벨_4,4,0.6675928831100464,608,6,0.6,
2EQ16520,3699_레버피스_4,4,0.6584161520004272,622,8,0.6,
2EQ16520,1525_▲▲▲라벨_5,5,0.923895001411438,796,230,0.6,
2EQ16520,2917_코마_6,6,0.8673627376556396,840,552,0.6,
2EQ16520,1525_▲▲▲라벨_7,7,0.5250272154808044,618,508,0.75,
2EQ16520,0000_모듈러카바_8,8,0.5030912756919861,328,506,0.6,
2EQ16520,3780_전원스위치_9,9,0.7510409355163574,782,202,0.6,
2EQ16520,V242_카바라이트_10,10,0.7888246178627014,496,128,0.6,
2EQ16520,V242_카바라이트_11,11,0.7673962712287903,564,644,0.6,
2EQ16520,3779_압판스토퍼_12,12,0.5776204466819763,210,460,0.9,
2EQ16520,3779_압판스토퍼_14,14,0.7415645122528076,838,392,0.6,
2EQ16521,C551_토너라벨_1,1,0.352289617061615,534,278,0.6,
2EQ16521,B793_Canon각인_2,2,0.4778372049331665,84,296,1.05,
2EQ16521,6416_2206N명판_3,3,0.42455217242240906,220,334,1.2,
2EQ16521,3102_현상가압라벨_4,4,0.5968899130821228,814,360,0.6,
2EQ16521,3699_레버피스_4,4,0.6593575477600098,542,20,0.6,
2EQ16521,1525_▲▲▲라벨_5,5,0.9246954917907715,268,462,0.6,
2EQ16521,2917_코마_6,6,0.8653539419174194,934,562,0.6,
2EQ16521,1525_▲▲▲라벨_7,7,0.5645260810852051,494,530,0.6,
2EQ16521,0000_모듈러카바_8,8,0.5472010374069214,254,504,0.6,
2EQ16521,3780_전원스위치_9,9,0.7522454857826233,300,444,0.6,
2EQ16521,V242_카바라이트_10,10,0.7968252301216125,500,132,0.6,
2EQ16521,V242_카바라이트_11,11,0.7574430704116821,506,648,0.6,
2EQ16521,3779_압판스토퍼_12,12,0.5145387053489685,326,154,0.9,
2EQ16521,3779_압판스토퍼_14,14,0.7525634765625,212,174,0.75,
2EQ16522,C551_토너라벨_1,1,0.3711862564086914,796,316,0.6,
2EQ16522,B793_Canon각인_2,2,0.5650238990783691,24,316,1.05,
2EQ16522,6416_2206N명판_3,3,0.4288765490055084,548,276,0.6,
2EQ16522,3102_현상가압라벨_4,4,0.619127631187439,640,122,0.6,
2EQ16522,3699_레버피스_4,4,0.690487265586853,528,38,0.6,
2EQ16522,1525_▲▲▲라벨_5,5,0.9210614562034607,134,470,0.75,
2EQ16522,2917_코마_6,6,0.851829469203949,668,158,0.6,
2EQ16522,1525_▲▲▲라벨_7,7,0.5784610509872437,560,504,0.9,
2EQ16522,0000_모듈러카바_8,8,0.45068544149398804,274,462,0.6,
2EQ16522,3780_전원스위치_9,9,0.7485373616218567,780,202,0.6,
2EQ16522,V242_카바라이트_10,10,0.7707374095916748,434,602,0.6,
2EQ16522,V242_카바라이트_11,11,0.7457603216171265,568,640,0.6,
2EQ16522,3779_압판스토퍼_12,12,0.5086823105812073,206,496,0.9,
2EQ16522,3779_압판스토퍼_14,14,0.7581565976142883,226,184,0.75,
2EQ16523,C551_토너라벨_1,1,0.3366600275039673,554,370,0.6,
2EQ16523,B793_Canon각인_2,2,0.568469762802124,52,332,1.05,
2EQ16523,6416_2206N명판_3,3,0.41985708475112915,528,236,0.6,
2EQ16523,3102_현상가압라벨_4,4,0.665871262550354,564,52,0.6,
2EQ16523,3699_레버피스_4,4,0.6416811943054199,228,36,0.9,
2EQ16523,1525_▲▲▲라벨_5,5,0.9250191450119019,796,226,0.75,
2EQ16523,2917_코마_6,6,0.8432074785232544,72,394,0.6,
2EQ16523,1525_▲▲▲라벨_7,7,0.5502853989601135,522,506,0.6,
2EQ16523,0000_모듈러카바_8,8,0.5542417168617249,276,492,0.6,
2EQ16523,3780_전원스위치_9,9,0.7561048865318298,782,202,0.6,
2EQ16523,V242_카바라이트_10,10,0.7689637541770935,432,590,0.6,
2EQ16523,V242_카바라이트_11,11,0.7718849182128906,720,144,0.6,
2EQ16523,3779_압판스토퍼_12,12,0.5627645254135132,814,64,0.9,
2EQ16523,3779_압판스토퍼_14,14,0.7166264653205872,212,180,0.6,
2EQ16524,C551_토너라벨_1,1,0.38210877776145935,560,114,0.75,
2EQ16524,B793_Canon각인_2,2,0.5042871236801147,50,308,1.05,
2EQ16524,6416_2206N명판_3,3,0.49212291836738586,272,418,1.2,
2EQ16524,3102_현상가압라벨_4,4,0.6506379842758179,512,24,0.9,
2EQ16524,3699_레버피스_4,4,0.6073966026306152,712,46,0.6,
2EQ16524,1525_▲▲▲라벨_5,5,0.9180475473403931,796,226,0.75,
2EQ16524,2917_코마_6,6,0.8618932366371155,890,534,0.6,
2EQ16524,1525_▲▲▲라벨_7,7,0.5573480725288391,784,340,0.9,
2EQ16524,0000_모듈러카바_8,8,0.4717174768447876,194,508,0.6,
2EQ16524,3780_전원스위치_9,9,0.7497639060020447,782,202,0.6,
2EQ16524,V242_카바라이트_10,10,0.7813339829444885,484,120,0.6,
2EQ16524,V242_카바라이트_11,11,0.7161641716957092,732,504,0.6,
2EQ16524,3779_압판스토퍼_12,12,0.5318811535835266,642,102,0.9,
2EQ16524,3779_압판스토퍼_14,14,0.7556307911872864,556,200,0.6,
2EQ16525,C551_토너라벨_1,1,0.3288783133029938,536,452,0.6,
2EQ16525,B793_Canon각인_2,2,0.3786902129650116,26,446,1.05,
2EQ16525,6416_2206N명판_3,3,0.4122191071510315,708,652,0.6,
2EQ16525,3102_현상가압라벨_4,4,0.652525007724762,598,22,0.75,
2EQ16525,3699_레버피스_4,4,0.7158006429672241,592,40,0.6,
2EQ16525,1525_▲▲▲라벨_5,5,0.9277209639549255,154,234,0.6,
2EQ16525,2917_코마_6,6,0.8599847555160522,758,556,0.6,
2EQ16525,1525_▲▲▲라벨_7,7,0.5106700658798218,494,612,0.75,
2EQ16525,0000_모듈러카바_8,8,0.4348982572555542,280,464,0.6,
2EQ16525,3780_전원스위치_9,9,0.7487695813179016,782,202,0.6,
2EQ16525,V242_카바라이트_10,10,0.7716435194015503,484,130,0.6,
2EQ16525,V242_카바라이트_11,11,0.7985267639160156,512,656,0.6,
2EQ16525,3779_압판스토퍼_12,12,0.5381221175193787,742,8,0.9,
2EQ16525,3779_압판스토퍼_14,14,0.7420748472213745,244,202,0.6,
2EQ16526,C551_토너라벨_1,1,0.31097084283828735,526,398,0.6,
2EQ16526,B793_Canon각인_2,2,0.5399793982505798,104,430,1.05,
2EQ16526,6416_2206N명판_3,3,0.4206000566482544,156,390,1.2,
2EQ16526,3102_현상가압라벨_4,4,0.6292307376861572,520,0,0.75,
2EQ16526,3699_레버피스_4,4,0.6574345827102661,586,12,0.6,
2EQ16526,1525_▲▲▲라벨_5,5,0.9251810908317566,804,230,0.6,
2EQ16526,2917_코마_6,6,0.8389884233474731,20,390,0.6,
2EQ16526,1525_▲▲▲라벨_7,7,0.5549289584159851,324,568,0.6,
2EQ16526,0000_모듈러카바_8,8,0.4461173415184021,290,492,0.6,
2EQ16526,3780_전원스위치_9,9,0.7508882880210876,782,202,0.6,
2EQ16526,V242_카바라이트_10,10,0.7807869911193848,438,588,0.6,
2EQ16526,V242_카바라이트_11,11,0.7811976671218872,548,640,0.6,
2EQ16526,3779_압판스토퍼_12,12,0.5791577696800232,764,108,0.9,
2EQ16526,3779_압판스토퍼_14,14,0.7186402082443237,248,184,0.6,
2EQ16527,C551_토너라벨_1,1,0.3933713138103485,544,372,0.6,
2EQ16527,B793_Canon각인_2,2,0.49445217847824097,22,310,1.05,
2EQ16527,6416_2206N명판_3,3,0.4372466802597046,542,278,0.6,
2EQ16527,3102_현상가압라벨_4,4,0.6216224431991577,614,96,0.6,
2EQ16527,3699_레버피스_4,4,0.6377747058868408,614,6,0.6,
2EQ16527,1525_▲▲▲라벨_5,5,0.9296420216560364,804,230,0.6,
2EQ16527,2917_코마_6,6,0.8464236855506897,852,542,0.6,
2EQ16527,1525_▲▲▲라벨_7,7,0.5259966254234314,504,250,0.9,
2EQ16527,0000_모듈러카바_8,8,0.5368297100067139,290,502,0.6,
2EQ16527,3780_전원스위치_9,9,0.7672446966171265,324,384,0.6,
2EQ16527,V242_카바라이트_10,10,0.7723763585090637,490,120,0.6,
2EQ16527,V242_카바라이트_11,11,0.7598486542701721,720,142,0.6,
2EQ16527,3779_압판스토퍼_12,12,0.6011204719543457,558,170,0.9,
2EQ16527,3779_압판스토퍼_14,14,0.7379947304725647,514,394,0.6,
2EQ16528,C551_토너라벨_1,1,0.3256348967552185,478,428,0.6,
2EQ16528,B793_Canon각인_2,2,0.5441653728485107,2,324,1.05,
2EQ16528,6416_2206N명판_3,3,0.46122270822525024,240,314,1.2,
2EQ16528,3102_현상가압라벨_4,4,0.6482326984405518,544,14,0.9,
2EQ16528,3699_레버피스_4,4,0.5915307402610779,660,112,0.6,
2EQ16528,1525_▲▲▲라벨_5,5,0.92022705078125,52,424,0.6,
2EQ16528,2917_코마_6,6,0.8656805157661438,706,140,0.6,
2EQ16528,1525_▲▲▲라벨_7,7,0.578666090965271,546,610,0.75,
2EQ16528,0000_모듈러카바_8,8,0.5083393454551697,244,476,0.6,
2EQ16528,3780_전원스위치_9,9,0.7518988251686096,782,202,0.6,
2EQ16528,V242_카바라이트_10,10,0.7789582014083862,498,130,0.6,
2EQ16528,V242_카바라이트_11,11,0.7665981650352478,564,650,0.6,
2EQ16528,3779_압판스토퍼_12,12,0.4967809021472931,268,584,0.9,
2EQ16528,3779_압판스토퍼_14,14,0.7630659341812134,672,280,0.6,
2EQ16529,C551_토너라벨_1,1,0.3269079327583313,204,152,1.05,
2EQ16529,B793_Canon각인_2,2,0.5540497303009033,10,364,1.05,
2EQ16529,6416_2206N명판_3,3,0.48250776529312134,186,340,1.2,
2EQ16529,3102_현상가압라벨_4,4,0.6723501682281494,506,12,1.05,
2EQ16529,3699_레버피스_4,4,0.6074000000953674,586,58,0.6,
2EQ16529,1525_▲▲▲라벨_5,5,0.9201890826225281,796,226,0.75,
2EQ16529,2917_코마_6,6,0.865937352180481,934,556,0.6,
2EQ16529,1525_▲▲▲라벨_7,7,0.5314359068870544,534,534,0.75,
2EQ16529,0000_모듈러카바_8,8,0.44245269894599915,244,492,0.6,
2EQ16529,3780_전원스위치_9,9,0.7589691877365112,782,202,0.6,
2EQ16529,V242_카바라이트_10,10,0.7730660438537598,488,130,0.6,
2EQ16529,V242_카바라이트_11,11,0.789979100227356,508,652,0.6,
2EQ16529,3779_압판스토퍼_12,12,0.5438433885574341,446,704,0.9,
2EQ16529,3779_압판스토퍼_14,14,0.7170345187187195,210,168,0.6,
2EQ16530,C551_토너라벨_1,1,0.2997160851955414,524,338,0.75,
2EQ16530,B793_Canon각인_2,2,0.5935021042823792,58,278,1.05,
2EQ16530,6416_2206N명판_3,3,0.43111127614974976,244,350,1.2,
2EQ16530,3102_현상가압라벨_4,4,0.6804022192955017,626,0,0.6,
2EQ16530,3699_레버피스_4,4,0.6713393330574036,432,16,0.6,
2EQ16530,1525_▲▲▲라벨_5,5,0.9238988161087036,796,228,0.6,
2EQ16530,2917_코마_6,6,0.8697748780250549,904,566,0.6,
2EQ16530,1525_▲▲▲라벨_7,7,0.5993857383728027,516,518,0.9,
2EQ16530,0000_모듈러카바_8,8,0.49142855405807495,254,430,0.6,
2EQ16530,3780_전원스위치_9,9,0.7567564249038696,782,202,0.6,
2EQ16530,V242_카바라이트_10,10,0.7695823907852173,494,124,0.6,
2EQ16530,V242_카바라이트_11,11,0.7774465084075928,526,642,0.6,
2EQ16530,3779_압판스토퍼_12,12,0.595607340335846,200,458,0.9,
2EQ16530,3779_압판스토퍼_14,14,0.7734219431877136,478,196,0.6,
2EQ16531,C551_토너라벨_1,1,0.31040069460868835,146,228,0.6,
2EQ16531,B793_Canon각인_2,2,0.5435112714767456,40,294,1.05,
2EQ16531,6416_2206N명판_3,3,0.44400596618652344,586,302,0.6,
2EQ16531,3102_현상가압라벨_4,4,0.6461015939712524,612,22,0.6,
2EQ16531,3699_레버피스_4,4,0.6831730008125305,648,24,0.6,
2EQ16531,1525_▲▲▲라벨_5,5,0.9227043390274048,798,232,0.6,
2EQ16531,2917_코마_6,6,0.8622997999191284,930,574,0.6,
2EQ16531,1525_▲▲▲라벨_7,7,0.5539082288742065,520,550,0.75,
2EQ16531,0000_모듈러카바_8,8,0.4625433683395386,314,528,0.6,
2EQ16531,3780_전원스위치_9,9,0.7573298215866089,782,202,0.6,
2EQ16531,V242_카바라이트_10,10,0.7806038856506348,490,132,0.6,
2EQ16531,V242_카바라이트_11,11,0.7782846689224243,498,646,0.6,
2EQ16531,3779_압판스토퍼_12,12,0.5801044702529907,464,144,0.9,
2EQ16531,3779_압판스토퍼_14,14,0.7545846104621887,356,320,0.6,
2EQ16532,C551_토너라벨_1,1,0.3201749920845032,110,648,0.75,
2EQ16532,B793_Canon각인_2,2,0.5061394572257996,156,134,1.05,
2EQ16532,6416_2206N명판_3,3,0.4833597242832184,218,396,1.2,
2EQ16532,3102_현상가압라벨_4,4,0.686637282371521,496,172,0.6,
2EQ16532,3699_레버피스_4,4,0.6740202307701111,474,174,0.6,
2EQ16532,1525_▲▲▲라벨_5,5,0.938060462474823,32,496,0.6,
2EQ16532,2917_코마_6,6,0.8426563739776611,938,588,0.6,
2EQ16532,1525_▲▲▲라벨_7,7,0.5521438717842102,548,508,0.75,
2EQ16532,0000_모듈러카바_8,8,0.49528294801712036,258,530,0.6,
2EQ16532,3780_전원스위치_9,9,0.7518181204795837,318,502,0.6,
2EQ16532,V242_카바라이트_10,10,0.7804827690124512,430,604,0.6,
2EQ16532,V242_카바라이트_11,11,0.7522040009498596,490,654,0.6,
2EQ16532,3779_압판스토퍼_12,12,0.5645690560340881,310,174,0.9,
2EQ16532,3779_압판스토퍼_14,14,0.7565986514091492,242,200,0.75,
2EQ16533,C551_토너라벨_1,1,0.3275322914123535,452,382,0.6,
2EQ16533,B793_Canon각인_2,2,0.536739706993103,28,332,1.05,
2EQ16533,6416_2206N명판_3,3,0.4307580292224884,574,298,0.6,
2EQ16533,3102_현상가압라벨_4,4,0.5788905024528503,650,644,0.6,
2EQ16533,3699_레버피스_4,4,0.5678794980049133,226,586,0.6,
2EQ16533,1525_▲▲▲라벨_5,5,0.9311153292655945,140,230,0.75,
2EQ16533,2917_코마_6,6,0.8467450737953186,870,534,0.6,
2EQ16533,1525_▲▲▲라벨_7,7,0.5672246813774109,584,550,0.9,
2EQ16533,0000_모듈러카바_8,8,0.4630177319049835,232,480,0.6,
2EQ16533,3780_전원스위치_9,9,0.7542822957038879,278,470,0.6,
2EQ16533,V242_카바라이트_10,10,0.7722800374031067,434,596,0.6,
2EQ16533,V242_카바라이트_11,11,0.7911810278892517,516,658,0.6,
2EQ16533,3779_압판스토퍼_12,12,0.5477601289749146,430,52,0.9,
2EQ16533,3779_압판스토퍼_14,14,0.7520791888237,366,388,0.6,
2EQ16534,C551_토너라벨_1,1,0.31229671835899353,452,304,0.75,
2EQ16534,B793_Canon각인_2,2,0.5432588458061218,12,282,1.05,
2EQ16534,6416_2206N명판_3,3,0.4429198205471039,6,648,0.6,
2EQ16534,3102_현상가압라벨_4,4,0.6296085119247437,492,8,0.6,
2EQ16534,3699_레버피스_4,4,0.6403836011886597,490,10,0.6,
2EQ16534,1525_▲▲▲라벨_5,5,0.9243836402893066,796,224,0.75,
2EQ16534,2917_코마_6,6,0.858319103717804,924,568,0.6,
2EQ16534,1525_▲▲▲라벨_7,7,0.6132820248603821,586,574,0.9,
2EQ16534,0000_모듈러카바_8,8,0.46644940972328186,294,508,0.6,
2EQ16534,3780_전원스위치_9,9,0.7575507760047913,782,202,0.6,
2EQ16534,V242_카바라이트_10,10,0.776829183101654,434,598,0.6,
2EQ16534,V242_카바라이트_11,11,0.7641587257385254,720,150,0.6,
2EQ16534,3779_압판스토퍼_12,12,0.5811083316802979,582,358,0.9,
2EQ16534,3779_압판스토퍼_14,14,0.7536698579788208,322,296,0.6,
2EQ16535,C551_토너라벨_1,1,0.31257084012031555,538,352,0.6,
2EQ16535,B793_Canon각인_2,2,0.49108898639678955,42,358,1.05,
2EQ16535,6416_2206N명판_3,3,0.5060862898826599,218,302,1.2,
2EQ16535,3102_현상가압라벨_4,4,0.6300365328788757,692,38,0.6,
2EQ16535,3699_레버피스_4,4,0.5988641977310181,462,4,0.6,
2EQ16535,1525_▲▲▲라벨_5,5,0.9224600791931152,796,224,0.75,
2EQ16535,2917_코마_6,6,0.8502110242843628,922,546,0.6,
2EQ16535,1525_▲▲▲라벨_7,7,0.5810254812240601,496,504,0.75,
2EQ16535,0000_모듈러카바_8,8,0.44177544116973877,260,508,0.6,
2EQ16535,3780_전원스위치_9,9,0.7554925680160522,264,522,0.75,
2EQ16535,V242_카바라이트_10,10,0.7784234881401062,436,586,0.6,
2EQ16535,V242_카바라이트_11,11,0.7920399904251099,560,654,0.6,
2EQ16535,3779_압판스토퍼_12,12,0.5322018265724182,206,542,0.9,
2EQ16535,3779_압판스토퍼_14,14,0.7559213042259216,594,242,0.75,
2EQ16536,C551_토너라벨_1,1,0.38294142484664917,496,362,0.6,
2EQ16536,B793_Canon각인_2,2,0.547907292842865,16,350,1.05,
2EQ16536,6416_2206N명판_3,3,0.41445547342300415,188,434,1.2,
2EQ16536,3102_현상가압라벨_4,4,0.6214358806610107,646,60,0.6,
2EQ16536,3699_레버피스_4,4,0.5628026127815247,708,430,0.6,
2EQ16536,1525_▲▲▲라벨_5,5,0.9122099876403809,244,416,0.6,
2EQ16536,2917_코마_6,6,0.8689647912979126,514,138,0.6,
2EQ16536,1525_▲▲▲라벨_7,7,0.5389727354049683,346,238,0.9,
2EQ16536,0000_모듈러카바_8,8,0.47120845317840576,270,474,0.6,
2EQ16536,3780_전원스위치_9,9,0.7543615698814392,782,202,0.6,
2EQ16536,V242_카바라이트_10,10,0.7764805555343628,428,600,0.6,
2EQ16536,V242_카바라이트_11,11,0.7678589224815369,492,656,0.6,
2EQ16536,3779_압판스토퍼_12,12,0.6275573968887329,514,188,0.9,
2EQ16536,3779_압판스토퍼_14,14,0.7629067897796631,388,396,0.6,
2EQ16537,C551_토너라벨_1,1,0.31684717535972595,524,374,0.6,
2EQ16537,B793_Canon각인_2,2,0.46361178159713745,10,284,1.05,
2EQ16537,6416_2206N명판_3,3,0.42715874314308167,206,388,1.2,
2EQ16537,3102_현상가압라벨_4,4,0.6911429166793823,542,12,0.75,
2EQ16537,3699_레버피스_4,4,0.647899866104126,162,22,0.75,
2EQ16537,1525_▲▲▲라벨_5,5,0.9227883219718933,796,228,0.6,
2EQ16537,2917_코마_6,6,0.8734946846961975,896,558,0.6,
2EQ16537,1525_▲▲▲라벨_7,7,0.5840649604797363,480,562,0.75,
2EQ16537,0000_모듈러카바_8,8,0.4583182632923126,258,510,0.6,
2EQ16537,3780_전원스위치_9,9,0.7557880282402039,782,202,0.6,
2EQ16537,V242_카바라이트_10,10,0.7833408713340759,444,588,0.6,
2EQ16537,V242_카바라이트_11,11,0.7695772647857666,724,612,0.6,
2EQ16537,3779_압판스토퍼_12,12,0.5561040043830872,0,634,0.9,
2EQ16537,3779_압판스토퍼_14,14,0.7669004797935486,348,350,0.6,
2EQ16538,C551_토너라벨_1,1,0.3289453983306885,490,490,0.6,
2EQ16538,B793_Canon각인_2,2,0.5459624528884888,22,308,1.05,
2EQ16538,6416_2206N명판_3,3,0.4434017241001129,590,338,0.6,
2EQ16538,3102_현상가압라벨_4,4,0.6622363924980164,524,12,0.6,
2EQ16538,3699_레버피스_4,4,0.6228022575378418,540,12,0.6,
2EQ16538,1525_▲▲▲라벨_5,5,0.922247052192688,144,230,0.75,
2EQ16538,2917_코마_6,6,0.8602637648582458,926,542,0.6,
2EQ16538,1525_▲▲▲라벨_7,7,0.5908372402191162,486,540,0.6,
2EQ16538,0000_모듈러카바_8,8,0.5278846025466919,264,520,0.6,
2EQ16538,3780_전원스위치_9,9,0.7540566325187683,784,202,0.6,
2EQ16538,V242_카바라이트_10,10,0.7611505389213562,480,136,0.6,
2EQ16538,V242_카바라이트_11,11,0.7635972499847412,512,662,0.6,
2EQ16538,3779_압판스토퍼_12,12,0.587134838104248,456,150,0.9,
2EQ16538,3779_압판스토퍼_14,14,0.7585545778274536,186,448,0.75,
2EQ16539,C551_토너라벨_1,1,0.3439052104949951,444,384,0.6,
2EQ16539,B793_Canon각인_2,2,0.4841007590293884,72,310,1.05,
2EQ16539,6416_2206N명판_3,3,0.45663607120513916,194,304,1.2,
2EQ16539,3102_현상가압라벨_4,4,0.6435225009918213,514,6,1.05,
2EQ16539,3699_레버피스_4,4,0.6726685762405396,182,28,0.9,
2EQ16539,1525_▲▲▲라벨_5,5,0.9219733476638794,806,228,0.6,
2EQ16539,2917_코마_6,6,0.8659787774085999,932,560,0.6,
2EQ16539,1525_▲▲▲라벨_7,7,0.5951861143112183,412,400,0.6,
2EQ16539,0000_모듈러카바_8,8,0.4883425831794739,296,482,0.6,
2EQ16539,3780_전원스위치_9,9,0.7635334730148315,212,494,0.6,
2EQ16539,V242_카바라이트_10,10,0.7781021595001221,426,590,0.6,
2EQ16539,V242_카바라이트_11,11,0.7901678085327148,498,648,0.6,
2EQ16539,3779_압판스토퍼_12,12,0.5900988578796387,830,48,0.9,
2EQ16539,3779_압판스토퍼_14,14,0.7642146348953247,348,352,0.6,
2EQ16540,C551_토너라벨_1,1,0.2996107339859009,112,648,0.75,
2EQ16540,B793_Canon각인_2,2,0.48320895433425903,0,348,1.05,
2EQ16540,6416_2206N명판_3,3,0.5176023840904236,264,322,1.2,
2EQ16540,3102_현상가압라벨_4,4,0.5992558002471924,696,208,0.6,
2EQ16540,3699_레버피스_4,4,0.5655869245529175,222,588,0.6,
2EQ16540,1525_▲▲▲라벨_5,5,0.9274333119392395,800,232,0.6,
2EQ16540,2917_코마_6,6,0.8731318116188049,928,566,0.6,
2EQ16540,1525_▲▲▲라벨_7,7,0.5480311512947083,670,684,0.6,
2EQ16540,0000_모듈러카바_8,8,0.43784162402153015,296,544,0.6,
2EQ16540,3780_전원스위치_9,9,0.7561153173446655,782,202,0.6,
2EQ16540,V242_카바라이트_10,10,0.7804788947105408,436,596,0.6,
2EQ16540,V242_카바라이트_11,11,0.7622610926628113,718,144,0.6,
2EQ16540,3779_압판스토퍼_12,12,0.48954272270202637,90,630,0.9,
2EQ16540,3779_압판스토퍼_14,14,0.7514908313751221,518,148,0.6,
2EQ16541,C551_토너라벨_1,1,0.36652782559394836,498,250,0.6,
2EQ16541,B793_Canon각인_2,2,0.5440606474876404,8,278,1.05,
2EQ16541,6416_2206N명판_3,3,0.4588724374771118,246,378,1.2,
2EQ16541,3102_현상가압라벨_4,4,0.6345846652984619,518,30,0.9,
2EQ16541,3699_레버피스_4,4,0.672404408454895,474,62,0.6,
2EQ16541,1525_▲▲▲라벨_5,5,0.9300684928894043,796,224,0.75,
2EQ16541,2917_코마_6,6,0.8711340427398682,938,544,0.6,
2EQ16541,1525_▲▲▲라벨_7,7,0.5305924415588379,584,562,0.75,
2EQ16541,0000_모듈러카바_8,8,0.4804685115814209,276,490,0.6,
2EQ16541,3780_전원스위치_9,9,0.7567251324653625,782,202,0.6,
2EQ16541,V242_카바라이트_10,10,0.7784632444381714,430,592,0.6,
2EQ16541,V242_카바라이트_11,11,0.7726324796676636,720,146,0.6,
2EQ16541,3779_압판스토퍼_12,12,0.5258492827415466,170,532,0.9,
2EQ16541,3779_압판스토퍼_14,14,0.7680299878120422,128,550,0.6,
2EQ16542,C551_토너라벨_1,1,0.32587730884552,442,394,0.6,
2EQ16542,B793_Canon각인_2,2,0.5484144687652588,2,350,1.05,
2EQ16542,6416_2206N명판_3,3,0.4386652112007141,204,352,1.2,
2EQ16542,3102_현상가압라벨_4,4,0.6439347863197327,526,30,0.9,
2EQ16542,3699_레버피스_4,4,0.5959154367446899,544,36,0.9,
2EQ16542,1525_▲▲▲라벨_5,5,0.9215524792671204,206,450,0.6,
2EQ16542,2917_코마_6,6,0.86515873670578,924,540,0.6,
2EQ16542,1525_▲▲▲라벨_7,7,0.5140230059623718,598,648,0.9,
2EQ16542,0000_모듈러카바_8,8,0.45390740036964417,700,522,0.6,
2EQ16542,3780_전원스위치_9,9,0.7559690475463867,782,202,0.6,
2EQ16542,V242_카바라이트_10,10,0.786090075969696,480,142,0.6,
2EQ16542,V242_카바라이트_11,11,0.7500978708267212,710,588,0.6,
2EQ16542,3779_압판스토퍼_12,12,0.5740520358085632,830,50,0.9,
2EQ16542,3779_압판스토퍼_14,14,0.7794735431671143,404,438,0.6,
2EQ16543,C551_토너라벨_1,1,0.31182861328125,148,228,0.6,
2EQ16543,B793_Canon각인_2,2,0.47962039709091187,86,284,1.05,
2EQ16543,6416_2206N명판_3,3,0.430466890335083,594,286,0.6,
2EQ16543,3102_현상가압라벨_4,4,0.6711397171020508,668,40,0.6,
2EQ16543,3699_레버피스_4,4,0.6693191528320312,672,42,0.6,
2EQ16543,1525_▲▲▲라벨_5,5,0.9249978065490723,212,474,0.75,
2EQ16543,2917_코마_6,6,0.8604279160499573,858,580,0.6,
2EQ16543,1525_▲▲▲라벨_7,7,0.5830299854278564,492,504,0.75,
2EQ16543,0000_모듈러카바_8,8,0.5112633109092712,226,484,0.6,
2EQ16543,3780_전원스위치_9,9,0.7549412846565247,782,202,0.6,
2EQ16543,V242_카바라이트_10,10,0.7848873734474182,500,130,0.6,
2EQ16543,V242_카바라이트_11,11,0.7800928354263306,498,644,0.6,
2EQ16543,3779_압판스토퍼_12,12,0.5094879269599915,174,480,0.9,
2EQ16543,3779_압판스토퍼_14,14,0.7631014585494995,354,350,0.6,
2EQ16544,C551_토너라벨_1,1,0.3528415858745575,452,356,0.6,
2EQ16544,B793_Canon각인_2,2,0.5223354697227478,0,300,1.05,
2EQ16544,6416_2206N명판_3,3,0.4109422564506531,710,652,0.6,
2EQ16544,3102_현상가압라벨_4,4,0.6674386262893677,504,8,0.6,
2EQ16544,3699_레버피스_4,4,0.6857008337974548,480,12,0.6,
2EQ16544,1525_▲▲▲라벨_5,5,0.9291378855705261,374,448,0.75,
2EQ16544,2917_코마_6,6,0.8659327030181885,680,134,0.6,
2EQ16544,1525_▲▲▲라벨_7,7,0.5901169180870056,586,580,0.75,
2EQ16544,0000_모듈러카바_8,8,0.7049022912979126,802,330,0.6,
2EQ16544,3780_전원스위치_9,9,0.7586901187896729,782,202,0.6,
2EQ16544,V242_카바라이트_10,10,0.780397891998291,432,600,0.6,
2EQ16544,V242_카바라이트_11,11,0.7286821603775024,726,620,0.6,
2EQ16544,3779_압판스토퍼_12,12,0.607546865940094,414,206,0.9,
2EQ16544,3779_압판스토퍼_14,14,0.7459755539894104,282,222,0.6,
2EQ16545,C551_토너라벨_1,1,0.31308573484420776,594,388,0.6,
2EQ16545,B793_Canon각인_2,2,0.5538650155067444,40,336,1.05,
2EQ16545,6416_2206N명판_3,3,0.4320347309112549,526,268,0.75,
2EQ16545,3102_현상가압라벨_4,4,0.6900213360786438,636,20,0.6,
2EQ16545,3699_레버피스_4,4,0.6561837196350098,638,24,0.6,
2EQ16545,1525_▲▲▲라벨_5,5,0.9252580404281616,806,230,0.6,
2EQ16545,2917_코마_6,6,0.8429790139198303,918,600,0.6,
2EQ16545,1525_▲▲▲라벨_7,7,0.5878468155860901,550,446,0.9,
2EQ16545,0000_모듈러카바_8,8,0.4596831500530243,282,524,0.6,
2EQ16545,3780_전원스위치_9,9,0.7557302117347717,782,202,0.6,
2EQ16545,V242_카바라이트_10,10,0.7734706997871399,432,600,0.6,
2EQ16545,V242_카바라이트_11,11,0.7617834806442261,562,646,0.6,
2EQ16545,3779_압판스토퍼_12,12,0.5835170745849609,484,186,0.9,
2EQ16545,3779_압판스토퍼_14,14,0.7566724419593811,220,188,0.6,
2EQ16546,C551_토너라벨_1,1,0.3213256299495697,470,476,0.6,
2EQ16546,B793_Canon각인_2,2,0.5345803499221802,12,346,1.05,
2EQ16546,6416_2206N명판_3,3,0.4646972417831421,220,396,1.2,
2EQ16546,3102_현상가압라벨_4,4,0.6774320602416992,616,6,0.6,
2EQ16546,3699_레버피스_4,4,0.6552083492279053,634,8,0.6,
2EQ16546,1525_▲▲▲라벨_5,5,0.9251224398612976,254,488,0.6,
2EQ16546,2917_코마_6,6,0.8702784776687622,938,552,0.6,
2EQ16546,1525_▲▲▲라벨_7,7,0.6049937009811401,520,512,0.9,
2EQ16546,0000_모듈러카바_8,8,0.43283843994140625,282,520,0.6,
2EQ16546,3780_전원스위치_9,9,0.7537361979484558,782,202,0.6,
2EQ16546,V242_카바라이트_10,10,0.7643268704414368,444,590,0.6,
2EQ16546,V242_카바라이트_11,11,0.7422067523002625,728,618,0.6,
2EQ16546,3779_압판스토퍼_12,12,0.5365745425224304,278,448,0.9,
2EQ16546,3779_압판스토퍼_14,14,0.7554790377616882,514,186,0.75,
2EQ16547,C551_토너라벨_1,1,0.3209623098373413,472,356,0.6,
2EQ16547,B793_Canon각인_2,2,0.3759383261203766,16,290,1.05,
2EQ16547,6416_2206N명판_3,3,0.4099382162094116,712,652,0.6,
2EQ16547,3102_현상가압라벨_4,4,0.7017629146575928,470,4,0.75,
2EQ16547,3699_레버피스_4,4,0.6558223366737366,464,22,0.6,
2EQ16547,1525_▲▲▲라벨_5,5,0.9255890250205994,796,228,0.6,
2EQ16547,2917_코마_6,6,0.845424234867096,938,628,0.6,
2EQ16547,1525_▲▲▲라벨_7,7,0.5474921464920044,482,536,0.75,
2EQ16547,0000_모듈러카바_8,8,0.504751443862915,272,514,0.6,
2EQ16547,3780_전원스위치_9,9,0.7508782148361206,782,202,0.6,
2EQ16547,V242_카바라이트_10,10,0.7746778130531311,442,596,0.6,
2EQ16547,V242_카바라이트_11,11,0.7486890554428101,726,618,0.6,
2EQ16547,3779_압판스토퍼_12,12,0.5271680951118469,196,498,0.9,
2EQ16547,3779_압판스토퍼_14,14,0.768686830997467,378,404,0.6,
2EQ16548,C551_토너라벨_1,1,0.33786091208457947,222,140,1.2,
2EQ16548,B793_Canon각인_2,2,0.49406418204307556,70,294,1.05,
2EQ16548,6416_2206N명판_3,3,0.4224965274333954,550,302,0.6,
2EQ16548,3102_현상가압라벨_4,4,0.6329068541526794,160,40,0.6,
2EQ16548,3699_레버피스_4,4,0.6629379987716675,276,40,0.6,
2EQ16548,1525_▲▲▲라벨_5,5,0.9211599826812744,812,228,0.6,
2EQ16548,2917_코마_6,6,0.8578494787216187,904,564,0.6,
2EQ16548,1525_▲▲▲라벨_7,7,0.5735949277877808,508,550,0.75,
2EQ16548,0000_모듈러카바_8,8,0.46013298630714417,262,506,0.6,
2EQ16548,3780_전원스위치_9,9,0.7515790462493896,782,202,0.6,
2EQ16548,V242_카바라이트_10,10,0.7798014879226685,432,600,0.6,
2EQ16548,V242_카바라이트_11,11,0.7736600041389465,564,650,0.6,
2EQ16548,3779_압판스토퍼_12,12,0.5440967082977295,940,434,0.9,
2EQ16548,3779_압판스토퍼_14,14,0.7649377584457397,346,368,0.6,
2EQ16549,C551_토너라벨_1,1,0.35956430435180664,520,332,0.6,
2EQ16549,B793_Canon각인_2,2,0.47690722346305847,42,368,1.05,
2EQ16549,6416_2206N명판_3,3,0.4135644733905792,706,652,0.6,
2EQ16549,3102_현상가압라벨_4,4,0.6829780340194702,622,4,0.6,
2EQ16549,3699_레버피스_4,4,0.6447247862815857,626,6,0.6,
2EQ16549,1525_▲▲▲라벨_5,5,0.9303987622261047,796,226,0.75,
2EQ16549,2917_코마_6,6,0.8758949637413025,830,554,0.6,
2EQ16549,1525_▲▲▲라벨_7,7,0.5989202260971069,562,564,0.75,
2EQ16549,0000_모듈러카바_8,8,0.4282262623310089,230,490,0.6,
2EQ16549,3780_전원스위치_9,9,0.7595906853675842,782,202,0.6,
2EQ16549,V242_카바라이트_10,10,0.7688018083572388,438,596,0.6,
2EQ16549,V242_카바라이트_11,11,0.7830062508583069,500,640,0.6,
2EQ16549,3779_압판스토퍼_12,12,0.596378743648529,404,204,0.9,
2EQ16549,3779_압판스토퍼_14,14,0.7442652583122253,596,216,0.6,
2EQ16550,C551_토너라벨_1,1,0.33681657910346985,500,350,0.6,
2EQ16550,B793_Canon각인_2,2,0.49610820412635803,42,332,1.05,
2EQ16550,6416_2206N명판_3,3,0.5186019539833069,198,362,1.2,
2EQ16550,3102_현상가압라벨_4,4,0.6231647729873657,598,12,0.6,
2EQ16550,3699_레버피스_4,4,0.6797335147857666,162,8,0.9,
2EQ16550,1525_▲▲▲라벨_5,5,0.9266535043716431,250,482,0.6,
2EQ16550,2917_코마_6,6,0.8554789423942566,892,602,0.6,
2EQ16550,1525_▲▲▲라벨_7,7,0.6047528386116028,560,542,0.9,
2EQ16550,0000_모듈러카바_8,8,0.5142738819122314,278,484,0.6,
2EQ16550,3780_전원스위치_9,9,0.7538092732429504,784,202,0.6,
2EQ16550,V242_카바라이트_10,10,0.7840134501457214,490,128,0.6,
2EQ16550,V242_카바라이트_11,11,0.7661164402961731,556,654,0.6,
2EQ16550,3779_압판스토퍼_12,12,0.5423763990402222,212,422,0.9,
2EQ16550,3779_압판스토퍼_14,14,0.734575092792511,600,8,0.6,
2EQ16551,C551_토너라벨_1,1,0.33705592155456543,216,200,1.05,
2EQ16551,B793_Canon각인_2,2,0.5466455817222595,48,392,1.05,
2EQ16551,6416_2206N명판_3,3,0.4956708550453186,214,432,1.2,
2EQ16551,3102_현상가압라벨_4,4,0.611618161201477,260,8,0.6,
2EQ16551,3699_레버피스_4,4,0.5667523741722107,370,482,1.2,
2EQ16551,1525_▲▲▲라벨_5,5,0.9313855767250061,334,262,0.6,
2EQ16551,2917_코마_6,6,0.8394380211830139,798,222,0.6,
2EQ16551,1525_▲▲▲라벨_7,7,0.612671434879303,404,702,0.75,
2EQ16551,0000_모듈러카바_8,8,0.470635324716568,176,526,0.6,
2EQ16551,3780_전원스위치_9,9,0.7572152614593506,782,202,0.6,
2EQ16551,V242_카바라이트_10,10,0.7869312763214111,404,612,0.6,
2EQ16551,V242_카바라이트_11,11,0.7350957989692688,560,664,0.6,
2EQ16551,3779_압판스토퍼_12,12,0.6053268909454346,316,258,0.6,
2EQ16551,3779_압판스토퍼_14,14,0.735152006149292,164,620,0.75,
2EQ16552,C551_토너라벨_1,1,0.33719488978385925,214,168,1.05,
2EQ16552,B793_Canon각인_2,2,0.5438032746315002,56,356,1.05,
2EQ16552,6416_2206N명판_3,3,0.4778387248516083,166,396,1.2,
2EQ16552,3102_현상가압라벨_4,4,0.6263744235038757,434,30,1.05,
2EQ16552,3699_레버피스_4,4,0.6732543110847473,548,76,0.6,
2EQ16552,1525_▲▲▲라벨_5,5,0.9256623387336731,130,422,0.75,
2EQ16552,2917_코마_6,6,0.8439087271690369,916,598,0.6,
2EQ16552,1525_▲▲▲라벨_7,7,0.624850332736969,298,466,0.6,
2EQ16552,0000_모듈러카바_8,8,0.5298183560371399,254,476,0.6,
2EQ16552,3780_전원스위치_9,9,0.7576726675033569,782,202,0.6,
2EQ16552,V242_카바라이트_10,10,0.7822147607803345,500,130,0.6,
2EQ16552,V242_카바라이트_11,11,0.7636999487876892,564,644,0.6,
2EQ16552,3779_압판스토퍼_12,12,0.515837550163269,476,216,0.9,
2EQ16552,3779_압판스토퍼_14,14,0.7542091608047485,588,268,0.6,
2EQ16553,C551_토너라벨_1,1,0.3590337336063385,258,86,0.6,
2EQ16553,B793_Canon각인_2,2,0.491959810256958,26,270,1.05,
2EQ16553,6416_2206N명판_3,3,0.43412458896636963,506,212,0.6,
2EQ16553,3102_현상가압라벨_4,4,0.6794106960296631,540,16,1.05,
2EQ16553,3699_레버피스_4,4,0.6726003885269165,662,60,0.6,
2EQ16553,1525_▲▲▲라벨_5,5,0.9235320091247559,796,224,0.75,
2EQ16553,2917_코마_6,6,0.8627703785896301,912,564,0.6,
2EQ16553,1525_▲▲▲라벨_7,7,0.5947810411453247,614,538,0.9,
2EQ16553,0000_모듈러카바_8,8,0.441832572221756,296,480,0.6,
2EQ16553,3780_전원스위치_9,9,0.7534487247467041,782,202,0.6,
2EQ16553,V242_카바라이트_10,10,0.773479163646698,432,602,0.6,
2EQ16553,V242_카바라이트_11,11,0.7698932886123657,528,652,0.6,
2EQ16553,3779_압판스토퍼_12,12,0.5560780763626099,746,132,0.9,
2EQ16553,3779_압판스토퍼_14,14,0.7555235624313354,826,52,0.6,
2EQ16554,C551_토너라벨_1,1,0.3565170168876648,562,530,0.6,
2EQ16554,B793_Canon각인_2,2,0.5355391502380371,94,376,1.05,
2EQ16554,6416_2206N명판_3,3,0.5093928575515747,166,456,1.2,
2EQ16554,3102_현상가압라벨_4,4,0.6556341648101807,672,30,0.6,
2EQ16554,3699_레버피스_4,4,0.5758333206176758,372,490,1.2,
2EQ16554,1525_▲▲▲라벨_5,5,0.9255056977272034,154,236,0.6,
2EQ16554,2917_코마_6,6,0.8555994033813477,306,652,0.6,
2EQ16554,1525_▲▲▲라벨_7,7,0.563585102558136,526,484,0.6,
2EQ16554,0000_모듈러카바_8,8,0.5223554968833923,280,466,0.6,
2EQ16554,3780_전원스위치_9,9,0.7541157007217407,780,202,0.6,
2EQ16554,V242_카바라이트_10,10,0.793370246887207,484,132,0.6,
2EQ16554,V242_카바라이트_11,11,0.7447502613067627,718,138,0.6,
2EQ16554,3779_압판스토퍼_12,12,0.5837830305099487,242,136,0.9,
2EQ16554,3779_압판스토퍼_14,14,0.7620600461959839,514,178,0.75,
2EQ16555,C551_토너라벨_1,1,0.35202884674072266,416,234,0.6,
2EQ16555,B793_Canon각인_2,2,0.5983619093894958,76,262,1.05,
2EQ16555,6416_2206N명판_3,3,0.4787272810935974,328,330,1.2,
2EQ16555,3102_현상가압라벨_4,4,0.6069496273994446,164,608,0.6,
2EQ16555,3699_레버피스_4,4,0.5649677515029907,168,602,0.75,
2EQ16555,1525_▲▲▲라벨_5,5,0.9165468811988831,794,224,0.75,
2EQ16555,2917_코마_6,6,0.8582714200019836,670,144,0.6,
2EQ16555,1525_▲▲▲라벨_7,7,0.6170356273651123,434,480,0.9,
2EQ16555,0000_모듈러카바_8,8,0.4885043799877167,314,486,0.6,
2EQ16555,3780_전원스위치_9,9,0.7607550024986267,780,202,0.6,
2EQ16555,V242_카바라이트_10,10,0.7766011357307434,416,592,0.6,
2EQ16555,V242_카바라이트_11,11,0.791541576385498,498,638,0.6,
2EQ16555,3779_압판스토퍼_12,12,0.5263510942459106,220,488,0.9,
2EQ16555,3779_압판스토퍼_14,14,0.7616671323776245,354,342,0.6,
2EQ16556,C551_토너라벨_1,1,0.33085575699806213,476,310,0.6,
2EQ16556,B793_Canon각인_2,2,0.5221075415611267,10,308,1.05,
2EQ16556,6416_2206N명판_3,3,0.5352635979652405,178,306,1.2,
2EQ16556,3102_현상가압라벨_4,4,0.6071388721466064,564,76,0.6,
2EQ16556,3699_레버피스_4,4,0.6350517272949219,238,26,0.6,
2EQ16556,1525_▲▲▲라벨_5,5,0.9280760288238525,366,466,0.6,
2EQ16556,2917_코마_6,6,0.8575546741485596,900,540,0.6,
2EQ16556,1525_▲▲▲라벨_7,7,0.5841265916824341,528,518,0.9,
2EQ16556,0000_모듈러카바_8,8,0.49717870354652405,396,484,0.6,
2EQ16556,3780_전원스위치_9,9,0.7533047795295715,782,202,0.6,
2EQ16556,V242_카바라이트_10,10,0.7768697142601013,486,126,0.6,
2EQ16556,V242_카바라이트_11,11,0.7390618324279785,722,128,0.6,
2EQ16556,3779_압판스토퍼_12,12,0.5661507248878479,394,16,0.9,
2EQ16556,3779_압판스토퍼_14,14,0.7528120279312134,340,384,0.6,
2EQ16557,C551_토너라벨_1,1,0.33157768845558167,448,350,0.6,
2EQ16557,B793_Canon각인_2,2,0.5328533053398132,6,296,1.05,
2EQ16557,6416_2206N명판_3,3,0.4286094605922699,514,238,0.75,
2EQ16557,3102_현상가압라벨_4,4,0.6449927091598511,566,26,0.6,
2EQ16557,3699_레버피스_4,4,0.6147698163986206,604,26,0.6,
2EQ16557,1525_▲▲▲라벨_5,5,0.9331132769584656,796,226,0.75,
2EQ16557,2917_코마_6,6,0.8381255269050598,690,138,0.6,
2EQ16557,1525_▲▲▲라벨_7,7,0.5977444648742676,496,524,0.75,
2EQ16557,0000_모듈러카바_8,8,0.5161871910095215,246,490,0.6,
2EQ16557,3780_전원스위치_9,9,0.7570206522941589,782,204,0.6,
2EQ16557,V242_카바라이트_10,10,0.7784106135368347,454,594,0.6,
2EQ16557,V242_카바라이트_11,11,0.7418931126594543,568,644,0.6,
2EQ16557,3779_압판스토퍼_12,12,0.5361126661300659,236,378,0.9,
2EQ16557,3779_압판스토퍼_14,14,0.7561655640602112,466,436,0.6,
2EQ16558,C551_토너라벨_1,1,0.3120168149471283,598,386,0.6,
2EQ16558,B793_Canon각인_2,2,0.5282526612281799,18,314,1.05,
2EQ16558,6416_2206N명판_3,3,0.42412489652633667,258,320,1.2,
2EQ16558,3102_현상가압라벨_4,4,0.6255284547805786,656,24,0.6,
2EQ16558,3699_레버피스_4,4,0.6258326768875122,660,26,0.6,
2EQ16558,1525_▲▲▲라벨_5,5,0.9189940094947815,322,464,0.6,
2EQ16558,2917_코마_6,6,0.8390114307403564,222,194,0.6,
2EQ16558,1525_▲▲▲라벨_7,7,0.6125780344009399,536,514,0.9,
2EQ16558,0000_모듈러카바_8,8,0.493014931678772,254,498,0.6,
2EQ16558,3780_전원스위치_9,9,0.758324921131134,782,202,0.6,
2EQ16558,V242_카바라이트_10,10,0.7851536273956299,488,126,0.6,
2EQ16558,V242_카바라이트_11,11,0.7778089046478271,502,634,0.6,
2EQ16558,3779_압판스토퍼_12,12,0.5616520643234253,422,190,0.9,
2EQ16558,3779_압판스토퍼_14,14,0.7360130548477173,212,176,0.6,
2EQ16559,C551_토너라벨_1,1,0.32987773418426514,386,380,0.6,
2EQ16559,B793_Canon각인_2,2,0.3531317412853241,78,350,0.9,
2EQ16559,6416_2206N명판_3,3,0.41877347230911255,192,354,1.2,
2EQ16559,3102_현상가압라벨_4,4,0.6957937479019165,550,36,0.6,
2EQ16559,3699_레버피스_4,4,0.6857081055641174,556,38,0.6,
2EQ16559,1525_▲▲▲라벨_5,5,0.9209549427032471,210,476,0.6,
2EQ16559,2917_코마_6,6,0.8610613942146301,934,554,0.6,
2EQ16559,1525_▲▲▲라벨_7,7,0.5931026935577393,480,548,0.6,
2EQ16559,0000_모듈러카바_8,8,0.46807432174682617,320,498,0.6,
2EQ16559,3780_전원스위치_9,9,0.7564899325370789,306,460,0.6,
2EQ16559,V242_카바라이트_10,10,0.7667909264564514,496,124,0.6,
2EQ16559,V242_카바라이트_11,11,0.7871190309524536,522,656,0.6,
2EQ16559,3779_압판스토퍼_12,12,0.5748679637908936,178,474,0.9,
2EQ16559,3779_압판스토퍼_14,14,0.7577871084213257,598,26,0.6,
2EQ16560,C551_토너라벨_1,1,0.31972789764404297,506,272,0.6,
2EQ16560,B793_Canon각인_2,2,0.5138580799102783,38,322,1.05,
2EQ16560,6416_2206N명판_3,3,0.552076518535614,240,324,1.2,
2EQ16560,3102_현상가압라벨_4,4,0.6943894028663635,494,10,0.75,
2EQ16560,3699_레버피스_4,4,0.6729134917259216,690,4,0.6,
2EQ16560,1525_▲▲▲라벨_5,5,0.929137647151947,198,468,0.75,
2EQ16560,2917_코마_6,6,0.8674225807189941,912,556,0.6,
2EQ16560,1525_▲▲▲라벨_7,7,0.589931070804596,552,558,0.75,
2EQ16560,0000_모듈러카바_8,8,0.576326847076416,306,470,0.6,
2EQ16560,3780_전원스위치_9,9,0.7580114006996155,782,202,0.6,
2EQ16560,V242_카바라이트_10,10,0.7781167030334473,500,130,0.6,
2EQ16560,V242_카바라이트_11,11,0.7626172304153442,500,648,0.6,
2EQ16560,3779_압판스토퍼_12,12,0.5310590267181396,194,378,0.9,
2EQ16560,3779_압판스토퍼_14,14,0.7370190620422363,372,406,0.6,
2EQ16561,C551_토너라벨_1,1,0.35124683380126953,128,242,1.05,
2EQ16561,B793_Canon각인_2,2,0.5576131343841553,20,322,1.05,
2EQ16561,6416_2206N명판_3,3,0.4263473451137543,140,346,1.2,
2EQ16561,3102_현상가압라벨_4,4,0.616394579410553,486,410,0.6,
2EQ16561,3699_레버피스_4,4,0.6265297532081604,210,42,0.6,
2EQ16561,1525_▲▲▲라벨_5,5,0.9140839576721191,376,442,0.6,
2EQ16561,2917_코마_6,6,0.8567562103271484,902,608,0.6,
2EQ16561,1525_▲▲▲라벨_7,7,0.5830709338188171,528,524,0.9,
2EQ16561,0000_모듈러카바_8,8,0.5510618090629578,276,474,0.6,
2EQ16561,3780_전원스위치_9,9,0.7572306990623474,782,202,0.6,
2EQ16561,V242_카바라이트_10,10,0.7854046821594238,480,130,0.6,
2EQ16561,V242_카바라이트_11,11,0.7381269931793213,544,632,0.6,
2EQ16561,3779_압판스토퍼_12,12,0.587188720703125,492,172,0.9,
2EQ16561,3779_압판스토퍼_14,14,0.7443745732307434,222,194,0.75,
2EQ16562,C551_토너라벨_1,1,0.3387737274169922,572,250,0.6,
2EQ16562,B793_Canon각인_2,2,0.5624217987060547,56,394,1.05,
2EQ16562,6416_2206N명판_3,3,0.45303672552108765,286,330,1.2,
2EQ16562,3102_현상가압라벨_4,4,0.6046334505081177,584,76,0.6,
2EQ16562,3699_레버피스_4,4,0.6204600930213928,170,34,0.6,
2EQ16562,1525_▲▲▲라벨_5,5,0.9221826791763306,816,230,0.6,
2EQ16562,2917_코마_6,6,0.8413906693458557,882,592,0.6,
2EQ16562,1525_▲▲▲라벨_7,7,0.5383148193359375,490,552,0.6,
2EQ16562,0000_모듈러카바_8,8,0.5369155406951904,278,492,0.6,
2EQ16562,3780_전원스위치_9,9,0.7571027874946594,782,202,0.6,
2EQ16562,V242_카바라이트_10,10,0.7806938290596008,486,138,0.6,
2EQ16562,V242_카바라이트_11,11,0.7918000817298889,518,654,0.6,
2EQ16562,3779_압판스토퍼_12,12,0.557655930519104,102,604,0.9,
2EQ16562,3779_압판스토퍼_14,14,0.7617168426513672,394,358,0.6,
2EQ16563,C551_토너라벨_1,1,0.3533288538455963,542,470,0.6,
2EQ16563,B793_Canon각인_2,2,0.5521791577339172,10,334,1.05,
2EQ16563,6416_2206N명판_3,3,0.5146557092666626,232,296,1.2,
2EQ16563,3102_현상가압라벨_4,4,0.6689572334289551,648,18,0.6,
2EQ16563,3699_레버피스_4,4,0.6788780689239502,666,20,0.6,
2EQ16563,1525_▲▲▲라벨_5,5,0.9274572134017944,796,224,0.75,
2EQ16563,2917_코마_6,6,0.8691283464431763,926,548,0.6,
2EQ16563,1525_▲▲▲라벨_7,7,0.6047612428665161,576,570,0.75,
2EQ16563,0000_모듈러카바_8,8,0.5280545949935913,264,516,0.6,
2EQ16563,3780_전원스위치_9,9,0.7600252032279968,782,202,0.6,
2EQ16563,V242_카바라이트_10,10,0.7795593738555908,434,596,0.6,
2EQ16563,V242_카바라이트_11,11,0.784487247467041,502,646,0.6,
2EQ16563,3779_압판스토퍼_12,12,0.5480663776397705,102,604,0.9,
2EQ16563,3779_압판스토퍼_14,14,0.7611207962036133,364,376,0.6,
2EQ16564,C551_토너라벨_1,1,0.32142123579978943,572,500,0.6,
2EQ16564,B793_Canon각인_2,2,0.5183050036430359,8,398,1.05,
2EQ16564,6416_2206N명판_3,3,0.46643927693367004,178,300,1.2,
2EQ16564,3102_현상가압라벨_4,4,0.5809735059738159,638,634,0.6,
2EQ16564,3699_레버피스_4,4,0.5371888279914856,938,152,0.6,
2EQ16564,1525_▲▲▲라벨_5,5,0.9278520941734314,796,230,0.6,
2EQ16564,2917_코마_6,6,0.8458874225616455,732,64,0.6,
2EQ16564,1525_▲▲▲라벨_7,7,0.5630724430084229,600,524,0.9,
2EQ16564,0000_모듈러카바_8,8,0.4606924057006836,246,520,0.6,
2EQ16564,3780_전원스위치_9,9,0.7410609722137451,784,202,0.6,
2EQ16564,V242_카바라이트_10,10,0.775826096534729,496,130,0.6,
2EQ16564,V242_카바라이트_11,11,0.7829899787902832,496,644,0.6,
2EQ16564,3779_압판스토퍼_12,12,0.5732183456420898,204,512,0.9,
2EQ16564,3779_압판스토퍼_14,14,0.7476082444190979,224,186,0.6,
2EQ16565,C551_토너라벨_1,1,0.31165561079978943,610,424,0.6,
2EQ16565,B793_Canon각인_2,2,0.4807843565940857,14,330,1.05,
2EQ16565,6416_2206N명판_3,3,0.4077327251434326,712,652,0.6,
2EQ16565,3102_현상가압라벨_4,4,0.6177577972412109,602,82,0.6,
2EQ16565,3699_레버피스_4,4,0.5985243916511536,206,16,0.75,
2EQ16565,1525_▲▲▲라벨_5,5,0.9269885420799255,812,230,0.6,
2EQ16565,2917_코마_6,6,0.8716583251953125,930,542,0.6,
2EQ16565,1525_▲▲▲라벨_7,7,0.5902918577194214,584,526,0.9,
2EQ16565,0000_모듈러카바_8,8,0.5018942952156067,246,482,0.6,
2EQ16565,3780_전원스위치_9,9,0.7579299211502075,782,202,0.6,
2EQ16565,V242_카바라이트_10,10,0.7723900675773621,432,596,0.6,
2EQ16565,V242_카바라이트_11,11,0.7838144898414612,502,644,0.6,
2EQ16565,3779_압판스토퍼_12,12,0.5897374153137207,448,230,0.9,
2EQ16565,3779_압판스토퍼_14,14,0.7593095302581787,216,172,0.6,
2EQ16566,C551_토너라벨_1,1,0.39496633410453796,470,370,0.6,
2EQ16566,B793_Canon각인_2,2,0.48455363512039185,2,354,1.05,
2EQ16566,6416_2206N명판_3,3,0.4759608209133148,290,352,1.2,
2EQ16566,3102_현상가압라벨_4,4,0.6078336238861084,418,6,0.6,
2EQ16566,3699_레버피스_4,4,0.6556621193885803,454,6,0.6,
2EQ16566,1525_▲▲▲라벨_5,5,0.9271419644355774,796,226,0.75,
2EQ16566,2917_코마_6,6,0.8518549203872681,576,556,0.6,
2EQ16566,1525_▲▲▲라벨_7,7,0.6017680168151855,552,556,0.75,
2EQ16566,0000_모듈러카바_8,8,0.5471256971359253,260,482,0.6,
2EQ16566,3780_전원스위치_9,9,0.7626981735229492,292,426,0.6,
2EQ16566,V242_카바라이트_10,10,0.7772223949432373,718,144,0.6,
2EQ16566,V242_카바라이트_11,11,0.7786234021186829,722,614,0.6,
2EQ16566,3779_압판스토퍼_12,12,0.5293858051300049,198,490,0.9,
2EQ16566,3779_압판스토퍼_14,14,0.7401919364929199,590,258,0.6,
2EQ16567,C551_토너라벨_1,1,0.3460098206996918,252,138,1.05,
2EQ16567,B793_Canon각인_2,2,0.5505339503288269,44,236,1.05,
2EQ16567,6416_2206N명판_3,3,0.46450474858283997,234,464,1.2,
2EQ16567,3102_현상가압라벨_4,4,0.6763800978660583,450,0,0.6,
2EQ16567,3699_레버피스_4,4,0.5995184183120728,198,26,0.6,
2EQ16567,1525_▲▲▲라벨_5,5,0.9310449957847595,802,230,0.6,
2EQ16567,2917_코마_6,6,0.8524540662765503,922,552,0.6,
2EQ16567,1525_▲▲▲라벨_7,7,0.6047529578208923,530,492,0.75,
2EQ16567,0000_모듈러카바_8,8,0.4584890902042389,260,446,0.6,
2EQ16567,3780_전원스위치_9,9,0.7561597228050232,782,202,0.6,
2EQ16567,V242_카바라이트_10,10,0.7765675187110901,446,610,0.6,
2EQ16567,V242_카바라이트_11,11,0.7894800305366516,506,650,0.6,
2EQ16567,3779_압판스토퍼_12,12,0.5331112146377563,632,632,0.9,
2EQ16567,3779_압판스토퍼_14,14,0.7515764236450195,240,190,0.6,
2EQ16568,C551_토너라벨_1,1,0.3046594560146332,146,228,0.6,
2EQ16568,B793_Canon각인_2,2,0.5438144207000732,52,326,1.05,
2EQ16568,6416_2206N명판_3,3,0.4340774416923523,516,250,0.75,
2EQ16568,3102_현상가압라벨_4,4,0.6504437923431396,482,2,0.75,
2EQ16568,3699_레버피스_4,4,0.6133071780204773,710,6,0.6,
2EQ16568,1525_▲▲▲라벨_5,5,0.9240087866783142,238,464,0.75,
2EQ16568,2917_코마_6,6,0.8502646684646606,898,594,0.6,
2EQ16568,1525_▲▲▲라벨_7,7,0.57447350025177,506,510,0.75,
2EQ16568,0000_모듈러카바_8,8,0.5651803016662598,282,514,0.6,
2EQ16568,3780_전원스위치_9,9,0.7544589042663574,782,202,0.6,
2EQ16568,V242_카바라이트_10,10,0.776344358921051,476,142,0.6,
2EQ16568,V242_카바라이트_11,11,0.7652389407157898,546,662,0.6,
2EQ16568,3779_압판스토퍼_12,12,0.5534757375717163,188,418,0.9,
2EQ16568,3779_압판스토퍼_14,14,0.7701226472854614,374,378,0.6,
2EQ16569,C551_토너라벨_1,1,0.31060346961021423,430,310,0.75,
2EQ16569,B793_Canon각인_2,2,0.5316571593284607,38,348,1.05,
2EQ16569,6416_2206N명판_3,3,0.42857468128204346,200,356,1.2,
2EQ16569,3102_현상가압라벨_4,4,0.6135702133178711,634,98,0.6,
2EQ16569,3699_레버피스_4,4,0.6560208201408386,682,2,0.6,
2EQ16569,1525_▲▲▲라벨_5,5,0.9139299392700195,796,230,0.6,
2EQ16569,2917_코마_6,6,0.8510720729827881,912,608,0.6,
2EQ16569,1525_▲▲▲라벨_7,7,0.5299514532089233,536,530,0.6,
2EQ16569,0000_모듈러카바_8,8,0.42943868041038513,220,438,0.6,
2EQ16569,3780_전원스위치_9,9,0.7566857933998108,782,202,0.6,
2EQ16569,V242_카바라이트_10,10,0.7805513739585876,444,592,0.6,
2EQ16569,V242_카바라이트_11,11,0.7649733424186707,720,146,0.6,
2EQ16569,3779_압판스토퍼_12,12,0.5645692348480225,622,284,0.9,
2EQ16569,3779_압판스토퍼_14,14,0.7351636290550232,212,180,0.75,
2EQ16570,C551_토너라벨_1,1,0.38200658559799194,242,78,0.6,
2EQ16570,B793_Canon각인_2,2,0.512118399143219,0,288,1.05,
2EQ16570,6416_2206N명판_3,3,0.46581435203552246,108,352,1.2,
2EQ16570,3102_현상가압라벨_4,4,0.6035231947898865,570,70,0.6,
2EQ16570,3699_레버피스_4,4,0.6114397048950195,176,26,0.6,
2EQ16570,1525_▲▲▲라벨_5,5,0.9314841628074646,346,456,0.75,
2EQ16570,2917_코마_6,6,0.859288215637207,906,604,0.6,
2EQ16570,1525_▲▲▲라벨_7,7,0.5808833241462708,218,210,0.75,
2EQ16570,0000_모듈러카바_8,8,0.48102664947509766,354,536,0.6,
2EQ16570,3780_전원스위치_9,9,0.7590364813804626,782,202,0.6,
2EQ16570,V242_카바라이트_10,10,0.7829331159591675,442,596,0.6,
2EQ16570,V242_카바라이트_11,11,0.7736473679542542,504,656,0.6,
2EQ16570,3779_압판스토퍼_12,12,0.5782865285873413,198,542,0.9,
2EQ16570,3779_압판스토퍼_14,14,0.7580922245979309,390,396,0.6,
2EQ16571,C551_토너라벨_1,1,0.35447919368743896,120,244,1.05,
2EQ16571,B793_Canon각인_2,2,0.5051385164260864,16,306,1.05,
2EQ16571,6416_2206N명판_3,3,0.46053311228752136,192,254,1.2,
2EQ16571,3102_현상가압라벨_4,4,0.6207441687583923,746,340,0.6,
2EQ16571,3699_레버피스_4,4,0.6134186387062073,488,10,0.6,
2EQ16571,1525_▲▲▲라벨_5,5,0.9295274615287781,174,472,0.6,
2EQ16571,2917_코마_6,6,0.874026358127594,916,566,0.6,
2EQ16571,1525_▲▲▲라벨_7,7,0.5515329837799072,534,570,0.6,
2EQ16571,0000_모듈러카바_8,8,0.42237555980682373,220,502,0.6,
2EQ16571,3780_전원스위치_9,9,0.7511160373687744,782,202,0.6,
2EQ16571,V242_카바라이트_10,10,0.7839698791503906,480,136,0.6,
2EQ16571,V242_카바라이트_11,11,0.7787045240402222,728,614,0.6,
2EQ16571,3779_압판스토퍼_12,12,0.5325927138328552,366,156,0.9,
2EQ16571,3779_압판스토퍼_14,14,0.7643550634384155,226,186,0.6,
2EQ16572,C551_토너라벨_1,1,0.30252915620803833,148,228,0.6,
2EQ16572,B793_Canon각인_2,2,0.5458878874778748,16,298,1.05,
2EQ16572,6416_2206N명판_3,3,0.45764970779418945,202,324,1.2,
2EQ16572,3102_현상가압라벨_4,4,0.6830722689628601,538,36,0.6,
2EQ16572,3699_레버피스_4,4,0.6620786190032959,152,28,0.75,
2EQ16572,1525_▲▲▲라벨_5,5,0.9295141696929932,794,224,0.75,
2EQ16572,2917_코마_6,6,0.8441587686538696,912,566,0.6,
2EQ16572,1525_▲▲▲라벨_7,7,0.5812565088272095,556,484,0.75,
2EQ16572,0000_모듈러카바_8,8,0.4527871012687683,288,536,0.6,
2EQ16572,3780_전원스위치_9,9,0.7514063715934753,782,202,0.6,
2EQ16572,V242_카바라이트_10,10,0.777466893196106,426,610,0.6,
2EQ16572,V242_카바라이트_11,11,0.7676631808280945,498,642,0.6,
2EQ16572,3779_압판스토퍼_12,12,0.5445721745491028,188,548,0.9,
2EQ16572,3779_압판스토퍼_14,14,0.7352569103240967,220,178,0.75,
2EQ16573,C551_토너라벨_1,1,0.3112598955631256,146,228,0.6,
2EQ16573,B793_Canon각인_2,2,0.46487683057785034,50,282,1.05,
2EQ16573,6416_2206N명판_3,3,0.4771577715873718,112,342,1.2,
2EQ16573,3102_현상가압라벨_4,4,0.6703367829322815,508,34,0.6,
2EQ16573,3699_레버피스_4,4,0.718076765537262,514,36,0.6,
2EQ16573,1525_▲▲▲라벨_5,5,0.9288475513458252,810,228,0.6,
2EQ16573,2917_코마_6,6,0.8554568290710449,896,534,0.6,
2EQ16573,1525_▲▲▲라벨_7,7,0.5496752858161926,504,608,0.6,
2EQ16573,0000_모듈러카바_8,8,0.47621312737464905,222,484,0.6,
2EQ16573,3780_전원스위치_9,9,0.758290708065033,310,448,0.6,
2EQ16573,V242_카바라이트_10,10,0.7752194404602051,442,632,0.6,
2EQ16573,V242_카바라이트_11,11,0.8028598427772522,510,656,0.6,
2EQ16573,3779_압판스토퍼_12,12,0.5860190391540527,202,440,0.9,
2EQ16573,3779_압판스토퍼_14,14,0.7365788221359253,590,272,0.75,
2EQ16574,C551_토너라벨_1,1,0.3101389408111572,552,310,0.6,
2EQ16574,B793_Canon각인_2,2,0.5548592209815979,36,270,1.05,
2EQ16574,6416_2206N명판_3,3,0.4292050004005432,548,232,0.6,
2EQ16574,3102_현상가압라벨_4,4,0.6437747478485107,572,46,0.6,
2EQ16574,3699_레버피스_4,4,0.6358079314231873,178,28,0.75,
2EQ16574,1525_▲▲▲라벨_5,5,0.9246509075164795,796,224,0.75,
2EQ16574,2917_코마_6,6,0.8414388298988342,906,604,0.6,
2EQ16574,1525_▲▲▲라벨_7,7,0.5612807869911194,622,28,1.2,
2EQ16574,0000_모듈러카바_8,8,0.4096458852291107,300,556,0.6,
2EQ16574,3780_전원스위치_9,9,0.7499339580535889,780,202,0.6,
2EQ16574,V242_카바라이트_10,10,0.7698999047279358,440,590,0.6,
2EQ16574,V242_카바라이트_11,11,0.7846295833587646,500,652,0.6,
2EQ16574,3779_압판스토퍼_12,12,0.5769674181938171,200,556,0.9,
2EQ16574,3779_압판스토퍼_14,14,0.7511599063873291,646,16,0.6,
2EQ16575,C551_토너라벨_1,1,0.314831018447876,512,372,0.6,
2EQ16575,B793_Canon각인_2,2,0.5540832877159119,94,272,1.05,
2EQ16575,6416_2206N명판_3,3,0.41507333517074585,552,272,0.6,
2EQ16575,3102_현상가압라벨_4,4,0.618157684803009,730,354,0.6,
2EQ16575,3699_레버피스_4,4,0.6166715621948242,496,14,0.9,
2EQ16575,1525_▲▲▲라벨_5,5,0.929076611995697,176,482,0.6,
2EQ16575,2917_코마_6,6,0.8534110188484192,876,532,0.6,
2EQ16575,1525_▲▲▲라벨_7,7,0.5455358028411865,548,584,0.6,
2EQ16575,0000_모듈러카바_8,8,0.46277084946632385,258,492,0.6,
2EQ16575,3780_전원스위치_9,9,0.7534694671630859,782,202,0.6,
2EQ16575,V242_카바라이트_10,10,0.7754990458488464,494,126,0.6,
2EQ16575,V242_카바라이트_11,11,0.7717222571372986,724,612,0.6,
2EQ16575,3779_압판스토퍼_12,12,0.564550518989563,286,166,0.9,
2EQ16575,3779_압판스토퍼_14,14,0.7528805732727051,490,164,0.6,
2EQ16576,C551_토너라벨_1,1,0.32963258028030396,450,450,0.6,
2EQ16576,B793_Canon각인_2,2,0.5233790874481201,44,294,1.05,
2EQ16576,6416_2206N명판_3,3,0.4402690827846527,302,288,1.2,
2EQ16576,3102_현상가압라벨_4,4,0.7005269527435303,556,14,0.6,
2EQ16576,3699_레버피스_4,4,0.6351935863494873,164,24,0.75,
2EQ16576,1525_▲▲▲라벨_5,5,0.9228132963180542,224,462,0.6,
2EQ16576,2917_코마_6,6,0.8456872701644897,30,388,0.6,
2EQ16576,1525_▲▲▲라벨_7,7,0.5924926400184631,536,484,0.75,
2EQ16576,0000_모듈러카바_8,8,0.4329754710197449,246,530,0.6,
2EQ16576,3780_전원스위치_9,9,0.7487555146217346,782,202,0.6,
2EQ16576,V242_카바라이트_10,10,0.7952364087104797,484,124,0.6,
2EQ16576,V242_카바라이트_11,11,0.7589454650878906,726,612,0.6,
2EQ16576,3779_압판스토퍼_12,12,0.5496858358383179,182,522,0.9,
2EQ16576,3779_압판스토퍼_14,14,0.743145763874054,298,408,0.75,
2EQ16577,C551_토너라벨_1,1,0.3325425684452057,526,370,0.6,
2EQ16577,B793_Canon각인_2,2,0.5240174531936646,34,306,1.05,
2EQ16577,6416_2206N명판_3,3,0.5292658805847168,208,384,1.2,
2EQ16577,3102_현상가압라벨_4,4,0.6217558979988098,552,0,1.05,
2EQ16577,3699_레버피스_4,4,0.6505008935928345,226,14,0.9,
2EQ16577,1525_▲▲▲라벨_5,5,0.9191532731056213,220,466,0.6,
2EQ16577,2917_코마_6,6,0.877539873123169,926,544,0.6,
2EQ16577,1525_▲▲▲라벨_7,7,0.5812200903892517,518,524,0.6,
2EQ16577,0000_모듈러카바_8,8,0.5491241812705994,310,504,0.6,
2EQ16577,3780_전원스위치_9,9,0.754909098148346,782,202,0.6,
2EQ16577,V242_카바라이트_10,10,0.7877824902534485,478,136,0.6,
2EQ16577,V242_카바라이트_11,11,0.7587787508964539,728,618,0.6,
2EQ16577,3779_압판스토퍼_12,12,0.5282585620880127,92,602,0.9,
2EQ16577,3779_압판스토퍼_14,14,0.7432385683059692,270,316,0.6,
2EQ16578,C551_토너라벨_1,1,0.4317705035209656,80,242,1.2,
2EQ16578,B793_Canon각인_2,2,0.5284081697463989,10,328,1.05,
2EQ16578,6416_2206N명판_3,3,0.5360963344573975,162,336,1.2,
2EQ16578,3102_현상가압라벨_4,4,0.6086393594741821,790,16,0.6,
2EQ16578,3699_레버피스_4,4,0.5588356256484985,410,502,1.2,
2EQ16578,1525_▲▲▲라벨_5,5,0.9195570945739746,404,400,0.6,
2EQ16578,2917_코마_6,6,0.8665340542793274,214,690,0.6,
2EQ16578,1525_▲▲▲라벨_7,7,0.5983809232711792,538,606,0.75,
2EQ16578,0000_모듈러카바_8,8,0.4328749179840088,250,418,0.6,
2EQ16578,3780_전원스위치_9,9,0.7500891089439392,782,202,0.6,
2EQ16578,V242_카바라이트_10,10,0.7763581871986389,406,606,0.6,
2EQ16578,V242_카바라이트_11,11,0.7335901856422424,558,658,0.6,
2EQ16578,3779_압판스토퍼_12,12,0.6151674389839172,414,292,0.9,
2EQ16578,3779_압판스토퍼_14,14,0.7234048247337341,586,356,0.6,
2EQ16579,C551_토너라벨_1,1,0.3285428583621979,550,298,0.6,
2EQ16579,B793_Canon각인_2,2,0.4767859876155853,2,346,1.05,
2EQ16579,6416_2206N명판_3,3,0.5273330211639404,182,278,1.2,
2EQ16579,3102_현상가압라벨_4,4,0.6831735372543335,564,36,0.6,
2EQ16579,3699_레버피스_4,4,0.6177490949630737,168,36,0.75,
2EQ16579,1525_▲▲▲라벨_5,5,0.9206033945083618,802,228,0.6,
2EQ16579,2917_코마_6,6,0.8579564094543457,870,590,0.6,
2EQ16579,1525_▲▲▲라벨_7,7,0.5294855833053589,466,358,0.9,
2EQ16579,0000_모듈러카바_8,8,0.5271024703979492,314,520,0.6,
2EQ16579,3780_전원스위치_9,9,0.7592735886573792,782,202,0.6,
2EQ16579,V242_카바라이트_10,10,0.7718737125396729,428,602,0.6,
2EQ16579,V242_카바라이트_11,11,0.7642493844032288,722,614,0.6,
2EQ16579,3779_압판스토퍼_12,12,0.5901700258255005,462,210,0.9,
2EQ16579,3779_압판스토퍼_14,14,0.7608982920646667,338,328,0.6,
2EQ16580,C551_토너라벨_1,1,0.38120898604393005,728,34,0.6,
2EQ16580,B793_Canon각인_2,2,0.5450977683067322,32,376,1.05,
2EQ16580,6416_2206N명판_3,3,0.5010856986045837,196,416,1.2,
2EQ16580,3102_현상가압라벨_4,4,0.6076951622962952,204,564,0.6,
2EQ16580,3699_레버피스_4,4,0.6217506527900696,766,6,0.6,
2EQ16580,1525_▲▲▲라벨_5,5,0.9221363067626953,176,462,0.6,
2EQ16580,2917_코마_6,6,0.8497758507728577,760,556,0.6,
2EQ16580,1525_▲▲▲라벨_7,7,0.5484933853149414,464,620,0.75,
2EQ16580,0000_모듈러카바_8,8,0.5324370265007019,302,462,0.6,
2EQ16580,3780_전원스위치_9,9,0.7542503476142883,782,202,0.6,
2EQ16580,V242_카바라이트_10,10,0.7857553958892822,426,596,0.6,
2EQ16580,V242_카바라이트_11,11,0.7671070694923401,518,610,0.6,
2EQ16580,3779_압판스토퍼_12,12,0.5629761219024658,532,292,0.9,
2EQ16580,3779_압판스토퍼_14,14,0.7552387118339539,234,188,0.6,
2EQ16581,C551_토너라벨_1,1,0.3407064378261566,468,538,0.6,
2EQ16581,B793_Canon각인_2,2,0.471373051404953,46,274,1.05,
2EQ16581,6416_2206N명판_3,3,0.41739875078201294,554,426,0.9,
2EQ16581,3102_현상가압라벨_4,4,0.5902212262153625,566,614,0.6,
2EQ16581,3699_레버피스_4,4,0.5724519491195679,898,174,0.6,
2EQ16581,1525_▲▲▲라벨_5,5,0.9282200932502747,192,468,0.6,
2EQ16581,2917_코마_6,6,0.8476241230964661,858,528,0.6,
2EQ16581,1525_▲▲▲라벨_7,7,0.6023961901664734,480,526,0.75,
2EQ16581,0000_모듈러카바_8,8,0.5557065606117249,296,484,0.6,
2EQ16581,3780_전원스위치_9,9,0.7537359595298767,782,202,0.6,
2EQ16581,V242_카바라이트_10,10,0.7790600061416626,438,600,0.6,
2EQ16581,V242_카바라이트_11,11,0.7392884492874146,720,154,0.6,
2EQ16581,3779_압판스토퍼_12,12,0.5955773591995239,468,256,0.9,
2EQ16581,3779_압판스토퍼_14,14,0.763931930065155,560,270,0.6,
2EQ16582,C551_토너라벨_1,1,0.3262450098991394,580,326,0.6,
2EQ16582,B793_Canon각인_2,2,0.5161969661712646,86,290,1.05,
2EQ16582,6416_2206N명판_3,3,0.5671680569648743,148,350,1.2,
2EQ16582,3102_현상가압라벨_4,4,0.5938056111335754,906,272,0.6,
2EQ16582,3699_레버피스_4,4,0.5868934988975525,756,606,0.6,
2EQ16582,1525_▲▲▲라벨_5,5,0.9276078939437866,174,408,0.6,
2EQ16582,2917_코마_6,6,0.8588351607322693,126,422,0.6,
2EQ16582,1525_▲▲▲라벨_7,7,0.5964851379394531,670,250,0.9,
2EQ16582,0000_모듈러카바_8,8,0.5166854858398438,240,492,0.6,
2EQ16582,3780_전원스위치_9,9,0.7831729054450989,348,370,0.6,
2EQ16582,V242_카바라이트_10,10,0.7997176051139832,496,176,0.6,
2EQ16582,V242_카바라이트_11,11,0.7767248153686523,474,630,0.6,
2EQ16582,3779_압판스토퍼_12,12,0.5843185186386108,366,608,0.9,
2EQ16582,3779_압판스토퍼_14,14,0.7131074666976929,206,388,0.6,
2EQ16583,C551_토너라벨_1,1,0.32792866230010986,698,586,0.6,
2EQ16583,B793_Canon각인_2,2,0.513890266418457,0,250,1.05,
2EQ16583,6416_2206N명판_3,3,0.49211764335632324,234,282,1.2,
2EQ16583,3102_현상가압라벨_4,4,0.7120843529701233,500,20,0.6,
2EQ16583,3699_레버피스_4,4,0.6576224565505981,480,24,0.6,
2EQ16583,1525_▲▲▲라벨_5,5,0.9268714785575867,808,230,0.6,
2EQ16583,2917_코마_6,6,0.8740948438644409,896,552,0.6,
2EQ16583,1525_▲▲▲라벨_7,7,0.5863937139511108,526,554,0.75,
2EQ16583,0000_모듈러카바_8,8,0.4634026885032654,236,486,0.6,
2EQ16583,3780_전원스위치_9,9,0.7556042075157166,782,202,0.6,
2EQ16583,V242_카바라이트_10,10,0.7794012427330017,424,594,0.6,
2EQ16583,V242_카바라이트_11,11,0.7611569166183472,508,632,0.6,
2EQ16583,3779_압판스토퍼_12,12,0.5785226821899414,436,198,0.9,
2EQ16583,3779_압판스토퍼_14,14,0.7564526200294495,226,182,0.6,
2EQ16584,C551_토너라벨_1,1,0.37792736291885376,536,382,0.6,
2EQ16584,B793_Canon각인_2,2,0.5140582323074341,46,272,1.05,
2EQ16584,6416_2206N명판_3,3,0.515752375125885,142,376,1.2,
2EQ16584,3102_현상가압라벨_4,4,0.6289019584655762,670,0,0.6,
2EQ16584,3699_레버피스_4,4,0.567555844783783,364,464,1.2,
2EQ16584,1525_▲▲▲라벨_5,5,0.931015133857727,66,584,0.6,
2EQ16584,2917_코마_6,6,0.8690885305404663,446,136,0.6,
2EQ16584,1525_▲▲▲라벨_7,7,0.562690019607544,626,568,0.6,
2EQ16584,0000_모듈러카바_8,8,0.5511359572410583,304,460,0.6,
2EQ16584,3780_전원스위치_9,9,0.7499399185180664,232,486,0.6,
2EQ16584,V242_카바라이트_10,10,0.7759793996810913,476,126,0.6,
2EQ16584,V242_카바라이트_11,11,0.7804110646247864,502,654,0.6,
2EQ16584,3779_압판스토퍼_12,12,0.5579297542572021,272,468,0.9,
2EQ16584,3779_압판스토퍼_14,14,0.7591528296470642,490,262,0.75,
2EQ16585,C551_토너라벨_1,1,0.36548763513565063,504,350,0.6,
2EQ16585,B793_Canon각인_2,2,0.4633501172065735,10,336,1.05,
2EQ16585,6416_2206N명판_3,3,0.49531933665275574,230,336,1.2,
2EQ16585,3102_현상가압라벨_4,4,0.685733437538147,710,46,0.6,
2EQ16585,3699_레버피스_4,4,0.6493640542030334,710,48,0.6,
2EQ16585,1525_▲▲▲라벨_5,5,0.9255499243736267,238,460,0.75,
2EQ16585,2917_코마_6,6,0.8600303530693054,858,542,0.6,
2EQ16585,1525_▲▲▲라벨_7,7,0.5642949938774109,572,568,0.6,
2EQ16585,0000_모듈러카바_8,8,0.5184345245361328,266,540,0.6,
2EQ16585,3780_전원스위치_9,9,0.7565890550613403,782,202,0.6,
2EQ16585,V242_카바라이트_10,10,0.7799582481384277,432,602,0.6,
2EQ16585,V242_카바라이트_11,11,0.7821657657623291,530,642,0.6,
2EQ16585,3779_압판스토퍼_12,12,0.5710712671279907,490,198,0.9,
2EQ16585,3779_압판스토퍼_14,14,0.7554992437362671,370,380,0.6,
2EQ16586,C551_토너라벨_1,1,0.3728904724121094,586,348,0.6,
2EQ16586,B793_Canon각인_2,2,0.5485007166862488,30,318,1.05,
2EQ16586,6416_2206N명판_3,3,0.47710520029067993,228,242,1.2,
2EQ16586,3102_현상가압라벨_4,4,0.6603668928146362,632,6,0.6,
2EQ16586,3699_레버피스_4,4,0.6684224605560303,638,8,0.6,
2EQ16586,1525_▲▲▲라벨_5,5,0.9233441948890686,278,484,0.6,
2EQ16586,2917_코마_6,6,0.8682327270507812,926,576,0.6,
2EQ16586,1525_▲▲▲라벨_7,7,0.5639036297798157,582,576,0.9,
2EQ16586,0000_모듈러카바_8,8,0.4607437252998352,292,516,0.6,
2EQ16586,3780_전원스위치_9,9,0.7620157599449158,782,202,0.6,
2EQ16586,V242_카바라이트_10,10,0.778985857963562,434,584,0.6,
2EQ16586,V242_카바라이트_11,11,0.7815759778022766,504,662,0.6,
2EQ16586,3779_압판스토퍼_12,12,0.6056297421455383,316,170,0.9,
2EQ16586,3779_압판스토퍼_14,14,0.7760196924209595,468,190,0.75,
2EQ16587,C551_토너라벨_1,1,0.35483184456825256,562,312,0.6,
2EQ16587,B793_Canon각인_2,2,0.5601978302001953,50,328,1.05,
2EQ16587,6416_2206N명판_3,3,0.4313478171825409,274,240,1.2,
2EQ16587,3102_현상가압라벨_4,4,0.7038654088973999,548,52,0.6,
2EQ16587,3699_레버피스_4,4,0.6566264629364014,524,56,0.6,
2EQ16587,1525_▲▲▲라벨_5,5,0.9275302290916443,808,232,0.6,
2EQ16587,2917_코마_6,6,0.8789059519767761,694,144,0.6,
2EQ16587,1525_▲▲▲라벨_7,7,0.5868258476257324,554,44,0.9,
2EQ16587,0000_모듈러카바_8,8,0.46266382932662964,284,534,0.6,
2EQ16587,3780_전원스위치_9,9,0.7627851366996765,320,348,0.6,
2EQ16587,V242_카바라이트_10,10,0.7865095734596252,424,606,0.6,
2EQ16587,V242_카바라이트_11,11,0.7661155462265015,726,614,0.6,
2EQ16587,3779_압판스토퍼_12,12,0.5826307535171509,322,178,0.9,
2EQ16587,3779_압판스토퍼_14,14,0.7470650672912598,550,246,0.75,
2EQ16588,C551_토너라벨_1,1,0.33724144101142883,478,312,0.6,
2EQ16588,B793_Canon각인_2,2,0.5739684104919434,46,252,1.05,
2EQ16588,6416_2206N명판_3,3,0.4180029034614563,212,354,1.2,
2EQ16588,3102_현상가압라벨_4,4,0.6735866069793701,562,62,0.6,
2EQ16588,3699_레버피스_4,4,0.6649766564369202,212,34,0.9,
2EQ16588,1525_▲▲▲라벨_5,5,0.9260089993476868,184,486,0.6,
2EQ16588,2917_코마_6,6,0.8620647192001343,818,558,0.6,
2EQ16588,1525_▲▲▲라벨_7,7,0.5545118451118469,636,682,0.9,
2EQ16588,0000_모듈러카바_8,8,0.5248510837554932,278,492,0.6,
2EQ16588,3780_전원스위치_9,9,0.7565916180610657,782,202,0.6,
2EQ16588,V242_카바라이트_10,10,0.7816051244735718,490,132,0.6,
2EQ16588,V242_카바라이트_11,11,0.7451505661010742,502,652,0.6,
2EQ16588,3779_압판스토퍼_12,12,0.6039973497390747,270,162,0.9,
2EQ16588,3779_압판스토퍼_14,14,0.7653389573097229,276,318,0.75,
2EQ16589,C551_토너라벨_1,1,0.35645732283592224,428,324,0.6,
2EQ16589,B793_Canon각인_2,2,0.4771490693092346,2,312,1.05,
2EQ16589,6416_2206N명판_3,3,0.5218849778175354,194,324,1.2,
2EQ16589,3102_현상가압라벨_4,4,0.6105228066444397,558,134,0.6,
2EQ16589,3699_레버피스_4,4,0.6192754507064819,702,46,0.6,
2EQ16589,1525_▲▲▲라벨_5,5,0.9221959710121155,224,490,0.6,
2EQ16589,2917_코마_6,6,0.86920166015625,894,534,0.6,
2EQ16589,1525_▲▲▲라벨_7,7,0.5731545686721802,256,114,0.6,
2EQ16589,0000_모듈러카바_8,8,0.49900221824645996,266,520,0.6,
2EQ16589,3780_전원스위치_9,9,0.7581987380981445,782,202,0.6,
2EQ16589,V242_카바라이트_10,10,0.7768189907073975,442,608,0.6,
2EQ16589,V242_카바라이트_11,11,0.7896721959114075,552,590,0.6,
2EQ16589,3779_압판스토퍼_12,12,0.5907865166664124,890,298,0.9,
2EQ16589,3779_압판스토퍼_14,14,0.7466263771057129,370,360,0.6,
2EQ16590,C551_토너라벨_1,1,0.3372049033641815,388,356,0.6,
2EQ16590,B793_Canon각인_2,2,0.5724029541015625,24,310,1.05,
2EQ16590,6416_2206N명판_3,3,0.40554502606391907,702,650,0.6,
2EQ16590,3102_현상가압라벨_4,4,0.6423813104629517,644,32,0.6,
2EQ16590,3699_레버피스_4,4,0.6877135634422302,648,34,0.6,
2EQ16590,1525_▲▲▲라벨_5,5,0.9290508031845093,160,234,0.6,
2EQ16590,2917_코마_6,6,0.8774992823600769,914,564,0.6,
2EQ16590,1525_▲▲▲라벨_7,7,0.561090886592865,496,530,0.75,
2EQ16590,0000_모듈러카바_8,8,0.6461229920387268,294,540,0.6,
2EQ16590,3780_전원스위치_9,9,0.7554919123649597,368,420,0.6,
2EQ16590,V242_카바라이트_10,10,0.7841508388519287,478,116,0.6,
2EQ16590,V242_카바라이트_11,11,0.7227790951728821,536,618,0.6,
2EQ16590,3779_압판스토퍼_12,12,0.5930375456809998,322,180,0.9,
2EQ16590,3779_압판스토퍼_14,14,0.7702311873435974,336,294,0.6,
2EQ16591,C551_토너라벨_1,1,0.30597037076950073,680,320,0.6,
2EQ16591,B793_Canon각인_2,2,0.5773095488548279,92,312,1.05,
2EQ16591,6416_2206N명판_3,3,0.44443950057029724,222,358,1.2,
2EQ16591,3102_현상가압라벨_4,4,0.6069372892379761,584,82,0.6,
2EQ16591,3699_레버피스_4,4,0.6432989835739136,594,14,0.6,
2EQ16591,1525_▲▲▲라벨_5,5,0.9292817115783691,808,232,0.6,
2EQ16591,2917_코마_6,6,0.8481717705726624,918,560,0.6,
2EQ16591,1525_▲▲▲라벨_7,7,0.5126170516014099,500,544,0.6,
2EQ16591,0000_모듈러카바_8,8,0.4625687003135681,280,498,0.6,
2EQ16591,3780_전원스위치_9,9,0.7571736574172974,782,204,0.6,
2EQ16591,V242_카바라이트_10,10,0.7778782248497009,432,598,0.6,
2EQ16591,V242_카바라이트_11,11,0.8125984072685242,504,642,0.6,
2EQ16591,3779_압판스토퍼_12,12,0.5238258838653564,108,604,0.9,
2EQ16591,3779_압판스토퍼_14,14,0.7340782284736633,210,176,0.6,
2EQ16592,C551_토너라벨_1,1,0.36516323685646057,254,82,1.05,
2EQ16592,B793_Canon각인_2,2,0.5310184955596924,4,262,1.05,
2EQ16592,6416_2206N명판_3,3,0.41666004061698914,4,650,0.6,
2EQ16592,3102_현상가압라벨_4,4,0.6733582615852356,526,2,0.9,
2EQ16592,3699_레버피스_4,4,0.6446822881698608,542,34,0.6,
2EQ16592,1525_▲▲▲라벨_5,5,0.9213804602622986,206,470,0.75,
2EQ16592,2917_코마_6,6,0.8593898415565491,896,546,0.6,
2EQ16592,1525_▲▲▲라벨_7,7,0.5677859783172607,534,560,0.75,
2EQ16592,0000_모듈러카바_8,8,0.6033145189285278,310,522,0.6,
2EQ16592,3780_전원스위치_9,9,0.7539344429969788,782,202,0.6,
2EQ16592,V242_카바라이트_10,10,0.777373731136322,434,602,0.6,
2EQ16592,V242_카바라이트_11,11,0.8001352548599243,508,626,0.6,
2EQ16592,3779_압판스토퍼_12,12,0.5293067097663879,458,704,0.9,
2EQ16592,3779_압판스토퍼_14,14,0.7572258114814758,396,362,0.6,
2EQ16593,C551_토너라벨_1,1,0.35194385051727295,502,314,0.6,
2EQ16593,B793_Canon각인_2,2,0.5180833339691162,28,316,1.05,
2EQ16593,6416_2206N명판_3,3,0.46982285380363464,158,354,1.2,
2EQ16593,3102_현상가압라벨_4,4,0.6242383718490601,622,16,0.6,
2EQ16593,3699_레버피스_4,4,0.6419998407363892,164,14,0.9,
2EQ16593,1525_▲▲▲라벨_5,5,0.92941814661026,174,462,0.6,
2EQ16593,2917_코마_6,6,0.8601230382919312,918,610,0.6,
2EQ16593,1525_▲▲▲라벨_7,7,0.5474783778190613,510,558,0.6,
2EQ16593,0000_모듈러카바_8,8,0.46139800548553467,450,474,0.6,
2EQ16593,3780_전원스위치_9,9,0.7557436227798462,782,202,0.6,
2EQ16593,V242_카바라이트_10,10,0.7768199443817139,432,586,0.6,
2EQ16593,V242_카바라이트_11,11,0.8093590140342712,486,642,0.6,
2EQ16593,3779_압판스토퍼_12,12,0.5466513633728027,290,22,0.9,
2EQ16593,3779_압판스토퍼_14,14,0.7625432014465332,354,386,0.75,
2EQ16594,C551_토너라벨_1,1,0.332152783870697,554,436,0.6,
2EQ16594,B793_Canon각인_2,2,0.4475655257701874,10,360,1.05,
2EQ16594,6416_2206N명판_3,3,0.5006113648414612,214,320,1.2,
2EQ16594,3102_현상가압라벨_4,4,0.6344063878059387,592,126,0.6,
2EQ16594,3699_레버피스_4,4,0.6545489430427551,302,8,0.6,
2EQ16594,1525_▲▲▲라벨_5,5,0.9236473441123962,796,226,0.75,
2EQ16594,2917_코마_6,6,0.8540381789207458,938,536,0.6,
2EQ16594,1525_▲▲▲라벨_7,7,0.6307902336120605,440,550,0.75,
2EQ16594,0000_모듈러카바_8,8,0.499175101518631,280,490,0.6,
2EQ16594,3780_전원스위치_9,9,0.7525683045387268,782,202,0.6,
2EQ16594,V242_카바라이트_10,10,0.7881149053573608,434,598,0.6,
2EQ16594,V242_카바라이트_11,11,0.7672930359840393,500,636,0.6,
2EQ16594,3779_압판스토퍼_12,12,0.5696290135383606,408,290,0.9,
2EQ16594,3779_압판스토퍼_14,14,0.7499346733093262,928,248,0.6,
2EQ16595,C551_토너라벨_1,1,0.35687410831451416,304,314,0.6,
2EQ16595,B793_Canon각인_2,2,0.43133655190467834,80,618,0.6,
2EQ16595,6416_2206N명판_3,3,0.42633163928985596,236,394,1.2,
2EQ16595,3102_현상가압라벨_4,4,0.5878890752792358,508,672,0.6,
2EQ16595,3699_레버피스_4,4,0.670624852180481,474,54,0.6,
2EQ16595,1525_▲▲▲라벨_5,5,0.9188132286071777,804,228,0.6,
2EQ16595,2917_코마_6,6,0.8524615168571472,856,558,0.6,
2EQ16595,1525_▲▲▲라벨_7,7,0.581885039806366,514,538,0.75,
2EQ16595,0000_모듈러카바_8,8,0.5091336965560913,258,486,0.6,
2EQ16595,3780_전원스위치_9,9,0.756217896938324,782,202,0.6,
2EQ16595,V242_카바라이트_10,10,0.7814798355102539,430,608,0.6,
2EQ16595,V242_카바라이트_11,11,0.7580887675285339,730,618,0.6,
2EQ16595,3779_압판스토퍼_12,12,0.5613395571708679,426,182,0.9,
2EQ16595,3779_압판스토퍼_14,14,0.7699891924858093,784,48,0.6,
2EQ16596,C551_토너라벨_1,1,0.3431733250617981,582,342,0.6,
2EQ16596,B793_Canon각인_2,2,0.4795876145362854,62,260,1.05,
2EQ16596,6416_2206N명판_3,3,0.44377559423446655,312,336,1.2,
2EQ16596,3102_현상가압라벨_4,4,0.65887850522995,492,0,0.6,
2EQ16596,3699_레버피스_4,4,0.6659332513809204,538,74,0.6,
2EQ16596,1525_▲▲▲라벨_5,5,0.9293398261070251,202,456,0.6,
2EQ16596,2917_코마_6,6,0.8656783699989319,932,552,0.6,
2EQ16596,1525_▲▲▲라벨_7,7,0.5613797903060913,548,600,0.6,
2EQ16596,0000_모듈러카바_8,8,0.49338769912719727,248,528,0.6,
2EQ16596,3780_전원스위치_9,9,0.7552036046981812,782,202,0.6,
2EQ16596,V242_카바라이트_10,10,0.781318724155426,432,596,0.6,
2EQ16596,V242_카바라이트_11,11,0.7878378033638,498,646,0.6,
2EQ16596,3779_압판스토퍼_12,12,0.6071373224258423,326,178,0.9,
2EQ16596,3779_압판스토퍼_14,14,0.7599861025810242,392,392,0.6,
2EQ16597,C551_토너라벨_1,1,0.3640524744987488,330,356,0.6,
2EQ16597,B793_Canon각인_2,2,0.5629621148109436,32,392,1.05,
2EQ16597,6416_2206N명판_3,3,0.49809324741363525,254,326,1.2,
2EQ16597,3102_현상가압라벨_4,4,0.5941945314407349,592,118,0.6,
2EQ16597,3699_레버피스_4,4,0.6568776369094849,200,2,1.05,
2EQ16597,1525_▲▲▲라벨_5,5,0.9268251657485962,200,452,0.75,
2EQ16597,2917_코마_6,6,0.8647927641868591,896,538,0.6,
2EQ16597,1525_▲▲▲라벨_7,7,0.5816567540168762,584,558,0.6,
2EQ16597,0000_모듈러카바_8,8,0.4982258379459381,268,460,0.6,
2EQ16597,3780_전원스위치_9,9,0.7524129748344421,782,202,0.6,
2EQ16597,V242_카바라이트_10,10,0.7872506976127625,486,128,0.6,
2EQ16597,V242_카바라이트_11,11,0.7245863080024719,726,502,0.6,
2EQ16597,3779_압판스토퍼_12,12,0.5919395685195923,478,244,0.9,
2EQ16597,3779_압판스토퍼_14,14,0.7673157453536987,210,172,0.6,
2EQ16598,C551_토너라벨_1,1,0.3913639485836029,460,274,0.6,
2EQ16598,B793_Canon각인_2,2,0.5121721625328064,30,356,1.05,
2EQ16598,6416_2206N명판_3,3,0.40160372853279114,10,660,0.6,
2EQ16598,3102_현상가압라벨_4,4,0.6074548959732056,176,608,0.6,
2EQ16598,3699_레버피스_4,4,0.5668716430664062,204,622,0.6,
2EQ16598,1525_▲▲▲라벨_5,5,0.9161103367805481,638,18,0.6,
2EQ16598,2917_코마_6,6,0.8559553027153015,798,218,0.6,
2EQ16598,1525_▲▲▲라벨_7,7,0.5894094705581665,530,476,0.9,
2EQ16598,0000_모듈러카바_8,8,0.5326920747756958,228,432,0.6,
2EQ16598,3780_전원스위치_9,9,0.7558705806732178,782,202,0.6,
2EQ16598,V242_카바라이트_10,10,0.7665071487426758,492,140,0.6,
2EQ16598,V242_카바라이트_11,11,0.7665513157844543,568,638,0.6,
2EQ16598,3779_압판스토퍼_12,12,0.7080937027931213,704,318,0.75,
2EQ16598,3779_압판스토퍼_14,14,0.7281348705291748,408,696,0.75,
2EQ16599,C551_토너라벨_1,1,0.30180826783180237,446,316,0.75,
2EQ16599,B793_Canon각인_2,2,0.5433617830276489,4,284,1.05,
2EQ16599,6416_2206N명판_3,3,0.47831645607948303,186,338,1.2,
2EQ16599,3102_현상가압라벨_4,4,0.6443299055099487,630,42,0.6,
2EQ16599,3699_레버피스_4,4,0.6579237580299377,632,46,0.6,
2EQ16599,1525_▲▲▲라벨_5,5,0.9202988743782043,250,468,0.6,
2EQ16599,2917_코마_6,6,0.8575998544692993,860,552,0.6,
2EQ16599,1525_▲▲▲라벨_7,7,0.5814823508262634,540,514,0.9,
2EQ16599,0000_모듈러카바_8,8,0.5105990171432495,258,490,0.6,
2EQ16599,3780_전원스위치_9,9,0.7526280879974365,782,202,0.6,
2EQ16599,V242_카바라이트_10,10,0.7885010242462158,484,122,0.6,
2EQ16599,V242_카바라이트_11,11,0.7626243233680725,494,650,0.6,
2EQ16599,3779_압판스토퍼_12,12,0.5245838165283203,24,624,0.9,
2EQ16599,3779_압판스토퍼_14,14,0.7553524971008301,228,190,0.6,
2EQ16600,C551_토너라벨_1,1,0.38305070996284485,578,286,0.6,
2EQ16600,B793_Canon각인_2,2,0.5136731266975403,4,410,1.05,
2EQ16600,6416_2206N명판_3,3,0.43207237124443054,24,220,0.6,
2EQ16600,3102_현상가압라벨_4,4,0.663414478302002,750,22,0.6,
2EQ16600,3699_레버피스_4,4,0.6609088778495789,754,26,0.6,
2EQ16600,1525_▲▲▲라벨_5,5,0.9256068468093872,810,230,0.6,
2EQ16600,2917_코마_6,6,0.8625088930130005,588,66,0.6,
2EQ16600,1525_▲▲▲라벨_7,7,0.5861209630966187,520,586,0.75,
2EQ16600,0000_모듈러카바_8,8,0.5649096369743347,272,454,0.6,
2EQ16600,3780_전원스위치_9,9,0.7510383129119873,780,202,0.6,
2EQ16600,V242_카바라이트_10,10,0.7755793929100037,436,594,0.6,
2EQ16600,V242_카바라이트_11,11,0.7300245761871338,720,120,0.6,
2EQ16600,3779_압판스토퍼_12,12,0.586527407169342,266,160,0.9,
2EQ16600,3779_압판스토퍼_14,14,0.7604332566261292,514,250,0.6,
2EQ16601,C551_토너라벨_1,1,0.3596419095993042,286,92,1.05,
2EQ16601,B793_Canon각인_2,2,0.5611000061035156,40,302,1.05,
2EQ16601,6416_2206N명판_3,3,0.45064473152160645,212,418,1.2,
2EQ16601,3102_현상가압라벨_4,4,0.6342459917068481,802,344,0.6,
2EQ16601,3699_레버피스_4,4,0.6595166325569153,530,34,0.6,
2EQ16601,1525_▲▲▲라벨_5,5,0.9276391863822937,800,230,0.6,
2EQ16601,2917_코마_6,6,0.8514617085456848,712,538,0.6,
2EQ16601,1525_▲▲▲라벨_7,7,0.5500062704086304,474,518,0.9,
2EQ16601,0000_모듈러카바_8,8,0.519459068775177,278,492,0.6,
2EQ16601,3780_전원스위치_9,9,0.7527278065681458,782,202,0.6,
2EQ16601,V242_카바라이트_10,10,0.7784764766693115,432,594,0.6,
2EQ16601,V242_카바라이트_11,11,0.7771730422973633,496,622,0.6,
2EQ16601,3779_압판스토퍼_12,12,0.5709184408187866,302,80,0.9,
2EQ16601,3779_압판스토퍼_14,14,0.7451258301734924,898,234,0.6,
2EQ16602,C551_토너라벨_1,1,0.4188118875026703,514,398,0.6,
2EQ16602,B793_Canon각인_2,2,0.5319187641143799,56,338,1.05,
2EQ16602,6416_2206N명판_3,3,0.559890866279602,166,384,1.2,
2EQ16602,3102_현상가압라벨_4,4,0.6296244859695435,568,6,0.6,
2EQ16602,3699_레버피스_4,4,0.5886303186416626,478,232,0.6,
2EQ16602,1525_▲▲▲라벨_5,5,0.9240552186965942,390,284,0.75,
2EQ16602,2917_코마_6,6,0.871608316898346,190,692,0.6,
2EQ16602,1525_▲▲▲라벨_7,7,0.5365800261497498,318,242,0.9,
2EQ16602,0000_모듈러카바_8,8,0.47046610713005066,252,526,0.6,
2EQ16602,3780_전원스위치_9,9,0.7599409222602844,782,202,0.6,
2EQ16602,V242_카바라이트_10,10,0.7782829999923706,418,588,0.6,
2EQ16602,V242_카바라이트_11,11,0.7898064255714417,498,648,0.6,
2EQ16602,3779_압판스토퍼_12,12,0.5750175714492798,430,46,0.9,
2EQ16602,3779_압판스토퍼_14,14,0.7511352896690369,240,190,0.75,
2EQ16603,C551_토너라벨_1,1,0.38891711831092834,532,316,0.6,
2EQ16603,B793_Canon각인_2,2,0.5469747185707092,62,320,1.05,
2EQ16603,6416_2206N명판_3,3,0.48149222135543823,212,412,1.2,
2EQ16603,3102_현상가압라벨_4,4,0.6076735258102417,714,302,0.6,
2EQ16603,3699_레버피스_4,4,0.5741673111915588,370,498,1.2,
2EQ16603,1525_▲▲▲라벨_5,5,0.9166901707649231,246,370,0.6,
2EQ16603,2917_코마_6,6,0.8637449145317078,824,368,0.6,
2EQ16603,1525_▲▲▲라벨_7,7,0.5470176339149475,666,542,0.6,
2EQ16603,0000_모듈러카바_8,8,0.47777608036994934,238,522,0.6,
2EQ16603,3780_전원스위치_9,9,0.7547109723091125,782,202,0.6,
2EQ16603,V242_카바라이트_10,10,0.7706524133682251,424,596,0.6,
2EQ16603,V242_카바라이트_11,11,0.7771863341331482,718,618,0.6,
2EQ16603,3779_압판스토퍼_12,12,0.5904520153999329,450,208,0.9,
2EQ16603,3779_압판스토퍼_14,14,0.757941484451294,354,350,0.6,
2EQ16604,C551_토너라벨_1,1,0.4157041907310486,542,324,0.6,
2EQ16604,B793_Canon각인_2,2,0.557965874671936,14,304,1.05,
2EQ16604,6416_2206N명판_3,3,0.5159600377082825,172,400,1.2,
2EQ16604,3102_현상가압라벨_4,4,0.6406779289245605,660,62,0.6,
2EQ16604,3699_레버피스_4,4,0.5665004849433899,752,10,0.75,
2EQ16604,1525_▲▲▲라벨_5,5,0.9317008852958679,156,232,0.6,
2EQ16604,2917_코마_6,6,0.8674622178077698,238,122,0.6,
2EQ16604,1525_▲▲▲라벨_7,7,0.5688230395317078,934,554,0.6,
2EQ16604,0000_모듈러카바_8,8,0.6181204915046692,174,398,0.6,
2EQ16604,3780_전원스위치_9,9,0.7569715976715088,780,202,0.6,
2EQ16604,V242_카바라이트_10,10,0.7936667203903198,400,620,0.6,
2EQ16604,V242_카바라이트_11,11,0.7405201196670532,560,658,0.6,
2EQ16604,3779_압판스토퍼_12,12,0.7347216010093689,648,382,0.6,
2EQ16604,3779_압판스토퍼_14,14,0.7610558867454529,554,194,0.6,
2EQ16605,C551_토너라벨_1,1,0.36752188205718994,350,436,0.6,
2EQ16605,B793_Canon각인_2,2,0.3452000319957733,136,526,0.6,
2EQ16605,6416_2206N명판_3,3,0.4780445396900177,86,372,1.2,
2EQ16605,3102_현상가압라벨_4,4,0.5845879316329956,682,12,0.6,
2EQ16605,3699_레버피스_4,4,0.5393663644790649,358,480,1.2,
2EQ16605,1525_▲▲▲라벨_5,5,0.9203893542289734,798,234,0.6,
2EQ16605,2917_코마_6,6,0.8523836135864258,656,250,0.6,
2EQ16605,1525_▲▲▲라벨_7,7,0.5547317862510681,762,474,0.9,
2EQ16605,0000_모듈러카바_8,8,0.5554433465003967,228,470,0.6,
2EQ16605,3780_전원스위치_9,9,0.7612798810005188,268,398,0.6,
2EQ16605,V242_카바라이트_10,10,0.789966344833374,398,606,0.6,
2EQ16605,V242_카바라이트_11,11,0.7463054656982422,564,664,0.6,
2EQ16605,3779_압판스토퍼_12,12,0.6561791300773621,674,402,0.9,
2EQ16605,3779_압판스토퍼_14,14,0.7595744729042053,610,214,0.6,
2EQ16606,C551_토너라벨_1,1,0.3891597092151642,466,340,0.6,
2EQ16606,B793_Canon각인_2,2,0.5240396857261658,114,270,1.05,
2EQ16606,6416_2206N명판_3,3,0.5522305965423584,80,266,1.2,
2EQ16606,3102_현상가압라벨_4,4,0.5816584229469299,594,632,0.6,
2EQ16606,3699_레버피스_4,4,0.5790882706642151,348,126,0.75,
2EQ16606,1525_▲▲▲라벨_5,5,0.9028750061988831,408,356,0.6,
2EQ16606,2917_코마_6,6,0.8686738014221191,924,534,0.6,
2EQ16606,1525_▲▲▲라벨_7,7,0.5055719614028931,542,92,0.9,
2EQ16606,0000_모듈러카바_8,8,0.44537824392318726,254,460,0.6,
2EQ16606,3780_전원스위치_9,9,0.758632242679596,780,202,0.6,
2EQ16606,V242_카바라이트_10,10,0.7888018488883972,406,612,0.6,
2EQ16606,V242_카바라이트_11,11,0.7231380343437195,562,672,0.6,
2EQ16606,3779_압판스토퍼_12,12,0.6618215441703796,730,360,0.9,
2EQ16606,3779_압판스토퍼_14,14,0.7078664302825928,846,624,0.6,
2EQ16607,C551_토너라벨_1,1,0.3143966794013977,148,228,0.6,
2EQ16607,B793_Canon각인_2,2,0.5544198751449585,72,286,1.05,
2EQ16607,6416_2206N명판_3,3,0.45900169014930725,258,276,1.2,
2EQ16607,3102_현상가압라벨_4,4,0.5992681384086609,446,70,0.6,
2EQ16607,3699_레버피스_4,4,0.6413609385490417,452,0,0.6,
2EQ16607,1525_▲▲▲라벨_5,5,0.9224101305007935,178,472,0.6,
2EQ16607,2917_코마_6,6,0.8486952185630798,774,546,0.6,
2EQ16607,1525_▲▲▲라벨_7,7,0.5605328679084778,564,504,0.9,
2EQ16607,0000_모듈러카바_8,8,0.5193266868591309,328,500,0.6,
2EQ16607,3780_전원스위치_9,9,0.7553327083587646,782,202,0.6,
2EQ16607,V242_카바라이트_10,10,0.7784473299980164,436,600,0.6,
2EQ16607,V242_카바라이트_11,11,0.7849097847938538,570,626,0.6,
2EQ16607,3779_압판스토퍼_12,12,0.5624088048934937,178,476,0.9,
2EQ16607,3779_압판스토퍼_14,14,0.7371804714202881,264,318,0.75,
2EQ16608,C551_토너라벨_1,1,0.38600224256515503,490,352,0.6,
2EQ16608,B793_Canon각인_2,2,0.5405986309051514,116,468,1.05,
2EQ16608,6416_2206N명판_3,3,0.4329278767108917,144,488,1.2,
2EQ16608,3102_현상가압라벨_4,4,0.5926777124404907,564,20,0.6,
2EQ16608,3699_레버피스_4,4,0.593081533908844,368,480,1.05,
2EQ16608,1525_▲▲▲라벨_5,5,0.9338761568069458,334,290,0.6,
2EQ16608,2917_코마_6,6,0.8382613062858582,658,236,0.6,
2EQ16608,1525_▲▲▲라벨_7,7,0.5394667387008667,830,680,0.9,
2EQ16608,0000_모듈러카바_8,8,0.6140726804733276,228,446,0.6,
2EQ16608,3780_전원스위치_9,9,0.7592259049415588,780,202,0.6,
2EQ16608,V242_카바라이트_10,10,0.7929738759994507,496,156,0.6,
2EQ16608,V242_카바라이트_11,11,0.7685288190841675,536,658,0.6,
2EQ16608,3779_압판스토퍼_12,12,0.6458502411842346,796,348,0.6,
2EQ16608,3779_압판스토퍼_14,14,0.7037156224250793,346,4,0.6,
2EQ16609,C551_토너라벨_1,1,0.40146002173423767,482,326,0.6,
2EQ16609,B793_Canon각인_2,2,0.49419036507606506,96,302,1.05,
2EQ16609,6416_2206N명판_3,3,0.5095533132553101,162,422,1.2,
2EQ16609,3102_현상가압라벨_4,4,0.588090181350708,786,8,0.6,
2EQ16609,3699_레버피스_4,4,0.5863290429115295,366,484,1.2,
2EQ16609,1525_▲▲▲라벨_5,5,0.9317271709442139,810,230,0.6,
2EQ16609,2917_코마_6,6,0.8738536834716797,640,192,0.6,
2EQ16609,1525_▲▲▲라벨_7,7,0.5853672027587891,548,532,0.6,
2EQ16609,0000_모듈러카바_8,8,0.5479257106781006,348,482,0.6,
2EQ16609,3780_전원스위치_9,9,0.7483684420585632,782,202,0.6,
2EQ16609,V242_카바라이트_10,10,0.7786926031112671,492,118,0.6,
2EQ16609,V242_카바라이트_11,11,0.7883328795433044,486,630,0.6,
2EQ16609,3779_압판스토퍼_12,12,0.5695191025733948,734,140,0.9,
2EQ16609,3779_압판스토퍼_14,14,0.7551150918006897,596,276,0.75,
2EQ16610,C551_토너라벨_1,1,0.38493362069129944,464,388,0.6,
2EQ16610,B793_Canon각인_2,2,0.5394954085350037,18,344,1.05,
2EQ16610,6416_2206N명판_3,3,0.4745255410671234,116,366,1.2,
2EQ16610,3102_현상가압라벨_4,4,0.6117503643035889,704,248,0.6,
2EQ16610,3699_레버피스_4,4,0.592204213142395,340,104,0.6,
2EQ16610,1525_▲▲▲라벨_5,5,0.9299673438072205,802,232,0.6,
2EQ16610,2917_코마_6,6,0.8443260192871094,694,200,0.6,
2EQ16610,1525_▲▲▲라벨_7,7,0.5214153528213501,750,496,0.6,
2EQ16610,0000_모듈러카바_8,8,0.6280922293663025,216,342,0.6,
2EQ16610,3780_전원스위치_9,9,0.7548877596855164,780,202,0.6,
2EQ16610,V242_카바라이트_10,10,0.7760665416717529,418,596,0.6,
2EQ16610,V242_카바라이트_11,11,0.7336813807487488,732,110,0.6,
2EQ16610,3779_압판스토퍼_12,12,0.5783955454826355,914,300,0.9,
2EQ16610,3779_압판스토퍼_14,14,0.759219229221344,216,190,0.75,
2EQ16611,C551_토너라벨_1,1,0.3180735111236572,492,418,0.6,
2EQ16611,B793_Canon각인_2,2,0.5400416254997253,26,354,1.05,
2EQ16611,6416_2206N명판_3,3,0.4474338889122009,316,310,1.2,
2EQ16611,3102_현상가압라벨_4,4,0.6329653263092041,576,8,0.6,
2EQ16611,3699_레버피스_4,4,0.618355929851532,566,12,0.6,
2EQ16611,1525_▲▲▲라벨_5,5,0.9252085089683533,140,230,0.75,
2EQ16611,2917_코마_6,6,0.8495422601699829,706,174,0.6,
2EQ16611,1525_▲▲▲라벨_7,7,0.6116660833358765,556,518,0.9,
2EQ16611,0000_모듈러카바_8,8,0.5103065371513367,308,530,0.6,
2EQ16611,3780_전원스위치_9,9,0.7616884708404541,782,202,0.6,
2EQ16611,V242_카바라이트_10,10,0.7759044766426086,426,576,0.6,
2EQ16611,V242_카바라이트_11,11,0.7797847986221313,562,646,0.6,
2EQ16611,3779_압판스토퍼_12,12,0.590516984462738,508,262,0.9,
2EQ16611,3779_압판스토퍼_14,14,0.7406376004219055,540,176,0.75,
2EQ16612,C551_토너라벨_1,1,0.4202454090118408,358,136,1.05,
2EQ16612,B793_Canon각인_2,2,0.5359493494033813,0,328,1.05,
2EQ16612,6416_2206N명판_3,3,0.5138234496116638,204,302,1.2,
2EQ16612,3102_현상가압라벨_4,4,0.6148431301116943,628,74,0.6,
2EQ16612,3699_레버피스_4,4,0.682727575302124,304,20,0.6,
2EQ16612,1525_▲▲▲라벨_5,5,0.912990927696228,262,458,0.6,
2EQ16612,2917_코마_6,6,0.8486477732658386,938,582,0.6,
2EQ16612,1525_▲▲▲라벨_7,7,0.5895715355873108,560,562,0.9,
2EQ16612,0000_모듈러카바_8,8,0.5532596707344055,256,476,0.6,
2EQ16612,3780_전원스위치_9,9,0.7512567043304443,780,202,0.6,
2EQ16612,V242_카바라이트_10,10,0.7813717126846313,444,592,0.6,
2EQ16612,V242_카바라이트_11,11,0.7806299924850464,718,146,0.6,
2EQ16612,3779_압판스토퍼_12,12,0.5603960752487183,196,418,0.9,
2EQ16612,3779_압판스토퍼_14,14,0.7461268901824951,210,158,0.75,
2EQ16613,C551_토너라벨_1,1,0.3696000576019287,166,52,0.9,
2EQ16613,B793_Canon각인_2,2,0.5257718563079834,30,306,1.05,
2EQ16613,6416_2206N명판_3,3,0.5390111207962036,258,306,1.2,
2EQ16613,3102_현상가압라벨_4,4,0.619621992111206,678,294,0.6,
2EQ16613,3699_레버피스_4,4,0.607040286064148,204,30,0.6,
2EQ16613,1525_▲▲▲라벨_5,5,0.9263745546340942,108,444,0.75,
2EQ16613,2917_코마_6,6,0.8750793933868408,938,544,0.6,
2EQ16613,1525_▲▲▲라벨_7,7,0.598842203617096,536,536,0.9,
2EQ16613,0000_모듈러카바_8,8,0.5404112339019775,280,532,0.6,
2EQ16613,3780_전원스위치_9,9,0.7518641948699951,780,202,0.6,
2EQ16613,V242_카바라이트_10,10,0.780158519744873,476,126,0.6,
2EQ16613,V242_카바라이트_11,11,0.7545033693313599,728,616,0.6,
2EQ16613,3779_압판스토퍼_12,12,0.5606812834739685,296,170,0.9,
2EQ16613,3779_압판스토퍼_14,14,0.7547517418861389,388,378,0.6,
2EQ16614,C551_토너라벨_1,1,0.4084931015968323,256,140,1.05,
2EQ16614,B793_Canon각인_2,2,0.541962742805481,36,298,1.05,
2EQ16614,6416_2206N명판_3,3,0.4619397222995758,172,290,1.2,
2EQ16614,3102_현상가압라벨_4,4,0.5830283761024475,630,90,0.6,
2EQ16614,3699_레버피스_4,4,0.6438754200935364,350,252,0.6,
2EQ16614,1525_▲▲▲라벨_5,5,0.9168000817298889,808,230,0.6,
2EQ16614,2917_코마_6,6,0.8612305521965027,876,530,0.6,
2EQ16614,1525_▲▲▲라벨_7,7,0.5886892080307007,570,550,0.75,
2EQ16614,0000_모듈러카바_8,8,0.4876541793346405,254,528,0.6,
2EQ16614,3780_전원스위치_9,9,0.7527827024459839,780,202,0.6,
2EQ16614,V242_카바라이트_10,10,0.7819153070449829,434,602,0.6,
2EQ16614,V242_카바라이트_11,11,0.7417212724685669,492,662,0.6,
2EQ16614,3779_압판스토퍼_12,12,0.5791804790496826,472,8,0.9,
2EQ16614,3779_압판스토퍼_14,14,0.7507752180099487,252,198,0.75,
2EQ16615,C551_토너라벨_1,1,0.3213079571723938,524,348,0.6,
2EQ16615,B793_Canon각인_2,2,0.4591584801673889,68,320,1.05,
2EQ16615,6416_2206N명판_3,3,0.41213178634643555,704,652,0.6,
2EQ16615,3102_현상가압라벨_4,4,0.6154124736785889,750,626,0.6,
2EQ16615,3699_레버피스_4,4,0.6079214215278625,202,20,0.6,
2EQ16615,1525_▲▲▲라벨_5,5,0.9266367554664612,794,224,0.75,
2EQ16615,2917_코마_6,6,0.8413482904434204,702,554,0.6,
2EQ16615,1525_▲▲▲라벨_7,7,0.6160312294960022,518,528,0.9,
2EQ16615,0000_모듈러카바_8,8,0.5835996866226196,322,568,0.6,
2EQ16615,3780_전원스위치_9,9,0.7605457305908203,782,202,0.6,
2EQ16615,V242_카바라이트_10,10,0.7831550240516663,478,138,0.6,
2EQ16615,V242_카바라이트_11,11,0.7135493755340576,722,130,0.6,
2EQ16615,3779_압판스토퍼_12,12,0.566432774066925,504,142,0.9,
2EQ16615,3779_압판스토퍼_14,14,0.7547290921211243,456,370,0.6,
2EQ16616,C551_토너라벨_1,1,0.30543482303619385,516,320,0.6,
2EQ16616,B793_Canon각인_2,2,0.5267412662506104,54,298,1.05,
2EQ16616,6416_2206N명판_3,3,0.4774438738822937,170,416,1.2,
2EQ16616,3102_현상가압라벨_4,4,0.6067467927932739,772,382,0.6,
2EQ16616,3699_레버피스_4,4,0.5493000745773315,356,478,1.2,
2EQ16616,1525_▲▲▲라벨_5,5,0.9230619668960571,56,578,0.6,
2EQ16616,2917_코마_6,6,0.846356213092804,482,524,0.6,
2EQ16616,1525_▲▲▲라벨_7,7,0.554725170135498,516,542,0.6,
2EQ16616,0000_모듈러카바_8,8,0.5156400203704834,328,448,0.6,
2EQ16616,3780_전원스위치_9,9,0.7592787146568298,782,202,0.6,
2EQ16616,V242_카바라이트_10,10,0.7887461185455322,422,598,0.6,
2EQ16616,V242_카바라이트_11,11,0.7753385305404663,718,152,0.6,
2EQ16616,3779_압판스토퍼_12,12,0.7144390940666199,314,468,0.6,
2EQ16616,3779_압판스토퍼_14,14,0.7398388385772705,874,382,0.75,
2EQ16617,C551_토너라벨_1,1,0.3638935983181,546,322,0.6,
2EQ16617,B793_Canon각인_2,2,0.546915590763092,100,372,1.05,
2EQ16617,6416_2206N명판_3,3,0.5456234216690063,176,398,1.2,
2EQ16617,3102_현상가압라벨_4,4,0.6318976879119873,672,14,0.6,
2EQ16617,3699_레버피스_4,4,0.5946291089057922,364,482,1.05,
2EQ16617,1525_▲▲▲라벨_5,5,0.9290780425071716,794,234,0.6,
2EQ16617,2917_코마_6,6,0.8667173981666565,696,402,0.6,
2EQ16617,1525_▲▲▲라벨_7,7,0.5346030592918396,554,20,0.9,
2EQ16617,0000_모듈러카바_8,8,0.40486907958984375,240,450,0.6,
2EQ16617,3780_전원스위치_9,9,0.7583786845207214,312,400,0.6,
2EQ16617,V242_카바라이트_10,10,0.796556293964386,506,162,0.6,
2EQ16617,V242_카바라이트_11,11,0.7761128544807434,562,668,0.6,
2EQ16617,3779_압판스토퍼_12,12,0.6646971106529236,364,344,0.9,
2EQ16617,3779_압판스토퍼_14,14,0.7562057971954346,86,414,0.6,
2EQ16618,C551_토너라벨_1,1,0.4171493351459503,368,340,0.6,
2EQ16618,B793_Canon각인_2,2,0.5146399736404419,36,342,1.05,
2EQ16618,6416_2206N명판_3,3,0.5668766498565674,224,312,1.2,
2EQ16618,3102_현상가압라벨_4,4,0.5962091088294983,712,258,0.6,
2EQ16618,3699_레버피스_4,4,0.6105479598045349,348,148,0.75,
2EQ16618,1525_▲▲▲라벨_5,5,0.9296812415122986,450,570,0.6,
2EQ16618,2917_코마_6,6,0.8598097562789917,886,606,0.6,
2EQ16618,1525_▲▲▲라벨_7,7,0.5687498450279236,514,558,0.6,
2EQ16618,0000_모듈러카바_8,8,0.499571293592453,248,488,0.6,
2EQ16618,3780_전원스위치_9,9,0.7560398578643799,296,446,0.6,
2EQ16618,V242_카바라이트_10,10,0.7959731221199036,482,130,0.6,
2EQ16618,V242_카바라이트_11,11,0.7751474976539612,502,642,0.6,
2EQ16618,3779_압판스토퍼_12,12,0.5979773998260498,332,186,0.9,
2EQ16618,3779_압판스토퍼_14,14,0.7607071399688721,238,192,0.6,
2EQ16619,C551_토너라벨_1,1,0.38867875933647156,520,302,0.6,
2EQ16619,B793_Canon각인_2,2,0.5337730646133423,128,320,1.05,
2EQ16619,6416_2206N명판_3,3,0.4949886202812195,132,446,1.2,
2EQ16619,3102_현상가압라벨_4,4,0.6396966576576233,658,8,0.6,
2EQ16619,3699_레버피스_4,4,0.546535313129425,366,470,1.2,
2EQ16619,1525_▲▲▲라벨_5,5,0.9252280592918396,156,236,0.6,
2EQ16619,2917_코마_6,6,0.8207436203956604,788,376,0.6,
2EQ16619,1525_▲▲▲라벨_7,7,0.5380203127861023,614,560,0.6,
2EQ16619,0000_모듈러카바_8,8,0.6688092350959778,290,538,0.6,
2EQ16619,3780_전원스위치_9,9,0.7684381008148193,146,358,0.6,
2EQ16619,V242_카바라이트_10,10,0.767328679561615,488,122,0.6,
2EQ16619,V242_카바라이트_11,11,0.7613616585731506,568,646,0.6,
2EQ16619,3779_압판스토퍼_12,12,0.5672714710235596,778,94,0.9,
2EQ16619,3779_압판스토퍼_14,14,0.7521612644195557,352,354,0.6,
2EQ16620,C551_토너라벨_1,1,0.34657663106918335,548,362,0.6,
2EQ16620,B793_Canon각인_2,2,0.49356764554977417,80,300,1.05,
2EQ16620,6416_2206N명판_3,3,0.42097675800323486,570,336,0.6,
2EQ16620,3102_현상가압라벨_4,4,0.6310110092163086,298,0,0.6,
2EQ16620,3699_레버피스_4,4,0.6812881827354431,438,64,0.6,
2EQ16620,1525_▲▲▲라벨_5,5,0.9227062463760376,198,474,0.75,
2EQ16620,2917_코마_6,6,0.8469958305358887,918,588,0.6,
2EQ16620,1525_▲▲▲라벨_7,7,0.6446235179901123,334,494,0.9,
2EQ16620,0000_모듈러카바_8,8,0.5711026191711426,330,522,0.6,
2EQ16620,3780_전원스위치_9,9,0.7501099109649658,784,202,0.6,
2EQ16620,V242_카바라이트_10,10,0.7717413902282715,434,594,0.6,
2EQ16620,V242_카바라이트_11,11,0.7976374626159668,538,644,0.6,
2EQ16620,3779_압판스토퍼_12,12,0.5809621810913086,190,504,0.9,
2EQ16620,3779_압판스토퍼_14,14,0.7546386122703552,490,436,0.6,
2EQ16621,C551_토너라벨_1,1,0.4173898994922638,264,366,0.6,
2EQ16621,B793_Canon각인_2,2,0.49967628717422485,112,354,1.05,
2EQ16621,6416_2206N명판_3,3,0.5071699023246765,118,426,1.2,
2EQ16621,3102_현상가압라벨_4,4,0.6525548696517944,670,60,0.6,
2EQ16621,3699_레버피스_4,4,0.5858073234558105,360,482,1.2,
2EQ16621,1525_▲▲▲라벨_5,5,0.9325178265571594,446,120,0.6,
2EQ16621,2917_코마_6,6,0.8695665001869202,364,126,0.6,
2EQ16621,1525_▲▲▲라벨_7,7,0.53094083070755,304,46,0.9,
2EQ16621,0000_모듈러카바_8,8,0.5671135783195496,312,450,0.6,
2EQ16621,3780_전원스위치_9,9,0.7567179203033447,782,202,0.6,
2EQ16621,V242_카바라이트_10,10,0.780867338180542,424,590,0.6,
2EQ16621,V242_카바라이트_11,11,0.7844643592834473,558,650,0.6,
2EQ16621,3779_압판스토퍼_12,12,0.5803049206733704,824,34,0.9,
2EQ16621,3779_압판스토퍼_14,14,0.7522401213645935,240,188,0.75,
2EQ16622,C551_토너라벨_1,1,0.3212694227695465,536,292,0.6,
2EQ16622,B793_Canon각인_2,2,0.49464723467826843,18,358,1.05,
2EQ16622,6416_2206N명판_3,3,0.4407859444618225,568,322,0.6,
2EQ16622,3102_현상가압라벨_4,4,0.6200690269470215,584,88,0.6,
2EQ16622,3699_레버피스_4,4,0.5799024701118469,224,34,0.6,
2EQ16622,1525_▲▲▲라벨_5,5,0.9258362650871277,798,230,0.6,
2EQ16622,2917_코마_6,6,0.8578054308891296,614,564,0.6,
2EQ16622,1525_▲▲▲라벨_7,7,0.5757496356964111,520,568,0.75,
2EQ16622,0000_모듈러카바_8,8,0.5578908324241638,302,522,0.6,
2EQ16622,3780_전원스위치_9,9,0.7564796805381775,786,202,0.6,
2EQ16622,V242_카바라이트_10,10,0.7802025079727173,446,608,0.6,
2EQ16622,V242_카바라이트_11,11,0.7644041776657104,504,640,0.6,
2EQ16622,3779_압판스토퍼_12,12,0.5698294639587402,474,242,0.9,
2EQ16622,3779_압판스토퍼_14,14,0.758857786655426,348,316,0.75,
2EQ16623,C551_토너라벨_1,1,0.3539794087409973,552,408,0.6,
2EQ16623,B793_Canon각인_2,2,0.548524796962738,46,406,1.05,
2EQ16623,6416_2206N명판_3,3,0.43290072679519653,214,378,1.2,
2EQ16623,3102_현상가압라벨_4,4,0.5903130769729614,818,306,0.6,
2EQ16623,3699_레버피스_4,4,0.658730149269104,878,170,0.6,
2EQ16623,1525_▲▲▲라벨_5,5,0.9248542189598083,244,422,0.6,
2EQ16623,2917_코마_6,6,0.850019097328186,460,362,0.6,
2EQ16623,1525_▲▲▲라벨_7,7,0.5266624689102173,496,40,0.6,
2EQ16623,0000_모듈러카바_8,8,0.5385261178016663,310,428,0.6,
2EQ16623,3780_전원스위치_9,9,0.7534624934196472,784,202,0.6,
2EQ16623,V242_카바라이트_10,10,0.7935357093811035,488,140,0.6,
2EQ16623,V242_카바라이트_11,11,0.7947210669517517,500,640,0.6,
2EQ16623,3779_압판스토퍼_12,12,0.5730568170547485,754,114,0.9,
2EQ16623,3779_압판스토퍼_14,14,0.731868326663971,840,414,0.6,
2EQ16624,C551_토너라벨_1,1,0.33052998781204224,210,588,0.6,
2EQ16624,B793_Canon각인_2,2,0.5894690752029419,74,384,1.05,
2EQ16624,6416_2206N명판_3,3,0.4397095739841461,184,380,1.2,
2EQ16624,3102_현상가압라벨_4,4,0.6164637207984924,802,0,0.6,
2EQ16624,3699_레버피스_4,4,0.5619096755981445,22,22,0.6,
2EQ16624,1525_▲▲▲라벨_5,5,0.9280168414115906,148,230,0.75,
2EQ16624,2917_코마_6,6,0.8398263454437256,10,378,0.6,
2EQ16624,1525_▲▲▲라벨_7,7,0.5405116081237793,548,488,0.9,
2EQ16624,0000_모듈러카바_8,8,0.5488054156303406,256,514,0.6,
2EQ16624,3780_전원스위치_9,9,0.7560096383094788,784,202,0.6,
2EQ16624,V242_카바라이트_10,10,0.7836441993713379,500,126,0.6,
2EQ16624,V242_카바라이트_11,11,0.7853349447250366,516,646,0.6,
2EQ16624,3779_압판스토퍼_12,12,0.5907602310180664,790,82,0.9,
2EQ16624,3779_압판스토퍼_14,14,0.7384915351867676,464,484,0.6,
2EQ16625,C551_토너라벨_1,1,0.3251323401927948,328,294,0.6,
2EQ16625,B793_Canon각인_2,2,0.48408573865890503,26,382,1.05,
2EQ16625,6416_2206N명판_3,3,0.41770216822624207,222,350,1.2,
2EQ16625,3102_현상가압라벨_4,4,0.6684114336967468,546,82,0.6,
2EQ16625,3699_레버피스_4,4,0.6559885144233704,540,86,0.6,
2EQ16625,1525_▲▲▲라벨_5,5,0.9204307794570923,810,230,0.6,
2EQ16625,2917_코마_6,6,0.8408170938491821,40,378,0.6,
2EQ16625,1525_▲▲▲라벨_7,7,0.6038878560066223,578,504,0.9,
2EQ16625,0000_모듈러카바_8,8,0.5476655960083008,304,492,0.6,
2EQ16625,3780_전원스위치_9,9,0.7592671513557434,784,202,0.6,
2EQ16625,V242_카바라이트_10,10,0.7857968211174011,484,124,0.6,
2EQ16625,V242_카바라이트_11,11,0.7575395703315735,722,610,0.6,
2EQ16625,3779_압판스토퍼_12,12,0.5984797477722168,436,132,0.9,
2EQ16625,3779_압판스토퍼_14,14,0.7630811929702759,344,368,0.75,
2EQ16626,C551_토너라벨_1,1,0.34954240918159485,580,370,0.6,
2EQ16626,B793_Canon각인_2,2,0.5653373599052429,62,388,1.05,
2EQ16626,6416_2206N명판_3,3,0.47097232937812805,196,422,1.2,
2EQ16626,3102_현상가압라벨_4,4,0.6026291847229004,866,358,0.6,
2EQ16626,3699_레버피스_4,4,0.6233968734741211,880,162,0.6,
2EQ16626,1525_▲▲▲라벨_5,5,0.9232504367828369,798,224,0.75,
2EQ16626,2917_코마_6,6,0.8519319891929626,180,410,0.6,
2EQ16626,1525_▲▲▲라벨_7,7,0.5411010980606079,488,34,0.6,
2EQ16626,0000_모듈러카바_8,8,0.616173505783081,274,424,0.6,
2EQ16626,3780_전원스위치_9,9,0.7553794980049133,784,202,0.6,
2EQ16626,V242_카바라이트_10,10,0.8006991744041443,418,588,0.6,
2EQ16626,V242_카바라이트_11,11,0.7656518816947937,508,648,0.6,
2EQ16626,3779_압판스토퍼_12,12,0.5999980568885803,730,346,0.9,
2EQ16626,3779_압판스토퍼_14,14,0.7050656080245972,628,406,0.75,
2EQ16627,C551_토너라벨_1,1,0.3114871680736542,430,358,0.6,
2EQ16627,B793_Canon각인_2,2,0.4265439510345459,26,350,1.05,
2EQ16627,6416_2206N명판_3,3,0.4723334014415741,250,346,1.2,
2EQ16627,3102_현상가압라벨_4,4,0.6150410771369934,590,48,0.6,
2EQ16627,3699_레버피스_4,4,0.6265316605567932,370,230,0.6,
2EQ16627,1525_▲▲▲라벨_5,5,0.9239755272865295,798,230,0.6,
2EQ16627,2917_코마_6,6,0.8624388575553894,920,566,0.6,
2EQ16627,1525_▲▲▲라벨_7,7,0.6101967096328735,534,512,0.9,
2EQ16627,0000_모듈러카바_8,8,0.5293740034103394,344,484,0.6,
2EQ16627,3780_전원스위치_9,9,0.7483927607536316,238,476,0.6,
2EQ16627,V242_카바라이트_10,10,0.7799795269966125,434,584,0.6,
2EQ16627,V242_카바라이트_11,11,0.7685437202453613,488,636,0.75,
2EQ16627,3779_압판스토퍼_12,12,0.564205527305603,440,200,0.9,
2EQ16627,3779_압판스토퍼_14,14,0.7598299384117126,266,290,0.6,
2EQ16628,C551_토너라벨_1,1,0.3421131670475006,528,428,0.6,
2EQ16628,B793_Canon각인_2,2,0.5917662382125854,88,298,1.05,
2EQ16628,6416_2206N명판_3,3,0.4666595757007599,142,326,1.2,
2EQ16628,3102_현상가압라벨_4,4,0.615200400352478,804,310,0.6,
2EQ16628,3699_레버피스_4,4,0.669261634349823,884,162,0.6,
2EQ16628,1525_▲▲▲라벨_5,5,0.9261311888694763,154,232,0.6,
2EQ16628,2917_코마_6,6,0.8331438899040222,476,644,0.6,
2EQ16628,1525_▲▲▲라벨_7,7,0.5353049635887146,500,2,0.6,
2EQ16628,0000_모듈러카바_8,8,0.473042368888855,362,498,0.6,
2EQ16628,3780_전원스위치_9,9,0.7584443688392639,344,424,0.6,
2EQ16628,V242_카바라이트_10,10,0.7688291668891907,406,602,0.6,
2EQ16628,V242_카바라이트_11,11,0.7810032367706299,502,644,0.6,
2EQ16628,3779_압판스토퍼_12,12,0.5974127650260925,638,212,0.9,
2EQ16628,3779_압판스토퍼_14,14,0.7561469078063965,302,456,0.75,
2EQ16629,C551_토너라벨_1,1,0.34527188539505005,582,290,0.6,
2EQ16629,B793_Canon각인_2,2,0.546642005443573,68,366,1.05,
2EQ16629,6416_2206N명판_3,3,0.4835570454597473,228,342,1.2,
2EQ16629,3102_현상가압라벨_4,4,0.6613819599151611,644,72,0.6,
2EQ16629,3699_레버피스_4,4,0.6816641092300415,646,76,0.6,
2EQ16629,1525_▲▲▲라벨_5,5,0.9192088842391968,796,224,0.75,
2EQ16629,2917_코마_6,6,0.8487799763679504,94,592,0.6,
2EQ16629,1525_▲▲▲라벨_7,7,0.5240728855133057,538,548,0.75,
2EQ16629,0000_모듈러카바_8,8,0.4454091191291809,280,468,0.6,
2EQ16629,3780_전원스위치_9,9,0.7548809051513672,782,202,0.6,
2EQ16629,V242_카바라이트_10,10,0.7831231355667114,440,602,0.6,
2EQ16629,V242_카바라이트_11,11,0.758058488368988,524,614,0.6,
2EQ16629,3779_압판스토퍼_12,12,0.5689973831176758,318,48,0.9,
2EQ16629,3779_압판스토퍼_14,14,0.7525545954704285,304,346,0.75,
2EQ16630,C551_토너라벨_1,1,0.31313976645469666,560,356,0.6,
2EQ16630,B793_Canon각인_2,2,0.5710054039955139,70,386,1.05,
2EQ16630,6416_2206N명판_3,3,0.4638833999633789,206,376,1.2,
2EQ16630,3102_현상가압라벨_4,4,0.6069813370704651,800,0,0.6,
2EQ16630,3699_레버피스_4,4,0.6370580792427063,870,176,0.6,
2EQ16630,1525_▲▲▲라벨_5,5,0.9068166613578796,140,228,0.75,
2EQ16630,2917_코마_6,6,0.841871976852417,492,302,0.6,
2EQ16630,1525_▲▲▲라벨_7,7,0.5179685950279236,906,578,0.9,
2EQ16630,0000_모듈러카바_8,8,0.4887098968029022,242,460,0.6,
2EQ16630,3780_전원스위치_9,9,0.7663000822067261,348,362,0.6,
2EQ16630,V242_카바라이트_10,10,0.7985733151435852,498,150,0.6,
2EQ16630,V242_카바라이트_11,11,0.7945207953453064,496,614,0.6,
2EQ16630,3779_압판스토퍼_12,12,0.5695639252662659,366,218,0.9,
2EQ16630,3779_압판스토퍼_14,14,0.740745484828949,592,366,0.75,
2EQ16631,C551_토너라벨_1,1,0.35362860560417175,514,438,0.6,
2EQ16631,B793_Canon각인_2,2,0.5994009375572205,68,326,1.05,
2EQ16631,6416_2206N명판_3,3,0.46937716007232666,216,394,1.2,
2EQ16631,3102_현상가압라벨_4,4,0.5959434509277344,882,354,0.6,
2EQ16631,3699_레버피스_4,4,0.5910254716873169,876,160,0.6,
2EQ16631,1525_▲▲▲라벨_5,5,0.9240401387214661,362,378,0.6,
2EQ16631,2917_코마_6,6,0.842969536781311,404,564,0.6,
2EQ16631,1525_▲▲▲라벨_7,7,0.5241172909736633,774,262,0.75,
2EQ16631,0000_모듈러카바_8,8,0.4576876163482666,648,472,0.6,
2EQ16631,3780_전원스위치_9,9,0.7618833184242249,784,202,0.6,
2EQ16631,V242_카바라이트_10,10,0.7903708815574646,414,600,0.6,
2EQ16631,V242_카바라이트_11,11,0.7770550847053528,504,644,0.6,
2EQ16631,3779_압판스토퍼_12,12,0.5710039138793945,502,110,0.9,
2EQ16631,3779_압판스토퍼_14,14,0.7492574453353882,398,410,0.75,
2EQ16632,C551_토너라벨_1,1,0.33503201603889465,442,338,0.6,
2EQ16632,B793_Canon각인_2,2,0.5304552316665649,0,240,1.05,
2EQ16632,6416_2206N명판_3,3,0.4137016534805298,552,376,0.6,
2EQ16632,3102_현상가압라벨_4,4,0.6100105047225952,766,304,0.6,
2EQ16632,3699_레버피스_4,4,0.6143850088119507,392,226,0.6,
2EQ16632,1525_▲▲▲라벨_5,5,0.929396390914917,156,234,0.6,
2EQ16632,2917_코마_6,6,0.8248104453086853,938,566,0.6,
2EQ16632,1525_▲▲▲라벨_7,7,0.5914632678031921,428,502,0.9,
2EQ16632,0000_모듈러카바_8,8,0.48405107855796814,224,542,0.6,
2EQ16632,3780_전원스위치_9,9,0.7543343305587769,784,202,0.6,
2EQ16632,V242_카바라이트_10,10,0.7852090001106262,442,606,0.6,
2EQ16632,V242_카바라이트_11,11,0.7712823748588562,504,636,0.6,
2EQ16632,3779_압판스토퍼_12,12,0.5513066649436951,498,216,0.9,
2EQ16632,3779_압판스토퍼_14,14,0.7612819671630859,190,522,0.6,
2EQ16633,C551_토너라벨_1,1,0.3500014543533325,526,304,0.6,
2EQ16633,B793_Canon각인_2,2,0.544067919254303,56,372,1.05,
2EQ16633,6416_2206N명판_3,3,0.4985898733139038,204,396,1.2,
2EQ16633,3102_현상가압라벨_4,4,0.6276141405105591,888,370,0.6,
2EQ16633,3699_레버피스_4,4,0.6713443398475647,880,164,0.6,
2EQ16633,1525_▲▲▲라벨_5,5,0.9170958399772644,142,232,0.6,
2EQ16633,2917_코마_6,6,0.8386467695236206,348,358,0.6,
2EQ16633,1525_▲▲▲라벨_7,7,0.5134605765342712,484,42,0.6,
2EQ16633,0000_모듈러카바_8,8,0.6065710783004761,250,402,0.6,
2EQ16633,3780_전원스위치_9,9,0.7629243731498718,784,202,0.6,
2EQ16633,V242_카바라이트_10,10,0.7938938736915588,492,140,0.6,
2EQ16633,V242_카바라이트_11,11,0.784135639667511,504,652,0.6,
2EQ16633,3779_압판스토퍼_12,12,0.586694061756134,328,84,0.9,
2EQ16633,3779_압판스토퍼_14,14,0.7705246210098267,530,538,0.6,
2EQ16634,C551_토너라벨_1,1,0.340287983417511,120,242,1.05,
2EQ16634,B793_Canon각인_2,2,0.47356879711151123,10,320,1.05,
2EQ16634,6416_2206N명판_3,3,0.42679041624069214,134,466,1.2,
2EQ16634,3102_현상가압라벨_4,4,0.602409839630127,580,56,0.6,
2EQ16634,3699_레버피스_4,4,0.5775070786476135,188,28,0.6,
2EQ16634,1525_▲▲▲라벨_5,5,0.9264424443244934,156,236,0.6,
2EQ16634,2917_코마_6,6,0.8585513234138489,562,62,0.6,
2EQ16634,1525_▲▲▲라벨_7,7,0.5725584626197815,552,480,0.9,
2EQ16634,0000_모듈러카바_8,8,0.5242493748664856,296,540,0.6,
2EQ16634,3780_전원스위치_9,9,0.7576382756233215,784,202,0.6,
2EQ16634,V242_카바라이트_10,10,0.7790696620941162,426,608,0.6,
2EQ16634,V242_카바라이트_11,11,0.7923857569694519,512,650,0.6,
2EQ16634,3779_압판스토퍼_12,12,0.5906059741973877,836,26,0.9,
2EQ16634,3779_압판스토퍼_14,14,0.7502294182777405,558,202,0.6,
2EQ16635,C551_토너라벨_1,1,0.34624621272087097,548,340,0.6,
2EQ16635,B793_Canon각인_2,2,0.5919685959815979,74,330,1.05,
2EQ16635,6416_2206N명판_3,3,0.46613651514053345,202,392,1.2,
2EQ16635,3102_현상가압라벨_4,4,0.6409361362457275,880,364,0.6,
2EQ16635,3699_레버피스_4,4,0.6646493077278137,878,162,0.6,
2EQ16635,1525_▲▲▲라벨_5,5,0.9122827053070068,304,446,0.6,
2EQ16635,2917_코마_6,6,0.8569483757019043,868,582,0.6,
2EQ16635,1525_▲▲▲라벨_7,7,0.5908571481704712,518,504,0.6,
2EQ16635,0000_모듈러카바_8,8,0.5165039300918579,212,544,0.6,
2EQ16635,3780_전원스위치_9,9,0.7565962672233582,784,202,0.6,
2EQ16635,V242_카바라이트_10,10,0.774480938911438,420,586,0.6,
2EQ16635,V242_카바라이트_11,11,0.785999059677124,558,646,0.6,
2EQ16635,3779_압판스토퍼_12,12,0.5895118713378906,310,168,0.9,
2EQ16635,3779_압판스토퍼_14,14,0.7580806612968445,224,176,0.75,
2EQ16636,C551_토너라벨_1,1,0.30815601348876953,534,308,0.6,
2EQ16636,B793_Canon각인_2,2,0.5583648681640625,14,316,1.05,
2EQ16636,6416_2206N명판_3,3,0.4228927493095398,16,650,0.6,
2EQ16636,3102_현상가압라벨_4,4,0.6178166270256042,624,82,0.6,
2EQ16636,3699_레버피스_4,4,0.6046910881996155,150,34,0.6,
2EQ16636,1525_▲▲▲라벨_5,5,0.9241207838058472,798,224,0.75,
2EQ16636,2917_코마_6,6,0.8522218465805054,938,552,0.6,
2EQ16636,1525_▲▲▲라벨_7,7,0.5462971329689026,494,526,0.75,
2EQ16636,0000_모듈러카바_8,8,0.5256925225257874,298,498,0.6,
2EQ16636,3780_전원스위치_9,9,0.7562284469604492,784,202,0.6,
2EQ16636,V242_카바라이트_10,10,0.7769536375999451,432,604,0.6,
2EQ16636,V242_카바라이트_11,11,0.7815909385681152,564,660,0.6,
2EQ16636,3779_압판스토퍼_12,12,0.5574118494987488,218,522,0.9,
2EQ16636,3779_압판스토퍼_14,14,0.7658546566963196,488,312,0.6,
2EQ16637,C551_토너라벨_1,1,0.3754337430000305,522,318,0.6,
2EQ16637,B793_Canon각인_2,2,0.5736390948295593,46,288,1.05,
2EQ16637,6416_2206N명판_3,3,0.4373670816421509,180,316,1.2,
2EQ16637,3102_현상가압라벨_4,4,0.5802163481712341,816,288,0.6,
2EQ16637,3699_레버피스_4,4,0.6521085500717163,880,162,0.6,
2EQ16637,1525_▲▲▲라벨_5,5,0.9202985763549805,362,418,0.6,
2EQ16637,2917_코마_6,6,0.8380456566810608,186,368,0.6,
2EQ16637,1525_▲▲▲라벨_7,7,0.533820390701294,410,68,0.6,
2EQ16637,0000_모듈러카바_8,8,0.6044505834579468,182,454,0.6,
2EQ16637,3780_전원스위치_9,9,0.7573144435882568,788,202,0.6,
2EQ16637,V242_카바라이트_10,10,0.7990707159042358,488,132,0.6,
2EQ16637,V242_카바라이트_11,11,0.7748367190361023,510,642,0.6,
2EQ16637,3779_압판스토퍼_12,12,0.6141358613967896,580,392,0.9,
2EQ16637,3779_압판스토퍼_14,14,0.7128916382789612,802,368,0.6,
2EQ16638,C551_토너라벨_1,1,0.3396933078765869,468,282,0.6,
2EQ16638,B793_Canon각인_2,2,0.593488335609436,60,312,1.05,
2EQ16638,6416_2206N명판_3,3,0.4392341077327728,238,358,1.2,
2EQ16638,3102_현상가압라벨_4,4,0.6432847380638123,702,252,0.6,
2EQ16638,3699_레버피스_4,4,0.5863068103790283,358,456,1.05,
2EQ16638,1525_▲▲▲라벨_5,5,0.9341610074043274,438,426,0.6,
2EQ16638,2917_코마_6,6,0.8364325761795044,848,570,0.6,
2EQ16638,1525_▲▲▲라벨_7,7,0.566705048084259,506,524,0.75,
2EQ16638,0000_모듈러카바_8,8,0.49650838971138,258,500,0.6,
2EQ16638,3780_전원스위치_9,9,0.7548587918281555,786,202,0.6,
2EQ16638,V242_카바라이트_10,10,0.7706800103187561,448,608,0.6,
2EQ16638,V242_카바라이트_11,11,0.7492524981498718,722,628,0.6,
2EQ16638,3779_압판스토퍼_12,12,0.5825132727622986,560,108,0.9,
2EQ16638,3779_압판스토퍼_14,14,0.768398642539978,428,504,0.6,
2EQ16639,C551_토너라벨_1,1,0.35647672414779663,476,398,0.6,
2EQ16639,B793_Canon각인_2,2,0.5459026098251343,10,324,1.05,
2EQ16639,6416_2206N명판_3,3,0.5171149373054504,188,384,1.2,
2EQ16639,3102_현상가압라벨_4,4,0.6269217133522034,888,370,0.6,
2EQ16639,3699_레버피스_4,4,0.6697549819946289,882,164,0.6,
2EQ16639,1525_▲▲▲라벨_5,5,0.9121024012565613,402,412,0.6,
2EQ16639,2917_코마_6,6,0.8399022221565247,740,496,0.6,
2EQ16639,1525_▲▲▲라벨_7,7,0.5721553564071655,554,450,0.6,
2EQ16639,0000_모듈러카바_8,8,0.44383859634399414,204,522,0.6,
2EQ16639,3780_전원스위치_9,9,0.7574136853218079,786,202,0.6,
2EQ16639,V242_카바라이트_10,10,0.7836583256721497,428,576,0.6,
2EQ16639,V242_카바라이트_11,11,0.7779248952865601,510,624,0.6,
2EQ16639,3779_압판스토퍼_12,12,0.5682031512260437,452,0,0.9,
2EQ16639,3779_압판스토퍼_14,14,0.745520830154419,192,284,0.6,
2EQ16640,C551_토너라벨_1,1,0.3715805411338806,582,384,0.6,
2EQ16640,B793_Canon각인_2,2,0.590178370475769,76,352,1.05,
2EQ16640,6416_2206N명판_3,3,0.46137434244155884,194,418,1.2,
2EQ16640,3102_현상가압라벨_4,4,0.6261073350906372,884,368,0.6,
2EQ16640,3699_레버피스_4,4,0.6343034505844116,880,166,0.6,
2EQ16640,1525_▲▲▲라벨_5,5,0.9274375438690186,222,430,0.6,
2EQ16640,2917_코마_6,6,0.8325912952423096,720,518,0.6,
2EQ16640,1525_▲▲▲라벨_7,7,0.547909677028656,658,270,0.9,
2EQ16640,0000_모듈러카바_8,8,0.5358948111534119,218,514,0.6,
2EQ16640,3780_전원스위치_9,9,0.751315176486969,784,202,0.6,
2EQ16640,V242_카바라이트_10,10,0.7918879389762878,480,134,0.6,
2EQ16640,V242_카바라이트_11,11,0.7722147703170776,720,614,0.6,
2EQ16640,3779_압판스토퍼_12,12,0.576426088809967,780,96,0.9,
2EQ16640,3779_압판스토퍼_14,14,0.7641187310218811,396,400,0.6,
2EQ16641,C551_토너라벨_1,1,0.2933190166950226,132,222,0.75,
2EQ16641,B793_Canon각인_2,2,0.49349454045295715,0,368,1.05,
2EQ16641,6416_2206N명판_3,3,0.4456130266189575,588,322,0.6,
2EQ16641,3102_현상가압라벨_4,4,0.6112789511680603,514,88,0.6,
2EQ16641,3699_레버피스_4,4,0.6530164480209351,722,0,0.6,
2EQ16641,1525_▲▲▲라벨_5,5,0.9257111549377441,806,228,0.6,
2EQ16641,2917_코마_6,6,0.8437052369117737,898,556,0.6,
2EQ16641,1525_▲▲▲라벨_7,7,0.569913923740387,516,502,0.75,
2EQ16641,0000_모듈러카바_8,8,0.4459003210067749,292,486,0.6,
2EQ16641,3780_전원스위치_9,9,0.7593939304351807,786,202,0.6,
2EQ16641,V242_카바라이트_10,10,0.7802882194519043,442,590,0.6,
2EQ16641,V242_카바라이트_11,11,0.7664187550544739,556,658,0.6,
2EQ16641,3779_압판스토퍼_12,12,0.5975404381752014,516,142,0.9,
2EQ16641,3779_압판스토퍼_14,14,0.7500490546226501,530,198,0.75,
2EQ16642,C551_토너라벨_1,1,0.3612843155860901,572,286,0.6,
2EQ16642,B793_Canon각인_2,2,0.5934315919876099,84,372,1.05,
2EQ16642,6416_2206N명판_3,3,0.5071156620979309,196,354,1.2,
2EQ16642,3102_현상가압라벨_4,4,0.5954744815826416,814,0,0.6,
2EQ16642,3699_레버피스_4,4,0.6787995100021362,876,172,0.6,
2EQ16642,1525_▲▲▲라벨_5,5,0.9238050580024719,154,232,0.6,
2EQ16642,2917_코마_6,6,0.8549808263778687,898,480,0.6,
2EQ16642,1525_▲▲▲라벨_7,7,0.5846914649009705,764,336,0.75,
2EQ16642,0000_모듈러카바_8,8,0.5462787747383118,226,418,0.6,
2EQ16642,3780_전원스위치_9,9,0.7589333057403564,784,202,0.6,
2EQ16642,V242_카바라이트_10,10,0.7791186571121216,422,606,0.6,
2EQ16642,V242_카바라이트_11,11,0.7629732489585876,502,650,0.6,
2EQ16642,3779_압판스토퍼_12,12,0.6131170392036438,620,326,0.9,
2EQ16642,3779_압판스토퍼_14,14,0.7148488163948059,622,164,0.75,
2EQ16643,C551_토너라벨_1,1,0.32255178689956665,334,586,0.6,
2EQ16643,B793_Canon각인_2,2,0.5385419726371765,0,296,1.05,
2EQ16643,6416_2206N명판_3,3,0.43963706493377686,536,282,0.6,
2EQ16643,3102_현상가압라벨_4,4,0.5876908302307129,598,32,0.6,
2EQ16643,3699_레버피스_4,4,0.5818962454795837,610,6,0.75,
2EQ16643,1525_▲▲▲라벨_5,5,0.9224655628204346,160,460,0.6,
2EQ16643,2917_코마_6,6,0.8417274355888367,732,44,0.6,
2EQ16643,1525_▲▲▲라벨_7,7,0.606702446937561,562,500,0.9,
2EQ16643,0000_모듈러카바_8,8,0.506925106048584,250,534,0.6,
2EQ16643,3780_전원스위치_9,9,0.7591426372528076,786,202,0.6,
2EQ16643,V242_카바라이트_10,10,0.7771153450012207,490,122,0.6,
2EQ16643,V242_카바라이트_11,11,0.7897416353225708,518,636,0.6,
2EQ16643,3779_압판스토퍼_12,12,0.518608570098877,218,494,0.9,
2EQ16643,3779_압판스토퍼_14,14,0.7430904507637024,222,184,0.6,
2EQ16644,C551_토너라벨_1,1,0.37163564562797546,610,374,0.6,
2EQ16644,B793_Canon각인_2,2,0.5682899951934814,84,322,1.05,
2EQ16644,6416_2206N명판_3,3,0.4898260235786438,186,416,1.2,
2EQ16644,3102_현상가압라벨_4,4,0.6328723430633545,864,372,0.6,
2EQ16644,3699_레버피스_4,4,0.6708731651306152,868,172,0.6,
2EQ16644,1525_▲▲▲라벨_5,5,0.9271411299705505,196,424,0.75,
2EQ16644,2917_코마_6,6,0.8615982532501221,362,368,0.6,
2EQ16644,1525_▲▲▲라벨_7,7,0.5262632966041565,770,4,0.9,
2EQ16644,0000_모듈러카바_8,8,0.5252176523208618,288,480,0.6,
2EQ16644,3780_전원스위치_9,9,0.7618210315704346,296,422,0.6,
2EQ16644,V242_카바라이트_10,10,0.7827599048614502,494,168,0.6,
2EQ16644,V242_카바라이트_11,11,0.7651472091674805,508,646,0.6,
2EQ16644,3779_압판스토퍼_12,12,0.5736516118049622,528,14,0.9,
2EQ16644,3779_압판스토퍼_14,14,0.7527006268501282,556,416,0.6,
2EQ16645,C551_토너라벨_1,1,0.32614994049072266,494,446,0.6,
2EQ16645,B793_Canon각인_2,2,0.49736911058425903,0,302,1.05,
2EQ16645,6416_2206N명판_3,3,0.41192150115966797,702,652,0.6,
2EQ16645,3102_현상가압라벨_4,4,0.6115336418151855,562,78,0.6,
2EQ16645,3699_레버피스_4,4,0.6287178993225098,198,26,0.6,
2EQ16645,1525_▲▲▲라벨_5,5,0.9213404059410095,800,230,0.6,
2EQ16645,2917_코마_6,6,0.8431704044342041,20,370,0.6,
2EQ16645,1525_▲▲▲라벨_7,7,0.5694091320037842,550,514,0.9,
2EQ16645,0000_모듈러카바_8,8,0.5414416193962097,362,514,0.6,
2EQ16645,3780_전원스위치_9,9,0.7576731443405151,786,202,0.6,
2EQ16645,V242_카바라이트_10,10,0.7729864716529846,434,586,0.6,
2EQ16645,V242_카바라이트_11,11,0.7517900466918945,550,634,0.6,
2EQ16645,3779_압판스토퍼_12,12,0.5669777393341064,732,144,0.9,
2EQ16645,3779_압판스토퍼_14,14,0.7752709984779358,394,438,0.75,
2EQ16646,C551_토너라벨_1,1,0.3539188802242279,546,370,0.6,
2EQ16646,B793_Canon각인_2,2,0.5541332960128784,8,326,1.05,
2EQ16646,6416_2206N명판_3,3,0.48458132147789,330,268,1.2,
2EQ16646,3102_현상가압라벨_4,4,0.6844578981399536,548,90,0.6,
2EQ16646,3699_레버피스_4,4,0.6521477103233337,552,94,0.6,
2EQ16646,1525_▲▲▲라벨_5,5,0.9281729459762573,250,474,0.6,
2EQ16646,2917_코마_6,6,0.8526217937469482,724,558,0.6,
2EQ16646,1525_▲▲▲라벨_7,7,0.5494658350944519,214,658,0.6,
2EQ16646,0000_모듈러카바_8,8,0.48576152324676514,264,544,0.6,
2EQ16646,3780_전원스위치_9,9,0.750662088394165,786,202,0.6,
2EQ16646,V242_카바라이트_10,10,0.7826904654502869,480,130,0.6,
2EQ16646,V242_카바라이트_11,11,0.7805452346801758,518,644,0.6,
2EQ16646,3779_압판스토퍼_12,12,0.5886242389678955,782,92,0.9,
2EQ16646,3779_압판스토퍼_14,14,0.7586898803710938,498,344,0.6,
2EQ16647,C551_토너라벨_1,1,0.3855059742927551,594,250,0.6,
2EQ16647,B793_Canon각인_2,2,0.5565996170043945,80,352,1.05,
2EQ16647,6416_2206N명판_3,3,0.47398996353149414,206,414,1.2,
2EQ16647,3102_현상가압라벨_4,4,0.6095812916755676,876,372,0.6,
2EQ16647,3699_레버피스_4,4,0.6632039546966553,868,174,0.6,
2EQ16647,1525_▲▲▲라벨_5,5,0.9117739200592041,140,230,0.6,
2EQ16647,2917_코마_6,6,0.8666316866874695,916,494,0.6,
2EQ16647,1525_▲▲▲라벨_7,7,0.5401743650436401,500,40,0.6,
2EQ16647,0000_모듈러카바_8,8,0.44437697529792786,234,450,0.6,
2EQ16647,3780_전원스위치_9,9,0.75104820728302,296,372,0.6,
2EQ16647,V242_카바라이트_10,10,0.7783022522926331,414,598,0.6,
2EQ16647,V242_카바라이트_11,11,0.6928889155387878,504,638,0.6,
2EQ16647,3779_압판스토퍼_12,12,0.5949022173881531,416,168,0.9,
2EQ16647,3779_압판스토퍼_14,14,0.7487130761146545,636,414,0.6,
2EQ16648,C551_토너라벨_1,1,0.3774281144142151,524,324,0.6,
2EQ16648,B793_Canon각인_2,2,0.5588943362236023,56,338,1.05,
2EQ16648,6416_2206N명판_3,3,0.4453827738761902,164,360,1.2,
2EQ16648,3102_현상가압라벨_4,4,0.6132767796516418,932,298,0.6,
2EQ16648,3699_레버피스_4,4,0.6496904492378235,882,168,0.6,
2EQ16648,1525_▲▲▲라벨_5,5,0.927405834197998,154,236,0.6,
2EQ16648,2917_코마_6,6,0.8612852692604065,502,540,0.6,
2EQ16648,1525_▲▲▲라벨_7,7,0.5333591103553772,502,42,0.6,
2EQ16648,0000_모듈러카바_8,8,0.4774673283100128,282,464,0.6,
2EQ16648,3780_전원스위치_9,9,0.7569599747657776,786,202,0.6,
2EQ16648,V242_카바라이트_10,10,0.7707040309906006,426,594,0.6,
2EQ16648,V242_카바라이트_11,11,0.7977444529533386,508,640,0.6,
2EQ16648,3779_압판스토퍼_12,12,0.5754989385604858,262,442,0.9,
2EQ16648,3779_압판스토퍼_14,14,0.761358916759491,354,386,0.6,
2EQ16649,C551_토너라벨_1,1,0.35964149236679077,616,396,0.6,
2EQ16649,B793_Canon각인_2,2,0.5744233131408691,52,306,1.05,
2EQ16649,6416_2206N명판_3,3,0.5678088665008545,152,422,1.2,
2EQ16649,3102_현상가압라벨_4,4,0.607559323310852,866,368,0.6,
2EQ16649,3699_레버피스_4,4,0.6276594996452332,872,170,0.6,
2EQ16649,1525_▲▲▲라벨_5,5,0.9278176426887512,156,234,0.6,
2EQ16649,2917_코마_6,6,0.8418042659759521,428,362,0.6,
2EQ16649,1525_▲▲▲라벨_7,7,0.5735514163970947,684,308,0.75,
2EQ16649,0000_모듈러카바_8,8,0.5190085172653198,340,470,0.6,
2EQ16649,3780_전원스위치_9,9,0.7576029300689697,786,202,0.6,
2EQ16649,V242_카바라이트_10,10,0.7574540972709656,492,122,0.6,
2EQ16649,V242_카바라이트_11,11,0.7928851246833801,506,658,0.6,
2EQ16649,3779_압판스토퍼_12,12,0.599795937538147,574,640,0.9,
2EQ16649,3779_압판스토퍼_14,14,0.7595809102058411,910,338,0.6,
2EQ16650,C551_토너라벨_1,1,0.35556209087371826,524,394,0.6,
2EQ16650,B793_Canon각인_2,2,0.5477744936943054,76,344,1.05,
2EQ16650,6416_2206N명판_3,3,0.46831783652305603,132,414,1.2,
2EQ16650,3102_현상가압라벨_4,4,0.5928046703338623,772,274,0.6,
2EQ16650,3699_레버피스_4,4,0.6154865622520447,886,160,0.6,
2EQ16650,1525_▲▲▲라벨_5,5,0.9207497835159302,158,230,0.6,
2EQ16650,2917_코마_6,6,0.8448535799980164,464,342,0.6,
2EQ16650,1525_▲▲▲라벨_7,7,0.5710036754608154,710,266,0.9,
2EQ16650,0000_모듈러카바_8,8,0.48357588052749634,226,448,0.6,
2EQ16650,3780_전원스위치_9,9,0.760444700717926,280,432,0.6,
2EQ16650,V242_카바라이트_10,10,0.7577667832374573,476,164,0.75,
2EQ16650,V242_카바라이트_11,11,0.7616091370582581,502,628,0.6,
2EQ16650,3779_압판스토퍼_12,12,0.5907869935035706,652,302,0.9,
2EQ16650,3779_압판스토퍼_14,14,0.7601945400238037,224,252,0.6,
2EQ16651,C551_토너라벨_1,1,0.3136148452758789,412,344,0.6,
2EQ16651,B793_Canon각인_2,2,0.4266971945762634,8,354,1.05,
2EQ16651,6416_2206N명판_3,3,0.4317583739757538,100,420,1.2,
2EQ16651,3102_현상가압라벨_4,4,0.6209552884101868,602,106,0.6,
2EQ16651,3699_레버피스_4,4,0.684572696685791,614,16,0.6,
2EQ16651,1525_▲▲▲라벨_5,5,0.9290784001350403,800,230,0.6,
2EQ16651,2917_코마_6,6,0.8712449073791504,684,170,0.6,
2EQ16651,1525_▲▲▲라벨_7,7,0.5687270164489746,564,526,0.75,
2EQ16651,0000_모듈러카바_8,8,0.5745516419410706,294,554,0.6,
2EQ16651,3780_전원스위치_9,9,0.7609133124351501,784,202,0.6,
2EQ16651,V242_카바라이트_10,10,0.7776944637298584,480,130,0.6,
2EQ16651,V242_카바라이트_11,11,0.7675183415412903,506,646,0.6,
2EQ16651,3779_압판스토퍼_12,12,0.615918755531311,334,166,0.9,
2EQ16651,3779_압판스토퍼_14,14,0.7829887270927429,550,222,0.6,
2EQ16652,C551_토너라벨_1,1,0.33044031262397766,464,318,0.6,
2EQ16652,B793_Canon각인_2,2,0.47605761885643005,4,350,1.05,
2EQ16652,6416_2206N명판_3,3,0.4338293969631195,238,354,1.2,
2EQ16652,3102_현상가압라벨_4,4,0.7042475938796997,538,10,0.6,
2EQ16652,3699_레버피스_4,4,0.6875857710838318,514,16,0.6,
2EQ16652,1525_▲▲▲라벨_5,5,0.9291478395462036,806,228,0.6,
2EQ16652,2917_코마_6,6,0.8563801646232605,938,574,0.6,
2EQ16652,1525_▲▲▲라벨_7,7,0.5492166876792908,516,490,0.9,
2EQ16652,0000_모듈러카바_8,8,0.5514435768127441,348,512,0.6,
2EQ16652,3780_전원스위치_9,9,0.7561952471733093,786,202,0.6,
2EQ16652,V242_카바라이트_10,10,0.776898980140686,480,132,0.6,
2EQ16652,V242_카바라이트_11,11,0.7655867338180542,498,654,0.6,
2EQ16652,3779_압판스토퍼_12,12,0.5637774467468262,338,166,0.9,
2EQ16652,3779_압판스토퍼_14,14,0.7545347809791565,382,428,0.6,
2EQ16653,C551_토너라벨_1,1,0.3337695598602295,498,284,0.6,
2EQ16653,B793_Canon각인_2,2,0.5549464225769043,32,332,1.05,
2EQ16653,6416_2206N명판_3,3,0.41605862975120544,0,648,0.6,
2EQ16653,3102_현상가압라벨_4,4,0.6259035468101501,518,6,0.75,
2EQ16653,3699_레버피스_4,4,0.6017456650733948,316,254,0.6,
2EQ16653,1525_▲▲▲라벨_5,5,0.9308248162269592,798,226,0.75,
2EQ16653,2917_코마_6,6,0.8633992671966553,924,552,0.6,
2EQ16653,1525_▲▲▲라벨_7,7,0.5736241340637207,480,494,0.9,
2EQ16653,0000_모듈러카바_8,8,0.5750780701637268,302,488,0.6,
2EQ16653,3780_전원스위치_9,9,0.7569252848625183,786,202,0.6,
2EQ16653,V242_카바라이트_10,10,0.7803140878677368,492,130,0.6,
2EQ16653,V242_카바라이트_11,11,0.7759555578231812,560,662,0.6,
2EQ16653,3779_압판스토퍼_12,12,0.5326257944107056,772,114,0.9,
2EQ16653,3779_압판스토퍼_14,14,0.7319826483726501,232,198,0.75,
2EQ16654,C551_토너라벨_1,1,0.38286662101745605,254,154,1.05,
2EQ16654,B793_Canon각인_2,2,0.6023261547088623,110,284,1.05,
2EQ16654,6416_2206N명판_3,3,0.5197984576225281,54,304,1.2,
2EQ16654,3102_현상가압라벨_4,4,0.6366211771965027,780,2,0.6,
2EQ16654,3699_레버피스_4,4,0.6495615839958191,874,174,0.6,
2EQ16654,1525_▲▲▲라벨_5,5,0.9171841144561768,394,298,0.75,
2EQ16654,2917_코마_6,6,0.8339892625808716,292,364,0.6,
2EQ16654,1525_▲▲▲라벨_7,7,0.5128900408744812,552,392,0.6,
2EQ16654,0000_모듈러카바_8,8,0.581974446773529,322,436,0.6,
2EQ16654,3780_전원스위치_9,9,0.7459374666213989,784,202,0.6,
2EQ16654,V242_카바라이트_10,10,0.7884058952331543,426,594,0.6,
2EQ16654,V242_카바라이트_11,11,0.7634439468383789,724,608,0.6,
2EQ16654,3779_압판스토퍼_12,12,0.5192679762840271,188,512,0.9,
2EQ16654,3779_압판스토퍼_14,14,0.7656477093696594,434,324,0.6,
2EQ16655,C551_토너라벨_1,1,0.3153352439403534,146,228,0.6,
2EQ16655,B793_Canon각인_2,2,0.5450549721717834,4,348,1.05,
2EQ16655,6416_2206N명판_3,3,0.5335310101509094,218,298,1.2,
2EQ16655,3102_현상가압라벨_4,4,0.6440954208374023,484,0,0.6,
2EQ16655,3699_레버피스_4,4,0.6205644011497498,220,26,0.6,
2EQ16655,1525_▲▲▲라벨_5,5,0.9235824346542358,812,228,0.6,
2EQ16655,2917_코마_6,6,0.8594502210617065,936,566,0.6,
2EQ16655,1525_▲▲▲라벨_7,7,0.598863959312439,516,508,0.9,
2EQ16655,0000_모듈러카바_8,8,0.48343777656555176,260,512,0.6,
2EQ16655,3780_전원스위치_9,9,0.7547760605812073,784,202,0.6,
2EQ16655,V242_카바라이트_10,10,0.7751297950744629,436,594,0.6,
2EQ16655,V242_카바라이트_11,11,0.7788020968437195,728,614,0.6,
2EQ16655,3779_압판스토퍼_12,12,0.5723165273666382,278,146,0.9,
2EQ16655,3779_압판스토퍼_14,14,0.7541705369949341,222,180,0.6,
2EQ16656,C551_토너라벨_1,1,0.3279381990432739,530,320,0.6,
2EQ16656,B793_Canon각인_2,2,0.5334979295730591,44,338,1.05,
2EQ16656,6416_2206N명판_3,3,0.5438715219497681,180,406,1.2,
2EQ16656,3102_현상가압라벨_4,4,0.6216540932655334,906,316,0.6,
2EQ16656,3699_레버피스_4,4,0.6602566242218018,886,164,0.6,
2EQ16656,1525_▲▲▲라벨_5,5,0.899256706237793,378,400,0.6,
2EQ16656,2917_코마_6,6,0.8558374047279358,502,542,0.6,
2EQ16656,1525_▲▲▲라벨_7,7,0.5783788561820984,662,294,0.6,
2EQ16656,0000_모듈러카바_8,8,0.5448170900344849,208,450,0.6,
2EQ16656,3780_전원스위치_9,9,0.7595015168190002,302,352,0.6,
2EQ16656,V242_카바라이트_10,10,0.7890020608901978,488,152,0.6,
2EQ16656,V242_카바라이트_11,11,0.7608435750007629,510,650,0.6,
2EQ16656,3779_압판스토퍼_12,12,0.6185840368270874,932,256,0.9,
2EQ16656,3779_압판스토퍼_14,14,0.7462452054023743,668,368,0.6,
2EQ16657,C551_토너라벨_1,1,0.3217487931251526,558,430,0.6,
2EQ16657,B793_Canon각인_2,2,0.4902227818965912,6,354,1.05,
2EQ16657,6416_2206N명판_3,3,0.43615517020225525,552,300,0.6,
2EQ16657,3102_현상가압라벨_4,4,0.6228808760643005,786,314,0.6,
2EQ16657,3699_레버피스_4,4,0.608893096446991,188,26,0.6,
2EQ16657,1525_▲▲▲라벨_5,5,0.9233899712562561,212,450,0.6,
2EQ16657,2917_코마_6,6,0.869246244430542,900,588,0.6,
2EQ16657,1525_▲▲▲라벨_7,7,0.5616337656974792,514,504,0.9,
2EQ16657,0000_모듈러카바_8,8,0.508827805519104,234,496,0.6,
2EQ16657,3780_전원스위치_9,9,0.7605044841766357,784,202,0.6,
2EQ16657,V242_카바라이트_10,10,0.778461754322052,440,598,0.6,
2EQ16657,V242_카바라이트_11,11,0.7933700084686279,506,650,0.6,
2EQ16657,3779_압판스토퍼_12,12,0.5698960423469543,786,92,0.9,
2EQ16657,3779_압판스토퍼_14,14,0.7570778131484985,296,330,0.6,
2EQ16658,C551_토너라벨_1,1,0.31349971890449524,580,456,0.6,
2EQ16658,B793_Canon각인_2,2,0.48707735538482666,0,338,1.05,
2EQ16658,6416_2206N명판_3,3,0.434131383895874,204,370,1.2,
2EQ16658,3102_현상가압라벨_4,4,0.6236814260482788,610,92,0.6,
2EQ16658,3699_레버피스_4,4,0.6454916000366211,612,0,0.6,
2EQ16658,1525_▲▲▲라벨_5,5,0.9266455173492432,208,450,0.75,
2EQ16658,2917_코마_6,6,0.8565263152122498,668,162,0.6,
2EQ16658,1525_▲▲▲라벨_7,7,0.5868337750434875,534,514,0.9,
2EQ16658,0000_모듈러카바_8,8,0.5354939699172974,294,534,0.6,
2EQ16658,3780_전원스위치_9,9,0.7532126307487488,786,202,0.6,
2EQ16658,V242_카바라이트_10,10,0.7741449475288391,436,602,0.6,
2EQ16658,V242_카바라이트_11,11,0.7739397883415222,722,614,0.6,
2EQ16658,3779_압판스토퍼_12,12,0.5858493447303772,352,204,0.9,
2EQ16658,3779_압판스토퍼_14,14,0.7562016844749451,912,264,0.6,
2EQ16659,C551_토너라벨_1,1,0.35117098689079285,424,444,0.6,
2EQ16659,B793_Canon각인_2,2,0.5885206460952759,48,358,1.05,
2EQ16659,6416_2206N명판_3,3,0.5350230932235718,184,362,1.2,
2EQ16659,3102_현상가압라벨_4,4,0.6030495762825012,882,354,0.6,
2EQ16659,3699_레버피스_4,4,0.6541686058044434,892,156,0.6,
2EQ16659,1525_▲▲▲라벨_5,5,0.9210922122001648,814,228,0.6,
2EQ16659,2917_코마_6,6,0.8461311459541321,510,330,0.6,
2EQ16659,1525_▲▲▲라벨_7,7,0.5704825520515442,542,458,0.6,
2EQ16659,0000_모듈러카바_8,8,0.5427101850509644,294,486,0.6,
2EQ16659,3780_전원스위치_9,9,0.735238254070282,786,202,0.6,
2EQ16659,V242_카바라이트_10,10,0.7843827605247498,514,162,0.6,
2EQ16659,V242_카바라이트_11,11,0.78288334608078,510,654,0.6,
2EQ16659,3779_압판스토퍼_12,12,0.6061320900917053,562,64,0.9,
2EQ16659,3779_압판스토퍼_14,14,0.7160221934318542,274,252,0.75,
2EQ16660,C551_토너라벨_1,1,0.3394390642642975,472,300,0.6,
2EQ16660,B793_Canon각인_2,2,0.5536224842071533,46,346,1.05,
2EQ16660,6416_2206N명판_3,3,0.43115943670272827,522,240,0.75,
2EQ16660,3102_현상가압라벨_4,4,0.6832911968231201,546,62,0.6,
2EQ16660,3699_레버피스_4,4,0.6519425511360168,174,32,0.75,
2EQ16660,1525_▲▲▲라벨_5,5,0.9240675568580627,804,230,0.6,
2EQ16660,2917_코마_6,6,0.8345760703086853,754,546,0.6,
2EQ16660,1525_▲▲▲라벨_7,7,0.6207357048988342,520,570,0.9,
2EQ16660,0000_모듈러카바_8,8,0.46650126576423645,214,530,0.6,
2EQ16660,3780_전원스위치_9,9,0.7578431367874146,784,202,0.6,
2EQ16660,V242_카바라이트_10,10,0.7832348346710205,426,598,0.6,
2EQ16660,V242_카바라이트_11,11,0.7896802425384521,516,630,0.6,
2EQ16660,3779_압판스토퍼_12,12,0.598918080329895,520,212,0.9,
2EQ16660,3779_압판스토퍼_14,14,0.7461682558059692,330,364,0.6,
2EQ16661,C551_토너라벨_1,1,0.3329223096370697,526,440,0.6,
2EQ16661,B793_Canon각인_2,2,0.5541510581970215,68,324,1.05,
2EQ16661,6416_2206N명판_3,3,0.5106648206710815,212,386,1.2,
2EQ16661,3102_현상가압라벨_4,4,0.6113839149475098,902,302,0.6,
2EQ16661,3699_레버피스_4,4,0.6640971302986145,876,164,0.6,
2EQ16661,1525_▲▲▲라벨_5,5,0.9254302978515625,218,424,0.75,
2EQ16661,2917_코마_6,6,0.8265349268913269,930,494,0.6,
2EQ16661,1525_▲▲▲라벨_7,7,0.5431218147277832,496,14,0.6,
2EQ16661,0000_모듈러카바_8,8,0.4226705729961395,268,486,0.6,
2EQ16661,3780_전원스위치_9,9,0.7457553148269653,374,354,0.6,
2EQ16661,V242_카바라이트_10,10,0.7950984835624695,484,150,0.6,
2EQ16661,V242_카바라이트_11,11,0.7489266395568848,510,642,0.6,
2EQ16661,3779_압판스토퍼_12,12,0.5842072367668152,528,110,0.9,
2EQ16661,3779_압판스토퍼_14,14,0.7326744198799133,274,270,0.75,
2EQ16662,C551_토너라벨_1,1,0.36084112524986267,432,324,0.6,
2EQ16662,B793_Canon각인_2,2,0.589198648929596,74,366,1.05,
2EQ16662,6416_2206N명판_3,3,0.5333145260810852,158,386,1.2,
2EQ16662,3102_현상가압라벨_4,4,0.5859137177467346,854,348,0.75,
2EQ16662,3699_레버피스_4,4,0.6614108085632324,880,164,0.6,
2EQ16662,1525_▲▲▲라벨_5,5,0.9167346954345703,808,230,0.6,
2EQ16662,2917_코마_6,6,0.8698233962059021,882,568,0.6,
2EQ16662,1525_▲▲▲라벨_7,7,0.594841480255127,596,526,0.9,
2EQ16662,0000_모듈러카바_8,8,0.5335166454315186,278,534,0.6,
2EQ16662,3780_전원스위치_9,9,0.7584561109542847,786,202,0.6,
2EQ16662,V242_카바라이트_10,10,0.7835183143615723,502,126,0.6,
2EQ16662,V242_카바라이트_11,11,0.7790217995643616,504,640,0.6,
2EQ16662,3779_압판스토퍼_12,12,0.5580716729164124,286,576,0.9,
2EQ16662,3779_압판스토퍼_14,14,0.7551138401031494,646,186,0.6,
2EQ16663,C551_토너라벨_1,1,0.3196011781692505,148,228,0.6,
2EQ16663,B793_Canon각인_2,2,0.5710919499397278,50,388,1.05,
2EQ16663,6416_2206N명판_3,3,0.42742255330085754,222,380,1.2,
2EQ16663,3102_현상가압라벨_4,4,0.6353919506072998,518,0,0.6,
2EQ16663,3699_레버피스_4,4,0.6435337662696838,530,28,0.6,
2EQ16663,1525_▲▲▲라벨_5,5,0.9280799627304077,204,418,0.6,
2EQ16663,2917_코마_6,6,0.8403083086013794,516,16,0.6,
2EQ16663,1525_▲▲▲라벨_7,7,0.5988585948944092,566,522,0.9,
2EQ16663,0000_모듈러카바_8,8,0.5489143133163452,336,424,0.6,
2EQ16663,3780_전원스위치_9,9,0.7564063668251038,782,202,0.6,
2EQ16663,V242_카바라이트_10,10,0.780815064907074,436,594,0.6,
2EQ16663,V242_카바라이트_11,11,0.7837806344032288,514,626,0.6,
2EQ16663,3779_압판스토퍼_12,12,0.5403409004211426,768,112,0.9,
2EQ16663,3779_압판스토퍼_14,14,0.7797940373420715,210,176,0.6,
2EQ16664,C551_토너라벨_1,1,0.34848925471305847,578,444,0.6,
2EQ16664,B793_Canon각인_2,2,0.5463275909423828,60,320,1.05,
2EQ16664,6416_2206N명판_3,3,0.5259396433830261,170,382,1.2,
2EQ16664,3102_현상가압라벨_4,4,0.6266427636146545,820,344,0.6,
2EQ16664,3699_레버피스_4,4,0.6636485457420349,886,160,0.6,
2EQ16664,1525_▲▲▲라벨_5,5,0.933954119682312,400,402,0.75,
2EQ16664,2917_코마_6,6,0.8528287410736084,492,322,0.6,
2EQ16664,1525_▲▲▲라벨_7,7,0.5935458540916443,300,490,0.6,
2EQ16664,0000_모듈러카바_8,8,0.5323736667633057,206,440,0.6,
2EQ16664,3780_전원스위치_9,9,0.7498485445976257,346,388,0.6,
2EQ16664,V242_카바라이트_10,10,0.7749494910240173,486,148,0.6,
2EQ16664,V242_카바라이트_11,11,0.7512224912643433,510,630,0.6,
2EQ16664,3779_압판스토퍼_12,12,0.5882895588874817,772,76,0.9,
2EQ16664,3779_압판스토퍼_14,14,0.7763739228248596,486,498,0.6,
2EQ16665,C551_토너라벨_1,1,0.3188985586166382,418,458,0.6,
2EQ16665,B793_Canon각인_2,2,0.5655965805053711,38,364,1.05,
2EQ16665,6416_2206N명판_3,3,0.4412965178489685,206,436,1.2,
2EQ16665,3102_현상가압라벨_4,4,0.6584790349006653,530,6,0.9,
2EQ16665,3699_레버피스_4,4,0.6785174608230591,644,34,0.6,
2EQ16665,1525_▲▲▲라벨_5,5,0.9319016933441162,796,224,0.75,
2EQ16665,2917_코마_6,6,0.8425008058547974,38,386,0.6,
2EQ16665,1525_▲▲▲라벨_7,7,0.5893331170082092,556,452,0.9,
2EQ16665,0000_모듈러카바_8,8,0.48798730969429016,216,554,0.6,
2EQ16665,3780_전원스위치_9,9,0.7515357732772827,782,204,0.6,
2EQ16665,V242_카바라이트_10,10,0.7778128981590271,480,140,0.6,
2EQ16665,V242_카바라이트_11,11,0.7607409954071045,520,618,0.6,
2EQ16665,3779_압판스토퍼_12,12,0.5989285707473755,494,208,0.9,
2EQ16665,3779_압판스토퍼_14,14,0.7680559158325195,294,322,0.75,
2EQ16666,C551_토너라벨_1,1,0.35869327187538147,468,310,0.6,
2EQ16666,B793_Canon각인_2,2,0.5452356934547424,64,314,1.05,
2EQ16666,6416_2206N명판_3,3,0.4796637296676636,210,392,1.2,
2EQ16666,3102_현상가압라벨_4,4,0.596854031085968,842,306,0.6,
2EQ16666,3699_레버피스_4,4,0.6702521443367004,878,164,0.6,
2EQ16666,1525_▲▲▲라벨_5,5,0.9225813150405884,154,234,0.6,
2EQ16666,2917_코마_6,6,0.8625534176826477,796,232,0.6,
2EQ16666,1525_▲▲▲라벨_7,7,0.5257998108863831,496,38,0.6,
2EQ16666,0000_모듈러카바_8,8,0.5807279944419861,218,446,0.6,
2EQ16666,3780_전원스위치_9,9,0.7589738368988037,784,202,0.6,
2EQ16666,V242_카바라이트_10,10,0.7894821763038635,480,138,0.6,
2EQ16666,V242_카바라이트_11,11,0.7807666063308716,510,636,0.6,
2EQ16666,3779_압판스토퍼_12,12,0.5835040807723999,602,190,0.9,
2EQ16666,3779_압판스토퍼_14,14,0.7727158069610596,264,270,0.6,
2EQ16667,C551_토너라벨_1,1,0.31995779275894165,546,340,0.6,
2EQ16667,B793_Canon각인_2,2,0.5260891914367676,6,236,1.05,
2EQ16667,6416_2206N명판_3,3,0.42891642451286316,566,356,0.6,
2EQ16667,3102_현상가압라벨_4,4,0.6801683306694031,648,14,0.6,
2EQ16667,3699_레버피스_4,4,0.6606806516647339,650,18,0.6,
2EQ16667,1525_▲▲▲라벨_5,5,0.92519611120224,156,234,0.6,
2EQ16667,2917_코마_6,6,0.8415574431419373,654,42,0.6,
2EQ16667,1525_▲▲▲라벨_7,7,0.5818544030189514,524,484,0.9,
2EQ16667,0000_모듈러카바_8,8,0.43613409996032715,262,522,0.6,
2EQ16667,3780_전원스위치_9,9,0.7588669061660767,784,202,0.6,
2EQ16667,V242_카바라이트_10,10,0.7772172093391418,430,604,0.6,
2EQ16667,V242_카바라이트_11,11,0.7862982153892517,562,658,0.6,
2EQ16667,3779_압판스토퍼_12,12,0.5835814476013184,746,124,0.9,
2EQ16667,3779_압판스토퍼_14,14,0.7580669522285461,510,360,0.6,
2EQ16668,C551_토너라벨_1,1,0.3238525986671448,440,448,0.6,
2EQ16668,B793_Canon각인_2,2,0.53571617603302,24,360,1.05,
2EQ16668,6416_2206N명판_3,3,0.412142813205719,710,652,0.6,
2EQ16668,3102_현상가압라벨_4,4,0.6164917945861816,604,86,0.6,
2EQ16668,3699_레버피스_4,4,0.6197875738143921,224,28,0.6,
2EQ16668,1525_▲▲▲라벨_5,5,0.9234291911125183,196,468,0.6,
2EQ16668,2917_코마_6,6,0.8267616629600525,710,136,0.6,
2EQ16668,1525_▲▲▲라벨_7,7,0.5784810185432434,470,602,0.75,
2EQ16668,0000_모듈러카바_8,8,0.5267482399940491,282,506,0.6,
2EQ16668,3780_전원스위치_9,9,0.7552400827407837,782,202,0.6,
2EQ16668,V242_카바라이트_10,10,0.7846248745918274,476,136,0.6,
2EQ16668,V242_카바라이트_11,11,0.7614265084266663,722,622,0.6,
2EQ16668,3779_압판스토퍼_12,12,0.49274852871894836,468,186,0.9,
2EQ16668,3779_압판스토퍼_14,14,0.7279223799705505,354,394,0.6,
2EQ16669,C551_토너라벨_1,1,0.3309209644794464,526,388,0.6,
2EQ16669,B793_Canon각인_2,2,0.5666122436523438,54,328,1.05,
2EQ16669,6416_2206N명판_3,3,0.5338031053543091,140,424,1.2,
2EQ16669,3102_현상가압라벨_4,4,0.6179938316345215,800,0,0.6,
2EQ16669,3699_레버피스_4,4,0.6604964733123779,862,178,0.6,
2EQ16669,1525_▲▲▲라벨_5,5,0.9220431447029114,816,226,0.6,
2EQ16669,2917_코마_6,6,0.85274338722229,326,376,0.6,
2EQ16669,1525_▲▲▲라벨_7,7,0.5436829924583435,682,264,0.75,
2EQ16669,0000_모듈러카바_8,8,0.49382126331329346,236,464,0.6,
2EQ16669,3780_전원스위치_9,9,0.7580891251564026,388,392,0.6,
2EQ16669,V242_카바라이트_10,10,0.7746288180351257,506,160,0.6,
2EQ16669,V242_카바라이트_11,11,0.7496537566184998,494,660,0.6,
2EQ16669,3779_압판스토퍼_12,12,0.5607466101646423,830,392,0.9,
2EQ16669,3779_압판스토퍼_14,14,0.7673467397689819,240,212,0.75,
2EQ16670,C551_토너라벨_1,1,0.3485119938850403,490,442,0.6,
2EQ16670,B793_Canon각인_2,2,0.540061891078949,32,350,1.05,
2EQ16670,6416_2206N명판_3,3,0.4854053258895874,90,406,1.2,
2EQ16670,3102_현상가압라벨_4,4,0.594708263874054,810,306,0.6,
2EQ16670,3699_레버피스_4,4,0.6790467500686646,874,166,0.6,
2EQ16670,1525_▲▲▲라벨_5,5,0.9290661811828613,156,230,0.6,
2EQ16670,2917_코마_6,6,0.8537701964378357,562,284,0.6,
2EQ16670,1525_▲▲▲라벨_7,7,0.5543122887611389,528,470,0.6,
2EQ16670,0000_모듈러카바_8,8,0.40925920009613037,302,504,0.6,
2EQ16670,3780_전원스위치_9,9,0.7521089315414429,784,202,0.6,
2EQ16670,V242_카바라이트_10,10,0.789021372795105,432,596,0.6,
2EQ16670,V242_카바라이트_11,11,0.7801809310913086,726,614,0.6,
2EQ16670,3779_압판스토퍼_12,12,0.5591089129447937,214,422,0.9,
2EQ16670,3779_압판스토퍼_14,14,0.7495567202568054,542,152,0.6,
2EQ16671,C551_토너라벨_1,1,0.3864149749279022,530,366,0.6,
2EQ16671,B793_Canon각인_2,2,0.5963087677955627,20,402,1.05,
2EQ16671,6416_2206N명판_3,3,0.43271151185035706,142,472,1.2,
2EQ16671,3102_현상가압라벨_4,4,0.6290212273597717,896,316,0.6,
2EQ16671,3699_레버피스_4,4,0.6561763286590576,862,178,0.6,
2EQ16671,1525_▲▲▲라벨_5,5,0.9235283732414246,244,414,0.75,
2EQ16671,2917_코마_6,6,0.8607926964759827,588,598,0.6,
2EQ16671,1525_▲▲▲라벨_7,7,0.5311028957366943,360,196,0.9,
2EQ16671,0000_모듈러카바_8,8,0.47815456986427307,286,488,0.6,
2EQ16671,3780_전원스위치_9,9,0.7616800665855408,782,202,0.6,
2EQ16671,V242_카바라이트_10,10,0.780361533164978,434,586,0.6,
2EQ16671,V242_카바라이트_11,11,0.7571843266487122,524,612,0.6,
2EQ16671,3779_압판스토퍼_12,12,0.49520158767700195,116,544,0.9,
2EQ16671,3779_압판스토퍼_14,14,0.7740670442581177,502,198,0.75,
2EQ16672,C551_토너라벨_1,1,0.35630813241004944,538,306,0.6,
2EQ16672,B793_Canon각인_2,2,0.5474976897239685,66,318,1.05,
2EQ16672,6416_2206N명판_3,3,0.5004210472106934,194,400,1.2,
2EQ16672,3102_현상가압라벨_4,4,0.6349157094955444,906,308,0.6,
2EQ16672,3699_레버피스_4,4,0.6539329886436462,886,160,0.6,
2EQ16672,1525_▲▲▲라벨_5,5,0.9252044558525085,798,230,0.6,
2EQ16672,2917_코마_6,6,0.8293399810791016,682,40,0.6,
2EQ16672,1525_▲▲▲라벨_7,7,0.6104426383972168,546,570,0.9,
2EQ16672,0000_모듈러카바_8,8,0.5356752276420593,276,502,0.6,
2EQ16672,3780_전원스위치_9,9,0.7577424645423889,784,202,0.6,
2EQ16672,V242_카바라이트_10,10,0.7859645485877991,444,588,0.6,
2EQ16672,V242_카바라이트_11,11,0.7655113935470581,720,142,0.6,
2EQ16672,3779_압판스토퍼_12,12,0.5965092778205872,694,154,0.9,
2EQ16672,3779_압판스토퍼_14,14,0.7623444199562073,368,348,0.6,
2EQ16673,C551_토너라벨_1,1,0.3141159415245056,146,226,0.6,
2EQ16673,B793_Canon각인_2,2,0.47977834939956665,14,308,1.05,
2EQ16673,6416_2206N명판_3,3,0.5208276510238647,210,314,1.2,
2EQ16673,3102_현상가압라벨_4,4,0.6929750442504883,550,40,0.6,
2EQ16673,3699_레버피스_4,4,0.6526995897293091,188,16,0.9,
2EQ16673,1525_▲▲▲라벨_5,5,0.9359585642814636,798,228,0.6,
2EQ16673,2917_코마_6,6,0.8491288423538208,926,530,0.6,
2EQ16673,1525_▲▲▲라벨_7,7,0.5502281785011292,606,660,0.9,
2EQ16673,0000_모듈러카바_8,8,0.5330746173858643,298,522,0.6,
2EQ16673,3780_전원스위치_9,9,0.7546314597129822,784,202,0.6,
2EQ16673,V242_카바라이트_10,10,0.7764456272125244,492,132,0.6,
2EQ16673,V242_카바라이트_11,11,0.78785240650177,510,650,0.6,
2EQ16673,3779_압판스토퍼_12,12,0.5790082812309265,474,226,0.9,
2EQ16673,3779_압판스토퍼_14,14,0.7520982027053833,210,172,0.75,
2EQ16674,C551_토너라벨_1,1,0.32391345500946045,608,388,0.6,
2EQ16674,B793_Canon각인_2,2,0.5451145768165588,48,336,1.05,
2EQ16674,6416_2206N명판_3,3,0.4132121503353119,190,376,1.2,
2EQ16674,3102_현상가압라벨_4,4,0.5978732705116272,780,0,0.6,
2EQ16674,3699_레버피스_4,4,0.6369724869728088,866,172,0.6,
2EQ16674,1525_▲▲▲라벨_5,5,0.9178898334503174,154,228,0.6,
2EQ16674,2917_코마_6,6,0.8554162979125977,314,380,0.6,
2EQ16674,1525_▲▲▲라벨_7,7,0.5440033078193665,680,296,0.9,
2EQ16674,0000_모듈러카바_8,8,0.5554909706115723,284,446,0.6,
2EQ16674,3780_전원스위치_9,9,0.7496916055679321,782,202,0.6,
2EQ16674,V242_카바라이트_10,10,0.7862772345542908,490,150,0.6,
2EQ16674,V242_카바라이트_11,11,0.7824339270591736,508,646,0.6,
2EQ16674,3779_압판스토퍼_12,12,0.6146688461303711,834,432,0.9,
2EQ16674,3779_압판스토퍼_14,14,0.7413666248321533,344,454,0.6,
2EQ16675,C551_토너라벨_1,1,0.3329792320728302,290,280,0.6,
2EQ16675,B793_Canon각인_2,2,0.4486566483974457,34,254,1.05,
2EQ16675,6416_2206N명판_3,3,0.4650099277496338,226,342,1.2,
2EQ16675,3102_현상가압라벨_4,4,0.6556839942932129,514,2,0.9,
2EQ16675,3699_레버피스_4,4,0.6272453665733337,546,32,0.6,
2EQ16675,1525_▲▲▲라벨_5,5,0.9261393547058105,800,232,0.6,
2EQ16675,2917_코마_6,6,0.8420604467391968,932,544,0.6,
2EQ16675,1525_▲▲▲라벨_7,7,0.6282831430435181,526,514,0.9,
2EQ16675,0000_모듈러카바_8,8,0.5425023436546326,288,542,0.6,
2EQ16675,3780_전원스위치_9,9,0.7517209649085999,784,202,0.6,
2EQ16675,V242_카바라이트_10,10,0.7835784554481506,488,134,0.6,
2EQ16675,V242_카바라이트_11,11,0.7919681668281555,516,640,0.6,
2EQ16675,3779_압판스토퍼_12,12,0.5891773104667664,456,190,0.9,
2EQ16675,3779_압판스토퍼_14,14,0.7437013983726501,244,194,0.75,
2EQ16676,C551_토너라벨_1,1,0.346310019493103,564,366,0.6,
2EQ16676,B793_Canon각인_2,2,0.5358664989471436,92,382,1.05,
2EQ16676,6416_2206N명판_3,3,0.5449774265289307,186,402,1.2,
2EQ16676,3102_현상가압라벨_4,4,0.6090010404586792,886,338,0.6,
2EQ16676,3699_레버피스_4,4,0.6809598803520203,884,160,0.6,
2EQ16676,1525_▲▲▲라벨_5,5,0.9208511710166931,142,224,0.75,
2EQ16676,2917_코마_6,6,0.8530646562576294,300,372,0.6,
2EQ16676,1525_▲▲▲라벨_7,7,0.515928328037262,642,264,0.6,
2EQ16676,0000_모듈러카바_8,8,0.41338956356048584,240,498,0.6,
2EQ16676,3780_전원스위치_9,9,0.7636063694953918,308,408,0.6,
2EQ16676,V242_카바라이트_10,10,0.8051134943962097,494,144,0.6,
2EQ16676,V242_카바라이트_11,11,0.7898091077804565,498,630,0.6,
2EQ16676,3779_압판스토퍼_12,12,0.6143152713775635,546,420,0.9,
2EQ16676,3779_압판스토퍼_14,14,0.758529543876648,322,438,0.6,
2EQ16677,C551_토너라벨_1,1,0.3301922380924225,594,354,0.6,
2EQ16677,B793_Canon각인_2,2,0.5887019634246826,68,370,1.05,
2EQ16677,6416_2206N명판_3,3,0.4485931694507599,226,314,1.2,
2EQ16677,3102_현상가압라벨_4,4,0.6581111550331116,522,2,0.9,
2EQ16677,3699_레버피스_4,4,0.670060396194458,190,14,0.9,
2EQ16677,1525_▲▲▲라벨_5,5,0.9359437227249146,804,228,0.6,
2EQ16677,2917_코마_6,6,0.8648236393928528,926,574,0.6,
2EQ16677,1525_▲▲▲라벨_7,7,0.5427534580230713,556,534,0.9,
2EQ16677,0000_모듈러카바_8,8,0.47812619805336,216,488,0.6,
2EQ16677,3780_전원스위치_9,9,0.7619933485984802,782,202,0.6,
2EQ16677,V242_카바라이트_10,10,0.7899906039237976,496,136,0.6,
2EQ16677,V242_카바라이트_11,11,0.7669705748558044,722,622,0.6,
2EQ16677,3779_압판스토퍼_12,12,0.5778372287750244,402,184,0.9,
2EQ16677,3779_압판스토퍼_14,14,0.7552315592765808,354,394,0.6,
2EQ16678,C551_토너라벨_1,1,0.3172589838504791,148,226,0.6,
2EQ16678,B793_Canon각인_2,2,0.5506208539009094,28,358,1.05,
2EQ16678,6416_2206N명판_3,3,0.44048118591308594,522,208,0.6,
2EQ16678,3102_현상가압라벨_4,4,0.6037843823432922,588,60,0.6,
2EQ16678,3699_레버피스_4,4,0.5962494611740112,196,28,0.6,
2EQ16678,1525_▲▲▲라벨_5,5,0.9248058795928955,812,230,0.6,
2EQ16678,2917_코마_6,6,0.852408230304718,934,566,0.6,
2EQ16678,1525_▲▲▲라벨_7,7,0.5934222936630249,498,550,0.75,
2EQ16678,0000_모듈러카바_8,8,0.48868390917778015,246,514,0.6,
2EQ16678,3780_전원스위치_9,9,0.7574062347412109,782,202,0.6,
2EQ16678,V242_카바라이트_10,10,0.7852534651756287,496,132,0.6,
2EQ16678,V242_카바라이트_11,11,0.7958982586860657,502,650,0.6,
2EQ16678,3779_압판스토퍼_12,12,0.5725835561752319,386,192,0.9,
2EQ16678,3779_압판스토퍼_14,14,0.753326952457428,210,174,0.6,
2EQ16679,C551_토너라벨_1,1,0.3898433744907379,398,152,0.6,
2EQ16679,B793_Canon각인_2,2,0.5752203464508057,2,320,1.05,
2EQ16679,6416_2206N명판_3,3,0.5552470684051514,172,340,1.2,
2EQ16679,3102_현상가압라벨_4,4,0.6217920184135437,796,342,0.6,
2EQ16679,3699_레버피스_4,4,0.6291396021842957,870,168,0.6,
2EQ16679,1525_▲▲▲라벨_5,5,0.9347357749938965,344,418,0.75,
2EQ16679,2917_코마_6,6,0.8461639881134033,486,322,0.6,
2EQ16679,1525_▲▲▲라벨_7,7,0.5471994876861572,496,482,0.6,
2EQ16679,0000_모듈러카바_8,8,0.5312514305114746,220,476,0.6,
2EQ16679,3780_전원스위치_9,9,0.7535625696182251,784,202,0.6,
2EQ16679,V242_카바라이트_10,10,0.7870082259178162,418,612,0.6,
2EQ16679,V242_카바라이트_11,11,0.7558977007865906,490,620,0.75,
2EQ16679,3779_압판스토퍼_12,12,0.556293785572052,622,14,0.9,
2EQ16679,3779_압판스토퍼_14,14,0.7633225917816162,454,326,0.75,
2EQ16680,C551_토너라벨_1,1,0.3188877999782562,148,226,0.6,
2EQ16680,B793_Canon각인_2,2,0.452513724565506,70,328,1.05,
2EQ16680,6416_2206N명판_3,3,0.42399483919143677,426,204,0.75,
2EQ16680,3102_현상가압라벨_4,4,0.7049976587295532,554,0,0.6,
2EQ16680,3699_레버피스_4,4,0.6325111389160156,532,6,0.6,
2EQ16680,1525_▲▲▲라벨_5,5,0.9303527474403381,796,224,0.75,
2EQ16680,2917_코마_6,6,0.8569447994232178,932,556,0.6,
2EQ16680,1525_▲▲▲라벨_7,7,0.6086729764938354,464,542,0.75,
2EQ16680,0000_모듈러카바_8,8,0.5236709713935852,346,508,0.6,
2EQ16680,3780_전원스위치_9,9,0.7531802654266357,782,202,0.6,
2EQ16680,V242_카바라이트_10,10,0.7758818864822388,440,592,0.6,
2EQ16680,V242_카바라이트_11,11,0.7750435471534729,504,634,0.6,
2EQ16680,3779_압판스토퍼_12,12,0.561232328414917,290,160,0.9,
2EQ16680,3779_압판스토퍼_14,14,0.7243694067001343,512,424,0.6,
2EQ16681,C551_토너라벨_1,1,0.3447195589542389,524,410,0.6,
2EQ16681,B793_Canon각인_2,2,0.5357780456542969,4,300,1.05,
2EQ16681,6416_2206N명판_3,3,0.5304728746414185,134,400,1.2,
2EQ16681,3102_현상가압라벨_4,4,0.5856858491897583,838,324,0.6,
2EQ16681,3699_레버피스_4,4,0.6367930173873901,868,174,0.6,
2EQ16681,1525_▲▲▲라벨_5,5,0.9334137439727783,154,240,0.6,
2EQ16681,2917_코마_6,6,0.8359544277191162,938,228,0.6,
2EQ16681,1525_▲▲▲라벨_7,7,0.5297291874885559,714,4,0.9,
2EQ16681,0000_모듈러카바_8,8,0.45068860054016113,176,468,0.6,
2EQ16681,3780_전원스위치_9,9,0.7460788488388062,784,202,0.6,
2EQ16681,V242_카바라이트_10,10,0.7678007483482361,496,172,0.6,
2EQ16681,V242_카바라이트_11,11,0.7432993650436401,506,642,0.6,
2EQ16681,3779_압판스토퍼_12,12,0.5446387529373169,642,74,0.9,
2EQ16681,3779_압판스토퍼_14,14,0.7438551187515259,400,370,0.6,
2EQ16682,C551_토너라벨_1,1,0.39021915197372437,378,260,0.6,
2EQ16682,B793_Canon각인_2,2,0.5873956680297852,80,330,1.05,
2EQ16682,6416_2206N명판_3,3,0.5483546853065491,226,384,1.2,
2EQ16682,3102_현상가압라벨_4,4,0.612697184085846,868,366,0.6,
2EQ16682,3699_레버피스_4,4,0.6865026354789734,868,168,0.6,
2EQ16682,1525_▲▲▲라벨_5,5,0.9271994233131409,376,362,0.6,
2EQ16682,2917_코마_6,6,0.8598897457122803,40,390,0.6,
2EQ16682,1525_▲▲▲라벨_7,7,0.5728180408477783,694,286,0.9,
2EQ16682,0000_모듈러카바_8,8,0.517601490020752,258,462,0.6,
2EQ16682,3780_전원스위치_9,9,0.7631625533103943,376,412,0.6,
2EQ16682,V242_카바라이트_10,10,0.7671709656715393,412,610,0.6,
2EQ16682,V242_카바라이트_11,11,0.7449389100074768,502,650,0.6,
2EQ16682,3779_압판스토퍼_12,12,0.5795255303382874,630,96,0.9,
2EQ16682,3779_압판스토퍼_14,14,0.7964025139808655,516,496,0.6,
2EQ16683,C551_토너라벨_1,1,0.3154383897781372,446,336,0.75,
2EQ16683,B793_Canon각인_2,2,0.49906793236732483,22,456,1.05,
2EQ16683,6416_2206N명판_3,3,0.437698096036911,544,302,0.6,
2EQ16683,3102_현상가압라벨_4,4,0.5991824269294739,688,238,0.6,
2EQ16683,3699_레버피스_4,4,0.5830727219581604,234,594,0.6,
2EQ16683,1525_▲▲▲라벨_5,5,0.933391809463501,392,462,0.6,
2EQ16683,2917_코마_6,6,0.8453457355499268,752,556,0.6,
2EQ16683,1525_▲▲▲라벨_7,7,0.5544772148132324,496,588,0.6,
2EQ16683,0000_모듈러카바_8,8,0.48270976543426514,286,482,0.6,
2EQ16683,3780_전원스위치_9,9,0.7566078901290894,784,202,0.6,
2EQ16683,V242_카바라이트_10,10,0.7821551561355591,452,598,0.6,
2EQ16683,V242_카바라이트_11,11,0.7836403250694275,538,636,0.6,
2EQ16683,3779_압판스토퍼_12,12,0.6035837531089783,252,136,0.9,
2EQ16683,3779_압판스토퍼_14,14,0.7582117915153503,210,170,0.75,
2EQ16684,C551_토너라벨_1,1,0.40546566247940063,462,290,0.6,
2EQ16684,B793_Canon각인_2,2,0.48697429895401,10,400,1.05,
2EQ16684,6416_2206N명판_3,3,0.5202975273132324,158,276,1.2,
2EQ16684,3102_현상가압라벨_4,4,0.6293409466743469,668,2,0.6,
2EQ16684,3699_레버피스_4,4,0.6748589873313904,472,26,0.9,
2EQ16684,1525_▲▲▲라벨_5,5,0.928728461265564,344,454,0.6,
2EQ16684,2917_코마_6,6,0.8371279835700989,64,384,0.6,
2EQ16684,1525_▲▲▲라벨_7,7,0.6108078360557556,498,530,0.9,
2EQ16684,0000_모듈러카바_8,8,0.5638192892074585,314,492,0.6,
2EQ16684,3780_전원스위치_9,9,0.754088819026947,784,202,0.6,
2EQ16684,V242_카바라이트_10,10,0.7883793711662292,412,602,0.6,
2EQ16684,V242_카바라이트_11,11,0.7559588551521301,512,676,0.6,
2EQ16684,3779_압판스토퍼_12,12,0.6031994223594666,460,170,0.9,
2EQ16684,3779_압판스토퍼_14,14,0.7490427494049072,150,564,0.6,
2EQ16685,C551_토너라벨_1,1,0.3069658577442169,146,226,0.6,
2EQ16685,B793_Canon각인_2,2,0.4907721281051636,84,322,1.05,
2EQ16685,6416_2206N명판_3,3,0.44388553500175476,210,304,1.2,
2EQ16685,3102_현상가압라벨_4,4,0.6081893444061279,506,74,0.6,
2EQ16685,3699_레버피스_4,4,0.6182771325111389,190,16,0.75,
2EQ16685,1525_▲▲▲라벨_5,5,0.9256525635719299,800,230,0.6,
2EQ16685,2917_코마_6,6,0.842297375202179,14,598,0.6,
2EQ16685,1525_▲▲▲라벨_7,7,0.5239760279655457,664,184,0.6,
2EQ16685,0000_모듈러카바_8,8,0.4799158573150635,248,456,0.6,
2EQ16685,3780_전원스위치_9,9,0.7573854327201843,784,202,0.6,
2EQ16685,V242_카바라이트_10,10,0.774087131023407,494,122,0.6,
2EQ16685,V242_카바라이트_11,11,0.791961669921875,556,650,0.6,
2EQ16685,3779_압판스토퍼_12,12,0.5881866812705994,388,188,0.9,
2EQ16685,3779_압판스토퍼_14,14,0.7502473592758179,488,344,0.6,
2EQ16686,C551_토너라벨_1,1,0.32431328296661377,820,404,0.6,
2EQ16686,B793_Canon각인_2,2,0.4610232710838318,30,380,1.05,
2EQ16686,6416_2206N명판_3,3,0.48378610610961914,348,372,1.2,
2EQ16686,3102_현상가압라벨_4,4,0.615321695804596,526,68,0.6,
2EQ16686,3699_레버피스_4,4,0.5885339379310608,568,52,0.6,
2EQ16686,1525_▲▲▲라벨_5,5,0.9228416085243225,154,234,0.6,
2EQ16686,2917_코마_6,6,0.8538408279418945,696,142,0.6,
2EQ16686,1525_▲▲▲라벨_7,7,0.575786292552948,526,494,0.9,
2EQ16686,0000_모듈러카바_8,8,0.5036322474479675,312,494,0.6,
2EQ16686,3780_전원스위치_9,9,0.7551236748695374,782,202,0.6,
2EQ16686,V242_카바라이트_10,10,0.7778032422065735,436,586,0.6,
2EQ16686,V242_카바라이트_11,11,0.7875227332115173,564,644,0.6,
2EQ16686,3779_압판스토퍼_12,12,0.5480678677558899,72,602,0.9,
2EQ16686,3779_압판스토퍼_14,14,0.7466597557067871,878,430,0.6,
2EQ16687,C551_토너라벨_1,1,0.3429102897644043,524,306,0.6,
2EQ16687,B793_Canon각인_2,2,0.5392299890518188,38,382,1.05,
2EQ16687,6416_2206N명판_3,3,0.47383347153663635,206,318,1.2,
2EQ16687,3102_현상가압라벨_4,4,0.57859206199646,650,686,0.6,
2EQ16687,3699_레버피스_4,4,0.6305961608886719,218,26,0.6,
2EQ16687,1525_▲▲▲라벨_5,5,0.9177306890487671,144,226,0.75,
2EQ16687,2917_코마_6,6,0.8512052893638611,930,564,0.6,
2EQ16687,1525_▲▲▲라벨_7,7,0.5716604590415955,562,558,0.75,
2EQ16687,0000_모듈러카바_8,8,0.47460776567459106,288,522,0.6,
2EQ16687,3780_전원스위치_9,9,0.7539223432540894,782,202,0.6,
2EQ16687,V242_카바라이트_10,10,0.7862904071807861,454,610,0.6,
2EQ16687,V242_카바라이트_11,11,0.7991008758544922,542,642,0.6,
2EQ16687,3779_압판스토퍼_12,12,0.614724338054657,804,58,0.9,
2EQ16687,3779_압판스토퍼_14,14,0.7645785808563232,40,466,0.6,
2EQ16688,C551_토너라벨_1,1,0.3059222996234894,146,228,0.6,
2EQ16688,B793_Canon각인_2,2,0.4987686276435852,14,378,1.05,
2EQ16688,6416_2206N명판_3,3,0.43092313408851624,552,288,0.6,
2EQ16688,3102_현상가압라벨_4,4,0.6825035214424133,604,54,0.6,
2EQ16688,3699_레버피스_4,4,0.6632025241851807,606,56,0.6,
2EQ16688,1525_▲▲▲라벨_5,5,0.9269742965698242,190,474,0.75,
2EQ16688,2917_코마_6,6,0.8475456237792969,848,552,0.6,
2EQ16688,1525_▲▲▲라벨_7,7,0.6158004403114319,550,518,0.9,
2EQ16688,0000_모듈러카바_8,8,0.5898486375808716,274,536,0.6,
2EQ16688,3780_전원스위치_9,9,0.7582331895828247,782,202,0.6,
2EQ16688,V242_카바라이트_10,10,0.777625322341919,422,608,0.6,
2EQ16688,V242_카바라이트_11,11,0.7643946409225464,728,618,0.6,
2EQ16688,3779_압판스토퍼_12,12,0.575848400592804,730,142,0.9,
2EQ16688,3779_압판스토퍼_14,14,0.7551942467689514,568,370,0.6,
2EQ16689,C551_토너라벨_1,1,0.35858437418937683,520,410,0.6,
2EQ16689,B793_Canon각인_2,2,0.5358433127403259,54,328,1.05,
2EQ16689,6416_2206N명판_3,3,0.49505186080932617,198,384,1.2,
2EQ16689,3102_현상가압라벨_4,4,0.620539665222168,874,360,0.6,
2EQ16689,3699_레버피스_4,4,0.6391544342041016,882,160,0.6,
2EQ16689,1525_▲▲▲라벨_5,5,0.9079867005348206,240,468,0.6,
2EQ16689,2917_코마_6,6,0.8542726039886475,894,536,0.6,
2EQ16689,1525_▲▲▲라벨_7,7,0.5721752643585205,500,512,0.9,
2EQ16689,0000_모듈러카바_8,8,0.5164021849632263,288,530,0.6,
2EQ16689,3780_전원스위치_9,9,0.7430000305175781,782,202,0.6,
2EQ16689,V242_카바라이트_10,10,0.7829271554946899,502,126,0.6,
2EQ16689,V242_카바라이트_11,11,0.751491129398346,560,648,0.6,
2EQ16689,3779_압판스토퍼_12,12,0.5844328999519348,202,518,0.9,
2EQ16689,3779_압판스토퍼_14,14,0.7571815848350525,228,188,0.75,
2EQ16690,C551_토너라벨_1,1,0.35847553610801697,504,386,0.6,
2EQ16690,B793_Canon각인_2,2,0.5766750574111938,78,302,1.05,
2EQ16690,6416_2206N명판_3,3,0.42114701867103577,188,378,1.2,
2EQ16690,3102_현상가압라벨_4,4,0.5799193978309631,276,524,0.6,
2EQ16690,3699_레버피스_4,4,0.5945931673049927,900,168,0.6,
2EQ16690,1525_▲▲▲라벨_5,5,0.9253510236740112,804,230,0.6,
2EQ16690,2917_코마_6,6,0.8703218102455139,938,550,0.6,
2EQ16690,1525_▲▲▲라벨_7,7,0.5640093684196472,518,530,0.6,
2EQ16690,0000_모듈러카바_8,8,0.4728369116783142,248,494,0.6,
2EQ16690,3780_전원스위치_9,9,0.7525144219398499,782,202,0.6,
2EQ16690,V242_카바라이트_10,10,0.7771664261817932,486,122,0.6,
2EQ16690,V242_카바라이트_11,11,0.7678928375244141,506,618,0.6,
2EQ16690,3779_압판스토퍼_12,12,0.5392841696739197,270,474,0.9,
2EQ16690,3779_압판스토퍼_14,14,0.745979905128479,290,366,0.6,
2EQ16691,C551_토너라벨_1,1,0.37552961707115173,526,318,0.6,
2EQ16691,B793_Canon각인_2,2,0.5534172654151917,22,322,1.05,
2EQ16691,6416_2206N명판_3,3,0.46017250418663025,244,274,1.2,
2EQ16691,3102_현상가압라벨_4,4,0.5991273522377014,518,60,0.6,
2EQ16691,3699_레버피스_4,4,0.598598301410675,722,12,0.6,
2EQ16691,1525_▲▲▲라벨_5,5,0.9230467081069946,256,472,0.6,
2EQ16691,2917_코마_6,6,0.8606349229812622,680,162,0.6,
2EQ16691,1525_▲▲▲라벨_7,7,0.5631986260414124,630,662,0.9,
2EQ16691,0000_모듈러카바_8,8,0.5698199272155762,336,522,0.6,
2EQ16691,3780_전원스위치_9,9,0.7582210898399353,784,202,0.6,
2EQ16691,V242_카바라이트_10,10,0.7730231285095215,432,594,0.6,
2EQ16691,V242_카바라이트_11,11,0.7480317950248718,558,636,0.6,
2EQ16691,3779_압판스토퍼_12,12,0.5852274894714355,518,252,0.9,
2EQ16691,3779_압판스토퍼_14,14,0.7449358105659485,644,198,0.75,
2EQ16692,C551_토너라벨_1,1,0.32112106680870056,494,310,0.6,
2EQ16692,B793_Canon각인_2,2,0.555995762348175,54,316,1.05,
2EQ16692,6416_2206N명판_3,3,0.4172397255897522,198,408,1.2,
2EQ16692,3102_현상가압라벨_4,4,0.6108488440513611,798,348,0.6,
2EQ16692,3699_레버피스_4,4,0.6834220886230469,864,174,0.6,
2EQ16692,1525_▲▲▲라벨_5,5,0.9135772585868835,154,232,0.6,
2EQ16692,2917_코마_6,6,0.8464319109916687,122,418,0.6,
2EQ16692,1525_▲▲▲라벨_7,7,0.5723253488540649,692,300,0.75,
2EQ16692,0000_모듈러카바_8,8,0.5269298553466797,174,388,0.6,
2EQ16692,3780_전원스위치_9,9,0.7576794028282166,784,202,0.6,
2EQ16692,V242_카바라이트_10,10,0.7816761136054993,510,150,0.6,
2EQ16692,V242_카바라이트_11,11,0.7755348086357117,514,640,0.6,
2EQ16692,3779_압판스토퍼_12,12,0.6207922697067261,592,350,0.9,
2EQ16692,3779_압판스토퍼_14,14,0.717708945274353,166,624,0.6,
2EQ16693,C551_토너라벨_1,1,0.3319387137889862,534,352,0.6,
2EQ16693,B793_Canon각인_2,2,0.5059433579444885,10,416,1.05,
2EQ16693,6416_2206N명판_3,3,0.4368676245212555,232,342,1.2,
2EQ16693,3102_현상가압라벨_4,4,0.6149142980575562,618,68,0.6,
2EQ16693,3699_레버피스_4,4,0.6192256808280945,160,36,0.6,
2EQ16693,1525_▲▲▲라벨_5,5,0.9057986736297607,818,228,0.6,
2EQ16693,2917_코마_6,6,0.8563463687896729,694,158,0.6,
2EQ16693,1525_▲▲▲라벨_7,7,0.5598834753036499,586,486,0.75,
2EQ16693,0000_모듈러카바_8,8,0.4227699637413025,256,548,0.6,
2EQ16693,3780_전원스위치_9,9,0.7563122510910034,782,202,0.6,
2EQ16693,V242_카바라이트_10,10,0.7780184745788574,438,592,0.6,
2EQ16693,V242_카바라이트_11,11,0.7510422468185425,728,606,0.6,
2EQ16693,3779_압판스토퍼_12,12,0.5438963770866394,524,60,0.9,
2EQ16693,3779_압판스토퍼_14,14,0.7561746835708618,210,176,0.6,
2EQ16694,C551_토너라벨_1,1,0.31906265020370483,500,410,0.6,
2EQ16694,B793_Canon각인_2,2,0.5302134156227112,26,324,1.05,
2EQ16694,6416_2206N명판_3,3,0.46370816230773926,222,312,1.2,
2EQ16694,3102_현상가압라벨_4,4,0.6035466194152832,512,98,0.6,
2EQ16694,3699_레버피스_4,4,0.6275569200515747,686,10,0.6,
2EQ16694,1525_▲▲▲라벨_5,5,0.9246322512626648,800,226,0.75,
2EQ16694,2917_코마_6,6,0.8577620983123779,700,138,0.6,
2EQ16694,1525_▲▲▲라벨_7,7,0.565488338470459,484,566,0.75,
2EQ16694,0000_모듈러카바_8,8,0.5033984184265137,294,536,0.6,
2EQ16694,3780_전원스위치_9,9,0.7552912831306458,784,202,0.6,
2EQ16694,V242_카바라이트_10,10,0.7772126197814941,428,590,0.6,
2EQ16694,V242_카바라이트_11,11,0.7762497663497925,722,614,0.6,
2EQ16694,3779_압판스토퍼_12,12,0.545673668384552,570,112,0.9,
2EQ16694,3779_압판스토퍼_14,14,0.7381284236907959,496,388,0.6,
2EQ16695,C551_토너라벨_1,1,0.36769890785217285,520,256,0.6,
2EQ16695,B793_Canon각인_2,2,0.5523398518562317,0,320,1.05,
2EQ16695,6416_2206N명판_3,3,0.510109543800354,164,352,1.2,
2EQ16695,3102_현상가압라벨_4,4,0.6328164935112,906,320,0.6,
2EQ16695,3699_레버피스_4,4,0.6695705056190491,880,166,0.6,
2EQ16695,1525_▲▲▲라벨_5,5,0.9210459589958191,142,232,0.6,
2EQ16695,2917_코마_6,6,0.8264503479003906,904,248,0.6,
2EQ16695,1525_▲▲▲라벨_7,7,0.6125273108482361,708,302,0.6,
2EQ16695,0000_모듈러카바_8,8,0.49191319942474365,258,454,0.6,
2EQ16695,3780_전원스위치_9,9,0.7507741451263428,782,202,0.6,
2EQ16695,V242_카바라이트_10,10,0.7829110622406006,418,600,0.6,
2EQ16695,V242_카바라이트_11,11,0.7767198085784912,500,640,0.6,
2EQ16695,3779_압판스토퍼_12,12,0.6132068037986755,200,630,0.9,
2EQ16695,3779_압판스토퍼_14,14,0.7415425181388855,436,402,0.6,
2EQ16696,C551_토너라벨_1,1,0.326795369386673,430,446,0.6,
2EQ16696,B793_Canon각인_2,2,0.41974902153015137,0,310,1.05,
2EQ16696,6416_2206N명판_3,3,0.43599018454551697,492,272,0.9,
2EQ16696,3102_현상가압라벨_4,4,0.6493725180625916,616,0,0.6,
2EQ16696,3699_레버피스_4,4,0.6697553396224976,622,0,0.6,
2EQ16696,1525_▲▲▲라벨_5,5,0.9283865094184875,796,226,0.75,
2EQ16696,2917_코마_6,6,0.8540371060371399,30,590,0.6,
2EQ16696,1525_▲▲▲라벨_7,7,0.6047537922859192,558,512,0.9,
2EQ16696,0000_모듈러카바_8,8,0.47469964623451233,292,462,0.6,
2EQ16696,3780_전원스위치_9,9,0.7575210928916931,782,202,0.6,
2EQ16696,V242_카바라이트_10,10,0.7822868824005127,494,124,0.6,
2EQ16696,V242_카바라이트_11,11,0.7736421227455139,502,638,0.6,
2EQ16696,3779_압판스토퍼_12,12,0.5981794595718384,306,176,0.9,
2EQ16696,3779_압판스토퍼_14,14,0.7609079480171204,218,182,0.6,
2EQ16697,C551_토너라벨_1,1,0.33696433901786804,442,328,0.6,
2EQ16697,B793_Canon각인_2,2,0.5259543061256409,70,360,1.05,
2EQ16697,6416_2206N명판_3,3,0.49096542596817017,162,346,1.2,
2EQ16697,3102_현상가압라벨_4,4,0.6166484355926514,822,354,0.6,
2EQ16697,3699_레버피스_4,4,0.6822389960289001,868,172,0.6,
2EQ16697,1525_▲▲▲라벨_5,5,0.9167547225952148,290,414,0.6,
2EQ16697,2917_코마_6,6,0.862680971622467,454,338,0.6,
2EQ16697,1525_▲▲▲라벨_7,7,0.6381264328956604,706,288,0.9,
2EQ16697,0000_모듈러카바_8,8,0.5327521562576294,282,472,0.6,
2EQ16697,3780_전원스위치_9,9,0.7579780220985413,782,202,0.6,
2EQ16697,V242_카바라이트_10,10,0.7824392914772034,718,138,0.6,
2EQ16697,V242_카바라이트_11,11,0.7796562314033508,548,654,0.6,
2EQ16697,3779_압판스토퍼_12,12,0.5571092367172241,114,518,0.9,
2EQ16697,3779_압판스토퍼_14,14,0.7421697974205017,834,354,0.6,
2EQ16698,C551_토너라벨_1,1,0.3715211749076843,584,294,0.6,
2EQ16698,B793_Canon각인_2,2,0.5568180680274963,52,348,1.05,
2EQ16698,6416_2206N명판_3,3,0.4502060115337372,146,340,1.2,
2EQ16698,3102_현상가압라벨_4,4,0.6386888027191162,858,376,0.6,
2EQ16698,3699_레버피스_4,4,0.6497925519943237,866,174,0.6,
2EQ16698,1525_▲▲▲라벨_5,5,0.9287418127059937,156,230,0.6,
2EQ16698,2917_코마_6,6,0.8615369200706482,794,230,0.6,
2EQ16698,1525_▲▲▲라벨_7,7,0.5588738918304443,510,392,0.6,
2EQ16698,0000_모듈러카바_8,8,0.5314018726348877,308,462,0.6,
2EQ16698,3780_전원스위치_9,9,0.757619321346283,784,202,0.6,
2EQ16698,V242_카바라이트_10,10,0.7831543684005737,416,598,0.6,
2EQ16698,V242_카바라이트_11,11,0.735550582408905,720,508,0.6,
2EQ16698,3779_압판스토퍼_12,12,0.5737431049346924,266,144,0.9,
2EQ16698,3779_압판스토퍼_14,14,0.7720279097557068,224,184,0.6,
2EQ16699,C551_토너라벨_1,1,0.31887927651405334,566,250,0.6,
2EQ16699,B793_Canon각인_2,2,0.5670238137245178,46,312,1.05,
2EQ16699,6416_2206N명판_3,3,0.41951531171798706,644,354,0.6,
2EQ16699,3102_현상가압라벨_4,4,0.6628687977790833,622,8,0.9,
2EQ16699,3699_레버피스_4,4,0.6763216257095337,580,12,0.9,
2EQ16699,1525_▲▲▲라벨_5,5,0.9283738136291504,162,452,0.6,
2EQ16699,2917_코마_6,6,0.8357213735580444,912,562,0.6,
2EQ16699,1525_▲▲▲라벨_7,7,0.6014202833175659,534,488,0.9,
2EQ16699,0000_모듈러카바_8,8,0.5698832273483276,280,530,0.6,
2EQ16699,3780_전원스위치_9,9,0.743335485458374,782,202,0.6,
2EQ16699,V242_카바라이트_10,10,0.7817447185516357,432,598,0.6,
2EQ16699,V242_카바라이트_11,11,0.7696565985679626,562,658,0.6,
2EQ16699,3779_압판스토퍼_12,12,0.6116172075271606,602,264,0.9,
2EQ16699,3779_압판스토퍼_14,14,0.7457085847854614,536,354,0.6,
2EQ16700,C551_토너라벨_1,1,0.3140062987804413,570,440,0.6,
2EQ16700,B793_Canon각인_2,2,0.5392196178436279,4,376,1.05,
2EQ16700,6416_2206N명판_3,3,0.4671613574028015,222,340,1.2,
2EQ16700,3102_현상가압라벨_4,4,0.6490399837493896,560,6,0.9,
2EQ16700,3699_레버피스_4,4,0.6724668145179749,672,36,0.6,
2EQ16700,1525_▲▲▲라벨_5,5,0.9207658767700195,318,456,0.6,
2EQ16700,2917_코마_6,6,0.8627146482467651,926,542,0.6,
2EQ16700,1525_▲▲▲라벨_7,7,0.5840821266174316,596,494,0.9,
2EQ16700,0000_모듈러카바_8,8,0.5304152965545654,302,568,0.6,
2EQ16700,3780_전원스위치_9,9,0.7558194398880005,784,202,0.6,
2EQ16700,V242_카바라이트_10,10,0.7763243317604065,428,602,0.6,
2EQ16700,V242_카바라이트_11,11,0.7963128089904785,506,650,0.6,
2EQ16700,3779_압판스토퍼_12,12,0.570978581905365,734,138,0.9,
2EQ16700,3779_압판스토퍼_14,14,0.7596955895423889,650,50,0.6,
2EQ16701,C551_토너라벨_1,1,0.3265991508960724,530,482,0.6,
2EQ16701,B793_Canon각인_2,2,0.5721971392631531,88,348,1.05,
2EQ16701,6416_2206N명판_3,3,0.4574112892150879,220,410,1.2,
2EQ16701,3102_현상가압라벨_4,4,0.6362332701683044,710,222,0.6,
2EQ16701,3699_레버피스_4,4,0.5790934562683105,366,452,1.05,
2EQ16701,1525_▲▲▲라벨_5,5,0.9108325839042664,794,228,0.6,
2EQ16701,2917_코마_6,6,0.8549128174781799,522,622,0.6,
2EQ16701,1525_▲▲▲라벨_7,7,0.5466522574424744,734,314,0.6,
2EQ16701,0000_모듈러카바_8,8,0.5005079507827759,262,484,0.6,
2EQ16701,3780_전원스위치_9,9,0.738506019115448,406,412,0.6,
2EQ16701,V242_카바라이트_10,10,0.7934697866439819,492,182,0.6,
2EQ16701,V242_카바라이트_11,11,0.7922992706298828,508,650,0.6,
2EQ16701,3779_압판스토퍼_12,12,0.5854542851448059,786,88,0.9,
2EQ16701,3779_압판스토퍼_14,14,0.7600979804992676,514,178,0.75,
2EQ16702,C551_토너라벨_1,1,0.37237125635147095,612,374,0.6,
2EQ16702,B793_Canon각인_2,2,0.559568464756012,62,312,1.05,
2EQ16702,6416_2206N명판_3,3,0.44824907183647156,146,386,1.2,
2EQ16702,3102_현상가압라벨_4,4,0.6226054430007935,874,370,0.6,
2EQ16702,3699_레버피스_4,4,0.6676874160766602,866,172,0.6,
2EQ16702,1525_▲▲▲라벨_5,5,0.9238419532775879,796,228,0.6,
2EQ16702,2917_코마_6,6,0.8574419021606445,626,554,0.6,
2EQ16702,1525_▲▲▲라벨_7,7,0.5547049045562744,708,250,0.9,
2EQ16702,0000_모듈러카바_8,8,0.5106770396232605,246,514,0.6,
2EQ16702,3780_전원스위치_9,9,0.7552363872528076,782,202,0.6,
2EQ16702,V242_카바라이트_10,10,0.7794627547264099,430,598,0.6,
2EQ16702,V242_카바라이트_11,11,0.7870432138442993,564,652,0.6,
2EQ16702,3779_압판스토퍼_12,12,0.5560735464096069,218,506,0.9,
2EQ16702,3779_압판스토퍼_14,14,0.7564831376075745,556,244,0.6,
2EQ16703,C551_토너라벨_1,1,0.32669797539711,564,424,0.6,
2EQ16703,B793_Canon각인_2,2,0.6180378198623657,116,424,1.05,
2EQ16703,6416_2206N명판_3,3,0.52467280626297,314,342,1.2,
2EQ16703,3102_현상가압라벨_4,4,0.6121933460235596,578,94,0.6,
2EQ16703,3699_레버피스_4,4,0.651546061038971,596,14,0.6,
2EQ16703,1525_▲▲▲라벨_5,5,0.926430344581604,210,472,0.6,
2EQ16703,2917_코마_6,6,0.8475214838981628,684,154,0.6,
2EQ16703,1525_▲▲▲라벨_7,7,0.5765352249145508,628,510,0.9,
2EQ16703,0000_모듈러카바_8,8,0.5126575231552124,314,506,0.6,
2EQ16703,3780_전원스위치_9,9,0.7565749883651733,344,464,0.6,
2EQ16703,V242_카바라이트_10,10,0.7822147011756897,436,604,0.6,
2EQ16703,V242_카바라이트_11,11,0.7843217253684998,478,662,0.6,
2EQ16703,3779_압판스토퍼_12,12,0.6098877787590027,482,220,0.9,
2EQ16703,3779_압판스토퍼_14,14,0.7442656755447388,514,382,0.6,
2EQ16704,C551_토너라벨_1,1,0.34178051352500916,542,302,0.6,
2EQ16704,B793_Canon각인_2,2,0.5168696045875549,86,326,1.05,
2EQ16704,6416_2206N명판_3,3,0.5610238313674927,180,382,1.2,
2EQ16704,3102_현상가압라벨_4,4,0.6013749241828918,832,316,0.6,
2EQ16704,3699_레버피스_4,4,0.6581685543060303,870,168,0.6,
2EQ16704,1525_▲▲▲라벨_5,5,0.9107386469841003,140,230,0.75,
2EQ16704,2917_코마_6,6,0.8352485299110413,452,344,0.6,
2EQ16704,1525_▲▲▲라벨_7,7,0.5485168099403381,892,594,0.9,
2EQ16704,0000_모듈러카바_8,8,0.4843677282333374,166,386,0.6,
2EQ16704,3780_전원스위치_9,9,0.7307672500610352,764,202,0.6,
2EQ16704,V242_카바라이트_10,10,0.7607537508010864,472,164,0.75,
2EQ16704,V242_카바라이트_11,11,0.7770693898200989,506,624,0.6,
2EQ16704,3779_압판스토퍼_12,12,0.6116733551025391,786,350,0.9,
2EQ16704,3779_압판스토퍼_14,14,0.7952828407287598,508,196,0.6,
2EQ16705,C551_토너라벨_1,1,0.3607715666294098,504,354,0.6,
2EQ16705,B793_Canon각인_2,2,0.537988543510437,32,330,1.05,
2EQ16705,6416_2206N명판_3,3,0.45370304584503174,196,378,1.2,
2EQ16705,3102_현상가압라벨_4,4,0.5933778882026672,886,368,0.6,
2EQ16705,3699_레버피스_4,4,0.6565378308296204,874,164,0.6,
2EQ16705,1525_▲▲▲라벨_5,5,0.9306859374046326,434,416,0.6,
2EQ16705,2917_코마_6,6,0.8473888039588928,118,412,0.6,
2EQ16705,1525_▲▲▲라벨_7,7,0.5272644758224487,518,416,0.6,
2EQ16705,0000_모듈러카바_8,8,0.46099087595939636,222,462,0.6,
2EQ16705,3780_전원스위치_9,9,0.7560040354728699,356,398,0.6,
2EQ16705,V242_카바라이트_10,10,0.7802867293357849,414,594,0.6,
2EQ16705,V242_카바라이트_11,11,0.7094830274581909,722,616,0.6,
2EQ16705,3779_압판스토퍼_12,12,0.5829527974128723,492,100,0.9,
2EQ16705,3779_압판스토퍼_14,14,0.7423515319824219,294,250,0.75,
2EQ16706,C551_토너라벨_1,1,0.3250299096107483,504,390,0.6,
2EQ16706,B793_Canon각인_2,2,0.5238016843795776,80,384,1.05,
2EQ16706,6416_2206N명판_3,3,0.43631699681282043,208,400,1.2,
2EQ16706,3102_현상가압라벨_4,4,0.5929162502288818,858,288,0.6,
2EQ16706,3699_레버피스_4,4,0.6562055349349976,878,166,0.6,
2EQ16706,1525_▲▲▲라벨_5,5,0.9329867362976074,792,228,0.6,
2EQ16706,2917_코마_6,6,0.8404145836830139,494,642,0.6,
2EQ16706,1525_▲▲▲라벨_7,7,0.519081175327301,670,366,0.6,
2EQ16706,0000_모듈러카바_8,8,0.4704703092575073,254,420,0.6,
2EQ16706,3780_전원스위치_9,9,0.7584933638572693,316,414,0.6,
2EQ16706,V242_카바라이트_10,10,0.7574367523193359,484,148,0.6,
2EQ16706,V242_카바라이트_11,11,0.7543776631355286,498,652,0.6,
2EQ16706,3779_압판스토퍼_12,12,0.5872436761856079,504,510,0.9,
2EQ16706,3779_압판스토퍼_14,14,0.770380973815918,370,416,0.6,
2EQ16707,C551_토너라벨_1,1,0.3174391984939575,506,354,0.6,
2EQ16707,B793_Canon각인_2,2,0.5690450668334961,46,376,1.05,
2EQ16707,6416_2206N명판_3,3,0.4741126000881195,178,430,1.2,
2EQ16707,3102_현상가압라벨_4,4,0.5931546092033386,816,344,0.6,
2EQ16707,3699_레버피스_4,4,0.6500821113586426,870,164,0.6,
2EQ16707,1525_▲▲▲라벨_5,5,0.9284040927886963,810,228,0.6,
2EQ16707,2917_코마_6,6,0.8492165803909302,426,560,0.6,
2EQ16707,1525_▲▲▲라벨_7,7,0.5314365029335022,488,36,0.6,
2EQ16707,0000_모듈러카바_8,8,0.5080366134643555,244,498,0.6,
2EQ16707,3780_전원스위치_9,9,0.7505728006362915,258,384,0.6,
2EQ16707,V242_카바라이트_10,10,0.7853896617889404,502,162,0.6,
2EQ16707,V242_카바라이트_11,11,0.7775598764419556,510,644,0.6,
2EQ16707,3779_압판스토퍼_12,12,0.5837752819061279,404,40,0.9,
2EQ16707,3779_압판스토퍼_14,14,0.7414904236793518,636,442,0.6,
2EQ16708,C551_토너라벨_1,1,0.33302217721939087,552,348,0.6,
2EQ16708,B793_Canon각인_2,2,0.6054538488388062,100,358,1.05,
2EQ16708,6416_2206N명판_3,3,0.5207844972610474,164,346,1.2,
2EQ16708,3102_현상가압라벨_4,4,0.606224536895752,526,2,0.9,
2EQ16708,3699_레버피스_4,4,0.6914014220237732,534,6,0.9,
2EQ16708,1525_▲▲▲라벨_5,5,0.9232574105262756,202,456,0.6,
2EQ16708,2917_코마_6,6,0.8302483558654785,130,280,0.6,
2EQ16708,1525_▲▲▲라벨_7,7,0.5921573042869568,628,288,0.9,
2EQ16708,0000_모듈러카바_8,8,0.5210115909576416,268,472,0.6,
2EQ16708,3780_전원스위치_9,9,0.7595082521438599,302,464,0.6,
2EQ16708,V242_카바라이트_10,10,0.7642324566841125,426,582,0.6,
2EQ16708,V242_카바라이트_11,11,0.7821268439292908,496,648,0.6,
2EQ16708,3779_압판스토퍼_12,12,0.575588047504425,678,94,0.9,
2EQ16708,3779_압판스토퍼_14,14,0.7576436400413513,490,354,0.6,
2EQ16709,C551_토너라벨_1,1,0.32884475588798523,534,422,0.6,
2EQ16709,B793_Canon각인_2,2,0.61556077003479,90,460,1.05,
2EQ16709,6416_2206N명판_3,3,0.5034881234169006,204,412,1.2,
2EQ16709,3102_현상가압라벨_4,4,0.5953372120857239,794,0,0.6,
2EQ16709,3699_레버피스_4,4,0.7057108283042908,860,176,0.6,
2EQ16709,1525_▲▲▲라벨_5,5,0.9355084300041199,152,230,0.6,
2EQ16709,2917_코마_6,6,0.8501701354980469,734,306,0.6,
2EQ16709,1525_▲▲▲라벨_7,7,0.5811312198638916,494,506,0.9,
2EQ16709,0000_모듈러카바_8,8,0.5286469459533691,260,524,0.6,
2EQ16709,3780_전원스위치_9,9,0.7562301754951477,780,202,0.6,
2EQ16709,V242_카바라이트_10,10,0.7730596661567688,492,126,0.6,
2EQ16709,V242_카바라이트_11,11,0.780083179473877,562,638,0.6,
2EQ16709,3779_압판스토퍼_12,12,0.5517981052398682,200,302,0.9,
2EQ16709,3779_압판스토퍼_14,14,0.7495290637016296,224,178,0.75,
2EQ16710,C551_토너라벨_1,1,0.36095863580703735,522,392,0.6,
2EQ16710,B793_Canon각인_2,2,0.5882402062416077,68,304,1.05,
2EQ16710,6416_2206N명판_3,3,0.4468436539173126,228,408,1.2,
2EQ16710,3102_현상가압라벨_4,4,0.5942931175231934,886,336,0.6,
2EQ16710,3699_레버피스_4,4,0.6704853773117065,874,162,0.6,
2EQ16710,1525_▲▲▲라벨_5,5,0.9225872755050659,156,228,0.6,
2EQ16710,2917_코마_6,6,0.8709232807159424,442,634,0.6,
2EQ16710,1525_▲▲▲라벨_7,7,0.5360164046287537,696,270,0.9,
2EQ16710,0000_모듈러카바_8,8,0.5275146961212158,240,482,0.6,
2EQ16710,3780_전원스위치_9,9,0.7532542943954468,780,202,0.6,
2EQ16710,V242_카바라이트_10,10,0.7863390445709229,478,134,0.6,
2EQ16710,V242_카바라이트_11,11,0.7722887992858887,718,612,0.6,
2EQ16710,3779_압판스토퍼_12,12,0.4739682376384735,90,622,0.9,
2EQ16710,3779_압판스토퍼_14,14,0.7514685392379761,366,388,0.6,
2EQ16711,C551_토너라벨_1,1,0.3090735077857971,406,380,0.6,
2EQ16711,B793_Canon각인_2,2,0.5536876320838928,6,338,1.05,
2EQ16711,6416_2206N명판_3,3,0.44924747943878174,578,324,0.6,
2EQ16711,3102_현상가압라벨_4,4,0.6744205355644226,600,12,0.6,
2EQ16711,3699_레버피스_4,4,0.6684668064117432,610,14,0.6,
2EQ16711,1525_▲▲▲라벨_5,5,0.9273136258125305,804,228,0.6,
2EQ16711,2917_코마_6,6,0.8489284515380859,26,592,0.6,
2EQ16711,1525_▲▲▲라벨_7,7,0.5765004754066467,572,456,0.9,
2EQ16711,0000_모듈러카바_8,8,0.5661670565605164,308,502,0.6,
2EQ16711,3780_전원스위치_9,9,0.7595461010932922,780,202,0.6,
2EQ16711,V242_카바라이트_10,10,0.7794782519340515,428,594,0.6,
2EQ16711,V242_카바라이트_11,11,0.7734993696212769,562,656,0.6,
2EQ16711,3779_압판스토퍼_12,12,0.5938867330551147,480,276,0.9,
2EQ16711,3779_압판스토퍼_14,14,0.7228959798812866,152,80,0.6,
2EQ16712,C551_토너라벨_1,1,0.3131840229034424,418,476,0.6,
2EQ16712,B793_Canon각인_2,2,0.4809703528881073,70,286,1.05,
2EQ16712,6416_2206N명판_3,3,0.43747174739837646,236,314,1.2,
2EQ16712,3102_현상가압라벨_4,4,0.6006698608398438,294,2,0.6,
2EQ16712,3699_레버피스_4,4,0.6485544443130493,234,18,0.9,
2EQ16712,1525_▲▲▲라벨_5,5,0.9286633133888245,364,428,0.6,
2EQ16712,2917_코마_6,6,0.845514714717865,820,556,0.6,
2EQ16712,1525_▲▲▲라벨_7,7,0.5983121395111084,490,502,0.75,
2EQ16712,0000_모듈러카바_8,8,0.44252321124076843,244,500,0.6,
2EQ16712,3780_전원스위치_9,9,0.7550081014633179,780,202,0.6,
2EQ16712,V242_카바라이트_10,10,0.7714041471481323,440,590,0.6,
2EQ16712,V242_카바라이트_11,11,0.7998124957084656,498,660,0.6,
2EQ16712,3779_압판스토퍼_12,12,0.586376965045929,826,50,0.9,
2EQ16712,3779_압판스토퍼_14,14,0.762635350227356,216,174,0.75,
2EQ16713,C551_토너라벨_1,1,0.32445597648620605,528,432,0.6,
2EQ16713,B793_Canon각인_2,2,0.6034979224205017,76,336,1.05,
2EQ16713,6416_2206N명판_3,3,0.5024917721748352,196,406,1.2,
2EQ16713,3102_현상가압라벨_4,4,0.6315981149673462,800,0,0.6,
2EQ16713,3699_레버피스_4,4,0.623533308506012,868,174,0.6,
2EQ16713,1525_▲▲▲라벨_5,5,0.9196242094039917,812,232,0.6,
2EQ16713,2917_코마_6,6,0.8515468239784241,706,122,0.6,
2EQ16713,1525_▲▲▲라벨_7,7,0.5460039973258972,548,542,0.75,
2EQ16713,0000_모듈러카바_8,8,0.48877349495887756,712,544,0.6,
2EQ16713,3780_전원스위치_9,9,0.7576135993003845,782,202,0.6,
2EQ16713,V242_카바라이트_10,10,0.7805342078208923,436,602,0.6,
2EQ16713,V242_카바라이트_11,11,0.7757958173751831,718,146,0.6,
2EQ16713,3779_압판스토퍼_12,12,0.5494164824485779,198,462,0.9,
2EQ16713,3779_압판스토퍼_14,14,0.7502703666687012,238,190,0.75,
2EQ16714,C551_토너라벨_1,1,0.31447798013687134,146,226,0.6,
2EQ16714,B793_Canon각인_2,2,0.4587819278240204,82,298,1.05,
2EQ16714,6416_2206N명판_3,3,0.41025522351264954,206,4,0.6,
2EQ16714,3102_현상가압라벨_4,4,0.6868464946746826,646,12,0.6,
2EQ16714,3699_레버피스_4,4,0.6723580360412598,650,14,0.6,
2EQ16714,1525_▲▲▲라벨_5,5,0.9233629703521729,812,232,0.6,
2EQ16714,2917_코마_6,6,0.8562199473381042,930,572,0.6,
2EQ16714,1525_▲▲▲라벨_7,7,0.6011718511581421,524,522,0.9,
2EQ16714,0000_모듈러카바_8,8,0.44345736503601074,332,518,0.6,
2EQ16714,3780_전원스위치_9,9,0.7564164400100708,780,202,0.6,
2EQ16714,V242_카바라이트_10,10,0.7755445837974548,438,598,0.6,
2EQ16714,V242_카바라이트_11,11,0.794745147228241,564,658,0.6,
2EQ16714,3779_압판스토퍼_12,12,0.5349065065383911,210,404,0.9,
2EQ16714,3779_압판스토퍼_14,14,0.7433746457099915,846,354,0.6,
2EQ16715,C551_토너라벨_1,1,0.3466293513774872,548,496,0.6,
2EQ16715,B793_Canon각인_2,2,0.43895280361175537,2,272,1.05,
2EQ16715,6416_2206N명판_3,3,0.4417632222175598,378,392,1.2,
2EQ16715,3102_현상가압라벨_4,4,0.706041157245636,568,56,0.6,
2EQ16715,3699_레버피스_4,4,0.6455981731414795,172,14,0.9,
2EQ16715,1525_▲▲▲라벨_5,5,0.9258099794387817,164,464,0.6,
2EQ16715,2917_코마_6,6,0.841313898563385,702,134,0.6,
2EQ16715,1525_▲▲▲라벨_7,7,0.598872184753418,538,544,0.75,
2EQ16715,0000_모듈러카바_8,8,0.5444828271865845,242,500,0.6,
2EQ16715,3780_전원스위치_9,9,0.7558487057685852,780,202,0.6,
2EQ16715,V242_카바라이트_10,10,0.7645102739334106,418,596,0.6,
2EQ16715,V242_카바라이트_11,11,0.7807518243789673,522,630,0.6,
2EQ16715,3779_압판스토퍼_12,12,0.5381216406822205,174,462,0.9,
2EQ16715,3779_압판스토퍼_14,14,0.7504928708076477,318,356,0.6,
2EQ16716,C551_토너라벨_1,1,0.3322010934352875,516,364,0.6,
2EQ16716,B793_Canon각인_2,2,0.46923717856407166,18,348,1.05,
2EQ16716,6416_2206N명판_3,3,0.43785360455513,574,380,0.6,
2EQ16716,3102_현상가압라벨_4,4,0.6704714298248291,580,0,0.6,
2EQ16716,3699_레버피스_4,4,0.6427971124649048,580,2,0.6,
2EQ16716,1525_▲▲▲라벨_5,5,0.9272874593734741,798,230,0.6,
2EQ16716,2917_코마_6,6,0.8324248790740967,686,188,0.6,
2EQ16716,1525_▲▲▲라벨_7,7,0.5887408256530762,486,534,0.75,
2EQ16716,0000_모듈러카바_8,8,0.4345186948776245,314,512,0.6,
2EQ16716,3780_전원스위치_9,9,0.7586508989334106,780,202,0.6,
2EQ16716,V242_카바라이트_10,10,0.7730166912078857,494,124,0.6,
2EQ16716,V242_카바라이트_11,11,0.7869062423706055,562,654,0.6,
2EQ16716,3779_압판스토퍼_12,12,0.6059855818748474,440,220,0.9,
2EQ16716,3779_압판스토퍼_14,14,0.7442277073860168,210,170,0.6,
2EQ16717,C551_토너라벨_1,1,0.3318462371826172,562,254,0.6,
2EQ16717,B793_Canon각인_2,2,0.4863004684448242,14,352,1.05,
2EQ16717,6416_2206N명판_3,3,0.5334153771400452,216,298,1.2,
2EQ16717,3102_현상가압라벨_4,4,0.6123067140579224,628,68,0.6,
2EQ16717,3699_레버피스_4,4,0.6347591876983643,190,30,0.6,
2EQ16717,1525_▲▲▲라벨_5,5,0.9209487438201904,158,238,0.6,
2EQ16717,2917_코마_6,6,0.8384120464324951,20,596,0.6,
2EQ16717,1525_▲▲▲라벨_7,7,0.5745365023612976,524,554,0.6,
2EQ16717,0000_모듈러카바_8,8,0.5370815396308899,268,512,0.6,
2EQ16717,3780_전원스위치_9,9,0.7526349425315857,780,202,0.6,
2EQ16717,V242_카바라이트_10,10,0.7852798700332642,498,126,0.6,
2EQ16717,V242_카바라이트_11,11,0.776292622089386,558,644,0.6,
2EQ16717,3779_압판스토퍼_12,12,0.5485745668411255,198,482,0.9,
2EQ16717,3779_압판스토퍼_14,14,0.7422760725021362,232,194,0.75,
2EQ16718,C551_토너라벨_1,1,0.3625151515007019,450,302,0.6,
2EQ16718,B793_Canon각인_2,2,0.6089345216751099,86,336,1.05,
2EQ16718,6416_2206N명판_3,3,0.43383821845054626,228,384,1.2,
2EQ16718,3102_현상가압라벨_4,4,0.589592456817627,810,306,0.6,
2EQ16718,3699_레버피스_4,4,0.6673631072044373,876,162,0.6,
2EQ16718,1525_▲▲▲라벨_5,5,0.9207939505577087,140,224,0.75,
2EQ16718,2917_코마_6,6,0.8575880527496338,300,380,0.6,
2EQ16718,1525_▲▲▲라벨_7,7,0.5870711803436279,710,262,1.05,
2EQ16718,0000_모듈러카바_8,8,0.49043941497802734,172,434,0.6,
2EQ16718,3780_전원스위치_9,9,0.7563052773475647,334,404,0.6,
2EQ16718,V242_카바라이트_10,10,0.7882153987884521,486,150,0.6,
2EQ16718,V242_카바라이트_11,11,0.7418495416641235,722,616,0.6,
2EQ16718,3779_압판스토퍼_12,12,0.6175392866134644,582,450,0.9,
2EQ16718,3779_압판스토퍼_14,14,0.7126756310462952,868,338,0.6,
2EQ16719,C551_토너라벨_1,1,0.36588260531425476,510,272,0.6,
2EQ16719,B793_Canon각인_2,2,0.5572110414505005,8,324,1.05,
2EQ16719,6416_2206N명판_3,3,0.43711647391319275,0,650,0.6,
2EQ16719,3102_현상가압라벨_4,4,0.5915542244911194,376,84,0.6,
2EQ16719,3699_레버피스_4,4,0.616309642791748,186,28,0.6,
2EQ16719,1525_▲▲▲라벨_5,5,0.9273723363876343,346,472,0.6,
2EQ16719,2917_코마_6,6,0.84339839220047,24,390,0.6,
2EQ16719,1525_▲▲▲라벨_7,7,0.5033308267593384,546,702,0.9,
2EQ16719,0000_모듈러카바_8,8,0.4817460775375366,318,526,0.6,
2EQ16719,3780_전원스위치_9,9,0.7513477802276611,780,202,0.6,
2EQ16719,V242_카바라이트_10,10,0.782384991645813,476,162,0.6,
2EQ16719,V242_카바라이트_11,11,0.7955789566040039,504,646,0.6,
2EQ16719,3779_압판스토퍼_12,12,0.5678820013999939,202,562,0.9,
2EQ16719,3779_압판스토퍼_14,14,0.7547628283500671,232,184,0.75,
2EQ16720,C551_토너라벨_1,1,0.3124238848686218,148,230,0.6,
2EQ16720,B793_Canon각인_2,2,0.5168015360832214,60,354,1.05,
2EQ16720,6416_2206N명판_3,3,0.47343412041664124,172,378,1.2,
2EQ16720,3102_현상가압라벨_4,4,0.6347900032997131,874,330,0.6,
2EQ16720,3699_레버피스_4,4,0.6722252368927002,866,170,0.6,
2EQ16720,1525_▲▲▲라벨_5,5,0.8993386626243591,144,234,0.75,
2EQ16720,2917_코마_6,6,0.8388835787773132,776,508,0.6,
2EQ16720,1525_▲▲▲라벨_7,7,0.5560908913612366,678,300,0.75,
2EQ16720,0000_모듈러카바_8,8,0.4258386492729187,270,540,0.6,
2EQ16720,3780_전원스위치_9,9,0.7648884057998657,380,420,0.6,
2EQ16720,V242_카바라이트_10,10,0.7713828086853027,414,594,0.6,
2EQ16720,V242_카바라이트_11,11,0.7780082821846008,500,656,0.6,
2EQ16720,3779_압판스토퍼_12,12,0.5626975297927856,396,80,0.9,
2EQ16720,3779_압판스토퍼_14,14,0.7094423174858093,498,296,0.6,
2EQ16721,C551_토너라벨_1,1,0.36209341883659363,510,390,0.6,
2EQ16721,B793_Canon각인_2,2,0.5811852216720581,42,302,1.05,
2EQ16721,6416_2206N명판_3,3,0.49068066477775574,156,264,1.2,
2EQ16721,3102_현상가압라벨_4,4,0.6441004276275635,652,116,0.6,
2EQ16721,3699_레버피스_4,4,0.690059244632721,300,28,0.6,
2EQ16721,1525_▲▲▲라벨_5,5,0.9209158420562744,252,464,0.6,
2EQ16721,2917_코마_6,6,0.8642874360084534,696,312,0.6,
2EQ16721,1525_▲▲▲라벨_7,7,0.531804084777832,590,644,0.9,
2EQ16721,0000_모듈러카바_8,8,0.5219824314117432,310,528,0.6,
2EQ16721,3780_전원스위치_9,9,0.755291759967804,780,202,0.6,
2EQ16721,V242_카바라이트_10,10,0.7794083952903748,428,602,0.6,
2EQ16721,V242_카바라이트_11,11,0.7751801609992981,564,650,0.6,
2EQ16721,3779_압판스토퍼_12,12,0.5619041919708252,316,588,0.9,
2EQ16721,3779_압판스토퍼_14,14,0.7356448173522949,210,174,0.6,
2EQ16722,C551_토너라벨_1,1,0.3258409798145294,574,294,0.6,
2EQ16722,B793_Canon각인_2,2,0.5517364144325256,50,344,1.05,
2EQ16722,6416_2206N명판_3,3,0.4784235656261444,180,400,1.2,
2EQ16722,3102_현상가압라벨_4,4,0.6232626438140869,904,300,0.6,
2EQ16722,3699_레버피스_4,4,0.6667280197143555,878,160,0.6,
2EQ16722,1525_▲▲▲라벨_5,5,0.9325815439224243,802,230,0.6,
2EQ16722,2917_코마_6,6,0.8540528416633606,688,138,0.6,
2EQ16722,1525_▲▲▲라벨_7,7,0.5776930451393127,620,616,0.9,
2EQ16722,0000_모듈러카바_8,8,0.5278293490409851,310,498,0.6,
2EQ16722,3780_전원스위치_9,9,0.7534350156784058,782,202,0.6,
2EQ16722,V242_카바라이트_10,10,0.7778397798538208,432,600,0.6,
2EQ16722,V242_카바라이트_11,11,0.7670606970787048,566,642,0.6,
2EQ16722,3779_압판스토퍼_12,12,0.6014565229415894,348,322,0.9,
2EQ16722,3779_압판스토퍼_14,14,0.7574478983879089,308,368,0.6,
2EQ16723,C551_토너라벨_1,1,0.31258031725883484,556,286,0.6,
2EQ16723,B793_Canon각인_2,2,0.5419745445251465,28,312,1.05,
2EQ16723,6416_2206N명판_3,3,0.4498242139816284,584,284,0.6,
2EQ16723,3102_현상가압라벨_4,4,0.6211706399917603,694,282,0.6,
2EQ16723,3699_레버피스_4,4,0.5908273458480835,226,22,0.6,
2EQ16723,1525_▲▲▲라벨_5,5,0.9289721250534058,794,224,0.75,
2EQ16723,2917_코마_6,6,0.8400384783744812,934,564,0.6,
2EQ16723,1525_▲▲▲라벨_7,7,0.5573206543922424,468,546,1.2,
2EQ16723,0000_모듈러카바_8,8,0.4418294131755829,252,518,0.6,
2EQ16723,3780_전원스위치_9,9,0.7608016729354858,222,492,0.6,
2EQ16723,V242_카바라이트_10,10,0.7800933122634888,426,606,0.6,
2EQ16723,V242_카바라이트_11,11,0.7932307720184326,726,612,0.6,
2EQ16723,3779_압판스토퍼_12,12,0.5919002294540405,798,62,0.9,
2EQ16723,3779_압판스토퍼_14,14,0.7627488970756531,672,326,0.6,
2EQ16724,C551_토너라벨_1,1,0.3386313021183014,556,346,0.6,
2EQ16724,B793_Canon각인_2,2,0.5158944129943848,24,308,1.05,
2EQ16724,6416_2206N명판_3,3,0.5163931846618652,160,386,1.2,
2EQ16724,3102_현상가압라벨_4,4,0.5977213978767395,888,336,0.6,
2EQ16724,3699_레버피스_4,4,0.6741297841072083,872,166,0.6,
2EQ16724,1525_▲▲▲라벨_5,5,0.9149669408798218,224,408,0.6,
2EQ16724,2917_코마_6,6,0.8604363799095154,794,244,0.6,
2EQ16724,1525_▲▲▲라벨_7,7,0.5621387362480164,506,416,0.6,
2EQ16724,0000_모듈러카바_8,8,0.5026307106018066,336,492,0.6,
2EQ16724,3780_전원스위치_9,9,0.759559154510498,784,202,0.6,
2EQ16724,V242_카바라이트_10,10,0.7816550731658936,480,122,0.6,
2EQ16724,V242_카바라이트_11,11,0.735334038734436,720,522,0.6,
2EQ16724,3779_압판스토퍼_12,12,0.5802773237228394,314,168,0.9,
2EQ16724,3779_압판스토퍼_14,14,0.7568209171295166,364,354,0.6,
2EQ16725,C551_토너라벨_1,1,0.40232354402542114,550,346,0.6,
2EQ16725,B793_Canon각인_2,2,0.5452589988708496,182,262,1.05,
2EQ16725,6416_2206N명판_3,3,0.570422887802124,144,430,1.2,
2EQ16725,3102_현상가압라벨_4,4,0.6169198155403137,790,10,0.6,
2EQ16725,3699_레버피스_4,4,0.6672483682632446,858,180,0.6,
2EQ16725,1525_▲▲▲라벨_5,5,0.9351453185081482,144,232,0.6,
2EQ16725,2917_코마_6,6,0.8324731588363647,66,408,0.6,
2EQ16725,1525_▲▲▲라벨_7,7,0.5334483981132507,418,62,0.6,
2EQ16725,0000_모듈러카바_8,8,0.46947550773620605,246,484,0.6,
2EQ16725,3780_전원스위치_9,9,0.7442727088928223,780,202,0.6,
2EQ16725,V242_카바라이트_10,10,0.7378733158111572,408,612,0.6,
2EQ16725,V242_카바라이트_11,11,0.7499712109565735,512,638,0.6,
2EQ16725,3779_압판스토퍼_12,12,0.6548028588294983,394,372,0.9,
2EQ16725,3779_압판스토퍼_14,14,0.7270776033401489,654,522,0.75,
2EQ16726,C551_토너라벨_1,1,0.309831827878952,146,226,0.6,
2EQ16726,B793_Canon각인_2,2,0.4765767455101013,88,262,1.05,
2EQ16726,6416_2206N명판_3,3,0.40966957807540894,710,652,0.6,
2EQ16726,3102_현상가압라벨_4,4,0.644415557384491,492,422,0.6,
2EQ16726,3699_레버피스_4,4,0.6491213440895081,244,18,0.9,
2EQ16726,1525_▲▲▲라벨_5,5,0.9232041835784912,798,234,0.6,
2EQ16726,2917_코마_6,6,0.8558115363121033,802,542,0.6,
2EQ16726,1525_▲▲▲라벨_7,7,0.5349944233894348,538,514,0.75,
2EQ16726,0000_모듈러카바_8,8,0.5435785055160522,312,442,0.6,
2EQ16726,3780_전원스위치_9,9,0.7545995712280273,782,202,0.6,
2EQ16726,V242_카바라이트_10,10,0.7824631929397583,488,126,0.6,
2EQ16726,V242_카바라이트_11,11,0.7765665650367737,500,640,0.6,
2EQ16726,3779_압판스토퍼_12,12,0.5842642188072205,862,18,0.9,
2EQ16726,3779_압판스토퍼_14,14,0.740070104598999,784,442,0.75,
2EQ16727,C551_토너라벨_1,1,0.33118510246276855,364,122,0.9,
2EQ16727,B793_Canon각인_2,2,0.5573551654815674,2,366,1.05,
2EQ16727,6416_2206N명판_3,3,0.5352070927619934,192,324,1.2,
2EQ16727,3102_현상가압라벨_4,4,0.6459109783172607,712,34,0.6,
2EQ16727,3699_레버피스_4,4,0.6026923060417175,208,26,0.6,
2EQ16727,1525_▲▲▲라벨_5,5,0.9248467683792114,154,234,0.6,
2EQ16727,2917_코마_6,6,0.8398632407188416,8,374,0.6,
2EQ16727,1525_▲▲▲라벨_7,7,0.6078319549560547,52,250,0.75,
2EQ16727,0000_모듈러카바_8,8,0.5998877286911011,286,518,0.6,
2EQ16727,3780_전원스위치_9,9,0.744422197341919,782,202,0.6,
2EQ16727,V242_카바라이트_10,10,0.7868937253952026,502,126,0.6,
2EQ16727,V242_카바라이트_11,11,0.7451943755149841,720,142,0.6,
2EQ16727,3779_압판스토퍼_12,12,0.5853752493858337,770,88,0.9,
2EQ16727,3779_압판스토퍼_14,14,0.757636547088623,358,250,0.6,
2EQ16728,C551_토너라벨_1,1,0.3552716374397278,510,248,0.6,
2EQ16728,B793_Canon각인_2,2,0.5437783598899841,50,334,1.05,
2EQ16728,6416_2206N명판_3,3,0.44064441323280334,566,346,0.6,
2EQ16728,3102_현상가압라벨_4,4,0.5801964402198792,794,0,0.6,
2EQ16728,3699_레버피스_4,4,0.6644108295440674,864,172,0.6,
2EQ16728,1525_▲▲▲라벨_5,5,0.9283515810966492,204,450,0.6,
2EQ16728,2917_코마_6,6,0.8408543467521667,930,550,0.6,
2EQ16728,1525_▲▲▲라벨_7,7,0.5513232946395874,700,682,0.9,
2EQ16728,0000_모듈러카바_8,8,0.4959639608860016,248,508,0.6,
2EQ16728,3780_전원스위치_9,9,0.7613113522529602,782,202,0.6,
2EQ16728,V242_카바라이트_10,10,0.7821900844573975,424,594,0.6,
2EQ16728,V242_카바라이트_11,11,0.7774839401245117,718,146,0.6,
2EQ16728,3779_압판스토퍼_12,12,0.5783498883247375,780,94,0.9,
2EQ16728,3779_압판스토퍼_14,14,0.75242018699646,234,188,0.6,
2EQ16729,C551_토너라벨_1,1,0.35074448585510254,530,274,0.6,
2EQ16729,B793_Canon각인_2,2,0.5071899890899658,38,312,1.05,
2EQ16729,6416_2206N명판_3,3,0.4118461012840271,714,652,0.6,
2EQ16729,3102_현상가압라벨_4,4,0.689612627029419,482,12,0.6,
2EQ16729,3699_레버피스_4,4,0.6389308571815491,460,16,0.6,
2EQ16729,1525_▲▲▲라벨_5,5,0.9231983423233032,810,228,0.6,
2EQ16729,2917_코마_6,6,0.8390218615531921,708,132,0.6,
2EQ16729,1525_▲▲▲라벨_7,7,0.5838295221328735,518,530,0.9,
2EQ16729,0000_모듈러카바_8,8,0.48193374276161194,262,534,0.6,
2EQ16729,3780_전원스위치_9,9,0.7590256333351135,780,202,0.6,
2EQ16729,V242_카바라이트_10,10,0.7816547751426697,438,596,0.6,
2EQ16729,V242_카바라이트_11,11,0.7851096391677856,502,646,0.6,
2EQ16729,3779_압판스토퍼_12,12,0.5838903188705444,412,218,0.9,
2EQ16729,3779_압판스토퍼_14,14,0.7552155256271362,920,338,0.6,
2EQ16730,C551_토너라벨_1,1,0.3226742744445801,580,380,0.6,
2EQ16730,B793_Canon각인_2,2,0.5551373958587646,36,350,1.05,
2EQ16730,6416_2206N명판_3,3,0.41253823041915894,188,332,1.2,
2EQ16730,3102_현상가압라벨_4,4,0.6334323883056641,550,2,0.6,
2EQ16730,3699_레버피스_4,4,0.658906877040863,588,2,0.6,
2EQ16730,1525_▲▲▲라벨_5,5,0.9263710975646973,804,230,0.6,
2EQ16730,2917_코마_6,6,0.8437151312828064,934,546,0.6,
2EQ16730,1525_▲▲▲라벨_7,7,0.5825607180595398,478,600,0.75,
2EQ16730,0000_모듈러카바_8,8,0.6083935499191284,194,426,0.6,
2EQ16730,3780_전원스위치_9,9,0.7524693012237549,784,202,0.6,
2EQ16730,V242_카바라이트_10,10,0.7808691263198853,436,602,0.6,
2EQ16730,V242_카바라이트_11,11,0.7645195722579956,720,618,0.6,
2EQ16730,3779_압판스토퍼_12,12,0.586523711681366,546,130,0.9,
2EQ16730,3779_압판스토퍼_14,14,0.7742862105369568,554,238,0.6,
2EQ16731,C551_토너라벨_1,1,0.33125635981559753,518,370,0.6,
2EQ16731,B793_Canon각인_2,2,0.5925106406211853,66,308,1.05,
2EQ16731,6416_2206N명판_3,3,0.4197312295436859,506,338,0.6,
2EQ16731,3102_현상가압라벨_4,4,0.5986899137496948,774,290,0.6,
2EQ16731,3699_레버피스_4,4,0.6338650584220886,786,608,0.6,
2EQ16731,1525_▲▲▲라벨_5,5,0.920822262763977,258,298,1.2,
2EQ16731,2917_코마_6,6,0.8460186719894409,170,426,0.6,
2EQ16731,1525_▲▲▲라벨_7,7,0.5859913229942322,556,506,0.9,
2EQ16731,0000_모듈러카바_8,8,0.47933515906333923,268,518,0.6,
2EQ16731,3780_전원스위치_9,9,0.7554565668106079,784,202,0.6,
2EQ16731,V242_카바라이트_10,10,0.7712705135345459,482,134,0.6,
2EQ16731,V242_카바라이트_11,11,0.7590521574020386,562,648,0.6,
2EQ16731,3779_압판스토퍼_12,12,0.5947876572608948,238,698,0.9,
2EQ16731,3779_압판스토퍼_14,14,0.7586624026298523,482,336,0.75,
2EQ16732,C551_토너라벨_1,1,0.29964756965637207,682,352,0.6,
2EQ16732,B793_Canon각인_2,2,0.41515758633613586,102,174,1.05,
2EQ16732,6416_2206N명판_3,3,0.444616436958313,558,308,0.6,
2EQ16732,3102_현상가압라벨_4,4,0.6234655976295471,568,80,0.6,
2EQ16732,3699_레버피스_4,4,0.6131947636604309,218,24,0.6,
2EQ16732,1525_▲▲▲라벨_5,5,0.927190899848938,186,482,0.6,
2EQ16732,2917_코마_6,6,0.8429699540138245,80,590,0.6,
2EQ16732,1525_▲▲▲라벨_7,7,0.5939847230911255,528,602,0.9,
2EQ16732,0000_모듈러카바_8,8,0.5158337354660034,288,530,0.6,
2EQ16732,3780_전원스위치_9,9,0.7591954469680786,780,202,0.6,
2EQ16732,V242_카바라이트_10,10,0.783201277256012,436,598,0.6,
2EQ16732,V242_카바라이트_11,11,0.7925874590873718,502,644,0.6,
2EQ16732,3779_압판스토퍼_12,12,0.61249840259552,362,474,0.75,
2EQ16732,3779_압판스토퍼_14,14,0.7475223541259766,388,356,0.6,
2EQ16733,C551_토너라벨_1,1,0.3129533529281616,146,228,0.6,
2EQ16733,B793_Canon각인_2,2,0.5593780279159546,82,316,1.05,
2EQ16733,6416_2206N명판_3,3,0.40263649821281433,148,52,0.6,
2EQ16733,3102_현상가압라벨_4,4,0.58879554271698,770,608,0.6,
2EQ16733,3699_레버피스_4,4,0.6383307576179504,908,160,0.6,
2EQ16733,1525_▲▲▲라벨_5,5,0.9281905889511108,794,222,0.75,
2EQ16733,2917_코마_6,6,0.8402072191238403,496,360,0.6,
2EQ16733,1525_▲▲▲라벨_7,7,0.5209215879440308,592,172,0.9,
2EQ16733,0000_모듈러카바_8,8,0.6001640558242798,190,506,0.6,
2EQ16733,3780_전원스위치_9,9,0.737983763217926,330,402,0.6,
2EQ16733,V242_카바라이트_10,10,0.7689681053161621,408,598,0.6,
2EQ16733,V242_카바라이트_11,11,0.7504138946533203,504,646,0.6,
2EQ16733,3779_압판스토퍼_12,12,0.6064743399620056,490,394,0.75,
2EQ16733,3779_압판스토퍼_14,14,0.756944477558136,432,374,0.75,
2EQ16734,C551_토너라벨_1,1,0.34164315462112427,524,422,0.6,
2EQ16734,B793_Canon각인_2,2,0.5511223077774048,90,316,1.05,
2EQ16734,6416_2206N명판_3,3,0.4836331605911255,158,382,1.2,
2EQ16734,3102_현상가압라벨_4,4,0.5952855944633484,884,376,0.6,
2EQ16734,3699_레버피스_4,4,0.6565601229667664,872,168,0.6,
2EQ16734,1525_▲▲▲라벨_5,5,0.9297739267349243,158,234,0.6,
2EQ16734,2917_코마_6,6,0.8609423637390137,174,406,0.6,
2EQ16734,1525_▲▲▲라벨_7,7,0.5278056263923645,708,206,0.9,
2EQ16734,0000_모듈러카바_8,8,0.4508233666419983,736,508,0.6,
2EQ16734,3780_전원스위치_9,9,0.7226949334144592,764,202,0.6,
2EQ16734,V242_카바라이트_10,10,0.7702549695968628,408,598,0.6,
2EQ16734,V242_카바라이트_11,11,0.7747769355773926,488,628,0.6,
2EQ16734,3779_압판스토퍼_12,12,0.5872066020965576,462,280,0.9,
2EQ16734,3779_압판스토퍼_14,14,0.7348012924194336,736,486,0.6,
2EQ16735,C551_토너라벨_1,1,0.34901750087738037,514,306,0.6,
2EQ16735,B793_Canon각인_2,2,0.37970584630966187,0,306,1.05,
2EQ16735,6416_2206N명판_3,3,0.40942683815956116,702,652,0.6,
2EQ16735,3102_현상가압라벨_4,4,0.6036952137947083,604,72,0.6,
2EQ16735,3699_레버피스_4,4,0.5941306948661804,158,38,0.6,
2EQ16735,1525_▲▲▲라벨_5,5,0.9273637533187866,142,228,0.75,
2EQ16735,2917_코마_6,6,0.867569088935852,928,546,0.6,
2EQ16735,1525_▲▲▲라벨_7,7,0.5285996794700623,508,550,0.6,
2EQ16735,0000_모듈러카바_8,8,0.5516317486763,280,522,0.6,
2EQ16735,3780_전원스위치_9,9,0.7534762024879456,780,202,0.6,
2EQ16735,V242_카바라이트_10,10,0.7773807644844055,424,592,0.6,
2EQ16735,V242_카바라이트_11,11,0.786660373210907,508,622,0.6,
2EQ16735,3779_압판스토퍼_12,12,0.5518414974212646,180,530,0.9,
2EQ16735,3779_압판스토퍼_14,14,0.7650564908981323,656,344,0.6,
2EQ16736,C551_토너라벨_1,1,0.3922698497772217,578,452,0.6,
2EQ16736,B793_Canon각인_2,2,0.4920397102832794,44,344,1.05,
2EQ16736,6416_2206N명판_3,3,0.4690302312374115,162,488,1.2,
2EQ16736,3102_현상가압라벨_4,4,0.6537798047065735,492,32,0.6,
2EQ16736,3699_레버피스_4,4,0.6202171444892883,524,102,0.6,
2EQ16736,1525_▲▲▲라벨_5,5,0.9205985069274902,264,448,0.6,
2EQ16736,2917_코마_6,6,0.846947968006134,910,610,0.6,
2EQ16736,1525_▲▲▲라벨_7,7,0.5705631971359253,600,528,0.9,
2EQ16736,0000_모듈러카바_8,8,0.5743655562400818,264,498,0.6,
2EQ16736,3780_전원스위치_9,9,0.7594922184944153,316,396,0.6,
2EQ16736,V242_카바라이트_10,10,0.7818931937217712,422,602,0.6,
2EQ16736,V242_카바라이트_11,11,0.7657666206359863,728,616,0.6,
2EQ16736,3779_압판스토퍼_12,12,0.5594046711921692,310,174,0.9,
2EQ16736,3779_압판스토퍼_14,14,0.7494495511054993,330,412,0.6,
2EQ16737,C551_토너라벨_1,1,0.39726483821868896,444,410,0.6,
2EQ16737,B793_Canon각인_2,2,0.5218974947929382,44,380,1.05,
2EQ16737,6416_2206N명판_3,3,0.5413284301757812,186,478,1.2,
2EQ16737,3102_현상가압라벨_4,4,0.6004245281219482,766,292,0.6,
2EQ16737,3699_레버피스_4,4,0.6141268014907837,784,610,0.6,
2EQ16737,1525_▲▲▲라벨_5,5,0.9247384071350098,794,228,0.6,
2EQ16737,2917_코마_6,6,0.8546355962753296,460,342,0.6,
2EQ16737,1525_▲▲▲라벨_7,7,0.5323420166969299,448,474,0.6,
2EQ16737,0000_모듈러카바_8,8,0.6774194240570068,262,460,0.6,
2EQ16737,3780_전원스위치_9,9,0.7504295706748962,780,202,0.6,
2EQ16737,V242_카바라이트_10,10,0.7795166969299316,482,158,0.6,
2EQ16737,V242_카바라이트_11,11,0.79300856590271,494,638,0.6,
2EQ16737,3779_압판스토퍼_12,12,0.6105806231498718,246,614,0.9,
2EQ16737,3779_압판스토퍼_14,14,0.7561089992523193,384,432,0.75,
2EQ16738,C551_토너라벨_1,1,0.33476707339286804,544,390,0.6,
2EQ16738,B793_Canon각인_2,2,0.5271167159080505,24,378,1.05,
2EQ16738,6416_2206N명판_3,3,0.44078901410102844,578,386,0.6,
2EQ16738,3102_현상가압라벨_4,4,0.6617147922515869,548,2,0.75,
2EQ16738,3699_레버피스_4,4,0.687478244304657,542,18,0.6,
2EQ16738,1525_▲▲▲라벨_5,5,0.9188606142997742,258,472,0.6,
2EQ16738,2917_코마_6,6,0.8493972420692444,746,550,0.6,
2EQ16738,1525_▲▲▲라벨_7,7,0.5560548305511475,540,494,0.9,
2EQ16738,0000_모듈러카바_8,8,0.4555293619632721,258,534,0.6,
2EQ16738,3780_전원스위치_9,9,0.758176326751709,780,202,0.6,
2EQ16738,V242_카바라이트_10,10,0.7823856472969055,430,594,0.6,
2EQ16738,V242_카바라이트_11,11,0.7503979206085205,560,624,0.6,
2EQ16738,3779_압판스토퍼_12,12,0.5566520690917969,384,48,0.9,
2EQ16738,3779_압판스토퍼_14,14,0.7241026163101196,278,312,0.6,
2EQ16739,C551_토너라벨_1,1,0.3095128834247589,520,430,0.6,
2EQ16739,B793_Canon각인_2,2,0.5241773724555969,22,378,1.05,
2EQ16739,6416_2206N명판_3,3,0.4571860730648041,202,360,1.2,
2EQ16739,3102_현상가압라벨_4,4,0.599248468875885,818,300,0.6,
2EQ16739,3699_레버피스_4,4,0.6093217730522156,874,164,0.6,
2EQ16739,1525_▲▲▲라벨_5,5,0.9324001669883728,798,228,0.6,
2EQ16739,2917_코마_6,6,0.870085597038269,924,554,0.6,
2EQ16739,1525_▲▲▲라벨_7,7,0.5458045601844788,536,540,0.6,
2EQ16739,0000_모듈러카바_8,8,0.5223855972290039,240,520,0.6,
2EQ16739,3780_전원스위치_9,9,0.760184109210968,780,202,0.6,
2EQ16739,V242_카바라이트_10,10,0.7726150751113892,484,130,0.6,
2EQ16739,V242_카바라이트_11,11,0.7861413955688477,518,642,0.6,
2EQ16739,3779_압판스토퍼_12,12,0.5548717975616455,86,602,0.9,
2EQ16739,3779_압판스토퍼_14,14,0.7619695067405701,362,392,0.6,
2EQ16740,C551_토너라벨_1,1,0.3867412805557251,228,152,1.2,
2EQ16740,B793_Canon각인_2,2,0.49836888909339905,264,272,1.05,
2EQ16740,6416_2206N명판_3,3,0.4809068441390991,132,292,1.2,
2EQ16740,3102_현상가압라벨_4,4,0.6417757272720337,664,8,0.6,
2EQ16740,3699_레버피스_4,4,0.6592883467674255,672,10,0.6,
2EQ16740,1525_▲▲▲라벨_5,5,0.9248732328414917,794,232,0.6,
2EQ16740,2917_코마_6,6,0.8256288170814514,62,588,0.6,
2EQ16740,1525_▲▲▲라벨_7,7,0.5590754151344299,644,396,0.6,
2EQ16740,0000_모듈러카바_8,8,0.578198254108429,328,506,0.6,
2EQ16740,3780_전원스위치_9,9,0.7571288347244263,298,470,0.6,
2EQ16740,V242_카바라이트_10,10,0.7570353150367737,484,124,0.6,
2EQ16740,V242_카바라이트_11,11,0.7472922205924988,718,136,0.6,
2EQ16740,3779_압판스토퍼_12,12,0.5659634470939636,790,82,0.9,
2EQ16740,3779_압판스토퍼_14,14,0.7611665725708008,522,222,0.75,
2EQ16741,C551_토너라벨_1,1,0.3356751501560211,528,420,0.6,
2EQ16741,B793_Canon각인_2,2,0.5803477764129639,56,324,1.05,
2EQ16741,6416_2206N명판_3,3,0.48164960741996765,142,360,1.2,
2EQ16741,3102_현상가압라벨_4,4,0.6186406016349792,924,336,0.6,
2EQ16741,3699_레버피스_4,4,0.6647782325744629,878,168,0.6,
2EQ16741,1525_▲▲▲라벨_5,5,0.9107542634010315,156,228,0.6,
2EQ16741,2917_코마_6,6,0.8397965431213379,556,566,0.6,
2EQ16741,1525_▲▲▲라벨_7,7,0.5433194637298584,760,26,0.9,
2EQ16741,0000_모듈러카바_8,8,0.42797544598579407,644,470,0.6,
2EQ16741,3780_전원스위치_9,9,0.7469416856765747,348,462,0.6,
2EQ16741,V242_카바라이트_10,10,0.7964189648628235,488,142,0.6,
2EQ16741,V242_카바라이트_11,11,0.7317287921905518,498,612,0.6,
2EQ16741,3779_압판스토퍼_12,12,0.5824247002601624,302,190,0.9,
2EQ16741,3779_압판스토퍼_14,14,0.7494415044784546,748,306,0.75,
2EQ16742,C551_토너라벨_1,1,0.3018432855606079,106,648,0.75,
2EQ16742,B793_Canon각인_2,2,0.3610634207725525,10,302,1.05,
2EQ16742,6416_2206N명판_3,3,0.4343760013580322,298,328,1.2,
2EQ16742,3102_현상가압라벨_4,4,0.5812302231788635,650,602,0.6,
2EQ16742,3699_레버피스_4,4,0.5151882767677307,488,22,0.75,
2EQ16742,1525_▲▲▲라벨_5,5,0.9282327890396118,172,466,0.6,
2EQ16742,2917_코마_6,6,0.8643194437026978,682,314,0.6,
2EQ16742,1525_▲▲▲라벨_7,7,0.5628088712692261,586,522,0.75,
2EQ16742,0000_모듈러카바_8,8,0.4902465343475342,374,462,0.6,
2EQ16742,3780_전원스위치_9,9,0.7559091448783875,780,202,0.6,
2EQ16742,V242_카바라이트_10,10,0.7752528786659241,480,120,0.6,
2EQ16742,V242_카바라이트_11,11,0.7862696051597595,504,648,0.6,
2EQ16742,3779_압판스토퍼_12,12,0.567232608795166,750,106,0.9,
2EQ16742,3779_압판스토퍼_14,14,0.747264564037323,498,358,0.6,
2EQ16743,C551_토너라벨_1,1,0.3483438491821289,564,402,0.6,
2EQ16743,B793_Canon각인_2,2,0.5756638050079346,104,336,1.05,
2EQ16743,6416_2206N명판_3,3,0.5317806601524353,164,372,1.2,
2EQ16743,3102_현상가압라벨_4,4,0.6313409209251404,868,370,0.6,
2EQ16743,3699_레버피스_4,4,0.6740280389785767,872,170,0.6,
2EQ16743,1525_▲▲▲라벨_5,5,0.9102176427841187,336,376,0.6,
2EQ16743,2917_코마_6,6,0.8310890197753906,350,366,0.6,
2EQ16743,1525_▲▲▲라벨_7,7,0.5211959481239319,322,208,0.9,
2EQ16743,0000_모듈러카바_8,8,0.48877906799316406,248,494,0.6,
2EQ16743,3780_전원스위치_9,9,0.7593461275100708,782,202,0.6,
2EQ16743,V242_카바라이트_10,10,0.7979897856712341,484,160,0.6,
2EQ16743,V242_카바라이트_11,11,0.7998355627059937,484,636,0.6,
2EQ16743,3779_압판스토퍼_12,12,0.5882700681686401,834,404,0.9,
2EQ16743,3779_압판스토퍼_14,14,0.7455334663391113,106,10,0.6,
2EQ16744,C551_토너라벨_1,1,0.3288039565086365,628,336,0.6,
2EQ16744,B793_Canon각인_2,2,0.5238900184631348,34,330,1.05,
2EQ16744,6416_2206N명판_3,3,0.4881012737751007,212,308,1.2,
2EQ16744,3102_현상가압라벨_4,4,0.6235159635543823,600,4,0.6,
2EQ16744,3699_레버피스_4,4,0.6972278356552124,604,6,0.6,
2EQ16744,1525_▲▲▲라벨_5,5,0.9206861853599548,802,232,0.6,
2EQ16744,2917_코마_6,6,0.8420133590698242,34,390,0.6,
2EQ16744,1525_▲▲▲라벨_7,7,0.5976188778877258,474,554,0.75,
2EQ16744,0000_모듈러카바_8,8,0.5423551201820374,264,516,0.6,
2EQ16744,3780_전원스위치_9,9,0.7547910809516907,782,202,0.6,
2EQ16744,V242_카바라이트_10,10,0.7797377109527588,442,600,0.6,
2EQ16744,V242_카바라이트_11,11,0.7521196007728577,562,648,0.6,
2EQ16744,3779_압판스토퍼_12,12,0.5753291845321655,764,108,0.9,
2EQ16744,3779_압판스토퍼_14,14,0.7672848105430603,394,372,0.6,
2EQ16745,C551_토너라벨_1,1,0.3298410177230835,426,370,0.6,
2EQ16745,B793_Canon각인_2,2,0.5342549681663513,106,364,1.05,
2EQ16745,6416_2206N명판_3,3,0.43798351287841797,272,472,1.2,
2EQ16745,3102_현상가압라벨_4,4,0.6317744851112366,620,90,0.6,
2EQ16745,3699_레버피스_4,4,0.5577412247657776,222,14,0.75,
2EQ16745,1525_▲▲▲라벨_5,5,0.920578122138977,212,484,0.6,
2EQ16745,2917_코마_6,6,0.8428856730461121,228,674,0.6,
2EQ16745,1525_▲▲▲라벨_7,7,0.5507360696792603,704,614,0.9,
2EQ16745,0000_모듈러카바_8,8,0.4309949278831482,304,512,0.6,
2EQ16745,3780_전원스위치_9,9,0.7528671026229858,782,202,0.6,
2EQ16745,V242_카바라이트_10,10,0.789391040802002,476,148,0.6,
2EQ16745,V242_카바라이트_11,11,0.7919746041297913,558,656,0.6,
2EQ16745,3779_압판스토퍼_12,12,0.544259250164032,0,608,0.9,
2EQ16745,3779_압판스토퍼_14,14,0.748727023601532,516,354,0.6,
2EQ16746,C551_토너라벨_1,1,0.3556734323501587,220,88,1.2,
2EQ16746,B793_Canon각인_2,2,0.5523681640625,18,368,1.05,
2EQ16746,6416_2206N명판_3,3,0.4370729327201843,574,248,0.6,
2EQ16746,3102_현상가압라벨_4,4,0.6118542551994324,534,58,0.6,
2EQ16746,3699_레버피스_4,4,0.6197918653488159,148,30,0.6,
2EQ16746,1525_▲▲▲라벨_5,5,0.9204491972923279,796,232,0.6,
2EQ16746,2917_코마_6,6,0.8572908043861389,702,142,0.6,
2EQ16746,1525_▲▲▲라벨_7,7,0.5537942051887512,450,536,0.75,
2EQ16746,0000_모듈러카바_8,8,0.41543489694595337,302,524,0.6,
2EQ16746,3780_전원스위치_9,9,0.7555773854255676,782,202,0.6,
2EQ16746,V242_카바라이트_10,10,0.7752454876899719,482,122,0.6,
2EQ16746,V242_카바라이트_11,11,0.7672649025917053,566,640,0.6,
2EQ16746,3779_압판스토퍼_12,12,0.5893999338150024,450,220,0.9,
2EQ16746,3779_압판스토퍼_14,14,0.777690589427948,522,198,0.75,
2EQ16747,C551_토너라벨_1,1,0.37098532915115356,472,342,0.6,
2EQ16747,B793_Canon각인_2,2,0.6013962626457214,38,334,1.05,
2EQ16747,6416_2206N명판_3,3,0.47412508726119995,150,380,1.2,
2EQ16747,3102_현상가압라벨_4,4,0.6267330050468445,778,328,0.6,
2EQ16747,3699_레버피스_4,4,0.6103970408439636,786,608,0.6,
2EQ16747,1525_▲▲▲라벨_5,5,0.9255826473236084,72,292,0.75,
2EQ16747,2917_코마_6,6,0.8405397534370422,396,372,0.6,
2EQ16747,1525_▲▲▲라벨_7,7,0.5506581664085388,726,70,0.9,
2EQ16747,0000_모듈러카바_8,8,0.4996381998062134,214,462,0.6,
2EQ16747,3780_전원스위치_9,9,0.7504050135612488,782,202,0.6,
2EQ16747,V242_카바라이트_10,10,0.7461650967597961,498,156,0.6,
2EQ16747,V242_카바라이트_11,11,0.7532211542129517,506,648,0.6,
2EQ16747,3779_압판스토퍼_12,12,0.5754842758178711,872,282,0.9,
2EQ16747,3779_압판스토퍼_14,14,0.7390561699867249,158,626,0.6,
2EQ16748,C551_토너라벨_1,1,0.31547826528549194,536,414,0.6,
2EQ16748,B793_Canon각인_2,2,0.5374201536178589,48,280,1.05,
2EQ16748,6416_2206N명판_3,3,0.4196578562259674,136,394,1.2,
2EQ16748,3102_현상가압라벨_4,4,0.6309536099433899,728,20,0.6,
2EQ16748,3699_레버피스_4,4,0.5582824945449829,752,0,0.6,
2EQ16748,1525_▲▲▲라벨_5,5,0.9104222059249878,154,232,0.6,
2EQ16748,2917_코마_6,6,0.84986412525177,116,400,0.6,
2EQ16748,1525_▲▲▲라벨_7,7,0.5812247395515442,826,614,0.6,
2EQ16748,0000_모듈러카바_8,8,0.5100444555282593,278,468,0.6,
2EQ16748,3780_전원스위치_9,9,0.7506465911865234,288,392,0.6,
2EQ16748,V242_카바라이트_10,10,0.7649261355400085,496,158,0.6,
2EQ16748,V242_카바라이트_11,11,0.7469348311424255,502,648,0.6,
2EQ16748,3779_압판스토퍼_12,12,0.6641913652420044,840,212,0.6,
2EQ16748,3779_압판스토퍼_14,14,0.7548929452896118,370,472,0.6,
2EQ16749,C551_토너라벨_1,1,0.3860240876674652,602,292,0.6,
2EQ16749,B793_Canon각인_2,2,0.5379026532173157,48,288,1.05,
2EQ16749,6416_2206N명판_3,3,0.5366613268852234,192,388,1.2,
2EQ16749,3102_현상가압라벨_4,4,0.611203134059906,700,280,0.6,
2EQ16749,3699_레버피스_4,4,0.6145773530006409,92,42,0.6,
2EQ16749,1525_▲▲▲라벨_5,5,0.9223851561546326,282,368,0.75,
2EQ16749,2917_코마_6,6,0.8412485122680664,18,640,0.6,
2EQ16749,1525_▲▲▲라벨_7,7,0.5609795451164246,578,440,0.6,
2EQ16749,0000_모듈러카바_8,8,0.5101835131645203,244,506,0.6,
2EQ16749,3780_전원스위치_9,9,0.7563706636428833,324,390,0.6,
2EQ16749,V242_카바라이트_10,10,0.7897284626960754,410,598,0.6,
2EQ16749,V242_카바라이트_11,11,0.7978464961051941,570,648,0.6,
2EQ16749,3779_압판스토퍼_12,12,0.5922001600265503,510,208,0.9,
2EQ16749,3779_압판스토퍼_14,14,0.7630136013031006,468,316,0.6,
2EQ16750,C551_토너라벨_1,1,0.369120329618454,480,270,0.6,
2EQ16750,B793_Canon각인_2,2,0.5348725318908691,22,286,1.05,
2EQ16750,6416_2206N명판_3,3,0.5331360697746277,202,388,1.2,
2EQ16750,3102_현상가압라벨_4,4,0.6306529641151428,896,318,0.6,
2EQ16750,3699_레버피스_4,4,0.6555526852607727,876,168,0.6,
2EQ16750,1525_▲▲▲라벨_5,5,0.9225322604179382,372,372,0.6,
2EQ16750,2917_코마_6,6,0.8480962514877319,140,410,0.6,
2EQ16750,1525_▲▲▲라벨_7,7,0.5529493689537048,766,2,0.9,
2EQ16750,0000_모듈러카바_8,8,0.5423570275306702,292,490,0.6,
2EQ16750,3780_전원스위치_9,9,0.7610024809837341,782,202,0.6,
2EQ16750,V242_카바라이트_10,10,0.781119704246521,492,138,0.6,
2EQ16750,V242_카바라이트_11,11,0.7718156576156616,566,646,0.6,
2EQ16750,3779_압판스토퍼_12,12,0.5509570240974426,744,136,0.9,
2EQ16750,3779_압판스토퍼_14,14,0.7369760274887085,510,424,0.6,
2EQ16751,C551_토너라벨_1,1,0.4013442397117615,600,360,0.6,
2EQ16751,B793_Canon각인_2,2,0.585438072681427,58,328,1.05,
2EQ16751,6416_2206N명판_3,3,0.5531169772148132,136,340,1.2,
2EQ16751,3102_현상가압라벨_4,4,0.6298505663871765,806,346,0.6,
2EQ16751,3699_레버피스_4,4,0.6750781536102295,868,172,0.6,
2EQ16751,1525_▲▲▲라벨_5,5,0.9265886545181274,794,224,0.75,
2EQ16751,2917_코마_6,6,0.8439069390296936,918,496,0.6,
2EQ16751,1525_▲▲▲라벨_7,7,0.5511384606361389,748,328,0.6,
2EQ16751,0000_모듈러카바_8,8,0.443305104970932,250,442,0.6,
2EQ16751,3780_전원스위치_9,9,0.7558866739273071,356,430,0.6,
2EQ16751,V242_카바라이트_10,10,0.7513933777809143,480,160,0.75,
2EQ16751,V242_카바라이트_11,11,0.7514182329177856,508,642,0.6,
2EQ16751,3779_압판스토퍼_12,12,0.6181755065917969,802,546,0.9,
2EQ16751,3779_압판스토퍼_14,14,0.737449586391449,160,620,0.75,
2EQ16752,C551_토너라벨_1,1,0.3079732060432434,578,526,0.6,
2EQ16752,B793_Canon각인_2,2,0.48793312907218933,2,298,1.05,
2EQ16752,6416_2206N명판_3,3,0.41291871666908264,712,652,0.6,
2EQ16752,3102_현상가압라벨_4,4,0.5946977734565735,220,626,0.6,
2EQ16752,3699_레버피스_4,4,0.6169492602348328,178,34,0.6,
2EQ16752,1525_▲▲▲라벨_5,5,0.922373354434967,236,472,0.6,
2EQ16752,2917_코마_6,6,0.8593607544898987,918,582,0.6,
2EQ16752,1525_▲▲▲라벨_7,7,0.5857679843902588,544,472,0.9,
2EQ16752,0000_모듈러카바_8,8,0.4756249487400055,270,558,0.6,
2EQ16752,3780_전원스위치_9,9,0.7555825114250183,784,202,0.6,
2EQ16752,V242_카바라이트_10,10,0.7772730588912964,482,134,0.6,
2EQ16752,V242_카바라이트_11,11,0.7900605797767639,568,648,0.6,
2EQ16752,3779_압판스토퍼_12,12,0.5562166571617126,498,202,0.9,
2EQ16752,3779_압판스토퍼_14,14,0.7574623227119446,366,384,0.6,
2EQ16753,C551_토너라벨_1,1,0.3504165709018707,492,352,0.6,
2EQ16753,B793_Canon각인_2,2,0.4895409345626831,26,324,1.05,
2EQ16753,6416_2206N명판_3,3,0.4585685133934021,236,348,1.2,
2EQ16753,3102_현상가압라벨_4,4,0.6531515717506409,532,84,0.6,
2EQ16753,3699_레버피스_4,4,0.6716361045837402,538,88,0.6,
2EQ16753,1525_▲▲▲라벨_5,5,0.9207997918128967,812,228,0.6,
2EQ16753,2917_코마_6,6,0.845301628112793,172,398,0.6,
2EQ16753,1525_▲▲▲라벨_7,7,0.5494055151939392,550,644,0.75,
2EQ16753,0000_모듈러카바_8,8,0.48978814482688904,248,536,0.6,
2EQ16753,3780_전원스위치_9,9,0.7611101865768433,784,202,0.6,
2EQ16753,V242_카바라이트_10,10,0.7907827496528625,490,144,0.6,
2EQ16753,V242_카바라이트_11,11,0.7265099287033081,722,618,0.6,
2EQ16753,3779_압판스토퍼_12,12,0.5780504941940308,168,482,0.9,
2EQ16753,3779_압판스토퍼_14,14,0.7668275237083435,212,176,0.6,
2EQ16754,C551_토너라벨_1,1,0.39559730887413025,468,358,0.6,
2EQ16754,B793_Canon각인_2,2,0.5727131962776184,66,322,1.05,
2EQ16754,6416_2206N명판_3,3,0.556189775466919,174,358,1.2,
2EQ16754,3102_현상가압라벨_4,4,0.6046761274337769,802,0,0.6,
2EQ16754,3699_레버피스_4,4,0.6668168306350708,872,174,0.6,
2EQ16754,1525_▲▲▲라벨_5,5,0.9305663108825684,298,424,0.75,
2EQ16754,2917_코마_6,6,0.8564193248748779,928,548,0.6,
2EQ16754,1525_▲▲▲라벨_7,7,0.5394328236579895,516,492,0.9,
2EQ16754,0000_모듈러카바_8,8,0.6082091927528381,268,482,0.6,
2EQ16754,3780_전원스위치_9,9,0.7593891620635986,784,202,0.6,
2EQ16754,V242_카바라이트_10,10,0.7748994827270508,484,122,0.6,
2EQ16754,V242_카바라이트_11,11,0.7910086512565613,562,658,0.6,
2EQ16754,3779_압판스토퍼_12,12,0.6039406657218933,520,224,0.9,
2EQ16754,3779_압판스토퍼_14,14,0.7567251920700073,586,198,0.75,
2EQ16755,C551_토너라벨_1,1,0.33070170879364014,494,404,0.6,
2EQ16755,B793_Canon각인_2,2,0.5496314167976379,74,330,1.05,
2EQ16755,6416_2206N명판_3,3,0.482391893863678,206,370,1.2,
2EQ16755,3102_현상가압라벨_4,4,0.5915512442588806,798,304,0.6,
2EQ16755,3699_레버피스_4,4,0.6587173938751221,878,160,0.6,
2EQ16755,1525_▲▲▲라벨_5,5,0.9206305146217346,190,298,0.6,
2EQ16755,2917_코마_6,6,0.847991943359375,908,588,0.6,
2EQ16755,1525_▲▲▲라벨_7,7,0.5787001848220825,404,440,0.6,
2EQ16755,0000_모듈러카바_8,8,0.5446133613586426,256,522,0.6,
2EQ16755,3780_전원스위치_9,9,0.761748194694519,784,202,0.6,
2EQ16755,V242_카바라이트_10,10,0.7849498391151428,488,130,0.6,
2EQ16755,V242_카바라이트_11,11,0.7787588238716125,500,650,0.6,
2EQ16755,3779_압판스토퍼_12,12,0.594502329826355,798,76,0.9,
2EQ16755,3779_압판스토퍼_14,14,0.7529515624046326,330,348,0.6,
2EQ16756,C551_토너라벨_1,1,0.3351387083530426,480,388,0.6,
2EQ16756,B793_Canon각인_2,2,0.5785889029502869,86,356,1.05,
2EQ16756,6416_2206N명판_3,3,0.47158899903297424,160,348,1.2,
2EQ16756,3102_현상가압라벨_4,4,0.5963962078094482,756,316,0.6,
2EQ16756,3699_레버피스_4,4,0.6241284608840942,912,158,0.6,
2EQ16756,1525_▲▲▲라벨_5,5,0.9288573861122131,140,404,0.75,
2EQ16756,2917_코마_6,6,0.8410934805870056,474,370,0.6,
2EQ16756,1525_▲▲▲라벨_7,7,0.5249293446540833,850,10,0.75,
2EQ16756,0000_모듈러카바_8,8,0.5321636199951172,294,358,0.6,
2EQ16756,3780_전원스위치_9,9,0.735221803188324,340,354,0.6,
2EQ16756,V242_카바라이트_10,10,0.7732797265052795,418,594,0.6,
2EQ16756,V242_카바라이트_11,11,0.7492302656173706,504,644,0.6,
2EQ16756,3779_압판스토퍼_12,12,0.5662575960159302,18,176,0.6,
2EQ16756,3779_압판스토퍼_14,14,0.764127254486084,474,516,0.6,
2EQ16757,C551_토너라벨_1,1,0.3123699724674225,534,390,0.6,
2EQ16757,B793_Canon각인_2,2,0.5935941338539124,64,320,1.05,
2EQ16757,6416_2206N명판_3,3,0.49598515033721924,180,384,1.2,
2EQ16757,3102_현상가압라벨_4,4,0.5916154980659485,804,310,0.6,
2EQ16757,3699_레버피스_4,4,0.6419072151184082,876,166,0.6,
2EQ16757,1525_▲▲▲라벨_5,5,0.9259354472160339,398,348,0.6,
2EQ16757,2917_코마_6,6,0.8381512761116028,436,348,0.6,
2EQ16757,1525_▲▲▲라벨_7,7,0.5202449560165405,478,30,0.6,
2EQ16757,0000_모듈러카바_8,8,0.5016365051269531,342,490,0.6,
2EQ16757,3780_전원스위치_9,9,0.7573586106300354,782,202,0.6,
2EQ16757,V242_카바라이트_10,10,0.7783328294754028,494,124,0.6,
2EQ16757,V242_카바라이트_11,11,0.8022990822792053,510,654,0.6,
2EQ16757,3779_압판스토퍼_12,12,0.5752665400505066,738,132,0.9,
2EQ16757,3779_압판스토퍼_14,14,0.7554413676261902,490,390,0.6,
2EQ16758,C551_토너라벨_1,1,0.3389478921890259,484,292,0.6,
2EQ16758,B793_Canon각인_2,2,0.5171536207199097,46,310,1.05,
2EQ16758,6416_2206N명판_3,3,0.41865676641464233,0,650,0.6,
2EQ16758,3102_현상가압라벨_4,4,0.6768998503684998,506,0,0.6,
2EQ16758,3699_레버피스_4,4,0.6196034550666809,486,4,0.6,
2EQ16758,1525_▲▲▲라벨_5,5,0.9251213073730469,802,232,0.6,
2EQ16758,2917_코마_6,6,0.849090039730072,888,534,0.6,
2EQ16758,1525_▲▲▲라벨_7,7,0.5695635080337524,476,466,0.9,
2EQ16758,0000_모듈러카바_8,8,0.5828555822372437,280,524,0.6,
2EQ16758,3780_전원스위치_9,9,0.7576805353164673,784,202,0.6,
2EQ16758,V242_카바라이트_10,10,0.7759060859680176,438,596,0.6,
2EQ16758,V242_카바라이트_11,11,0.758654773235321,720,140,0.6,
2EQ16758,3779_압판스토퍼_12,12,0.5936383008956909,358,178,0.9,
2EQ16758,3779_압판스토퍼_14,14,0.765741765499115,348,366,0.6,
2EQ16759,C551_토너라벨_1,1,0.34223756194114685,544,394,0.6,
2EQ16759,B793_Canon각인_2,2,0.5093661546707153,60,326,1.05,
2EQ16759,6416_2206N명판_3,3,0.49952954053878784,186,370,1.2,
2EQ16759,3102_현상가압라벨_4,4,0.6217906475067139,798,0,0.6,
2EQ16759,3699_레버피스_4,4,0.5997769832611084,890,176,0.6,
2EQ16759,1525_▲▲▲라벨_5,5,0.9212518930435181,796,226,0.75,
2EQ16759,2917_코마_6,6,0.8353058695793152,490,48,0.6,
2EQ16759,1525_▲▲▲라벨_7,7,0.5708038210868835,500,554,0.75,
2EQ16759,0000_모듈러카바_8,8,0.5695750713348389,276,532,0.6,
2EQ16759,3780_전원스위치_9,9,0.7558475136756897,782,204,0.6,
2EQ16759,V242_카바라이트_10,10,0.7762170433998108,424,594,0.6,
2EQ16759,V242_카바라이트_11,11,0.7790860533714294,566,656,0.6,
2EQ16759,3779_압판스토퍼_12,12,0.5683653950691223,478,226,0.9,
2EQ16759,3779_압판스토퍼_14,14,0.7751821875572205,344,380,0.6,
2EQ16760,C551_토너라벨_1,1,0.35016486048698425,494,366,0.6,
2EQ16760,B793_Canon각인_2,2,0.5639265775680542,50,316,1.05,
2EQ16760,6416_2206N명판_3,3,0.4793906807899475,216,364,1.2,
2EQ16760,3102_현상가압라벨_4,4,0.6323134303092957,722,224,0.6,
2EQ16760,3699_레버피스_4,4,0.5453846454620361,742,606,0.6,
2EQ16760,1525_▲▲▲라벨_5,5,0.9173433780670166,810,228,0.6,
2EQ16760,2917_코마_6,6,0.8410131931304932,314,384,0.6,
2EQ16760,1525_▲▲▲라벨_7,7,0.5770617127418518,522,70,0.9,
2EQ16760,0000_모듈러카바_8,8,0.5186076164245605,344,508,0.6,
2EQ16760,3780_전원스위치_9,9,0.7577604651451111,782,202,0.6,
2EQ16760,V242_카바라이트_10,10,0.7851957082748413,484,142,0.6,
2EQ16760,V242_카바라이트_11,11,0.7989557385444641,568,634,0.6,
2EQ16760,3779_압판스토퍼_12,12,0.5941144227981567,314,180,0.9,
2EQ16760,3779_압판스토퍼_14,14,0.7589494585990906,378,392,0.6,
2EQ16761,C551_토너라벨_1,1,0.3424673080444336,372,380,0.6,
2EQ16761,B793_Canon각인_2,2,0.5880850553512573,56,314,1.05,
2EQ16761,6416_2206N명판_3,3,0.503657877445221,154,380,1.2,
2EQ16761,3102_현상가압라벨_4,4,0.6148316860198975,872,252,0.6,
2EQ16761,3699_레버피스_4,4,0.6768431067466736,894,154,0.6,
2EQ16761,1525_▲▲▲라벨_5,5,0.9403847455978394,794,228,0.6,
2EQ16761,2917_코마_6,6,0.8560498356819153,12,398,0.6,
2EQ16761,1525_▲▲▲라벨_7,7,0.5827680230140686,710,254,0.9,
2EQ16761,0000_모듈러카바_8,8,0.5183408856391907,246,406,0.6,
2EQ16761,3780_전원스위치_9,9,0.7541730999946594,332,426,0.6,
2EQ16761,V242_카바라이트_10,10,0.7823754549026489,508,136,0.6,
2EQ16761,V242_카바라이트_11,11,0.7798778414726257,504,638,0.6,
2EQ16761,3779_압판스토퍼_12,12,0.6018543839454651,752,286,0.9,
2EQ16761,3779_압판스토퍼_14,14,0.7420968413352966,728,166,0.6,
2EQ16762,C551_토너라벨_1,1,0.357032835483551,572,266,0.6,
2EQ16762,B793_Canon각인_2,2,0.5268591642379761,34,338,1.05,
2EQ16762,6416_2206N명판_3,3,0.4771575331687927,214,350,1.2,
2EQ16762,3102_현상가압라벨_4,4,0.6476514935493469,546,0,0.6,
2EQ16762,3699_레버피스_4,4,0.6865434646606445,536,2,0.6,
2EQ16762,1525_▲▲▲라벨_5,5,0.9259175062179565,102,432,0.6,
2EQ16762,2917_코마_6,6,0.8527077436447144,894,564,0.6,
2EQ16762,1525_▲▲▲라벨_7,7,0.5544243454933167,236,46,0.6,
2EQ16762,0000_모듈러카바_8,8,0.47677966952323914,278,498,0.6,
2EQ16762,3780_전원스위치_9,9,0.7496191263198853,782,202,0.6,
2EQ16762,V242_카바라이트_10,10,0.7912951707839966,484,140,0.6,
2EQ16762,V242_카바라이트_11,11,0.778455376625061,542,646,0.6,
2EQ16762,3779_압판스토퍼_12,12,0.59088134765625,484,186,0.9,
2EQ16762,3779_압판스토퍼_14,14,0.7695549726486206,232,182,0.6,
2EQ16763,C551_토너라벨_1,1,0.38154715299606323,542,402,0.6,
2EQ16763,B793_Canon각인_2,2,0.5568252801895142,38,332,1.05,
2EQ16763,6416_2206N명판_3,3,0.5041654109954834,172,440,1.2,
2EQ16763,3102_현상가압라벨_4,4,0.6123193502426147,780,302,0.6,
2EQ16763,3699_레버피스_4,4,0.5855022668838501,782,606,0.6,
2EQ16763,1525_▲▲▲라벨_5,5,0.9291712045669556,282,416,0.6,
2EQ16763,2917_코마_6,6,0.8577170372009277,638,534,0.6,
2EQ16763,1525_▲▲▲라벨_7,7,0.5330333113670349,646,6,0.9,
2EQ16763,0000_모듈러카바_8,8,0.40292954444885254,254,446,0.6,
2EQ16763,3780_전원스위치_9,9,0.752286434173584,782,202,0.6,
2EQ16763,V242_카바라이트_10,10,0.8058292269706726,494,150,0.6,
2EQ16763,V242_카바라이트_11,11,0.7777264714241028,506,628,0.6,
2EQ16763,3779_압판스토퍼_12,12,0.5846609473228455,268,38,0.9,
2EQ16763,3779_압판스토퍼_14,14,0.7275797724723816,690,298,0.75,
2EQ16764,C551_토너라벨_1,1,0.32979223132133484,546,434,0.6,
2EQ16764,B793_Canon각인_2,2,0.385037899017334,26,332,1.05,
2EQ16764,6416_2206N명판_3,3,0.45234009623527527,142,376,1.2,
2EQ16764,3102_현상가압라벨_4,4,0.6007565259933472,778,326,0.6,
2EQ16764,3699_레버피스_4,4,0.5977020263671875,766,610,0.6,
2EQ16764,1525_▲▲▲라벨_5,5,0.921242892742157,798,228,0.6,
2EQ16764,2917_코마_6,6,0.8593168258666992,912,490,0.6,
2EQ16764,1525_▲▲▲라벨_7,7,0.5988901853561401,802,306,0.9,
2EQ16764,0000_모듈러카바_8,8,0.44127991795539856,270,538,0.6,
2EQ16764,3780_전원스위치_9,9,0.7782630324363708,286,480,0.6,
2EQ16764,V242_카바라이트_10,10,0.7900720834732056,412,598,0.6,
2EQ16764,V242_카바라이트_11,11,0.705468475818634,712,150,0.6,
2EQ16764,3779_압판스토퍼_12,12,0.596860945224762,602,256,0.9,
2EQ16764,3779_압판스토퍼_14,14,0.7445048689842224,626,332,0.6,
2EQ16765,C551_토너라벨_1,1,0.3159184753894806,106,648,0.75,
2EQ16765,B793_Canon각인_2,2,0.34984543919563293,26,190,1.05,
2EQ16765,6416_2206N명판_3,3,0.4363468587398529,562,310,0.75,
2EQ16765,3102_현상가압라벨_4,4,0.5949631333351135,592,52,0.6,
2EQ16765,3699_레버피스_4,4,0.6252529621124268,160,30,0.6,
2EQ16765,1525_▲▲▲라벨_5,5,0.9228106737136841,208,492,0.6,
2EQ16765,2917_코마_6,6,0.8367217183113098,932,526,0.6,
2EQ16765,1525_▲▲▲라벨_7,7,0.5796743631362915,546,464,0.9,
2EQ16765,0000_모듈러카바_8,8,0.5339927673339844,308,520,0.6,
2EQ16765,3780_전원스위치_9,9,0.757781982421875,782,204,0.6,
2EQ16765,V242_카바라이트_10,10,0.7803052067756653,444,602,0.6,
2EQ16765,V242_카바라이트_11,11,0.7749554514884949,720,150,0.6,
2EQ16765,3779_압판스토퍼_12,12,0.5831304788589478,96,508,0.9,
2EQ16765,3779_압판스토퍼_14,14,0.7648411393165588,362,444,0.6,
2EQ16766,C551_토너라벨_1,1,0.3499510884284973,230,150,1.2,
2EQ16766,B793_Canon각인_2,2,0.40056321024894714,34,468,1.05,
2EQ16766,6416_2206N명판_3,3,0.4209573566913605,200,390,1.2,
2EQ16766,3102_현상가압라벨_4,4,0.620418131351471,456,386,0.6,
2EQ16766,3699_레버피스_4,4,0.6810054183006287,208,12,0.9,
2EQ16766,1525_▲▲▲라벨_5,5,0.9221011400222778,796,228,0.6,
2EQ16766,2917_코마_6,6,0.8332509994506836,816,560,0.6,
2EQ16766,1525_▲▲▲라벨_7,7,0.5538436770439148,490,536,0.6,
2EQ16766,0000_모듈러카바_8,8,0.5689348578453064,328,504,0.6,
2EQ16766,3780_전원스위치_9,9,0.7546283006668091,782,202,0.6,
2EQ16766,V242_카바라이트_10,10,0.7805981636047363,420,598,0.6,
2EQ16766,V242_카바라이트_11,11,0.7741237878799438,570,644,0.6,
2EQ16766,3779_압판스토퍼_12,12,0.5950648784637451,136,532,0.9,
2EQ16766,3779_압판스토퍼_14,14,0.7601650357246399,902,248,0.6,
2EQ16767,C551_토너라벨_1,1,0.33245256543159485,564,360,0.6,
2EQ16767,B793_Canon각인_2,2,0.48643389344215393,10,356,1.05,
2EQ16767,6416_2206N명판_3,3,0.4073895812034607,706,652,0.6,
2EQ16767,3102_현상가압라벨_4,4,0.6662560701370239,574,0,0.6,
2EQ16767,3699_레버피스_4,4,0.6794747710227966,582,0,0.6,
2EQ16767,1525_▲▲▲라벨_5,5,0.9307326078414917,794,226,0.75,
2EQ16767,2917_코마_6,6,0.8414320349693298,924,538,0.6,
2EQ16767,1525_▲▲▲라벨_7,7,0.5800368189811707,540,488,0.75,
2EQ16767,0000_모듈러카바_8,8,0.6065084338188171,264,522,0.6,
2EQ16767,3780_전원스위치_9,9,0.7495570778846741,784,202,0.6,
2EQ16767,V242_카바라이트_10,10,0.7764922380447388,430,592,0.6,
2EQ16767,V242_카바라이트_11,11,0.7915595769882202,550,646,0.6,
2EQ16767,3779_압판스토퍼_12,12,0.5899134278297424,446,180,0.9,
2EQ16767,3779_압판스토퍼_14,14,0.7577234506607056,492,276,0.6,
2EQ16768,C551_토너라벨_1,1,0.3152938783168793,564,348,0.6,
2EQ16768,B793_Canon각인_2,2,0.4246734082698822,40,266,1.05,
2EQ16768,6416_2206N명판_3,3,0.4643981456756592,106,332,1.2,
2EQ16768,3102_현상가압라벨_4,4,0.6959976553916931,490,10,0.75,
2EQ16768,3699_레버피스_4,4,0.6553343534469604,680,18,0.6,
2EQ16768,1525_▲▲▲라벨_5,5,0.9173383712768555,810,228,0.6,
2EQ16768,2917_코마_6,6,0.8619411587715149,858,562,0.6,
2EQ16768,1525_▲▲▲라벨_7,7,0.5616329312324524,496,484,0.75,
2EQ16768,0000_모듈러카바_8,8,0.5497673153877258,242,508,0.6,
2EQ16768,3780_전원스위치_9,9,0.7520420551300049,422,418,0.6,
2EQ16768,V242_카바라이트_10,10,0.7811336517333984,438,600,0.6,
2EQ16768,V242_카바라이트_11,11,0.7453597187995911,720,142,0.6,
2EQ16768,3779_압판스토퍼_12,12,0.5836708545684814,752,120,0.9,
2EQ16768,3779_압판스토퍼_14,14,0.7656752467155457,418,220,0.75,
2EQ16769,C551_토너라벨_1,1,0.3092285692691803,146,228,0.6,
2EQ16769,B793_Canon각인_2,2,0.5636590123176575,36,344,1.05,
2EQ16769,6416_2206N명판_3,3,0.42151564359664917,254,254,1.2,
2EQ16769,3102_현상가압라벨_4,4,0.6231667399406433,502,38,1.2,
2EQ16769,3699_레버피스_4,4,0.6084467172622681,724,302,0.6,
2EQ16769,1525_▲▲▲라벨_5,5,0.9315223097801208,796,224,0.75,
2EQ16769,2917_코마_6,6,0.8468579649925232,742,56,0.75,
2EQ16769,1525_▲▲▲라벨_7,7,0.5256938338279724,178,526,0.9,
2EQ16769,0000_모듈러카바_8,8,0.5740720629692078,344,500,0.6,
2EQ16769,3780_전원스위치_9,9,0.76096111536026,782,202,0.6,
2EQ16769,V242_카바라이트_10,10,0.7796549797058105,432,596,0.6,
2EQ16769,V242_카바라이트_11,11,0.7583435773849487,558,654,0.6,
2EQ16769,3779_압판스토퍼_12,12,0.5909911394119263,394,160,0.9,
2EQ16769,3779_압판스토퍼_14,14,0.7492993474006653,130,486,0.6,
2EQ16770,C551_토너라벨_1,1,0.34538888931274414,222,162,1.2,
2EQ16770,B793_Canon각인_2,2,0.47856593132019043,32,518,1.05,
2EQ16770,6416_2206N명판_3,3,0.41527342796325684,218,370,1.2,
2EQ16770,3102_현상가압라벨_4,4,0.6324500441551208,582,78,0.6,
2EQ16770,3699_레버피스_4,4,0.6171098351478577,228,24,0.6,
2EQ16770,1525_▲▲▲라벨_5,5,0.9253299236297607,166,476,0.6,
2EQ16770,2917_코마_6,6,0.840025007724762,698,150,0.6,
2EQ16770,1525_▲▲▲라벨_7,7,0.6283435225486755,522,540,0.9,
2EQ16770,0000_모듈러카바_8,8,0.4948209822177887,304,472,0.6,
2EQ16770,3780_전원스위치_9,9,0.7585294246673584,782,202,0.6,
2EQ16770,V242_카바라이트_10,10,0.7722532153129578,434,592,0.6,
2EQ16770,V242_카바라이트_11,11,0.7500127553939819,556,660,0.6,
2EQ16770,3779_압판스토퍼_12,12,0.5965778827667236,874,0,0.9,
2EQ16770,3779_압판스토퍼_14,14,0.74604731798172,498,390,0.6,
2EQ16771,C551_토너라벨_1,1,0.3647751808166504,350,390,0.6,
2EQ16771,B793_Canon각인_2,2,0.5545868873596191,28,276,1.05,
2EQ16771,6416_2206N명판_3,3,0.47395187616348267,174,310,1.2,
2EQ16771,3102_현상가압라벨_4,4,0.7069433927536011,566,4,0.6,
2EQ16771,3699_레버피스_4,4,0.6896199584007263,544,8,0.6,
2EQ16771,1525_▲▲▲라벨_5,5,0.9146899580955505,492,400,0.6,
2EQ16771,2917_코마_6,6,0.8506717681884766,936,540,0.6,
2EQ16771,1525_▲▲▲라벨_7,7,0.5534151196479797,640,568,0.6,
2EQ16771,0000_모듈러카바_8,8,0.6083086133003235,328,492,0.6,
2EQ16771,3780_전원스위치_9,9,0.7513293623924255,782,202,0.6,
2EQ16771,V242_카바라이트_10,10,0.7817562818527222,416,604,0.6,
2EQ16771,V242_카바라이트_11,11,0.7565569281578064,558,654,0.6,
2EQ16771,3779_압판스토퍼_12,12,0.5764065384864807,736,138,0.9,
2EQ16771,3779_압판스토퍼_14,14,0.7542582154273987,212,168,0.6,
2EQ16772,C551_토너라벨_1,1,0.3129836320877075,104,648,0.75,
2EQ16772,B793_Canon각인_2,2,0.42572131752967834,82,198,1.05,
2EQ16772,6416_2206N명판_3,3,0.40697354078292847,710,652,0.6,
2EQ16772,3102_현상가압라벨_4,4,0.6236505508422852,616,74,0.6,
2EQ16772,3699_레버피스_4,4,0.5829949378967285,154,32,0.6,
2EQ16772,1525_▲▲▲라벨_5,5,0.9280243515968323,200,472,0.6,
2EQ16772,2917_코마_6,6,0.8588581085205078,732,564,0.6,
2EQ16772,1525_▲▲▲라벨_7,7,0.6225022673606873,526,494,0.9,
2EQ16772,0000_모듈러카바_8,8,0.5888457298278809,302,530,0.6,
2EQ16772,3780_전원스위치_9,9,0.7566249966621399,782,202,0.6,
2EQ16772,V242_카바라이트_10,10,0.7812002897262573,440,604,0.6,
2EQ16772,V242_카바라이트_11,11,0.7467276453971863,548,614,0.6,
2EQ16772,3779_압판스토퍼_12,12,0.5698456168174744,100,604,0.9,
2EQ16772,3779_압판스토퍼_14,14,0.7458127737045288,232,186,0.75,
2EQ16773,C551_토너라벨_1,1,0.2975926697254181,148,226,0.6,
2EQ16773,B793_Canon각인_2,2,0.5353298187255859,0,316,1.05,
2EQ16773,6416_2206N명판_3,3,0.40342220664024353,0,662,0.6,
2EQ16773,3102_현상가압라벨_4,4,0.6447005271911621,660,22,0.6,
2EQ16773,3699_레버피스_4,4,0.6843512654304504,484,30,0.6,
2EQ16773,1525_▲▲▲라벨_5,5,0.9236556887626648,142,232,0.75,
2EQ16773,2917_코마_6,6,0.8568964004516602,926,564,0.6,
2EQ16773,1525_▲▲▲라벨_7,7,0.5515719056129456,516,506,0.75,
2EQ16773,0000_모듈러카바_8,8,0.4754396378993988,266,532,0.6,
2EQ16773,3780_전원스위치_9,9,0.759446918964386,784,202,0.6,
2EQ16773,V242_카바라이트_10,10,0.7767842411994934,442,598,0.6,
2EQ16773,V242_카바라이트_11,11,0.7770592570304871,724,616,0.6,
2EQ16773,3779_압판스토퍼_12,12,0.6204442977905273,254,148,0.9,
2EQ16773,3779_압판스토퍼_14,14,0.7513996362686157,504,340,0.6,
2EQ16774,C551_토너라벨_1,1,0.4177091419696808,288,100,0.9,
2EQ16774,B793_Canon각인_2,2,0.5377406477928162,42,380,1.05,
2EQ16774,6416_2206N명판_3,3,0.5136390328407288,230,334,1.2,
2EQ16774,3102_현상가압라벨_4,4,0.6596711874008179,710,8,0.6,
2EQ16774,3699_레버피스_4,4,0.6682389378547668,684,14,0.6,
2EQ16774,1525_▲▲▲라벨_5,5,0.9166840314865112,796,226,0.75,
2EQ16774,2917_코마_6,6,0.8302657604217529,36,392,0.6,
2EQ16774,1525_▲▲▲라벨_7,7,0.6023833155632019,454,10,0.75,
2EQ16774,0000_모듈러카바_8,8,0.47732385993003845,238,566,0.6,
2EQ16774,3780_전원스위치_9,9,0.759300708770752,260,474,0.6,
2EQ16774,V242_카바라이트_10,10,0.771797776222229,434,590,0.6,
2EQ16774,V242_카바라이트_11,11,0.7376803159713745,508,660,0.6,
2EQ16774,3779_압판스토퍼_12,12,0.5884312987327576,772,24,0.9,
2EQ16774,3779_압판스토퍼_14,14,0.731469452381134,462,354,0.6,
2EQ16775,C551_토너라벨_1,1,0.31747427582740784,478,258,0.6,
2EQ16775,B793_Canon각인_2,2,0.47494545578956604,82,284,1.05,
2EQ16775,6416_2206N명판_3,3,0.4110269248485565,700,652,0.6,
2EQ16775,3102_현상가압라벨_4,4,0.6152263879776001,662,30,0.6,
2EQ16775,3699_레버피스_4,4,0.5962418913841248,534,92,0.6,
2EQ16775,1525_▲▲▲라벨_5,5,0.9293971061706543,798,226,0.75,
2EQ16775,2917_코마_6,6,0.8455293774604797,818,538,0.6,
2EQ16775,1525_▲▲▲라벨_7,7,0.588057279586792,440,648,0.6,
2EQ16775,0000_모듈러카바_8,8,0.5861422419548035,308,504,0.6,
2EQ16775,3780_전원스위치_9,9,0.7542349696159363,306,474,0.6,
2EQ16775,V242_카바라이트_10,10,0.7195128798484802,580,638,0.6,
2EQ16775,V242_카바라이트_11,11,0.7745321989059448,568,650,0.6,
2EQ16775,3779_압판스토퍼_12,12,0.6199309825897217,698,208,0.9,
2EQ16775,3779_압판스토퍼_14,14,0.7529792189598083,220,184,0.75,
2EQ16776,C551_토너라벨_1,1,0.3232054114341736,468,398,0.6,
2EQ16776,B793_Canon각인_2,2,0.5555694699287415,68,380,1.05,
2EQ16776,6416_2206N명판_3,3,0.5160264372825623,224,356,1.2,
2EQ16776,3102_현상가압라벨_4,4,0.6466997861862183,640,10,0.6,
2EQ16776,3699_레버피스_4,4,0.6568616628646851,678,8,0.6,
2EQ16776,1525_▲▲▲라벨_5,5,0.9235925674438477,806,230,0.6,
2EQ16776,2917_코마_6,6,0.8530529737472534,12,602,0.6,
2EQ16776,1525_▲▲▲라벨_7,7,0.6082282662391663,576,528,0.9,
2EQ16776,0000_모듈러카바_8,8,0.5585259199142456,270,516,0.6,
2EQ16776,3780_전원스위치_9,9,0.7570077180862427,786,202,0.6,
2EQ16776,V242_카바라이트_10,10,0.7753878831863403,432,594,0.6,
2EQ16776,V242_카바라이트_11,11,0.7741338610649109,564,658,0.6,
2EQ16776,3779_압판스토퍼_12,12,0.6061776876449585,576,46,0.9,
2EQ16776,3779_압판스토퍼_14,14,0.7604828476905823,472,308,0.6,
2EQ16777,C551_토너라벨_1,1,0.33257704973220825,394,518,0.6,
2EQ16777,B793_Canon각인_2,2,0.42511340975761414,46,410,1.05,
2EQ16777,6416_2206N명판_3,3,0.4297766089439392,358,394,1.2,
2EQ16777,3102_현상가압라벨_4,4,0.6513463854789734,652,18,0.6,
2EQ16777,3699_레버피스_4,4,0.669330894947052,688,20,0.6,
2EQ16777,1525_▲▲▲라벨_5,5,0.9322100281715393,800,228,0.6,
2EQ16777,2917_코마_6,6,0.8431880474090576,580,160,0.6,
2EQ16777,1525_▲▲▲라벨_7,7,0.6113680601119995,536,484,0.9,
2EQ16777,0000_모듈러카바_8,8,0.5938041806221008,236,548,0.6,
2EQ16777,3780_전원스위치_9,9,0.7581712007522583,340,388,0.6,
2EQ16777,V242_카바라이트_10,10,0.7685798406600952,482,120,0.6,
2EQ16777,V242_카바라이트_11,11,0.7931088209152222,510,644,0.6,
2EQ16777,3779_압판스토퍼_12,12,0.7177285552024841,710,224,0.6,
2EQ16777,3779_압판스토퍼_14,14,0.7716286778450012,598,146,0.6,
2EQ16778,C551_토너라벨_1,1,0.33215394616127014,352,422,0.6,
2EQ16778,B793_Canon각인_2,2,0.48825374245643616,46,288,1.05,
2EQ16778,6416_2206N명판_3,3,0.41885116696357727,274,368,1.2,
2EQ16778,3102_현상가압라벨_4,4,0.6755920052528381,650,46,0.6,
2EQ16778,3699_레버피스_4,4,0.7064620852470398,630,50,0.6,
2EQ16778,1525_▲▲▲라벨_5,5,0.9260279536247253,812,228,0.6,
2EQ16778,2917_코마_6,6,0.8588514924049377,926,552,0.6,
2EQ16778,1525_▲▲▲라벨_7,7,0.5766471028327942,604,462,0.75,
2EQ16778,0000_모듈러카바_8,8,0.5670678615570068,302,540,0.6,
2EQ16778,3780_전원스위치_9,9,0.7560829520225525,784,202,0.6,
2EQ16778,V242_카바라이트_10,10,0.764131486415863,436,592,0.6,
2EQ16778,V242_카바라이트_11,11,0.7989310622215271,568,652,0.6,
2EQ16778,3779_압판스토퍼_12,12,0.6035537719726562,310,168,0.9,
2EQ16778,3779_압판스토퍼_14,14,0.7611923813819885,478,294,0.6,
2EQ16779,C551_토너라벨_1,1,0.36110085248947144,506,188,0.6,
2EQ16779,B793_Canon각인_2,2,0.5747638940811157,70,358,1.05,
2EQ16779,6416_2206N명판_3,3,0.4530768096446991,150,264,1.2,
2EQ16779,3102_현상가압라벨_4,4,0.6524404883384705,598,14,0.6,
2EQ16779,3699_레버피스_4,4,0.6858551502227783,604,18,0.6,
2EQ16779,1525_▲▲▲라벨_5,5,0.9215776324272156,114,456,0.6,
2EQ16779,2917_코마_6,6,0.8707185983657837,866,562,0.6,
2EQ16779,1525_▲▲▲라벨_7,7,0.5600986480712891,540,590,1.05,
2EQ16779,0000_모듈러카바_8,8,0.5270267128944397,246,500,0.6,
2EQ16779,3780_전원스위치_9,9,0.7546953558921814,782,202,0.6,
2EQ16779,V242_카바라이트_10,10,0.7869778275489807,440,600,0.6,
2EQ16779,V242_카바라이트_11,11,0.7778905630111694,568,650,0.6,
2EQ16779,3779_압판스토퍼_12,12,0.5851610898971558,434,176,0.9,
2EQ16779,3779_압판스토퍼_14,14,0.7336184978485107,520,448,0.6,
2EQ16780,C551_토너라벨_1,1,0.30575302243232727,478,368,0.6,
2EQ16780,B793_Canon각인_2,2,0.597496747970581,52,294,1.05,
2EQ16780,6416_2206N명판_3,3,0.4122066795825958,618,396,0.6,
2EQ16780,3102_현상가압라벨_4,4,0.5973225235939026,556,336,0.6,
2EQ16780,3699_레버피스_4,4,0.7092917561531067,506,58,0.6,
2EQ16780,1525_▲▲▲라벨_5,5,0.9189979434013367,804,230,0.6,
2EQ16780,2917_코마_6,6,0.8701648116111755,658,310,0.6,
2EQ16780,1525_▲▲▲라벨_7,7,0.5402489900588989,532,526,0.6,
2EQ16780,0000_모듈러카바_8,8,0.5804213285446167,278,534,0.6,
2EQ16780,3780_전원스위치_9,9,0.757798433303833,782,202,0.6,
2EQ16780,V242_카바라이트_10,10,0.7766045331954956,444,600,0.6,
2EQ16780,V242_카바라이트_11,11,0.7605987787246704,560,654,0.6,
2EQ16780,3779_압판스토퍼_12,12,0.5918661952018738,296,158,0.9,
2EQ16780,3779_압판스토퍼_14,14,0.7547950148582458,210,174,0.6,
2EQ16781,C551_토너라벨_1,1,0.31505778431892395,610,424,0.6,
2EQ16781,B793_Canon각인_2,2,0.5496182441711426,24,286,1.05,
2EQ16781,6416_2206N명판_3,3,0.41217145323753357,598,306,0.6,
2EQ16781,3102_현상가압라벨_4,4,0.6275546550750732,166,24,0.6,
2EQ16781,3699_레버피스_4,4,0.5923128128051758,314,6,0.6,
2EQ16781,1525_▲▲▲라벨_5,5,0.9214613437652588,188,458,0.6,
2EQ16781,2917_코마_6,6,0.8581997752189636,826,560,0.6,
2EQ16781,1525_▲▲▲라벨_7,7,0.5471426248550415,522,510,0.6,
2EQ16781,0000_모듈러카바_8,8,0.5459169149398804,270,514,0.6,
2EQ16781,3780_전원스위치_9,9,0.756196141242981,784,202,0.6,
2EQ16781,V242_카바라이트_10,10,0.7863457798957825,482,128,0.6,
2EQ16781,V242_카바라이트_11,11,0.8028302788734436,554,658,0.6,
2EQ16781,3779_압판스토퍼_12,12,0.5559675693511963,316,166,0.9,
2EQ16781,3779_압판스토퍼_14,14,0.7650009393692017,346,460,0.6,
2EQ16782,C551_토너라벨_1,1,0.30855172872543335,146,226,0.6,
2EQ16782,B793_Canon각인_2,2,0.4447891116142273,24,350,1.05,
2EQ16782,6416_2206N명판_3,3,0.4404922425746918,578,328,0.6,
2EQ16782,3102_현상가압라벨_4,4,0.629217267036438,634,0,0.6,
2EQ16782,3699_레버피스_4,4,0.6377336978912354,602,2,0.6,
2EQ16782,1525_▲▲▲라벨_5,5,0.931710958480835,796,224,0.75,
2EQ16782,2917_코마_6,6,0.8436958193778992,938,554,0.6,
2EQ16782,1525_▲▲▲라벨_7,7,0.5975900292396545,572,450,0.9,
2EQ16782,0000_모듈러카바_8,8,0.554568350315094,266,552,0.6,
2EQ16782,3780_전원스위치_9,9,0.7522910237312317,784,202,0.6,
2EQ16782,V242_카바라이트_10,10,0.7820522785186768,482,138,0.6,
2EQ16782,V242_카바라이트_11,11,0.7896659970283508,512,634,0.6,
2EQ16782,3779_압판스토퍼_12,12,0.5429114103317261,242,546,0.9,
2EQ16782,3779_압판스토퍼_14,14,0.7547425627708435,550,288,0.6,
2EQ16783,C551_토너라벨_1,1,0.32403141260147095,508,300,0.6,
2EQ16783,B793_Canon각인_2,2,0.5146054029464722,38,328,1.05,
2EQ16783,6416_2206N명판_3,3,0.5095339417457581,184,322,1.2,
2EQ16783,3102_현상가압라벨_4,4,0.5926788449287415,246,590,0.6,
2EQ16783,3699_레버피스_4,4,0.5682230591773987,250,594,0.6,
2EQ16783,1525_▲▲▲라벨_5,5,0.9226534962654114,796,226,0.75,
2EQ16783,2917_코마_6,6,0.8421489596366882,48,382,0.6,
2EQ16783,1525_▲▲▲라벨_7,7,0.5479140877723694,538,544,0.6,
2EQ16783,0000_모듈러카바_8,8,0.5023664236068726,240,524,0.6,
2EQ16783,3780_전원스위치_9,9,0.7563801407814026,784,202,0.6,
2EQ16783,V242_카바라이트_10,10,0.7940273284912109,486,144,0.6,
2EQ16783,V242_카바라이트_11,11,0.7938814163208008,526,652,0.6,
2EQ16783,3779_압판스토퍼_12,12,0.598181426525116,560,246,0.9,
2EQ16783,3779_압판스토퍼_14,14,0.7346633076667786,212,178,0.75,
2EQ16784,C551_토너라벨_1,1,0.3237888813018799,258,102,1.05,
2EQ16784,B793_Canon각인_2,2,0.4226031005382538,60,272,0.9,
2EQ16784,6416_2206N명판_3,3,0.47313541173934937,166,338,1.2,
2EQ16784,3102_현상가압라벨_4,4,0.6774305105209351,644,20,0.6,
2EQ16784,3699_레버피스_4,4,0.6693461537361145,646,24,0.6,
2EQ16784,1525_▲▲▲라벨_5,5,0.9239712357521057,796,226,0.75,
2EQ16784,2917_코마_6,6,0.858514666557312,828,548,0.6,
2EQ16784,1525_▲▲▲라벨_7,7,0.596663773059845,504,494,0.9,
2EQ16784,0000_모듈러카바_8,8,0.44018006324768066,608,634,0.6,
2EQ16784,3780_전원스위치_9,9,0.7592270970344543,784,202,0.6,
2EQ16784,V242_카바라이트_10,10,0.777583122253418,500,118,0.6,
2EQ16784,V242_카바라이트_11,11,0.7931073307991028,564,650,0.6,
2EQ16784,3779_압판스토퍼_12,12,0.5995042324066162,514,292,0.9,
2EQ16784,3779_압판스토퍼_14,14,0.7531077265739441,224,176,0.6,
2EQ16785,C551_토너라벨_1,1,0.33738744258880615,620,440,0.6,
2EQ16785,B793_Canon각인_2,2,0.44468048214912415,32,358,1.05,
2EQ16785,6416_2206N명판_3,3,0.43636736273765564,558,342,0.75,
2EQ16785,3102_현상가압라벨_4,4,0.6949971318244934,558,16,0.6,
2EQ16785,3699_레버피스_4,4,0.664592444896698,156,22,0.75,
2EQ16785,1525_▲▲▲라벨_5,5,0.9289810657501221,796,224,0.75,
2EQ16785,2917_코마_6,6,0.8311128616333008,10,594,0.6,
2EQ16785,1525_▲▲▲라벨_7,7,0.6173662543296814,554,494,0.9,
2EQ16785,0000_모듈러카바_8,8,0.5313513278961182,278,520,0.6,
2EQ16785,3780_전원스위치_9,9,0.7535799145698547,784,202,0.6,
2EQ16785,V242_카바라이트_10,10,0.7797582149505615,432,590,0.6,
2EQ16785,V242_카바라이트_11,11,0.7676993012428284,568,636,0.6,
2EQ16785,3779_압판스토퍼_12,12,0.5800150632858276,764,96,0.9,
2EQ16785,3779_압판스토퍼_14,14,0.7689598798751831,360,412,0.6,
2EQ16786,C551_토너라벨_1,1,0.30608540773391724,488,294,0.75,
2EQ16786,B793_Canon각인_2,2,0.5686570405960083,78,230,1.05,
2EQ16786,6416_2206N명판_3,3,0.42454978823661804,582,312,0.6,
2EQ16786,3102_현상가압라벨_4,4,0.6378771662712097,510,8,0.75,
2EQ16786,3699_레버피스_4,4,0.6671863794326782,534,24,0.6,
2EQ16786,1525_▲▲▲라벨_5,5,0.9277214407920837,804,232,0.6,
2EQ16786,2917_코마_6,6,0.8438186645507812,62,590,0.6,
2EQ16786,1525_▲▲▲라벨_7,7,0.5501517057418823,200,54,0.75,
2EQ16786,0000_모듈러카바_8,8,0.605144202709198,264,520,0.6,
2EQ16786,3780_전원스위치_9,9,0.7510219216346741,784,202,0.6,
2EQ16786,V242_카바라이트_10,10,0.7810473442077637,490,130,0.6,
2EQ16786,V242_카바라이트_11,11,0.7862213253974915,562,656,0.6,
2EQ16786,3779_압판스토퍼_12,12,0.5277975797653198,98,604,0.9,
2EQ16786,3779_압판스토퍼_14,14,0.7787896394729614,350,390,0.6,
2EQ16787,C551_토너라벨_1,1,0.31997910141944885,464,454,0.6,
2EQ16787,B793_Canon각인_2,2,0.5097057819366455,2,262,1.05,
2EQ16787,6416_2206N명판_3,3,0.4469112157821655,336,312,1.2,
2EQ16787,3102_현상가압라벨_4,4,0.6382034420967102,606,22,0.6,
2EQ16787,3699_레버피스_4,4,0.6833670735359192,608,24,0.6,
2EQ16787,1525_▲▲▲라벨_5,5,0.9272611737251282,176,470,0.75,
2EQ16787,2917_코마_6,6,0.8533406853675842,828,560,0.6,
2EQ16787,1525_▲▲▲라벨_7,7,0.6042471528053284,440,468,0.9,
2EQ16787,0000_모듈러카바_8,8,0.6014872789382935,276,524,0.6,
2EQ16787,3780_전원스위치_9,9,0.7596747875213623,782,202,0.6,
2EQ16787,V242_카바라이트_10,10,0.7794576287269592,486,132,0.6,
2EQ16787,V242_카바라이트_11,11,0.7943277955055237,560,654,0.6,
2EQ16787,3779_압판스토퍼_12,12,0.5212551951408386,584,142,0.9,
2EQ16787,3779_압판스토퍼_14,14,0.7518057227134705,232,188,0.75,
2EQ16788,C551_토너라벨_1,1,0.30823370814323425,390,490,0.6,
2EQ16788,B793_Canon각인_2,2,0.4859203100204468,44,316,1.05,
2EQ16788,6416_2206N명판_3,3,0.4326953589916229,204,370,1.2,
2EQ16788,3102_현상가압라벨_4,4,0.6212620139122009,674,252,0.6,
2EQ16788,3699_레버피스_4,4,0.5825555920600891,560,2,0.6,
2EQ16788,1525_▲▲▲라벨_5,5,0.9188910722732544,184,464,0.6,
2EQ16788,2917_코마_6,6,0.8448701500892639,756,310,0.6,
2EQ16788,1525_▲▲▲라벨_7,7,0.5716690421104431,558,542,0.75,
2EQ16788,0000_모듈러카바_8,8,0.49179837107658386,294,506,0.6,
2EQ16788,3780_전원스위치_9,9,0.7586516737937927,784,202,0.6,
2EQ16788,V242_카바라이트_10,10,0.7766610383987427,440,608,0.6,
2EQ16788,V242_카바라이트_11,11,0.768766462802887,724,616,0.6,
2EQ16788,3779_압판스토퍼_12,12,0.5205011963844299,196,498,0.9,
2EQ16788,3779_압판스토퍼_14,14,0.7581219673156738,220,178,0.75,
2EQ16789,C551_토너라벨_1,1,0.3398382067680359,496,306,0.6,
2EQ16789,B793_Canon각인_2,2,0.569068968296051,52,384,1.05,
2EQ16789,6416_2206N명판_3,3,0.41189682483673096,706,652,0.6,
2EQ16789,3102_현상가압라벨_4,4,0.6179314851760864,604,82,0.6,
2EQ16789,3699_레버피스_4,4,0.6065467000007629,510,2,0.6,
2EQ16789,1525_▲▲▲라벨_5,5,0.9262656569480896,796,226,0.75,
2EQ16789,2917_코마_6,6,0.8491274118423462,936,550,0.6,
2EQ16789,1525_▲▲▲라벨_7,7,0.5563805103302002,198,220,0.9,
2EQ16789,0000_모듈러카바_8,8,0.4742700457572937,240,498,0.6,
2EQ16789,3780_전원스위치_9,9,0.756578266620636,784,202,0.6,
2EQ16789,V242_카바라이트_10,10,0.7798391580581665,432,602,0.6,
2EQ16789,V242_카바라이트_11,11,0.7846060991287231,562,654,0.6,
2EQ16789,3779_압판스토퍼_12,12,0.5482138991355896,184,494,0.9,
2EQ16789,3779_압판스토퍼_14,14,0.7248397469520569,502,324,0.6,
2EQ16790,C551_토너라벨_1,1,0.35020768642425537,208,196,1.2,
2EQ16790,B793_Canon각인_2,2,0.47931545972824097,16,308,1.05,
2EQ16790,6416_2206N명판_3,3,0.496976375579834,182,296,1.2,
2EQ16790,3102_현상가압라벨_4,4,0.6289024949073792,578,86,0.6,
2EQ16790,3699_레버피스_4,4,0.5966717004776001,206,30,0.6,
2EQ16790,1525_▲▲▲라벨_5,5,0.9246324896812439,796,230,0.6,
2EQ16790,2917_코마_6,6,0.8658716082572937,938,554,0.6,
2EQ16790,1525_▲▲▲라벨_7,7,0.5860651731491089,540,480,0.75,
2EQ16790,0000_모듈러카바_8,8,0.5987464785575867,310,512,0.6,
2EQ16790,3780_전원스위치_9,9,0.7572557330131531,784,204,0.6,
2EQ16790,V242_카바라이트_10,10,0.7831804156303406,438,610,0.6,
2EQ16790,V242_카바라이트_11,11,0.7784756422042847,564,652,0.6,
2EQ16790,3779_압판스토퍼_12,12,0.5645270943641663,458,226,0.9,
2EQ16790,3779_압판스토퍼_14,14,0.7405828833580017,500,316,0.6,
2EQ16791,C551_토너라벨_1,1,0.3322908878326416,514,378,0.6,
2EQ16791,B793_Canon각인_2,2,0.5538671612739563,24,316,1.05,
2EQ16791,6416_2206N명판_3,3,0.5149720311164856,222,320,1.2,
2EQ16791,3102_현상가압라벨_4,4,0.6683584451675415,576,8,0.6,
2EQ16791,3699_레버피스_4,4,0.6249901652336121,204,6,0.9,
2EQ16791,1525_▲▲▲라벨_5,5,0.9274768829345703,154,234,0.6,
2EQ16791,2917_코마_6,6,0.8481819033622742,924,546,0.6,
2EQ16791,1525_▲▲▲라벨_7,7,0.5871150493621826,542,470,0.9,
2EQ16791,0000_모듈러카바_8,8,0.47268080711364746,350,536,0.6,
2EQ16791,3780_전원스위치_9,9,0.7562559843063354,784,202,0.6,
2EQ16791,V242_카바라이트_10,10,0.7861025929450989,424,602,0.6,
2EQ16791,V242_카바라이트_11,11,0.7581207752227783,562,634,0.6,
2EQ16791,3779_압판스토퍼_12,12,0.5546045899391174,272,510,0.9,
2EQ16791,3779_압판스토퍼_14,14,0.7659713625907898,210,170,0.75,
2EQ16792,C551_토너라벨_1,1,0.3782547116279602,514,314,0.6,
2EQ16792,B793_Canon각인_2,2,0.5172423720359802,38,304,1.05,
2EQ16792,6416_2206N명판_3,3,0.46268558502197266,176,316,1.2,
2EQ16792,3102_현상가압라벨_4,4,0.6720156669616699,544,8,0.75,
2EQ16792,3699_레버피스_4,4,0.6466957330703735,166,24,0.75,
2EQ16792,1525_▲▲▲라벨_5,5,0.9191146492958069,814,228,0.6,
2EQ16792,2917_코마_6,6,0.8624201416969299,868,552,0.6,
2EQ16792,1525_▲▲▲라벨_7,7,0.5923078060150146,222,56,0.6,
2EQ16792,0000_모듈러카바_8,8,0.40232574939727783,642,618,0.6,
2EQ16792,3780_전원스위치_9,9,0.757246732711792,784,202,0.6,
2EQ16792,V242_카바라이트_10,10,0.7781673669815063,432,594,0.6,
2EQ16792,V242_카바라이트_11,11,0.7902765274047852,560,654,0.6,
2EQ16792,3779_압판스토퍼_12,12,0.5857052803039551,334,180,0.9,
2EQ16792,3779_압판스토퍼_14,14,0.7610135674476624,344,402,0.6,
2EQ16793,C551_토너라벨_1,1,0.3072289824485779,542,318,0.6,
2EQ16793,B793_Canon각인_2,2,0.45716574788093567,0,262,1.05,
2EQ16793,6416_2206N명판_3,3,0.4405009150505066,110,380,1.2,
2EQ16793,3102_현상가압라벨_4,4,0.5910811424255371,598,84,0.6,
2EQ16793,3699_레버피스_4,4,0.6124449968338013,220,26,0.6,
2EQ16793,1525_▲▲▲라벨_5,5,0.9211220741271973,808,228,0.6,
2EQ16793,2917_코마_6,6,0.8698573112487793,934,586,0.6,
2EQ16793,1525_▲▲▲라벨_7,7,0.5883868932723999,542,488,0.9,
2EQ16793,0000_모듈러카바_8,8,0.5520775318145752,272,472,0.6,
2EQ16793,3780_전원스위치_9,9,0.7723899483680725,298,414,0.6,
2EQ16793,V242_카바라이트_10,10,0.7640142440795898,500,130,0.6,
2EQ16793,V242_카바라이트_11,11,0.7221431136131287,498,668,0.6,
2EQ16793,3779_압판스토퍼_12,12,0.5979112386703491,502,146,0.9,
2EQ16793,3779_압판스토퍼_14,14,0.7636314034461975,468,310,0.6,
2EQ16794,C551_토너라벨_1,1,0.3371671736240387,376,578,0.6,
2EQ16794,B793_Canon각인_2,2,0.4315505623817444,38,396,1.05,
2EQ16794,6416_2206N명판_3,3,0.4383241534233093,534,286,0.75,
2EQ16794,3102_현상가압라벨_4,4,0.6311684846878052,692,34,0.6,
2EQ16794,3699_레버피스_4,4,0.5886775255203247,200,26,0.6,
2EQ16794,1525_▲▲▲라벨_5,5,0.9240399599075317,206,478,0.6,
2EQ16794,2917_코마_6,6,0.8406367897987366,206,590,0.6,
2EQ16794,1525_▲▲▲라벨_7,7,0.5725695490837097,554,548,0.6,
2EQ16794,0000_모듈러카바_8,8,0.548776388168335,276,542,0.6,
2EQ16794,3780_전원스위치_9,9,0.7540621161460876,784,202,0.6,
2EQ16794,V242_카바라이트_10,10,0.7768318057060242,486,134,0.6,
2EQ16794,V242_카바라이트_11,11,0.7897934913635254,556,652,0.6,
2EQ16794,3779_압판스토퍼_12,12,0.5760321617126465,276,156,0.9,
2EQ16794,3779_압판스토퍼_14,14,0.7428257465362549,484,408,0.6,
2EQ16795,C551_토너라벨_1,1,0.35347962379455566,558,460,0.6,
2EQ16795,B793_Canon각인_2,2,0.5823811888694763,136,374,1.05,
2EQ16795,6416_2206N명판_3,3,0.5011963248252869,104,328,1.2,
2EQ16795,3102_현상가압라벨_4,4,0.656452476978302,694,246,0.6,
2EQ16795,3699_레버피스_4,4,0.5398659706115723,752,608,0.6,
2EQ16795,1525_▲▲▲라벨_5,5,0.9403784871101379,330,472,0.6,
2EQ16795,2917_코마_6,6,0.8527065515518188,792,218,0.6,
2EQ16795,1525_▲▲▲라벨_7,7,0.5595688223838806,498,612,0.75,
2EQ16795,0000_모듈러카바_8,8,0.6435664296150208,288,296,0.6,
2EQ16795,3780_전원스위치_9,9,0.7583677172660828,782,202,0.6,
2EQ16795,V242_카바라이트_10,10,0.7919847965240479,442,612,0.6,
2EQ16795,V242_카바라이트_11,11,0.7775211930274963,716,612,0.6,
2EQ16795,3779_압판스토퍼_12,12,0.7151067852973938,780,540,0.75,
2EQ16795,3779_압판스토퍼_14,14,0.7296432256698608,278,386,0.6,
2EQ16796,C551_토너라벨_1,1,0.32289212942123413,106,648,0.75,
2EQ16796,B793_Canon각인_2,2,0.3711279034614563,0,334,1.05,
2EQ16796,6416_2206N명판_3,3,0.40872523188591003,64,460,1.2,
2EQ16796,3102_현상가압라벨_4,4,0.7143886089324951,552,64,0.6,
2EQ16796,3699_레버피스_4,4,0.6711680889129639,556,68,0.6,
2EQ16796,1525_▲▲▲라벨_5,5,0.93525230884552,378,450,0.6,
2EQ16796,2917_코마_6,6,0.8534876704216003,938,560,0.6,
2EQ16796,1525_▲▲▲라벨_7,7,0.555966317653656,866,704,0.75,
2EQ16796,0000_모듈러카바_8,8,0.5483606457710266,272,532,0.6,
2EQ16796,3780_전원스위치_9,9,0.7526025772094727,784,202,0.6,
2EQ16796,V242_카바라이트_10,10,0.7807654142379761,430,596,0.6,
2EQ16796,V242_카바라이트_11,11,0.7790988087654114,558,646,0.6,
2EQ16796,3779_압판스토퍼_12,12,0.5838661193847656,382,182,0.9,
2EQ16796,3779_압판스토퍼_14,14,0.7636311650276184,382,384,0.6,
2EQ16797,C551_토너라벨_1,1,0.35275495052337646,574,422,0.6,
2EQ16797,B793_Canon각인_2,2,0.3758440613746643,210,634,0.6,
2EQ16797,6416_2206N명판_3,3,0.41070064902305603,706,650,0.6,
2EQ16797,3102_현상가압라벨_4,4,0.6027425527572632,686,24,0.6,
2EQ16797,3699_레버피스_4,4,0.6035540103912354,196,28,0.6,
2EQ16797,1525_▲▲▲라벨_5,5,0.9250783920288086,800,224,0.75,
2EQ16797,2917_코마_6,6,0.8582116365432739,798,578,0.6,
2EQ16797,1525_▲▲▲라벨_7,7,0.5473630428314209,520,530,0.75,
2EQ16797,0000_모듈러카바_8,8,0.5036876201629639,258,486,0.6,
2EQ16797,3780_전원스위치_9,9,0.7561038136482239,784,202,0.6,
2EQ16797,V242_카바라이트_10,10,0.7825067639350891,488,122,0.6,
2EQ16797,V242_카바라이트_11,11,0.7569177746772766,566,638,0.6,
2EQ16797,3779_압판스토퍼_12,12,0.5570626854896545,290,52,0.9,
2EQ16797,3779_압판스토퍼_14,14,0.7482430338859558,218,180,0.75,
2EQ16798,C551_토너라벨_1,1,0.29795488715171814,132,222,0.75,
2EQ16798,B793_Canon각인_2,2,0.4863828420639038,38,286,1.05,
2EQ16798,6416_2206N명판_3,3,0.4685545861721039,188,376,1.2,
2EQ16798,3102_현상가압라벨_4,4,0.6752035021781921,592,26,0.6,
2EQ16798,3699_레버피스_4,4,0.6366950869560242,410,560,0.9,
2EQ16798,1525_▲▲▲라벨_5,5,0.9284562468528748,796,226,0.75,
2EQ16798,2917_코마_6,6,0.8655044436454773,926,546,0.6,
2EQ16798,1525_▲▲▲라벨_7,7,0.5924376249313354,566,524,0.9,
2EQ16798,0000_모듈러카바_8,8,0.5512593388557434,302,506,0.6,
2EQ16798,3780_전원스위치_9,9,0.7490145564079285,784,204,0.6,
2EQ16798,V242_카바라이트_10,10,0.7682611346244812,482,134,0.6,
2EQ16798,V242_카바라이트_11,11,0.767979621887207,722,146,0.6,
2EQ16798,3779_압판스토퍼_12,12,0.5615352988243103,748,114,0.9,
2EQ16798,3779_압판스토퍼_14,14,0.7605316042900085,210,164,0.6,
2EQ16799,C551_토너라벨_1,1,0.29032737016677856,132,222,0.75,
2EQ16799,B793_Canon각인_2,2,0.4672792851924896,48,286,1.05,
2EQ16799,6416_2206N명판_3,3,0.5099881887435913,172,314,1.2,
2EQ16799,3102_현상가압라벨_4,4,0.6688439846038818,658,34,0.6,
2EQ16799,3699_레버피스_4,4,0.6838240027427673,660,36,0.6,
2EQ16799,1525_▲▲▲라벨_5,5,0.9253297448158264,796,226,0.75,
2EQ16799,2917_코마_6,6,0.8572331070899963,934,536,0.6,
2EQ16799,1525_▲▲▲라벨_7,7,0.5915711522102356,520,566,0.75,
2EQ16799,0000_모듈러카바_8,8,0.5659763216972351,292,486,0.6,
2EQ16799,3780_전원스위치_9,9,0.7412007451057434,328,486,0.6,
2EQ16799,V242_카바라이트_10,10,0.770106852054596,476,142,0.6,
2EQ16799,V242_카바라이트_11,11,0.7964332699775696,558,656,0.6,
2EQ16799,3779_압판스토퍼_12,12,0.5563664436340332,188,480,0.9,
2EQ16799,3779_압판스토퍼_14,14,0.7502584457397461,210,176,0.6,
2EQ16800,C551_토너라벨_1,1,0.36281779408454895,532,302,0.6,
2EQ16800,B793_Canon각인_2,2,0.52470463514328,38,338,1.05,
2EQ16800,6416_2206N명판_3,3,0.41178038716316223,700,650,0.6,
2EQ16800,3102_현상가압라벨_4,4,0.6474042534828186,488,8,0.6,
2EQ16800,3699_레버피스_4,4,0.5714280009269714,288,248,0.6,
2EQ16800,1525_▲▲▲라벨_5,5,0.924317479133606,144,230,0.75,
2EQ16800,2917_코마_6,6,0.8443726301193237,938,550,0.6,
2EQ16800,1525_▲▲▲라벨_7,7,0.616225004196167,508,528,0.9,
2EQ16800,0000_모듈러카바_8,8,0.5639650225639343,258,510,0.6,
2EQ16800,3780_전원스위치_9,9,0.7543896436691284,784,202,0.6,
2EQ16800,V242_카바라이트_10,10,0.7884324789047241,442,598,0.6,
2EQ16800,V242_카바라이트_11,11,0.7377912402153015,568,646,0.6,
2EQ16800,3779_압판스토퍼_12,12,0.5920104384422302,454,208,0.9,
2EQ16800,3779_압판스토퍼_14,14,0.7747048139572144,322,418,0.6,
2EQ16801,C551_토너라벨_1,1,0.33925533294677734,538,386,0.6,
2EQ16801,B793_Canon각인_2,2,0.4936765134334564,0,266,1.05,
2EQ16801,6416_2206N명판_3,3,0.4661044776439667,288,336,1.2,
2EQ16801,3102_현상가압라벨_4,4,0.6512284278869629,558,2,0.9,
2EQ16801,3699_레버피스_4,4,0.648429274559021,208,16,0.9,
2EQ16801,1525_▲▲▲라벨_5,5,0.9211531281471252,796,226,0.75,
2EQ16801,2917_코마_6,6,0.8625470399856567,910,534,0.6,
2EQ16801,1525_▲▲▲라벨_7,7,0.5257447957992554,540,498,0.75,
2EQ16801,0000_모듈러카바_8,8,0.5444740653038025,294,526,0.6,
2EQ16801,3780_전원스위치_9,9,0.7543674111366272,784,202,0.6,
2EQ16801,V242_카바라이트_10,10,0.7835879921913147,436,600,0.6,
2EQ16801,V242_카바라이트_11,11,0.7787691354751587,556,644,0.6,
2EQ16801,3779_압판스토퍼_12,12,0.5645978450775146,378,166,0.9,
2EQ16801,3779_압판스토퍼_14,14,0.7529322504997253,210,174,0.6,
2EQ16802,C551_토너라벨_1,1,0.3151799440383911,548,336,0.6,
2EQ16802,B793_Canon각인_2,2,0.5266978740692139,28,290,1.05,
2EQ16802,6416_2206N명판_3,3,0.49594640731811523,258,310,1.2,
2EQ16802,3102_현상가압라벨_4,4,0.6912317276000977,576,22,0.6,
2EQ16802,3699_레버피스_4,4,0.6386904716491699,228,54,0.6,
2EQ16802,1525_▲▲▲라벨_5,5,0.9180248379707336,222,464,0.6,
2EQ16802,2917_코마_6,6,0.8629122972488403,910,570,0.6,
2EQ16802,1525_▲▲▲라벨_7,7,0.6127535104751587,518,514,0.9,
2EQ16802,0000_모듈러카바_8,8,0.5405863523483276,306,500,0.6,
2EQ16802,3780_전원스위치_9,9,0.7593599557876587,784,202,0.6,
2EQ16802,V242_카바라이트_10,10,0.7807136178016663,440,588,0.6,
2EQ16802,V242_카바라이트_11,11,0.7726719975471497,556,642,0.6,
2EQ16802,3779_압판스토퍼_12,12,0.5895181894302368,486,178,0.9,
2EQ16802,3779_압판스토퍼_14,14,0.7608957886695862,624,320,0.6,
2EQ16803,C551_토너라벨_1,1,0.3835369944572449,236,144,1.05,
2EQ16803,B793_Canon각인_2,2,0.5383317470550537,52,364,1.05,
2EQ16803,6416_2206N명판_3,3,0.5656590461730957,174,366,1.2,
2EQ16803,3102_현상가압라벨_4,4,0.664587676525116,634,16,0.6,
2EQ16803,3699_레버피스_4,4,0.5800670385360718,736,160,0.6,
2EQ16803,1525_▲▲▲라벨_5,5,0.9146544933319092,624,326,0.6,
2EQ16803,2917_코마_6,6,0.8564838171005249,780,328,0.6,
2EQ16803,1525_▲▲▲라벨_7,7,0.5506358742713928,776,44,0.75,
2EQ16803,0000_모듈러카바_8,8,0.6972642540931702,298,460,0.6,
2EQ16803,3780_전원스위치_9,9,0.7750890254974365,314,416,0.6,
2EQ16803,V242_카바라이트_10,10,0.7934349775314331,416,592,0.6,
2EQ16803,V242_카바라이트_11,11,0.7719191312789917,468,646,0.6,
2EQ16803,3779_압판스토퍼_12,12,0.6576975584030151,196,446,0.9,
2EQ16803,3779_압판스토퍼_14,14,0.7482042908668518,466,450,0.6,
2EQ16804,C551_토너라벨_1,1,0.34405094385147095,534,350,0.6,
2EQ16804,B793_Canon각인_2,2,0.5231648087501526,48,352,1.05,
2EQ16804,6416_2206N명판_3,3,0.4423738718032837,540,322,0.75,
2EQ16804,3102_현상가압라벨_4,4,0.6109589338302612,544,6,0.6,
2EQ16804,3699_레버피스_4,4,0.6406254768371582,648,0,0.6,
2EQ16804,1525_▲▲▲라벨_5,5,0.9265012741088867,804,228,0.6,
2EQ16804,2917_코마_6,6,0.8424705266952515,776,536,0.6,
2EQ16804,1525_▲▲▲라벨_7,7,0.6134438514709473,556,518,0.9,
2EQ16804,0000_모듈러카바_8,8,0.6272544264793396,290,532,0.6,
2EQ16804,3780_전원스위치_9,9,0.7464004158973694,228,462,0.6,
2EQ16804,V242_카바라이트_10,10,0.7683385610580444,482,138,0.6,
2EQ16804,V242_카바라이트_11,11,0.7707313895225525,556,662,0.6,
2EQ16804,3779_압판스토퍼_12,12,0.5580961108207703,366,6,0.9,
2EQ16804,3779_압판스토퍼_14,14,0.7605590224266052,408,474,0.6,
2EQ16805,C551_토너라벨_1,1,0.3131418228149414,600,480,0.6,
2EQ16805,B793_Canon각인_2,2,0.5673527121543884,50,330,1.05,
2EQ16805,6416_2206N명판_3,3,0.44968855381011963,230,312,1.2,
2EQ16805,3102_현상가압라벨_4,4,0.6092280149459839,578,94,0.6,
2EQ16805,3699_레버피스_4,4,0.618338942527771,586,2,0.6,
2EQ16805,1525_▲▲▲라벨_5,5,0.9170908331871033,796,226,0.75,
2EQ16805,2917_코마_6,6,0.8583338260650635,926,558,0.6,
2EQ16805,1525_▲▲▲라벨_7,7,0.5850782990455627,548,538,0.75,
2EQ16805,0000_모듈러카바_8,8,0.48420003056526184,268,538,0.6,
2EQ16805,3780_전원스위치_9,9,0.7600898742675781,782,202,0.6,
2EQ16805,V242_카바라이트_10,10,0.7789652943611145,438,584,0.6,
2EQ16805,V242_카바라이트_11,11,0.7837764024734497,478,632,0.6,
2EQ16805,3779_압판스토퍼_12,12,0.5752696990966797,766,108,0.9,
2EQ16805,3779_압판스토퍼_14,14,0.7420039772987366,470,356,0.6,
2EQ16806,C551_토너라벨_1,1,0.3261638879776001,498,556,0.6,
2EQ16806,B793_Canon각인_2,2,0.3719428479671478,48,224,0.9,
2EQ16806,6416_2206N명판_3,3,0.44344982504844666,362,384,1.2,
2EQ16806,3102_현상가압라벨_4,4,0.6153606176376343,520,72,0.6,
2EQ16806,3699_레버피스_4,4,0.6193130612373352,178,32,0.6,
2EQ16806,1525_▲▲▲라벨_5,5,0.9309874773025513,796,228,0.75,
2EQ16806,2917_코마_6,6,0.8387722969055176,336,576,0.6,
2EQ16806,1525_▲▲▲라벨_7,7,0.5848984122276306,560,514,0.75,
2EQ16806,0000_모듈러카바_8,8,0.5789072513580322,278,462,0.6,
2EQ16806,3780_전원스위치_9,9,0.7559493780136108,784,202,0.6,
2EQ16806,V242_카바라이트_10,10,0.7630470395088196,430,584,0.6,
2EQ16806,V242_카바라이트_11,11,0.7751940488815308,558,656,0.6,
2EQ16806,3779_압판스토퍼_12,12,0.5598270893096924,548,226,0.9,
2EQ16806,3779_압판스토퍼_14,14,0.7632262110710144,508,316,0.6,
2EQ16807,C551_토너라벨_1,1,0.3069693446159363,522,360,0.6,
2EQ16807,B793_Canon각인_2,2,0.4793790578842163,6,306,1.05,
2EQ16807,6416_2206N명판_3,3,0.5050840377807617,218,336,1.2,
2EQ16807,3102_현상가압라벨_4,4,0.6193150877952576,706,6,0.6,
2EQ16807,3699_레버피스_4,4,0.6742848753929138,506,8,0.75,
2EQ16807,1525_▲▲▲라벨_5,5,0.9239985346794128,798,224,0.75,
2EQ16807,2917_코마_6,6,0.8376508355140686,938,566,0.6,
2EQ16807,1525_▲▲▲라벨_7,7,0.5850268602371216,554,468,0.9,
2EQ16807,0000_모듈러카바_8,8,0.4610058069229126,320,480,0.6,
2EQ16807,3780_전원스위치_9,9,0.7559099197387695,784,202,0.6,
2EQ16807,V242_카바라이트_10,10,0.7729181051254272,450,590,0.6,
2EQ16807,V242_카바라이트_11,11,0.7732304930686951,722,148,0.6,
2EQ16807,3779_압판스토퍼_12,12,0.5779345035552979,196,512,0.9,
2EQ16807,3779_압판스토퍼_14,14,0.7719906568527222,554,260,0.6,
2EQ16808,C551_토너라벨_1,1,0.31498783826828003,526,400,0.6,
2EQ16808,B793_Canon각인_2,2,0.4734874367713928,12,286,1.05,
2EQ16808,6416_2206N명판_3,3,0.43997880816459656,532,306,0.6,
2EQ16808,3102_현상가압라벨_4,4,0.6244392991065979,594,102,0.6,
2EQ16808,3699_레버피스_4,4,0.6391048431396484,600,14,0.6,
2EQ16808,1525_▲▲▲라벨_5,5,0.923727810382843,244,498,0.6,
2EQ16808,2917_코마_6,6,0.8619479537010193,852,534,0.6,
2EQ16808,1525_▲▲▲라벨_7,7,0.5576038956642151,0,648,0.9,
2EQ16808,0000_모듈러카바_8,8,0.5710222125053406,236,486,0.6,
2EQ16808,3780_전원스위치_9,9,0.7519775032997131,784,202,0.6,
2EQ16808,V242_카바라이트_10,10,0.773546040058136,442,594,0.6,
2EQ16808,V242_카바라이트_11,11,0.7708767056465149,506,636,0.6,
2EQ16808,3779_압판스토퍼_12,12,0.5968899726867676,186,520,0.9,
2EQ16808,3779_압판스토퍼_14,14,0.7552792429924011,400,370,0.6,
2EQ16809,C551_토너라벨_1,1,0.29549774527549744,146,226,0.6,
2EQ16809,B793_Canon각인_2,2,0.5408238768577576,90,392,1.05,
2EQ16809,6416_2206N명판_3,3,0.44969427585601807,206,316,1.2,
2EQ16809,3102_현상가압라벨_4,4,0.6390112638473511,512,0,0.6,
2EQ16809,3699_레버피스_4,4,0.5989612340927124,490,4,0.6,
2EQ16809,1525_▲▲▲라벨_5,5,0.928445041179657,796,228,0.75,
2EQ16809,2917_코마_6,6,0.853398859500885,860,536,0.6,
2EQ16809,1525_▲▲▲라벨_7,7,0.5726515650749207,484,542,0.9,
2EQ16809,0000_모듈러카바_8,8,0.5601842999458313,278,518,0.6,
2EQ16809,3780_전원스위치_9,9,0.75731360912323,782,202,0.6,
2EQ16809,V242_카바라이트_10,10,0.7798277735710144,444,604,0.6,
2EQ16809,V242_카바라이트_11,11,0.77798992395401,562,646,0.6,
2EQ16809,3779_압판스토퍼_12,12,0.5724867582321167,156,454,0.9,
2EQ16809,3779_압판스토퍼_14,14,0.7687629461288452,910,290,0.6,
2EQ16810,C551_토너라벨_1,1,0.3280383348464966,504,390,0.6,
2EQ16810,B793_Canon각인_2,2,0.5727773308753967,138,314,1.05,
2EQ16810,6416_2206N명판_3,3,0.4402482509613037,512,330,0.9,
2EQ16810,3102_현상가압라벨_4,4,0.5972325205802917,606,42,0.6,
2EQ16810,3699_레버피스_4,4,0.6137637495994568,190,26,0.6,
2EQ16810,1525_▲▲▲라벨_5,5,0.9289498925209045,368,452,0.75,
2EQ16810,2917_코마_6,6,0.8606650829315186,938,542,0.6,
2EQ16810,1525_▲▲▲라벨_7,7,0.5606280565261841,486,554,0.75,
2EQ16810,0000_모듈러카바_8,8,0.48929649591445923,324,498,0.6,
2EQ16810,3780_전원스위치_9,9,0.7540300488471985,782,202,0.6,
2EQ16810,V242_카바라이트_10,10,0.7702950835227966,446,602,0.6,
2EQ16810,V242_카바라이트_11,11,0.7508978247642517,564,638,0.6,
2EQ16810,3779_압판스토퍼_12,12,0.5786813497543335,342,170,0.9,
2EQ16810,3779_압판스토퍼_14,14,0.7471126317977905,600,184,0.75,
2EQ16811,C551_토너라벨_1,1,0.33216461539268494,408,356,0.6,
2EQ16811,B793_Canon각인_2,2,0.4694698452949524,16,304,1.05,
2EQ16811,6416_2206N명판_3,3,0.44719111919403076,542,246,0.6,
2EQ16811,3102_현상가압라벨_4,4,0.6051619052886963,604,70,0.6,
2EQ16811,3699_레버피스_4,4,0.6089288592338562,176,32,0.6,
2EQ16811,1525_▲▲▲라벨_5,5,0.9278014898300171,796,226,0.75,
2EQ16811,2917_코마_6,6,0.838765561580658,18,398,0.6,
2EQ16811,1525_▲▲▲라벨_7,7,0.6166632175445557,528,498,0.9,
2EQ16811,0000_모듈러카바_8,8,0.5379459857940674,274,472,0.6,
2EQ16811,3780_전원스위치_9,9,0.7542394995689392,782,204,0.6,
2EQ16811,V242_카바라이트_10,10,0.7794433832168579,436,596,0.6,
2EQ16811,V242_카바라이트_11,11,0.7602069973945618,562,638,0.6,
2EQ16811,3779_압판스토퍼_12,12,0.5799148678779602,774,100,0.9,
2EQ16811,3779_압판스토퍼_14,14,0.7373728156089783,222,188,0.75,
2EQ16812,C551_토너라벨_1,1,0.3033922016620636,484,272,0.6,
2EQ16812,B793_Canon각인_2,2,0.4802630841732025,42,260,1.05,
2EQ16812,6416_2206N명판_3,3,0.43803977966308594,510,220,0.6,
2EQ16812,3102_현상가압라벨_4,4,0.6009751558303833,106,0,0.6,
2EQ16812,3699_레버피스_4,4,0.6031988263130188,246,26,0.6,
2EQ16812,1525_▲▲▲라벨_5,5,0.9235841035842896,800,232,0.6,
2EQ16812,2917_코마_6,6,0.8575538992881775,912,594,0.6,
2EQ16812,1525_▲▲▲라벨_7,7,0.5909873247146606,540,510,0.75,
2EQ16812,0000_모듈러카바_8,8,0.5368592143058777,298,538,0.6,
2EQ16812,3780_전원스위치_9,9,0.7552393674850464,782,202,0.6,
2EQ16812,V242_카바라이트_10,10,0.7806977033615112,502,120,0.6,
2EQ16812,V242_카바라이트_11,11,0.7825745344161987,562,654,0.6,
2EQ16812,3779_압판스토퍼_12,12,0.592700183391571,188,488,0.9,
2EQ16812,3779_압판스토퍼_14,14,0.738703727722168,286,332,0.6,
2EQ16813,C551_토너라벨_1,1,0.32215675711631775,600,444,0.6,
2EQ16813,B793_Canon각인_2,2,0.4319773316383362,34,256,1.05,
2EQ16813,6416_2206N명판_3,3,0.4316600561141968,134,296,1.2,
2EQ16813,3102_현상가압라벨_4,4,0.5962735414505005,620,48,0.6,
2EQ16813,3699_레버피스_4,4,0.5963971018791199,656,32,0.6,
2EQ16813,1525_▲▲▲라벨_5,5,0.9074800610542297,808,228,0.6,
2EQ16813,2917_코마_6,6,0.8415409922599792,540,62,0.6,
2EQ16813,1525_▲▲▲라벨_7,7,0.52617347240448,526,570,0.75,
2EQ16813,0000_모듈러카바_8,8,0.4482823312282562,294,534,0.6,
2EQ16813,3780_전원스위치_9,9,0.7591508626937866,782,202,0.6,
2EQ16813,V242_카바라이트_10,10,0.7773138880729675,430,606,0.6,
2EQ16813,V242_카바라이트_11,11,0.7539318799972534,720,140,0.6,
2EQ16813,3779_압판스토퍼_12,12,0.5592674016952515,300,158,0.9,
2EQ16813,3779_압판스토퍼_14,14,0.7523205280303955,224,182,0.6,
2EQ16814,C551_토너라벨_1,1,0.29526907205581665,132,222,0.75,
2EQ16814,B793_Canon각인_2,2,0.5172429084777832,58,322,1.05,
2EQ16814,6416_2206N명판_3,3,0.45120924711227417,2,650,0.6,
2EQ16814,3102_현상가압라벨_4,4,0.616325855255127,738,654,0.6,
2EQ16814,3699_레버피스_4,4,0.653092622756958,478,52,0.6,
2EQ16814,1525_▲▲▲라벨_5,5,0.9252991676330566,814,230,0.6,
2EQ16814,2917_코마_6,6,0.8592627644538879,898,554,0.6,
2EQ16814,1525_▲▲▲라벨_7,7,0.5755301117897034,540,532,0.75,
2EQ16814,0000_모듈러카바_8,8,0.4903135597705841,344,524,0.6,
2EQ16814,3780_전원스위치_9,9,0.7553583383560181,782,202,0.6,
2EQ16814,V242_카바라이트_10,10,0.7769342660903931,436,594,0.6,
2EQ16814,V242_카바라이트_11,11,0.7599916458129883,562,648,0.6,
2EQ16814,3779_압판스토퍼_12,12,0.5728410482406616,784,92,0.9,
2EQ16814,3779_압판스토퍼_14,14,0.7645966410636902,368,390,0.6,
2EQ16815,C551_토너라벨_1,1,0.3188994824886322,148,226,0.6,
2EQ16815,B793_Canon각인_2,2,0.4305163621902466,36,232,1.05,
2EQ16815,6416_2206N명판_3,3,0.43401169776916504,556,306,0.6,
2EQ16815,3102_현상가압라벨_4,4,0.5841867923736572,248,666,0.6,
2EQ16815,3699_레버피스_4,4,0.6482594609260559,600,6,0.6,
2EQ16815,1525_▲▲▲라벨_5,5,0.92391437292099,154,236,0.6,
2EQ16815,2917_코마_6,6,0.873945951461792,884,558,0.6,
2EQ16815,1525_▲▲▲라벨_7,7,0.5234503746032715,510,456,0.6,
2EQ16815,0000_모듈러카바_8,8,0.5033206343650818,286,554,0.6,
2EQ16815,3780_전원스위치_9,9,0.7578790187835693,784,202,0.6,
2EQ16815,V242_카바라이트_10,10,0.7810335159301758,442,592,0.6,
2EQ16815,V242_카바라이트_11,11,0.7699025273323059,562,648,0.6,
2EQ16815,3779_압판스토퍼_12,12,0.5546298027038574,210,502,0.9,
2EQ16815,3779_압판스토퍼_14,14,0.7625369429588318,896,282,0.75,
2EQ16816,C551_토너라벨_1,1,0.39458736777305603,420,364,0.6,
2EQ16816,B793_Canon각인_2,2,0.4607990086078644,0,298,1.05,
2EQ16816,6416_2206N명판_3,3,0.5325406193733215,164,374,1.2,
2EQ16816,3102_현상가압라벨_4,4,0.5830682516098022,810,658,0.6,
2EQ16816,3699_레버피스_4,4,0.5596285462379456,556,450,0.6,
2EQ16816,1525_▲▲▲라벨_5,5,0.9221278429031372,242,410,0.6,
2EQ16816,2917_코마_6,6,0.8817322850227356,560,34,0.6,
2EQ16816,1525_▲▲▲라벨_7,7,0.5584762096405029,192,100,0.9,
2EQ16816,0000_모듈러카바_8,8,0.5613920092582703,254,484,0.6,
2EQ16816,3780_전원스위치_9,9,0.759024441242218,784,202,0.6,
2EQ16816,V242_카바라이트_10,10,0.7655376195907593,568,160,0.6,
2EQ16816,V242_카바라이트_11,11,0.7655951380729675,722,616,0.6,
2EQ16816,3779_압판스토퍼_12,12,0.7384315133094788,392,440,0.6,
2EQ16816,3779_압판스토퍼_14,14,0.7476505041122437,762,544,0.75,
2EQ16817,C551_토너라벨_1,1,0.3347700238227844,386,582,0.6,
2EQ16817,B793_Canon각인_2,2,0.5025936365127563,34,270,1.05,
2EQ16817,6416_2206N명판_3,3,0.4280504882335663,162,326,1.2,
2EQ16817,3102_현상가압라벨_4,4,0.5968152284622192,568,36,0.6,
2EQ16817,3699_레버피스_4,4,0.6075412631034851,370,228,0.6,
2EQ16817,1525_▲▲▲라벨_5,5,0.9252008199691772,152,230,0.6,
2EQ16817,2917_코마_6,6,0.8301570415496826,750,314,0.6,
2EQ16817,1525_▲▲▲라벨_7,7,0.522494912147522,30,354,0.9,
2EQ16817,0000_모듈러카바_8,8,0.4582003653049469,292,558,0.6,
2EQ16817,3780_전원스위치_9,9,0.7520635724067688,782,204,0.6,
2EQ16817,V242_카바라이트_10,10,0.7822141051292419,446,602,0.6,
2EQ16817,V242_카바라이트_11,11,0.7751328349113464,564,632,0.6,
2EQ16817,3779_압판스토퍼_12,12,0.5541049242019653,244,476,0.9,
2EQ16817,3779_압판스토퍼_14,14,0.7278378009796143,244,258,0.75,
2EQ16818,C551_토너라벨_1,1,0.314158171415329,148,228,0.6,
2EQ16818,B793_Canon각인_2,2,0.49933695793151855,44,354,1.05,
2EQ16818,6416_2206N명판_3,3,0.4126199781894684,710,652,0.6,
2EQ16818,3102_현상가압라벨_4,4,0.6788222193717957,546,8,0.75,
2EQ16818,3699_레버피스_4,4,0.6536276936531067,156,24,0.75,
2EQ16818,1525_▲▲▲라벨_5,5,0.9220888018608093,804,230,0.6,
2EQ16818,2917_코마_6,6,0.8694801926612854,924,562,0.6,
2EQ16818,1525_▲▲▲라벨_7,7,0.6113247871398926,534,522,0.9,
2EQ16818,0000_모듈러카바_8,8,0.618582010269165,270,516,0.6,
2EQ16818,3780_전원스위치_9,9,0.7596408724784851,782,202,0.6,
2EQ16818,V242_카바라이트_10,10,0.7847365140914917,450,586,0.6,
2EQ16818,V242_카바라이트_11,11,0.7501838803291321,560,648,0.6,
2EQ16818,3779_압판스토퍼_12,12,0.5361136794090271,176,516,0.9,
2EQ16818,3779_압판스토퍼_14,14,0.7487474083900452,352,326,0.6,
2EQ16819,C551_토너라벨_1,1,0.2975424528121948,106,648,0.75,
2EQ16819,B793_Canon각인_2,2,0.44676482677459717,0,230,1.05,
2EQ16819,6416_2206N명판_3,3,0.44150468707084656,556,286,0.6,
2EQ16819,3102_현상가압라벨_4,4,0.6034937500953674,580,60,0.6,
2EQ16819,3699_레버피스_4,4,0.6102918982505798,200,32,0.6,
2EQ16819,1525_▲▲▲라벨_5,5,0.9353557825088501,810,228,0.6,
2EQ16819,2917_코마_6,6,0.8572458624839783,780,568,0.6,
2EQ16819,1525_▲▲▲라벨_7,7,0.609954833984375,640,540,0.75,
2EQ16819,0000_모듈러카바_8,8,0.44792577624320984,294,560,0.6,
2EQ16819,3780_전원스위치_9,9,0.7578039169311523,782,202,0.6,
2EQ16819,V242_카바라이트_10,10,0.7837426066398621,486,130,0.6,
2EQ16819,V242_카바라이트_11,11,0.7791872024536133,564,660,0.6,
2EQ16819,3779_압판스토퍼_12,12,0.5624412298202515,226,516,0.9,
2EQ16819,3779_압판스토퍼_14,14,0.7600168585777283,902,276,0.6,
2EQ16820,C551_토너라벨_1,1,0.35588178038597107,564,210,0.6,
2EQ16820,B793_Canon각인_2,2,0.43183961510658264,134,244,0.9,
2EQ16820,6416_2206N명판_3,3,0.42715126276016235,260,314,1.2,
2EQ16820,3102_현상가압라벨_4,4,0.648605227470398,504,0,0.9,
2EQ16820,3699_레버피스_4,4,0.6531036496162415,518,30,0.6,
2EQ16820,1525_▲▲▲라벨_5,5,0.9269291162490845,808,230,0.6,
2EQ16820,2917_코마_6,6,0.8635608553886414,870,564,0.6,
2EQ16820,1525_▲▲▲라벨_7,7,0.6260836124420166,512,558,0.9,
2EQ16820,0000_모듈러카바_8,8,0.51609206199646,246,542,0.6,
2EQ16820,3780_전원스위치_9,9,0.7582241892814636,782,202,0.6,
2EQ16820,V242_카바라이트_10,10,0.7759974598884583,436,598,0.6,
2EQ16820,V242_카바라이트_11,11,0.7721914649009705,562,646,0.6,
2EQ16820,3779_압판스토퍼_12,12,0.589579164981842,464,222,0.9,
2EQ16820,3779_압판스토퍼_14,14,0.7493476867675781,518,392,0.6,
2EQ16821,C551_토너라벨_1,1,0.34048283100128174,504,328,0.6,
2EQ16821,B793_Canon각인_2,2,0.5475691556930542,50,326,1.05,
2EQ16821,6416_2206N명판_3,3,0.44463837146759033,254,368,1.2,
2EQ16821,3102_현상가압라벨_4,4,0.6812623143196106,552,4,0.6,
2EQ16821,3699_레버피스_4,4,0.6383013725280762,184,20,0.75,
2EQ16821,1525_▲▲▲라벨_5,5,0.9293811321258545,796,230,0.6,
2EQ16821,2917_코마_6,6,0.8389442563056946,886,592,0.6,
2EQ16821,1525_▲▲▲라벨_7,7,0.5753746628761292,548,554,0.75,
2EQ16821,0000_모듈러카바_8,8,0.5440452694892883,318,482,0.6,
2EQ16821,3780_전원스위치_9,9,0.752099871635437,286,438,0.6,
2EQ16821,V242_카바라이트_10,10,0.7694104909896851,424,594,0.6,
2EQ16821,V242_카바라이트_11,11,0.7877470850944519,558,656,0.6,
2EQ16821,3779_압판스토퍼_12,12,0.5799117684364319,754,118,0.9,
2EQ16821,3779_압판스토퍼_14,14,0.7625457644462585,348,424,0.6,
2EQ16822,C551_토너라벨_1,1,0.32199129462242126,438,458,0.6,
2EQ16822,B793_Canon각인_2,2,0.48919081687927246,40,316,1.05,
2EQ16822,6416_2206N명판_3,3,0.40914905071258545,710,652,0.6,
2EQ16822,3102_현상가압라벨_4,4,0.664862334728241,496,4,0.6,
2EQ16822,3699_레버피스_4,4,0.6090075373649597,296,256,0.6,
2EQ16822,1525_▲▲▲라벨_5,5,0.9205203056335449,798,224,0.75,
2EQ16822,2917_코마_6,6,0.8702243566513062,920,550,0.6,
2EQ16822,1525_▲▲▲라벨_7,7,0.6081278920173645,542,524,0.9,
2EQ16822,0000_모듈러카바_8,8,0.5058377981185913,258,470,0.6,
2EQ16822,3780_전원스위치_9,9,0.7587931752204895,784,202,0.6,
2EQ16822,V242_카바라이트_10,10,0.7924680113792419,484,162,0.6,
2EQ16822,V242_카바라이트_11,11,0.7827088832855225,726,614,0.6,
2EQ16822,3779_압판스토퍼_12,12,0.5837355852127075,740,132,0.9,
2EQ16822,3779_압판스토퍼_14,14,0.7763984203338623,348,404,0.6,
2EQ16823,C551_토너라벨_1,1,0.33473965525627136,590,88,0.6,
2EQ16823,B793_Canon각인_2,2,0.4865801930427551,20,368,1.05,
2EQ16823,6416_2206N명판_3,3,0.45059752464294434,590,284,0.6,
2EQ16823,3102_현상가압라벨_4,4,0.6033909916877747,526,0,0.6,
2EQ16823,3699_레버피스_4,4,0.5486606955528259,458,456,0.6,
2EQ16823,1525_▲▲▲라벨_5,5,0.930092453956604,140,230,0.75,
2EQ16823,2917_코마_6,6,0.8664265871047974,888,552,0.6,
2EQ16823,1525_▲▲▲라벨_7,7,0.6169663667678833,510,552,0.9,
2EQ16823,0000_모듈러카바_8,8,0.5063892006874084,180,428,0.6,
2EQ16823,3780_전원스위치_9,9,0.7602990865707397,362,450,0.6,
2EQ16823,V242_카바라이트_10,10,0.7758032083511353,422,584,0.6,
2EQ16823,V242_카바라이트_11,11,0.7753020524978638,498,646,0.6,
2EQ16823,3779_압판스토퍼_12,12,0.6185933351516724,506,196,0.9,
2EQ16823,3779_압판스토퍼_14,14,0.7531362771987915,324,364,0.6,
2EQ16824,C551_토너라벨_1,1,0.33564355969429016,600,98,0.6,
2EQ16824,B793_Canon각인_2,2,0.4512053430080414,36,236,1.05,
2EQ16824,6416_2206N명판_3,3,0.4442187547683716,542,216,0.6,
2EQ16824,3102_현상가압라벨_4,4,0.6060789227485657,560,48,0.6,
2EQ16824,3699_레버피스_4,4,0.6110110282897949,186,20,0.6,
2EQ16824,1525_▲▲▲라벨_5,5,0.929392397403717,806,230,0.6,
2EQ16824,2917_코마_6,6,0.8658816814422607,930,554,0.6,
2EQ16824,1525_▲▲▲라벨_7,7,0.559802770614624,594,472,0.75,
2EQ16824,0000_모듈러카바_8,8,0.5667130351066589,344,530,0.6,
2EQ16824,3780_전원스위치_9,9,0.7583887577056885,290,442,0.6,
2EQ16824,V242_카바라이트_10,10,0.7787500619888306,478,134,0.6,
2EQ16824,V242_카바라이트_11,11,0.7966764569282532,720,146,0.6,
2EQ16824,3779_압판스토퍼_12,12,0.6049593687057495,494,244,0.9,
2EQ16824,3779_압판스토퍼_14,14,0.7565491795539856,460,282,0.6,
2EQ16825,C551_토너라벨_1,1,0.30545151233673096,646,330,0.6,
2EQ16825,B793_Canon각인_2,2,0.5832648873329163,56,294,1.05,
2EQ16825,6416_2206N명판_3,3,0.43454664945602417,538,300,0.75,
2EQ16825,3102_현상가압라벨_4,4,0.6293723583221436,552,2,0.6,
2EQ16825,3699_레버피스_4,4,0.6150113344192505,558,4,0.6,
2EQ16825,1525_▲▲▲라벨_5,5,0.9315273761749268,804,228,0.6,
2EQ16825,2917_코마_6,6,0.8526428937911987,926,536,0.6,
2EQ16825,1525_▲▲▲라벨_7,7,0.610370934009552,542,496,0.9,
2EQ16825,0000_모듈러카바_8,8,0.45634809136390686,296,542,0.6,
2EQ16825,3780_전원스위치_9,9,0.7589686512947083,784,202,0.6,
2EQ16825,V242_카바라이트_10,10,0.7827701568603516,434,600,0.6,
2EQ16825,V242_카바라이트_11,11,0.7792748808860779,562,636,0.6,
2EQ16825,3779_압판스토퍼_12,12,0.5968598127365112,576,268,0.9,
2EQ16825,3779_압판스토퍼_14,14,0.719983696937561,746,248,0.6,
2EQ16826,C551_토너라벨_1,1,0.3921830654144287,676,184,0.6,
2EQ16826,B793_Canon각인_2,2,0.5732308626174927,128,286,1.05,
2EQ16826,6416_2206N명판_3,3,0.4751121997833252,112,294,1.2,
2EQ16826,3102_현상가압라벨_4,4,0.5787198543548584,796,442,0.6,
2EQ16826,3699_레버피스_4,4,0.548812747001648,134,456,1.05,
2EQ16826,1525_▲▲▲라벨_5,5,0.9324464201927185,644,410,0.6,
2EQ16826,2917_코마_6,6,0.8481404185295105,668,384,0.6,
2EQ16826,1525_▲▲▲라벨_7,7,0.5368653535842896,696,448,0.9,
2EQ16826,0000_모듈러카바_8,8,0.6317247748374939,316,496,0.6,
2EQ16826,3780_전원스위치_9,9,0.7531368136405945,784,200,0.6,
2EQ16826,V242_카바라이트_10,10,0.7990394830703735,508,176,0.6,
2EQ16826,V242_카바라이트_11,11,0.7592940926551819,722,610,0.6,
2EQ16826,3779_압판스토퍼_12,12,0.6930472254753113,646,412,0.9,
2EQ16826,3779_압판스토퍼_14,14,0.7068778872489929,250,338,0.6,
2EQ16827,C551_토너라벨_1,1,0.4155963063240051,482,348,0.6,
2EQ16827,B793_Canon각인_2,2,0.5573269128799438,66,396,1.05,
2EQ16827,6416_2206N명판_3,3,0.4425048232078552,148,318,1.2,
2EQ16827,3102_현상가압라벨_4,4,0.5759194493293762,652,672,0.6,
2EQ16827,3699_레버피스_4,4,0.5463032126426697,728,606,0.75,
2EQ16827,1525_▲▲▲라벨_5,5,0.9288603663444519,136,588,0.6,
2EQ16827,2917_코마_6,6,0.8518077731132507,734,372,0.6,
2EQ16827,1525_▲▲▲라벨_7,7,0.5363478064537048,856,574,0.9,
2EQ16827,0000_모듈러카바_8,8,0.689920961856842,248,462,0.6,
2EQ16827,3780_전원스위치_9,9,0.7517983317375183,782,202,0.6,
2EQ16827,V242_카바라이트_10,10,0.7893608212471008,424,588,0.6,
2EQ16827,V242_카바라이트_11,11,0.7808341383934021,718,626,0.6,
2EQ16827,3779_압판스토퍼_12,12,0.6943688988685608,436,344,0.6,
2EQ16827,3779_압판스토퍼_14,14,0.7107599973678589,792,380,0.6,
2EQ16828,C551_토너라벨_1,1,0.41851747035980225,574,302,0.6,
2EQ16828,B793_Canon각인_2,2,0.5440076589584351,54,330,1.05,
2EQ16828,6416_2206N명판_3,3,0.47653502225875854,152,268,1.2,
2EQ16828,3102_현상가압라벨_4,4,0.6062420606613159,826,262,0.6,
2EQ16828,3699_레버피스_4,4,0.5946273803710938,62,18,0.6,
2EQ16828,1525_▲▲▲라벨_5,5,0.9321832060813904,502,300,0.75,
2EQ16828,2917_코마_6,6,0.8619914054870605,740,22,0.6,
2EQ16828,1525_▲▲▲라벨_7,7,0.6037185192108154,22,538,0.6,
2EQ16828,0000_모듈러카바_8,8,0.5689051747322083,320,446,0.6,
2EQ16828,3780_전원스위치_9,9,0.7574833631515503,784,202,0.6,
2EQ16828,V242_카바라이트_10,10,0.7925831079483032,480,634,0.6,
2EQ16828,V242_카바라이트_11,11,0.7677701115608215,470,640,0.6,
2EQ16828,3779_압판스토퍼_12,12,0.7018444538116455,680,462,0.9,
2EQ16828,3779_압판스토퍼_14,14,0.7447936534881592,222,392,0.6,
2EQ16829,C551_토너라벨_1,1,0.420316219329834,538,354,0.6,
2EQ16829,B793_Canon각인_2,2,0.5403649806976318,64,338,1.05,
2EQ16829,6416_2206N명판_3,3,0.4161740243434906,168,236,1.2,
2EQ16829,3102_현상가압라벨_4,4,0.629558801651001,704,244,0.6,
2EQ16829,3699_레버피스_4,4,0.5654494166374207,362,452,1.2,
2EQ16829,1525_▲▲▲라벨_5,5,0.9262902140617371,108,602,0.6,
2EQ16829,2917_코마_6,6,0.8431957364082336,202,56,0.6,
2EQ16829,1525_▲▲▲라벨_7,7,0.5846351385116577,656,622,0.75,
2EQ16829,0000_모듈러카바_8,8,0.5064980983734131,264,490,0.6,
2EQ16829,3780_전원스위치_9,9,0.75263911485672,214,434,0.6,
2EQ16829,V242_카바라이트_10,10,0.7787764072418213,480,142,0.6,
2EQ16829,V242_카바라이트_11,11,0.7743716239929199,494,662,0.6,
2EQ16829,3779_압판스토퍼_12,12,0.6129498481750488,408,290,0.9,
2EQ16829,3779_압판스토퍼_14,14,0.7448693513870239,944,402,0.6,
2EQ16830,C551_토너라벨_1,1,0.4173513352870941,684,350,0.6,
2EQ16830,B793_Canon각인_2,2,0.5760063529014587,64,296,1.05,
2EQ16830,6416_2206N명판_3,3,0.5360332727432251,130,336,1.2,
2EQ16830,3102_현상가압라벨_4,4,0.5759301781654358,654,660,0.6,
2EQ16830,3699_레버피스_4,4,0.5674228072166443,514,196,0.75,
2EQ16830,1525_▲▲▲라벨_5,5,0.9274458885192871,92,580,0.75,
2EQ16830,2917_코마_6,6,0.8658171892166138,794,218,0.6,
2EQ16830,1525_▲▲▲라벨_7,7,0.5102104544639587,56,566,0.9,
2EQ16830,0000_모듈러카바_8,8,0.5943716764450073,298,406,0.6,
2EQ16830,3780_전원스위치_9,9,0.7532926797866821,392,422,0.6,
2EQ16830,V242_카바라이트_10,10,0.7871423959732056,406,608,0.6,
2EQ16830,V242_카바라이트_11,11,0.7517436146736145,546,524,0.6,
2EQ16830,3779_압판스토퍼_12,12,0.7403331398963928,546,466,0.9,
2EQ16830,3779_압판스토퍼_14,14,0.7233992218971252,364,366,0.6,
2EQ16831,C551_토너라벨_1,1,0.4425113797187805,574,366,0.6,
2EQ16831,B793_Canon각인_2,2,0.5722912549972534,92,362,1.05,
2EQ16831,6416_2206N명판_3,3,0.5094254016876221,116,312,1.2,
2EQ16831,3102_현상가압라벨_4,4,0.6064177751541138,694,214,0.6,
2EQ16831,3699_레버피스_4,4,0.574550449848175,394,132,0.6,
2EQ16831,1525_▲▲▲라벨_5,5,0.9274014234542847,708,354,0.6,
2EQ16831,2917_코마_6,6,0.863404393196106,482,510,0.6,
2EQ16831,1525_▲▲▲라벨_7,7,0.5733924508094788,766,578,0.6,
2EQ16831,0000_모듈러카바_8,8,0.6491890549659729,228,422,0.6,
2EQ16831,3780_전원스위치_9,9,0.758033275604248,228,554,0.6,
2EQ16831,V242_카바라이트_10,10,0.7739202976226807,464,634,0.6,
2EQ16831,V242_카바라이트_11,11,0.79331374168396,324,704,0.6,
2EQ16831,3779_압판스토퍼_12,12,0.7212392091751099,700,460,0.75,
2EQ16831,3779_압판스토퍼_14,14,0.7551395297050476,40,6,0.6,
2EQ16832,C551_토너라벨_1,1,0.36509594321250916,198,118,1.2,
2EQ16832,B793_Canon각인_2,2,0.5742022395133972,0,392,1.05,
2EQ16832,6416_2206N명판_3,3,0.5295252203941345,162,380,1.2,
2EQ16832,3102_현상가압라벨_4,4,0.6459876298904419,516,442,0.6,
2EQ16832,3699_레버피스_4,4,0.5636795163154602,174,580,0.9,
2EQ16832,1525_▲▲▲라벨_5,5,0.9345251321792603,794,234,0.6,
2EQ16832,2917_코마_6,6,0.8620583415031433,854,578,0.6,
2EQ16832,1525_▲▲▲라벨_7,7,0.529337465763092,154,488,0.75,
2EQ16832,0000_모듈러카바_8,8,0.6471436619758606,206,430,0.6,
2EQ16832,3780_전원스위치_9,9,0.7621296048164368,786,202,0.6,
2EQ16832,V242_카바라이트_10,10,0.7939164638519287,404,602,0.6,
2EQ16832,V242_카바라이트_11,11,0.7863186597824097,480,656,0.6,
2EQ16832,3779_압판스토퍼_12,12,0.6505799889564514,538,440,0.75,
2EQ16832,3779_압판스토퍼_14,14,0.7366017699241638,164,616,0.75,
2EQ16833,C551_토너라벨_1,1,0.3925488591194153,502,500,0.6,
2EQ16833,B793_Canon각인_2,2,0.5622963905334473,46,350,1.05,
2EQ16833,6416_2206N명판_3,3,0.5379627346992493,176,390,1.2,
2EQ16833,3102_현상가압라벨_4,4,0.6666882038116455,662,28,0.6,
2EQ16833,3699_레버피스_4,4,0.5733095407485962,174,578,0.9,
2EQ16833,1525_▲▲▲라벨_5,5,0.8985094428062439,198,432,0.6,
2EQ16833,2917_코마_6,6,0.8677269816398621,912,570,0.6,
2EQ16833,1525_▲▲▲라벨_7,7,0.5335870385169983,554,558,0.75,
2EQ16833,0000_모듈러카바_8,8,0.5390130877494812,340,424,0.6,
2EQ16833,3780_전원스위치_9,9,0.765846312046051,308,394,0.6,
2EQ16833,V242_카바라이트_10,10,0.7886770367622375,414,600,0.6,
2EQ16833,V242_카바라이트_11,11,0.7750876545906067,498,642,0.6,
2EQ16833,3779_압판스토퍼_12,12,0.6314443945884705,580,416,0.9,
2EQ16833,3779_압판스토퍼_14,14,0.7379486560821533,504,410,0.6,
2EQ16834,C551_토너라벨_1,1,0.3691455125808716,214,170,1.05,
2EQ16834,B793_Canon각인_2,2,0.5029296875,36,340,1.05,
2EQ16834,6416_2206N명판_3,3,0.4382534325122833,488,312,0.9,
2EQ16834,3102_현상가압라벨_4,4,0.610954999923706,428,74,0.6,
2EQ16834,3699_레버피스_4,4,0.5856962203979492,154,32,0.6,
2EQ16834,1525_▲▲▲라벨_5,5,0.9246878027915955,796,224,0.75,
2EQ16834,2917_코마_6,6,0.860955536365509,932,524,0.6,
2EQ16834,1525_▲▲▲라벨_7,7,0.619641900062561,524,496,0.9,
2EQ16834,0000_모듈러카바_8,8,0.669924259185791,234,484,0.6,
2EQ16834,3780_전원스위치_9,9,0.7522359490394592,316,420,0.6,
2EQ16834,V242_카바라이트_10,10,0.753932535648346,450,602,0.6,
2EQ16834,V242_카바라이트_11,11,0.7390846014022827,508,652,0.6,
2EQ16834,3779_압판스토퍼_12,12,0.6071569323539734,430,266,0.9,
2EQ16834,3779_압판스토퍼_14,14,0.7484102249145508,472,248,0.6,
2EQ16835,C551_토너라벨_1,1,0.3371725082397461,552,404,0.6,
2EQ16835,B793_Canon각인_2,2,0.4439958930015564,20,334,1.05,
2EQ16835,6416_2206N명판_3,3,0.41848206520080566,456,172,0.6,
2EQ16835,3102_현상가압라벨_4,4,0.6510367393493652,556,44,0.75,
2EQ16835,3699_레버피스_4,4,0.6979640126228333,576,60,0.6,
2EQ16835,1525_▲▲▲라벨_5,5,0.9278548955917358,154,232,0.6,
2EQ16835,2917_코마_6,6,0.8649514317512512,930,542,0.6,
2EQ16835,1525_▲▲▲라벨_7,7,0.6151348948478699,486,476,0.9,
2EQ16835,0000_모듈러카바_8,8,0.5878061056137085,304,554,0.6,
2EQ16835,3780_전원스위치_9,9,0.7540604472160339,782,202,0.6,
2EQ16835,V242_카바라이트_10,10,0.7770987153053284,430,594,0.6,
2EQ16835,V242_카바라이트_11,11,0.739590585231781,562,652,0.6,
2EQ16835,3779_압판스토퍼_12,12,0.5963602066040039,538,240,0.9,
2EQ16835,3779_압판스토퍼_14,14,0.7527475357055664,436,372,0.6,
2EQ16836,C551_토너라벨_1,1,0.3096018135547638,504,358,0.6,
2EQ16836,B793_Canon각인_2,2,0.56190425157547,50,328,1.05,
2EQ16836,6416_2206N명판_3,3,0.4528559148311615,304,262,1.2,
2EQ16836,3102_현상가압라벨_4,4,0.5958800315856934,618,98,0.6,
2EQ16836,3699_레버피스_4,4,0.6902178525924683,696,2,0.6,
2EQ16836,1525_▲▲▲라벨_5,5,0.9207214713096619,814,228,0.6,
2EQ16836,2917_코마_6,6,0.8711869120597839,918,544,0.6,
2EQ16836,1525_▲▲▲라벨_7,7,0.5618724822998047,430,494,0.6,
2EQ16836,0000_모듈러카바_8,8,0.5487074851989746,284,534,0.6,
2EQ16836,3780_전원스위치_9,9,0.7569035887718201,784,204,0.6,
2EQ16836,V242_카바라이트_10,10,0.7803416848182678,432,598,0.6,
2EQ16836,V242_카바라이트_11,11,0.7904118895530701,562,658,0.6,
2EQ16836,3779_압판스토퍼_12,12,0.5890778303146362,382,10,0.9,
2EQ16836,3779_압판스토퍼_14,14,0.7522697448730469,216,188,0.6,
2EQ16837,C551_토너라벨_1,1,0.4077865481376648,452,146,0.6,
2EQ16837,B793_Canon각인_2,2,0.5639562010765076,36,344,1.05,
2EQ16837,6416_2206N명판_3,3,0.4341820776462555,122,336,1.2,
2EQ16837,3102_현상가압라벨_4,4,0.6232903003692627,756,0,0.6,
2EQ16837,3699_레버피스_4,4,0.5916430354118347,762,0,0.6,
2EQ16837,1525_▲▲▲라벨_5,5,0.9148040413856506,300,432,0.6,
2EQ16837,2917_코마_6,6,0.8308423161506653,58,336,0.6,
2EQ16837,1525_▲▲▲라벨_7,7,0.5669024586677551,704,56,0.75,
2EQ16837,0000_모듈러카바_8,8,0.5035296678543091,236,518,0.6,
2EQ16837,3780_전원스위치_9,9,0.7511410713195801,782,200,0.6,
2EQ16837,V242_카바라이트_10,10,0.791557252407074,404,616,0.6,
2EQ16837,V242_카바라이트_11,11,0.7734055519104004,504,658,0.6,
2EQ16837,3779_압판스토퍼_12,12,0.7100387811660767,558,508,0.9,
2EQ16837,3779_압판스토퍼_14,14,0.7437815070152283,216,334,0.6,
2EQ16838,C551_토너라벨_1,1,0.33066031336784363,518,480,0.6,
2EQ16838,B793_Canon각인_2,2,0.46127817034721375,8,378,1.05,
2EQ16838,6416_2206N명판_3,3,0.464991956949234,378,346,1.2,
2EQ16838,3102_현상가압라벨_4,4,0.6040405035018921,296,598,0.6,
2EQ16838,3699_레버피스_4,4,0.6264879107475281,198,14,0.75,
2EQ16838,1525_▲▲▲라벨_5,5,0.9291611313819885,792,224,0.75,
2EQ16838,2917_코마_6,6,0.8531544208526611,756,538,0.6,
2EQ16838,1525_▲▲▲라벨_7,7,0.5688901543617249,540,498,0.75,
2EQ16838,0000_모듈러카바_8,8,0.4899795949459076,268,514,0.6,
2EQ16838,3780_전원스위치_9,9,0.7581077814102173,782,202,0.6,
2EQ16838,V242_카바라이트_10,10,0.783807635307312,496,128,0.6,
2EQ16838,V242_카바라이트_11,11,0.791601836681366,562,658,0.6,
2EQ16838,3779_압판스토퍼_12,12,0.5782669186592102,390,200,0.9,
2EQ16838,3779_압판스토퍼_14,14,0.763116717338562,246,274,0.6,
2EQ16839,C551_토너라벨_1,1,0.332535058259964,466,284,0.6,
2EQ16839,B793_Canon각인_2,2,0.4296458661556244,22,264,1.05,
2EQ16839,6416_2206N명판_3,3,0.4763199985027313,234,340,1.2,
2EQ16839,3102_현상가압라벨_4,4,0.6370912194252014,614,8,0.6,
2EQ16839,3699_레버피스_4,4,0.6843209266662598,620,10,0.6,
2EQ16839,1525_▲▲▲라벨_5,5,0.9237613677978516,230,482,0.6,
2EQ16839,2917_코마_6,6,0.8679092526435852,884,570,0.6,
2EQ16839,1525_▲▲▲라벨_7,7,0.5250469446182251,546,482,0.75,
2EQ16839,0000_모듈러카바_8,8,0.6397265195846558,344,516,0.6,
2EQ16839,3780_전원스위치_9,9,0.759008526802063,784,202,0.6,
2EQ16839,V242_카바라이트_10,10,0.7811847925186157,476,142,0.6,
2EQ16839,V242_카바라이트_11,11,0.7593464851379395,566,632,0.6,
2EQ16839,3779_압판스토퍼_12,12,0.6031631827354431,446,176,0.9,
2EQ16839,3779_압판스토퍼_14,14,0.751388669013977,924,292,0.6,
2EQ16840,C551_토너라벨_1,1,0.3310384452342987,450,312,0.6,
2EQ16840,B793_Canon각인_2,2,0.5352204442024231,36,338,1.05,
2EQ16840,6416_2206N명판_3,3,0.5177796483039856,188,320,1.2,
2EQ16840,3102_현상가압라벨_4,4,0.6044643521308899,632,66,0.6,
2EQ16840,3699_레버피스_4,4,0.6034639477729797,194,26,0.6,
2EQ16840,1525_▲▲▲라벨_5,5,0.9237166047096252,810,230,0.6,
2EQ16840,2917_코마_6,6,0.8503729104995728,860,546,0.6,
2EQ16840,1525_▲▲▲라벨_7,7,0.5737527012825012,580,462,0.75,
2EQ16840,0000_모듈러카바_8,8,0.4724488854408264,270,522,0.6,
2EQ16840,3780_전원스위치_9,9,0.7562662959098816,784,204,0.6,
2EQ16840,V242_카바라이트_10,10,0.782806396484375,484,128,0.6,
2EQ16840,V242_카바라이트_11,11,0.7888625860214233,566,660,0.6,
2EQ16840,3779_압판스토퍼_12,12,0.5977052450180054,420,218,0.9,
2EQ16840,3779_압판스토퍼_14,14,0.7531158328056335,302,324,0.6,
2EQ16841,C551_토너라벨_1,1,0.3301421105861664,606,348,0.6,
2EQ16841,B793_Canon각인_2,2,0.5726302862167358,32,294,1.05,
2EQ16841,6416_2206N명판_3,3,0.4481332302093506,344,392,1.2,
2EQ16841,3102_현상가압라벨_4,4,0.6193935871124268,482,0,0.6,
2EQ16841,3699_레버피스_4,4,0.6760548949241638,462,2,0.6,
2EQ16841,1525_▲▲▲라벨_5,5,0.9195401072502136,196,482,0.6,
2EQ16841,2917_코마_6,6,0.845435619354248,708,548,0.6,
2EQ16841,1525_▲▲▲라벨_7,7,0.5682696104049683,508,496,0.75,
2EQ16841,0000_모듈러카바_8,8,0.48128917813301086,220,532,0.6,
2EQ16841,3780_전원스위치_9,9,0.7553157210350037,784,204,0.6,
2EQ16841,V242_카바라이트_10,10,0.7823219299316406,484,132,0.6,
2EQ16841,V242_카바라이트_11,11,0.785211443901062,564,652,0.6,
2EQ16841,3779_압판스토퍼_12,12,0.5729712843894958,312,174,0.9,
2EQ16841,3779_압판스토퍼_14,14,0.714264988899231,512,444,0.6,
2EQ16842,C551_토너라벨_1,1,0.3401419222354889,564,472,0.6,
2EQ16842,B793_Canon각인_2,2,0.5497414469718933,56,356,1.05,
2EQ16842,6416_2206N명판_3,3,0.4518985450267792,250,358,1.2,
2EQ16842,3102_현상가압라벨_4,4,0.654087245464325,496,12,0.75,
2EQ16842,3699_레버피스_4,4,0.6241950988769531,522,28,0.6,
2EQ16842,1525_▲▲▲라벨_5,5,0.9293854832649231,812,230,0.6,
2EQ16842,2917_코마_6,6,0.832127034664154,698,312,0.6,
2EQ16842,1525_▲▲▲라벨_7,7,0.52580726146698,258,458,0.6,
2EQ16842,0000_모듈러카바_8,8,0.5741694569587708,290,514,0.6,
2EQ16842,3780_전원스위치_9,9,0.7572808861732483,784,202,0.6,
2EQ16842,V242_카바라이트_10,10,0.7857251763343811,482,140,0.6,
2EQ16842,V242_카바라이트_11,11,0.7796592116355896,508,638,0.6,
2EQ16842,3779_압판스토퍼_12,12,0.6000117063522339,350,178,0.9,
2EQ16842,3779_압판스토퍼_14,14,0.7567287683486938,210,168,0.6,
2EQ16843,C551_토너라벨_1,1,0.3315194547176361,488,340,0.6,
2EQ16843,B793_Canon각인_2,2,0.46099719405174255,28,296,1.05,
2EQ16843,6416_2206N명판_3,3,0.4397223889827728,230,256,1.2,
2EQ16843,3102_현상가압라벨_4,4,0.6864874362945557,494,72,0.75,
2EQ16843,3699_레버피스_4,4,0.6130133271217346,502,78,0.75,
2EQ16843,1525_▲▲▲라벨_5,5,0.9290238618850708,406,440,0.75,
2EQ16843,2917_코마_6,6,0.8636282086372375,802,542,0.6,
2EQ16843,1525_▲▲▲라벨_7,7,0.543976902961731,496,532,0.75,
2EQ16843,0000_모듈러카바_8,8,0.49665290117263794,246,510,0.6,
2EQ16843,3780_전원스위치_9,9,0.7564632892608643,784,202,0.6,
2EQ16843,V242_카바라이트_10,10,0.7783141136169434,436,600,0.6,
2EQ16843,V242_카바라이트_11,11,0.7840529084205627,550,654,0.6,
2EQ16843,3779_압판스토퍼_12,12,0.5754057765007019,420,172,0.9,
2EQ16843,3779_압판스토퍼_14,14,0.7684691548347473,896,264,0.6,
2EQ16844,C551_토너라벨_1,1,0.38066366314888,472,372,0.6,
2EQ16844,B793_Canon각인_2,2,0.486014187335968,26,336,1.05,
2EQ16844,6416_2206N명판_3,3,0.41096779704093933,4,462,0.6,
2EQ16844,3102_현상가압라벨_4,4,0.6483097076416016,746,36,0.6,
2EQ16844,3699_레버피스_4,4,0.6381514072418213,680,42,0.9,
2EQ16844,1525_▲▲▲라벨_5,5,0.9226199388504028,28,416,0.75,
2EQ16844,2917_코마_6,6,0.8547662496566772,844,378,0.6,
2EQ16844,1525_▲▲▲라벨_7,7,0.5759900212287903,930,254,0.9,
2EQ16844,0000_모듈러카바_8,8,0.42323440313339233,274,508,0.6,
2EQ16844,3780_전원스위치_9,9,0.7455968856811523,782,204,0.6,
2EQ16844,V242_카바라이트_10,10,0.78049236536026,478,134,0.6,
2EQ16844,V242_카바라이트_11,11,0.7829446196556091,498,660,0.6,
2EQ16844,3779_압판스토퍼_12,12,0.5612099766731262,106,480,0.9,
2EQ16844,3779_압판스토퍼_14,14,0.7295728325843811,210,168,0.6,
2EQ16845,C551_토너라벨_1,1,0.3430742621421814,542,278,0.6,
2EQ16845,B793_Canon각인_2,2,0.5838672518730164,64,354,1.05,
2EQ16845,6416_2206N명판_3,3,0.4726978540420532,202,360,1.2,
2EQ16845,3102_현상가압라벨_4,4,0.6939002871513367,574,4,0.75,
2EQ16845,3699_레버피스_4,4,0.6658062934875488,578,22,0.6,
2EQ16845,1525_▲▲▲라벨_5,5,0.9277448654174805,810,228,0.6,
2EQ16845,2917_코마_6,6,0.8606800436973572,906,556,0.6,
2EQ16845,1525_▲▲▲라벨_7,7,0.570816159248352,498,498,0.9,
2EQ16845,0000_모듈러카바_8,8,0.47495824098587036,228,506,0.6,
2EQ16845,3780_전원스위치_9,9,0.7593667507171631,784,202,0.6,
2EQ16845,V242_카바라이트_10,10,0.7792444229125977,482,132,0.6,
2EQ16845,V242_카바라이트_11,11,0.7631786465644836,560,648,0.6,
2EQ16845,3779_압판스토퍼_12,12,0.5749691128730774,378,192,0.9,
2EQ16845,3779_압판스토퍼_14,14,0.7547133564949036,534,398,0.75,
2EQ16846,C551_토너라벨_1,1,0.3532565236091614,574,300,0.6,
2EQ16846,B793_Canon각인_2,2,0.4753742516040802,10,326,1.05,
2EQ16846,6416_2206N명판_3,3,0.42269983887672424,554,308,0.6,
2EQ16846,3102_현상가압라벨_4,4,0.6877157092094421,516,28,0.75,
2EQ16846,3699_레버피스_4,4,0.6515552401542664,532,44,0.6,
2EQ16846,1525_▲▲▲라벨_5,5,0.9247296452522278,202,472,0.6,
2EQ16846,2917_코마_6,6,0.8674404621124268,642,168,0.6,
2EQ16846,1525_▲▲▲라벨_7,7,0.6063896417617798,498,612,0.75,
2EQ16846,0000_모듈러카바_8,8,0.4175765812397003,238,474,0.6,
2EQ16846,3780_전원스위치_9,9,0.7537888884544373,784,202,0.6,
2EQ16846,V242_카바라이트_10,10,0.779831051826477,480,140,0.6,
2EQ16846,V242_카바라이트_11,11,0.7894931435585022,510,640,0.6,
2EQ16846,3779_압판스토퍼_12,12,0.5626433491706848,516,76,0.9,
2EQ16846,3779_압판스토퍼_14,14,0.7558530569076538,234,186,0.75,
2EQ16847,C551_토너라벨_1,1,0.3436296582221985,494,352,0.6,
2EQ16847,B793_Canon각인_2,2,0.5440035462379456,6,360,1.05,
2EQ16847,6416_2206N명판_3,3,0.5109192728996277,154,406,1.2,
2EQ16847,3102_현상가압라벨_4,4,0.6284797191619873,604,112,0.6,
2EQ16847,3699_레버피스_4,4,0.6062020063400269,250,22,0.75,
2EQ16847,1525_▲▲▲라벨_5,5,0.9298744797706604,808,230,0.6,
2EQ16847,2917_코마_6,6,0.8439928293228149,666,152,0.6,
2EQ16847,1525_▲▲▲라벨_7,7,0.5548593401908875,410,614,0.6,
2EQ16847,0000_모듈러카바_8,8,0.45242759585380554,250,452,0.6,
2EQ16847,3780_전원스위치_9,9,0.7550271153450012,782,204,0.6,
2EQ16847,V242_카바라이트_10,10,0.780099630355835,506,124,0.6,
2EQ16847,V242_카바라이트_11,11,0.7435857057571411,562,648,0.6,
2EQ16847,3779_압판스토퍼_12,12,0.5845754742622375,194,488,0.9,
2EQ16847,3779_압판스토퍼_14,14,0.7581249475479126,222,180,0.75,
2EQ16848,C551_토너라벨_1,1,0.3308877646923065,814,36,0.75,
2EQ16848,B793_Canon각인_2,2,0.5291370749473572,28,270,1.05,
2EQ16848,6416_2206N명판_3,3,0.4088180661201477,708,652,0.6,
2EQ16848,3102_현상가압라벨_4,4,0.6171016693115234,388,24,0.6,
2EQ16848,3699_레버피스_4,4,0.6508086919784546,364,28,0.6,
2EQ16848,1525_▲▲▲라벨_5,5,0.9213414788246155,800,228,0.6,
2EQ16848,2917_코마_6,6,0.8656301498413086,924,560,0.6,
2EQ16848,1525_▲▲▲라벨_7,7,0.6098539233207703,554,534,0.9,
2EQ16848,0000_모듈러카바_8,8,0.4792688190937042,320,488,0.6,
2EQ16848,3780_전원스위치_9,9,0.7533743381500244,782,202,0.6,
2EQ16848,V242_카바라이트_10,10,0.7910715937614441,480,144,0.6,
2EQ16848,V242_카바라이트_11,11,0.7565361261367798,726,610,0.6,
2EQ16848,3779_압판스토퍼_12,12,0.5772902369499207,532,338,0.9,
2EQ16848,3779_압판스토퍼_14,14,0.7417007684707642,906,310,0.6,
2EQ16849,C551_토너라벨_1,1,0.3319820761680603,442,524,0.6,
2EQ16849,B793_Canon각인_2,2,0.3915669620037079,462,658,0.6,
2EQ16849,6416_2206N명판_3,3,0.4409876763820648,180,472,1.2,
2EQ16849,3102_현상가압라벨_4,4,0.6992233991622925,506,18,0.75,
2EQ16849,3699_레버피스_4,4,0.6574532389640808,496,36,0.6,
2EQ16849,1525_▲▲▲라벨_5,5,0.9215397238731384,204,454,0.6,
2EQ16849,2917_코마_6,6,0.8703211545944214,900,576,0.6,
2EQ16849,1525_▲▲▲라벨_7,7,0.5585447549819946,528,554,0.9,
2EQ16849,0000_모듈러카바_8,8,0.5027522444725037,234,468,0.6,
2EQ16849,3780_전원스위치_9,9,0.7580479383468628,782,204,0.6,
2EQ16849,V242_카바라이트_10,10,0.7927843332290649,494,136,0.6,
2EQ16849,V242_카바라이트_11,11,0.7598504424095154,720,150,0.6,
2EQ16849,3779_압판스토퍼_12,12,0.6065589785575867,308,172,0.9,
2EQ16849,3779_압판스토퍼_14,14,0.766111433506012,372,384,0.6,
2EQ16850,C551_토너라벨_1,1,0.33151596784591675,518,434,0.6,
2EQ16850,B793_Canon각인_2,2,0.45670801401138306,42,330,1.05,
2EQ16850,6416_2206N명판_3,3,0.4759446978569031,118,384,1.2,
2EQ16850,3102_현상가압라벨_4,4,0.6852801442146301,544,16,0.6,
2EQ16850,3699_레버피스_4,4,0.683681845664978,548,18,0.6,
2EQ16850,1525_▲▲▲라벨_5,5,0.9199265837669373,352,472,0.6,
2EQ16850,2917_코마_6,6,0.8630653619766235,704,186,0.6,
2EQ16850,1525_▲▲▲라벨_7,7,0.5841978788375854,496,536,0.75,
2EQ16850,0000_모듈러카바_8,8,0.469439834356308,272,552,0.6,
2EQ16850,3780_전원스위치_9,9,0.7510280013084412,782,202,0.6,
2EQ16850,V242_카바라이트_10,10,0.7842819690704346,482,136,0.6,
2EQ16850,V242_카바라이트_11,11,0.761099636554718,560,654,0.6,
2EQ16850,3779_압판스토퍼_12,12,0.5283284783363342,0,634,0.9,
2EQ16850,3779_압판스토퍼_14,14,0.7513206601142883,224,188,0.6,
2EQ16851,C551_토너라벨_1,1,0.39570578932762146,484,306,0.6,
2EQ16851,B793_Canon각인_2,2,0.5397361516952515,32,362,1.05,
2EQ16851,6416_2206N명판_3,3,0.5338584184646606,226,436,1.2,
2EQ16851,3102_현상가압라벨_4,4,0.6494341492652893,662,252,0.6,
2EQ16851,3699_레버피스_4,4,0.5663033723831177,716,368,0.6,
2EQ16851,1525_▲▲▲라벨_5,5,0.9273666739463806,684,16,0.6,
2EQ16851,2917_코마_6,6,0.8384333848953247,938,402,0.6,
2EQ16851,1525_▲▲▲라벨_7,7,0.5274907350540161,932,626,0.6,
2EQ16851,0000_모듈러카바_8,8,0.4761476516723633,254,516,0.6,
2EQ16851,3780_전원스위치_9,9,0.7542616128921509,782,202,0.6,
2EQ16851,V242_카바라이트_10,10,0.7881779670715332,478,134,0.6,
2EQ16851,V242_카바라이트_11,11,0.7661788463592529,718,608,0.6,
2EQ16851,3779_압판스토퍼_12,12,0.6148117184638977,324,78,0.9,
2EQ16851,3779_압판스토퍼_14,14,0.7619637846946716,584,242,0.75,
2EQ16852,C551_토너라벨_1,1,0.32534295320510864,446,338,0.6,
2EQ16852,B793_Canon각인_2,2,0.5361271500587463,0,314,1.05,
2EQ16852,6416_2206N명판_3,3,0.43367812037467957,584,284,0.6,
2EQ16852,3102_현상가압라벨_4,4,0.7080928683280945,578,72,0.6,
2EQ16852,3699_레버피스_4,4,0.6198292970657349,556,76,0.6,
2EQ16852,1525_▲▲▲라벨_5,5,0.9145514369010925,358,450,0.75,
2EQ16852,2917_코마_6,6,0.8690353631973267,834,550,0.6,
2EQ16852,1525_▲▲▲라벨_7,7,0.5768985152244568,532,556,0.6,
2EQ16852,0000_모듈러카바_8,8,0.45363786816596985,314,470,0.6,
2EQ16852,3780_전원스위치_9,9,0.7545203566551208,782,202,0.6,
2EQ16852,V242_카바라이트_10,10,0.782600462436676,482,124,0.6,
2EQ16852,V242_카바라이트_11,11,0.7649670243263245,532,608,0.6,
2EQ16852,3779_압판스토퍼_12,12,0.579094648361206,814,52,0.9,
2EQ16852,3779_압판스토퍼_14,14,0.7632767558097839,66,408,0.6,
2EQ16853,C551_토너라벨_1,1,0.3162725567817688,518,440,0.6,
2EQ16853,B793_Canon각인_2,2,0.41704967617988586,2,248,1.05,
2EQ16853,6416_2206N명판_3,3,0.4552367031574249,258,310,1.2,
2EQ16853,3102_현상가압라벨_4,4,0.669765830039978,548,6,0.75,
2EQ16853,3699_레버피스_4,4,0.641547441482544,522,12,0.75,
2EQ16853,1525_▲▲▲라벨_5,5,0.9199039340019226,240,464,0.75,
2EQ16853,2917_코마_6,6,0.873569905757904,856,564,0.6,
2EQ16853,1525_▲▲▲라벨_7,7,0.5644030570983887,538,498,0.9,
2EQ16853,0000_모듈러카바_8,8,0.4882293939590454,264,542,0.6,
2EQ16853,3780_전원스위치_9,9,0.7547224760055542,782,202,0.6,
2EQ16853,V242_카바라이트_10,10,0.7880099415779114,718,142,0.6,
2EQ16853,V242_카바라이트_11,11,0.7538235783576965,562,638,0.6,
2EQ16853,3779_압판스토퍼_12,12,0.5721091628074646,216,534,0.9,
2EQ16853,3779_압판스토퍼_14,14,0.755497932434082,218,182,0.75,
2EQ16854,C551_토너라벨_1,1,0.32337895035743713,386,342,0.6,
2EQ16854,B793_Canon각인_2,2,0.5270328521728516,46,318,1.05,
2EQ16854,6416_2206N명판_3,3,0.5368039011955261,246,262,1.2,
2EQ16854,3102_현상가압라벨_4,4,0.6483121514320374,478,2,0.9,
2EQ16854,3699_레버피스_4,4,0.6437212228775024,148,28,0.75,
2EQ16854,1525_▲▲▲라벨_5,5,0.9274892807006836,158,480,0.6,
2EQ16854,2917_코마_6,6,0.853606104850769,798,574,0.6,
2EQ16854,1525_▲▲▲라벨_7,7,0.5918111801147461,506,558,0.75,
2EQ16854,0000_모듈러카바_8,8,0.5654572248458862,298,502,0.6,
2EQ16854,3780_전원스위치_9,9,0.7497150301933289,296,416,0.6,
2EQ16854,V242_카바라이트_10,10,0.775810718536377,428,590,0.6,
2EQ16854,V242_카바라이트_11,11,0.783223032951355,348,580,0.6,
2EQ16854,3779_압판스토퍼_12,12,0.5754083395004272,532,240,0.9,
2EQ16854,3779_압판스토퍼_14,14,0.7600844502449036,372,422,0.6,
2EQ16855,C551_토너라벨_1,1,0.4161965250968933,308,120,0.6,
2EQ16855,B793_Canon각인_2,2,0.5719022750854492,56,338,1.05,
2EQ16855,6416_2206N명판_3,3,0.5102369785308838,134,414,1.2,
2EQ16855,3102_현상가압라벨_4,4,0.6280999779701233,680,98,0.6,
2EQ16855,3699_레버피스_4,4,0.6003109812736511,660,100,0.6,
2EQ16855,1525_▲▲▲라벨_5,5,0.9292232394218445,156,236,0.6,
2EQ16855,2917_코마_6,6,0.8630126714706421,494,542,0.6,
2EQ16855,1525_▲▲▲라벨_7,7,0.561058759689331,284,534,0.6,
2EQ16855,0000_모듈러카바_8,8,0.5139351487159729,212,462,0.6,
2EQ16855,3780_전원스위치_9,9,0.7426984310150146,782,202,0.6,
2EQ16855,V242_카바라이트_10,10,0.7908239364624023,480,142,0.6,
2EQ16855,V242_카바라이트_11,11,0.7160637378692627,570,642,0.6,
2EQ16855,3779_압판스토퍼_12,12,0.6660328507423401,692,314,0.9,
2EQ16855,3779_압판스토퍼_14,14,0.7524038553237915,498,426,0.6,
2EQ16856,C551_토너라벨_1,1,0.3579391539096832,698,8,1.2,
2EQ16856,B793_Canon각인_2,2,0.5345091819763184,16,292,1.05,
2EQ16856,6416_2206N명판_3,3,0.45625418424606323,196,400,1.2,
2EQ16856,3102_현상가압라벨_4,4,0.6778940558433533,586,10,0.9,
2EQ16856,3699_레버피스_4,4,0.6596106886863708,230,18,0.9,
2EQ16856,1525_▲▲▲라벨_5,5,0.9278243184089661,200,464,0.6,
2EQ16856,2917_코마_6,6,0.8396590352058411,856,582,0.6,
2EQ16856,1525_▲▲▲라벨_7,7,0.5916024446487427,504,494,0.9,
2EQ16856,0000_모듈러카바_8,8,0.525928795337677,330,528,0.6,
2EQ16856,3780_전원스위치_9,9,0.7547059059143066,782,202,0.6,
2EQ16856,V242_카바라이트_10,10,0.7845488786697388,430,594,0.6,
2EQ16856,V242_카바라이트_11,11,0.7521871328353882,560,646,0.6,
2EQ16856,3779_압판스토퍼_12,12,0.5762990117073059,336,78,0.9,
2EQ16856,3779_압판스토퍼_14,14,0.7617732286453247,310,312,0.6,
2EQ16857,C551_토너라벨_1,1,0.39168277382850647,348,94,0.6,
2EQ16857,B793_Canon각인_2,2,0.5343862175941467,60,312,1.05,
2EQ16857,6416_2206N명판_3,3,0.47946634888648987,254,280,1.2,
2EQ16857,3102_현상가압라벨_4,4,0.6867879033088684,638,18,0.6,
2EQ16857,3699_레버피스_4,4,0.658052921295166,622,20,0.6,
2EQ16857,1525_▲▲▲라벨_5,5,0.9205693602561951,272,466,0.6,
2EQ16857,2917_코마_6,6,0.8448108434677124,876,532,0.6,
2EQ16857,1525_▲▲▲라벨_7,7,0.5638188123703003,522,540,0.6,
2EQ16857,0000_모듈러카바_8,8,0.4554620385169983,266,516,0.6,
2EQ16857,3780_전원스위치_9,9,0.7554824352264404,782,202,0.6,
2EQ16857,V242_카바라이트_10,10,0.7732858657836914,438,604,0.6,
2EQ16857,V242_카바라이트_11,11,0.7712212204933167,562,650,0.6,
2EQ16857,3779_압판스토퍼_12,12,0.5967320203781128,462,64,0.9,
2EQ16857,3779_압판스토퍼_14,14,0.7633123993873596,350,376,0.6,
2EQ16858,C551_토너라벨_1,1,0.34698450565338135,98,244,1.2,
2EQ16858,B793_Canon각인_2,2,0.527557909488678,74,300,1.05,
2EQ16858,6416_2206N명판_3,3,0.521979033946991,204,406,1.2,
2EQ16858,3102_현상가압라벨_4,4,0.5989972949028015,664,58,0.6,
2EQ16858,3699_레버피스_4,4,0.5674949288368225,372,502,1.2,
2EQ16858,1525_▲▲▲라벨_5,5,0.9154093861579895,278,376,0.6,
2EQ16858,2917_코마_6,6,0.8274749517440796,826,384,0.6,
2EQ16858,1525_▲▲▲라벨_7,7,0.5133785009384155,294,144,0.9,
2EQ16858,0000_모듈러카바_8,8,0.521880567073822,346,528,0.6,
2EQ16858,3780_전원스위치_9,9,0.7432433366775513,784,202,0.6,
2EQ16858,V242_카바라이트_10,10,0.7776201963424683,424,604,0.6,
2EQ16858,V242_카바라이트_11,11,0.7791022658348083,566,662,0.6,
2EQ16858,3779_압판스토퍼_12,12,0.6217946410179138,466,54,0.9,
2EQ16858,3779_압판스토퍼_14,14,0.7626925110816956,392,352,0.6,
2EQ16859,C551_토너라벨_1,1,0.31504470109939575,106,648,0.75,
2EQ16859,B793_Canon각인_2,2,0.3691911995410919,34,356,1.05,
2EQ16859,6416_2206N명판_3,3,0.44144579768180847,146,404,1.2,
2EQ16859,3102_현상가압라벨_4,4,0.6530857682228088,464,0,1.05,
2EQ16859,3699_레버피스_4,4,0.6370696425437927,582,40,0.6,
2EQ16859,1525_▲▲▲라벨_5,5,0.9206187725067139,214,462,0.6,
2EQ16859,2917_코마_6,6,0.8643041253089905,890,554,0.6,
2EQ16859,1525_▲▲▲라벨_7,7,0.6147641539573669,578,88,0.9,
2EQ16859,0000_모듈러카바_8,8,0.5697252154350281,274,518,0.6,
2EQ16859,3780_전원스위치_9,9,0.7497274279594421,784,202,0.6,
2EQ16859,V242_카바라이트_10,10,0.7724738717079163,452,608,0.6,
2EQ16859,V242_카바라이트_11,11,0.7416225075721741,572,622,0.6,
2EQ16859,3779_압판스토퍼_12,12,0.5286867022514343,80,602,0.9,
2EQ16859,3779_압판스토퍼_14,14,0.7664046287536621,356,348,0.6,
2EQ16860,C551_토너라벨_1,1,0.3357814848423004,578,344,0.6,
2EQ16860,B793_Canon각인_2,2,0.5414161682128906,22,310,1.05,
2EQ16860,6416_2206N명판_3,3,0.4090689420700073,708,652,0.6,
2EQ16860,3102_현상가압라벨_4,4,0.6027128100395203,538,36,0.6,
2EQ16860,3699_레버피스_4,4,0.576286792755127,188,22,0.6,
2EQ16860,1525_▲▲▲라벨_5,5,0.9277685880661011,796,226,0.75,
2EQ16860,2917_코마_6,6,0.8616401553153992,824,556,0.6,
2EQ16860,1525_▲▲▲라벨_7,7,0.5785713791847229,528,512,0.75,
2EQ16860,0000_모듈러카바_8,8,0.5668831467628479,286,510,0.6,
2EQ16860,3780_전원스위치_9,9,0.7562274932861328,784,202,0.6,
2EQ16860,V242_카바라이트_10,10,0.7809028029441833,438,598,0.6,
2EQ16860,V242_카바라이트_11,11,0.7847862243652344,562,660,0.6,
2EQ16860,3779_압판스토퍼_12,12,0.5729421377182007,470,208,0.9,
2EQ16860,3779_압판스토퍼_14,14,0.7562466263771057,650,74,0.6,
2EQ16861,C551_토너라벨_1,1,0.3539011478424072,574,470,0.6,
2EQ16861,B793_Canon각인_2,2,0.5323640704154968,26,348,1.05,
2EQ16861,6416_2206N명판_3,3,0.4011153280735016,730,664,0.6,
2EQ16861,3102_현상가압라벨_4,4,0.6072778701782227,330,50,0.6,
2EQ16861,3699_레버피스_4,4,0.578671395778656,360,500,1.2,
2EQ16861,1525_▲▲▲라벨_5,5,0.9059464931488037,320,416,0.6,
2EQ16861,2917_코마_6,6,0.8310559988021851,246,666,0.6,
2EQ16861,1525_▲▲▲라벨_7,7,0.5364854335784912,538,126,0.9,
2EQ16861,0000_모듈러카바_8,8,0.5107506513595581,182,384,0.6,
2EQ16861,3780_전원스위치_9,9,0.7459349632263184,310,494,0.6,
2EQ16861,V242_카바라이트_10,10,0.7879480123519897,482,132,0.6,
2EQ16861,V242_카바라이트_11,11,0.7524214386940002,718,144,0.6,
2EQ16861,3779_압판스토퍼_12,12,0.5687868595123291,518,300,0.9,
2EQ16861,3779_압판스토퍼_14,14,0.7562521696090698,576,276,0.6,
2EQ16862,C551_토너라벨_1,1,0.32973712682724,534,352,0.6,
2EQ16862,B793_Canon각인_2,2,0.5283835530281067,46,348,1.05,
2EQ16862,6416_2206N명판_3,3,0.4029989540576935,710,650,0.6,
2EQ16862,3102_현상가압라벨_4,4,0.6703945994377136,648,8,0.6,
2EQ16862,3699_레버피스_4,4,0.6617262959480286,654,10,0.6,
2EQ16862,1525_▲▲▲라벨_5,5,0.9158529043197632,256,476,0.6,
2EQ16862,2917_코마_6,6,0.8569561243057251,690,136,0.6,
2EQ16862,1525_▲▲▲라벨_7,7,0.5714756846427917,492,562,0.75,
2EQ16862,0000_모듈러카바_8,8,0.4682512581348419,726,526,0.6,
2EQ16862,3780_전원스위치_9,9,0.7533072829246521,782,202,0.6,
2EQ16862,V242_카바라이트_10,10,0.7776167988777161,478,138,0.6,
2EQ16862,V242_카바라이트_11,11,0.7736878991127014,724,614,0.6,
2EQ16862,3779_압판스토퍼_12,12,0.5943016409873962,274,154,0.9,
2EQ16862,3779_압판스토퍼_14,14,0.7540017366409302,926,244,0.6,
2EQ16863,C551_토너라벨_1,1,0.30421173572540283,560,346,0.6,
2EQ16863,B793_Canon각인_2,2,0.4943152666091919,34,284,1.05,
2EQ16863,6416_2206N명판_3,3,0.449086457490921,580,288,0.6,
2EQ16863,3102_현상가압라벨_4,4,0.683535635471344,552,78,0.6,
2EQ16863,3699_레버피스_4,4,0.610872745513916,198,78,0.75,
2EQ16863,1525_▲▲▲라벨_5,5,0.9271956086158752,808,230,0.6,
2EQ16863,2917_코마_6,6,0.8685848116874695,798,556,0.6,
2EQ16863,1525_▲▲▲라벨_7,7,0.5800071358680725,498,552,0.6,
2EQ16863,0000_모듈러카바_8,8,0.49460816383361816,308,518,0.6,
2EQ16863,3780_전원스위치_9,9,0.7504168152809143,782,202,0.6,
2EQ16863,V242_카바라이트_10,10,0.7762929797172546,470,162,0.6,
2EQ16863,V242_카바라이트_11,11,0.7647884488105774,562,656,0.6,
2EQ16863,3779_압판스토퍼_12,12,0.5799475312232971,320,166,0.9,
2EQ16863,3779_압판스토퍼_14,14,0.775642454624176,346,388,0.6,
2EQ16864,C551_토너라벨_1,1,0.3166569173336029,554,344,0.6,
2EQ16864,B793_Canon각인_2,2,0.5525209903717041,20,316,1.05,
2EQ16864,6416_2206N명판_3,3,0.5303320288658142,220,344,1.2,
2EQ16864,3102_현상가압라벨_4,4,0.5794095396995544,640,636,0.6,
2EQ16864,3699_레버피스_4,4,0.5649273991584778,322,122,0.6,
2EQ16864,1525_▲▲▲라벨_5,5,0.9221509695053101,800,228,0.6,
2EQ16864,2917_코마_6,6,0.858312726020813,698,194,0.6,
2EQ16864,1525_▲▲▲라벨_7,7,0.5968061089515686,508,576,0.6,
2EQ16864,0000_모듈러카바_8,8,0.5269594192504883,316,502,0.6,
2EQ16864,3780_전원스위치_9,9,0.7526589035987854,784,202,0.6,
2EQ16864,V242_카바라이트_10,10,0.7820690870285034,484,142,0.6,
2EQ16864,V242_카바라이트_11,11,0.7753162384033203,720,146,0.6,
2EQ16864,3779_압판스토퍼_12,12,0.6080005168914795,406,74,0.9,
2EQ16864,3779_압판스토퍼_14,14,0.73394775390625,642,198,0.6,
2EQ16865,C551_토너라벨_1,1,0.3675418198108673,98,244,1.05,
2EQ16865,B793_Canon각인_2,2,0.5471689105033875,62,266,1.05,
2EQ16865,6416_2206N명판_3,3,0.40485966205596924,728,664,0.6,
2EQ16865,3102_현상가압라벨_4,4,0.6340352892875671,654,0,0.6,
2EQ16865,3699_레버피스_4,4,0.5456854104995728,876,32,0.6,
2EQ16865,1525_▲▲▲라벨_5,5,0.9281272292137146,796,232,0.6,
2EQ16865,2917_코마_6,6,0.8582926988601685,510,558,0.6,
2EQ16865,1525_▲▲▲라벨_7,7,0.6158804297447205,604,506,0.6,
2EQ16865,0000_모듈러카바_8,8,0.5966537594795227,326,548,0.6,
2EQ16865,3780_전원스위치_9,9,0.7632661461830139,268,462,0.6,
2EQ16865,V242_카바라이트_10,10,0.7801188230514526,492,126,0.6,
2EQ16865,V242_카바라이트_11,11,0.7819145917892456,720,618,0.6,
2EQ16865,3779_압판스토퍼_12,12,0.6277720332145691,232,48,0.9,
2EQ16865,3779_압판스토퍼_14,14,0.7504761815071106,604,250,0.6,
2EQ16866,C551_토너라벨_1,1,0.3368670642375946,512,494,0.6,
2EQ16866,B793_Canon각인_2,2,0.5479800701141357,4,310,1.05,
2EQ16866,6416_2206N명판_3,3,0.40809744596481323,708,652,0.6,
2EQ16866,3102_현상가압라벨_4,4,0.6447805166244507,550,6,0.6,
2EQ16866,3699_레버피스_4,4,0.6364274621009827,166,44,0.6,
2EQ16866,1525_▲▲▲라벨_5,5,0.9153602123260498,794,230,0.6,
2EQ16866,2917_코마_6,6,0.8400013446807861,206,592,0.6,
2EQ16866,1525_▲▲▲라벨_7,7,0.5787957310676575,518,524,0.75,
2EQ16866,0000_모듈러카바_8,8,0.44633135199546814,242,496,0.6,
2EQ16866,3780_전원스위치_9,9,0.7538369297981262,782,202,0.6,
2EQ16866,V242_카바라이트_10,10,0.7704930901527405,434,608,0.6,
2EQ16866,V242_카바라이트_11,11,0.7575759291648865,548,618,0.6,
2EQ16866,3779_압판스토퍼_12,12,0.5972227454185486,486,82,0.9,
2EQ16866,3779_압판스토퍼_14,14,0.7416577339172363,218,184,0.75,
2EQ16867,C551_토너라벨_1,1,0.36045414209365845,542,328,0.6,
2EQ16867,B793_Canon각인_2,2,0.5464596748352051,32,268,1.05,
2EQ16867,6416_2206N명판_3,3,0.4284294545650482,600,320,0.6,
2EQ16867,3102_현상가압라벨_4,4,0.605151355266571,584,62,0.6,
2EQ16867,3699_레버피스_4,4,0.5876702666282654,182,34,0.6,
2EQ16867,1525_▲▲▲라벨_5,5,0.9311769604682922,332,436,0.75,
2EQ16867,2917_코마_6,6,0.854590117931366,706,310,0.6,
2EQ16867,1525_▲▲▲라벨_7,7,0.5857366919517517,542,482,0.75,
2EQ16867,0000_모듈러카바_8,8,0.5055586695671082,292,448,0.6,
2EQ16867,3780_전원스위치_9,9,0.7538704872131348,782,202,0.6,
2EQ16867,V242_카바라이트_10,10,0.7710847854614258,480,136,0.6,
2EQ16867,V242_카바라이트_11,11,0.7787108421325684,514,628,0.6,
2EQ16867,3779_압판스토퍼_12,12,0.5827572345733643,756,104,0.9,
2EQ16867,3779_압판스토퍼_14,14,0.7580617070198059,152,490,0.6,
2EQ16868,C551_토너라벨_1,1,0.32805705070495605,454,364,0.6,
2EQ16868,B793_Canon각인_2,2,0.36312776803970337,468,570,0.6,
2EQ16868,6416_2206N명판_3,3,0.4299788773059845,176,354,1.2,
2EQ16868,3102_현상가압라벨_4,4,0.6635095477104187,538,0,0.6,
2EQ16868,3699_레버피스_4,4,0.634102463722229,538,2,0.6,
2EQ16868,1525_▲▲▲라벨_5,5,0.9180012941360474,226,464,0.6,
2EQ16868,2917_코마_6,6,0.8770124316215515,828,562,0.6,
2EQ16868,1525_▲▲▲라벨_7,7,0.5287433862686157,404,606,0.6,
2EQ16868,0000_모듈러카바_8,8,0.47638630867004395,326,466,0.6,
2EQ16868,3780_전원스위치_9,9,0.7541667819023132,784,204,0.6,
2EQ16868,V242_카바라이트_10,10,0.7824804186820984,430,594,0.6,
2EQ16868,V242_카바라이트_11,11,0.7646512389183044,720,144,0.6,
2EQ16868,3779_압판스토퍼_12,12,0.5308154821395874,348,14,0.9,
2EQ16868,3779_압판스토퍼_14,14,0.7562724947929382,922,328,0.6,
2EQ16869,C551_토너라벨_1,1,0.3248833119869232,486,310,0.6,
2EQ16869,B793_Canon각인_2,2,0.4445725977420807,34,342,1.05,
2EQ16869,6416_2206N명판_3,3,0.42709386348724365,536,310,0.6,
2EQ16869,3102_현상가압라벨_4,4,0.6155208349227905,790,358,0.6,
2EQ16869,3699_레버피스_4,4,0.6490786671638489,528,6,0.6,
2EQ16869,1525_▲▲▲라벨_5,5,0.9242926239967346,800,230,0.6,
2EQ16869,2917_코마_6,6,0.8520541191101074,926,568,0.6,
2EQ16869,1525_▲▲▲라벨_7,7,0.5700874924659729,546,578,0.75,
2EQ16869,0000_모듈러카바_8,8,0.42690128087997437,240,510,0.6,
2EQ16869,3780_전원스위치_9,9,0.7526969909667969,784,202,0.6,
2EQ16869,V242_카바라이트_10,10,0.7773991227149963,484,130,0.6,
2EQ16869,V242_카바라이트_11,11,0.7775436639785767,564,648,0.6,
2EQ16869,3779_압판스토퍼_12,12,0.5434178709983826,344,40,0.9,
2EQ16869,3779_압판스토퍼_14,14,0.7540259957313538,340,400,0.6,
2EQ16870,C551_토너라벨_1,1,0.3280598223209381,430,346,0.6,
2EQ16870,B793_Canon각인_2,2,0.3900757133960724,70,414,1.05,
2EQ16870,6416_2206N명판_3,3,0.41012290120124817,710,652,0.6,
2EQ16870,3102_현상가압라벨_4,4,0.6402024030685425,488,190,0.6,
2EQ16870,3699_레버피스_4,4,0.6859186887741089,492,194,0.6,
2EQ16870,1525_▲▲▲라벨_5,5,0.9249618649482727,154,232,0.6,
2EQ16870,2917_코마_6,6,0.8683678507804871,900,558,0.6,
2EQ16870,1525_▲▲▲라벨_7,7,0.5249494314193726,440,536,0.6,
2EQ16870,0000_모듈러카바_8,8,0.4487033188343048,254,496,0.6,
2EQ16870,3780_전원스위치_9,9,0.7549614310264587,782,202,0.6,
2EQ16870,V242_카바라이트_10,10,0.7756014466285706,436,600,0.6,
2EQ16870,V242_카바라이트_11,11,0.7703204154968262,564,646,0.6,
2EQ16870,3779_압판스토퍼_12,12,0.579281210899353,344,174,0.9,
2EQ16870,3779_압판스토퍼_14,14,0.7378871440887451,944,354,0.6,
2EQ16871,C551_토너라벨_1,1,0.3603993058204651,480,398,0.6,
2EQ16871,B793_Canon각인_2,2,0.5358157157897949,40,356,1.05,
2EQ16871,6416_2206N명판_3,3,0.5245527029037476,196,418,1.2,
2EQ16871,3102_현상가압라벨_4,4,0.5953280329704285,708,318,0.6,
2EQ16871,3699_레버피스_4,4,0.6298456192016602,490,574,0.6,
2EQ16871,1525_▲▲▲라벨_5,5,0.9295063614845276,76,586,0.6,
2EQ16871,2917_코마_6,6,0.834865152835846,212,578,0.6,
2EQ16871,1525_▲▲▲라벨_7,7,0.587512195110321,260,632,0.75,
2EQ16871,0000_모듈러카바_8,8,0.523147463798523,170,482,0.6,
2EQ16871,3780_전원스위치_9,9,0.7527468800544739,782,202,0.6,
2EQ16871,V242_카바라이트_10,10,0.8079694509506226,516,178,0.6,
2EQ16871,V242_카바라이트_11,11,0.7587915658950806,564,660,0.6,
2EQ16871,3779_압판스토퍼_12,12,0.6352459192276001,350,304,0.9,
2EQ16871,3779_압판스토퍼_14,14,0.7199997901916504,838,320,0.6,
2EQ16872,C551_토너라벨_1,1,0.3965683579444885,594,276,0.6,
2EQ16872,B793_Canon각인_2,2,0.5271808505058289,42,342,1.05,
2EQ16872,6416_2206N명판_3,3,0.4546167552471161,98,370,1.2,
2EQ16872,3102_현상가압라벨_4,4,0.6123905181884766,518,76,0.6,
2EQ16872,3699_레버피스_4,4,0.6252595782279968,462,4,0.6,
2EQ16872,1525_▲▲▲라벨_5,5,0.9249133467674255,226,474,0.6,
2EQ16872,2917_코마_6,6,0.8730756044387817,638,334,0.6,
2EQ16872,1525_▲▲▲라벨_7,7,0.6012988090515137,458,594,0.75,
2EQ16872,0000_모듈러카바_8,8,0.4690132737159729,686,584,0.6,
2EQ16872,3780_전원스위치_9,9,0.7490422129631042,784,202,0.6,
2EQ16872,V242_카바라이트_10,10,0.7887333631515503,474,142,0.6,
2EQ16872,V242_카바라이트_11,11,0.7288951277732849,716,508,0.6,
2EQ16872,3779_압판스토퍼_12,12,0.5790154337882996,198,482,0.9,
2EQ16872,3779_압판스토퍼_14,14,0.733040452003479,462,460,0.6,
2EQ16873,C551_토너라벨_1,1,0.36659857630729675,498,358,0.6,
2EQ16873,B793_Canon각인_2,2,0.4859848618507385,94,338,1.05,
2EQ16873,6416_2206N명판_3,3,0.42718803882598877,548,284,0.6,
2EQ16873,3102_현상가압라벨_4,4,0.626495361328125,528,4,0.6,
2EQ16873,3699_레버피스_4,4,0.6113253235816956,634,60,0.6,
2EQ16873,1525_▲▲▲라벨_5,5,0.9279206991195679,210,480,0.6,
2EQ16873,2917_코마_6,6,0.8654863238334656,852,550,0.6,
2EQ16873,1525_▲▲▲라벨_7,7,0.5937691330909729,552,512,0.9,
2EQ16873,0000_모듈러카바_8,8,0.47251904010772705,322,542,0.6,
2EQ16873,3780_전원스위치_9,9,0.7637407779693604,296,480,0.6,
2EQ16873,V242_카바라이트_10,10,0.7838466763496399,500,142,0.6,
2EQ16873,V242_카바라이트_11,11,0.7831931114196777,726,614,0.6,
2EQ16873,3779_압판스토퍼_12,12,0.5924152135848999,482,204,0.9,
2EQ16873,3779_압판스토퍼_14,14,0.743461012840271,210,170,0.6,
2EQ16874,C551_토너라벨_1,1,0.3436296284198761,538,180,0.6,
2EQ16874,B793_Canon각인_2,2,0.44460463523864746,32,332,1.05,
2EQ16874,6416_2206N명판_3,3,0.5467965602874756,110,306,1.2,
2EQ16874,3102_현상가압라벨_4,4,0.6186815500259399,616,60,0.6,
2EQ16874,3699_레버피스_4,4,0.6070331335067749,788,32,0.6,
2EQ16874,1525_▲▲▲라벨_5,5,0.9212318062782288,196,470,0.6,
2EQ16874,2917_코마_6,6,0.8686887621879578,694,154,0.6,
2EQ16874,1525_▲▲▲라벨_7,7,0.6022610664367676,496,530,0.6,
2EQ16874,0000_모듈러카바_8,8,0.5423822999000549,220,496,0.6,
2EQ16874,3780_전원스위치_9,9,0.7588719129562378,274,470,0.6,
2EQ16874,V242_카바라이트_10,10,0.79681795835495,496,136,0.6,
2EQ16874,V242_카바라이트_11,11,0.734481155872345,496,644,0.6,
2EQ16874,3779_압판스토퍼_12,12,0.5186963677406311,80,386,0.9,
2EQ16874,3779_압판스토퍼_14,14,0.7479422688484192,160,574,0.6,
2EQ16875,C551_토너라벨_1,1,0.3394472301006317,560,414,0.6,
2EQ16875,B793_Canon각인_2,2,0.4938177168369293,0,426,1.05,
2EQ16875,6416_2206N명판_3,3,0.4608875811100006,126,448,1.2,
2EQ16875,3102_현상가압라벨_4,4,0.6280288696289062,648,0,0.6,
2EQ16875,3699_레버피스_4,4,0.5350062251091003,868,36,0.6,
2EQ16875,1525_▲▲▲라벨_5,5,0.9246476292610168,214,422,0.6,
2EQ16875,2917_코마_6,6,0.8521350622177124,700,380,0.6,
2EQ16875,1525_▲▲▲라벨_7,7,0.541362464427948,698,218,0.9,
2EQ16875,0000_모듈러카바_8,8,0.5302473306655884,230,382,0.6,
2EQ16875,3780_전원스위치_9,9,0.7604911923408508,784,202,0.6,
2EQ16875,V242_카바라이트_10,10,0.7837268710136414,422,628,0.6,
2EQ16875,V242_카바라이트_11,11,0.7363806366920471,568,648,0.6,
2EQ16875,3779_압판스토퍼_12,12,0.672607421875,684,414,0.75,
2EQ16875,3779_압판스토퍼_14,14,0.7215820550918579,436,366,0.6,
2EQ16876,C551_토너라벨_1,1,0.31951892375946045,512,516,0.6,
2EQ16876,B793_Canon각인_2,2,0.4484332501888275,40,320,1.05,
2EQ16876,6416_2206N명판_3,3,0.4189518988132477,186,350,1.2,
2EQ16876,3102_현상가압라벨_4,4,0.6717886328697205,532,6,1.05,
2EQ16876,3699_레버피스_4,4,0.6465585827827454,162,30,0.75,
2EQ16876,1525_▲▲▲라벨_5,5,0.9278202056884766,804,230,0.6,
2EQ16876,2917_코마_6,6,0.8672175407409668,936,578,0.6,
2EQ16876,1525_▲▲▲라벨_7,7,0.612872838973999,682,704,0.9,
2EQ16876,0000_모듈러카바_8,8,0.4896042048931122,314,516,0.6,
2EQ16876,3780_전원스위치_9,9,0.7560456395149231,782,202,0.6,
2EQ16876,V242_카바라이트_10,10,0.7835173010826111,428,604,0.6,
2EQ16876,V242_카바라이트_11,11,0.7700935006141663,508,634,0.6,
2EQ16876,3779_압판스토퍼_12,12,0.5794885754585266,178,476,0.9,
2EQ16876,3779_압판스토퍼_14,14,0.7518829703330994,488,356,0.6,
2EQ16877,C551_토너라벨_1,1,0.3557463586330414,556,180,0.6,
2EQ16877,B793_Canon각인_2,2,0.5375096201896667,32,322,1.05,
2EQ16877,6416_2206N명판_3,3,0.4732280671596527,134,376,1.2,
2EQ16877,3102_현상가압라벨_4,4,0.5940412878990173,646,344,0.6,
2EQ16877,3699_레버피스_4,4,0.5900246500968933,312,178,0.6,
2EQ16877,1525_▲▲▲라벨_5,5,0.9284995794296265,796,226,0.75,
2EQ16877,2917_코마_6,6,0.8554491996765137,900,568,0.6,
2EQ16877,1525_▲▲▲라벨_7,7,0.5618447661399841,616,518,0.9,
2EQ16877,0000_모듈러카바_8,8,0.44212397933006287,374,536,0.6,
2EQ16877,3780_전원스위치_9,9,0.7388662099838257,782,204,0.6,
2EQ16877,V242_카바라이트_10,10,0.7668846845626831,478,134,0.6,
2EQ16877,V242_카바라이트_11,11,0.7860694527626038,572,654,0.6,
2EQ16877,3779_압판스토퍼_12,12,0.5970031023025513,314,194,0.9,
2EQ16877,3779_압판스토퍼_14,14,0.7446964383125305,222,184,0.75,
2EQ16878,C551_토너라벨_1,1,0.3892132341861725,574,308,0.6,
2EQ16878,B793_Canon각인_2,2,0.4846881330013275,42,304,1.05,
2EQ16878,6416_2206N명판_3,3,0.4931313693523407,224,304,1.2,
2EQ16878,3102_현상가압라벨_4,4,0.5826209783554077,110,702,0.6,
2EQ16878,3699_레버피스_4,4,0.5583546161651611,232,592,0.6,
2EQ16878,1525_▲▲▲라벨_5,5,0.916477382183075,794,226,0.75,
2EQ16878,2917_코마_6,6,0.8713722229003906,850,566,0.6,
2EQ16878,1525_▲▲▲라벨_7,7,0.5480360388755798,488,566,0.75,
2EQ16878,0000_모듈러카바_8,8,0.43630677461624146,250,514,0.6,
2EQ16878,3780_전원스위치_9,9,0.7512291669845581,784,202,0.6,
2EQ16878,V242_카바라이트_10,10,0.7767333388328552,480,140,0.6,
2EQ16878,V242_카바라이트_11,11,0.7899975180625916,506,644,0.6,
2EQ16878,3779_압판스토퍼_12,12,0.5903811454772949,450,192,0.9,
2EQ16878,3779_압판스토퍼_14,14,0.746002733707428,492,366,0.6,
2EQ16879,C551_토너라벨_1,1,0.35827142000198364,494,302,0.6,
2EQ16879,B793_Canon각인_2,2,0.5462124943733215,38,228,1.05,
2EQ16879,6416_2206N명판_3,3,0.46329784393310547,290,304,1.2,
2EQ16879,3102_현상가압라벨_4,4,0.6244035959243774,186,0,1.05,
2EQ16879,3699_레버피스_4,4,0.6676385402679443,462,26,0.6,
2EQ16879,1525_▲▲▲라벨_5,5,0.9170029759407043,806,230,0.6,
2EQ16879,2917_코마_6,6,0.8576293587684631,652,170,0.6,
2EQ16879,1525_▲▲▲라벨_7,7,0.644120454788208,516,564,0.9,
2EQ16879,0000_모듈러카바_8,8,0.4485546052455902,320,568,0.6,
2EQ16879,3780_전원스위치_9,9,0.7535560727119446,782,202,0.6,
2EQ16879,V242_카바라이트_10,10,0.7668797969818115,478,132,0.6,
2EQ16879,V242_카바라이트_11,11,0.748786449432373,562,640,0.6,
2EQ16879,3779_압판스토퍼_12,12,0.5970577001571655,528,190,0.9,
2EQ16879,3779_압판스토퍼_14,14,0.7672814130783081,312,304,0.6,
2EQ16880,C551_토너라벨_1,1,0.3115604817867279,584,442,0.6,
2EQ16880,B793_Canon각인_2,2,0.5596169233322144,58,332,1.05,
2EQ16880,6416_2206N명판_3,3,0.4395797848701477,394,384,1.2,
2EQ16880,3102_현상가압라벨_4,4,0.6280501484870911,502,176,0.9,
2EQ16880,3699_레버피스_4,4,0.6441410779953003,524,206,0.6,
2EQ16880,1525_▲▲▲라벨_5,5,0.9229273200035095,800,232,0.6,
2EQ16880,2917_코마_6,6,0.8579831123352051,26,598,0.6,
2EQ16880,1525_▲▲▲라벨_7,7,0.5998560786247253,320,570,0.9,
2EQ16880,0000_모듈러카바_8,8,0.49868881702423096,340,520,0.6,
2EQ16880,3780_전원스위치_9,9,0.7516754865646362,782,202,0.6,
2EQ16880,V242_카바라이트_10,10,0.7775672078132629,444,594,0.6,
2EQ16880,V242_카바라이트_11,11,0.7778411507606506,552,656,0.6,
2EQ16880,3779_압판스토퍼_12,12,0.5567153692245483,100,602,0.9,
2EQ16880,3779_압판스토퍼_14,14,0.7417882680892944,222,188,0.6,
2EQ16881,C551_토너라벨_1,1,0.31300678849220276,146,228,0.6,
2EQ16881,B793_Canon각인_2,2,0.4974498152732849,0,332,1.05,
2EQ16881,6416_2206N명판_3,3,0.5164505243301392,224,368,1.2,
2EQ16881,3102_현상가압라벨_4,4,0.6486220359802246,546,52,0.6,
2EQ16881,3699_레버피스_4,4,0.647131621837616,712,60,0.6,
2EQ16881,1525_▲▲▲라벨_5,5,0.9209299683570862,796,228,0.75,
2EQ16881,2917_코마_6,6,0.8658623099327087,900,584,0.6,
2EQ16881,1525_▲▲▲라벨_7,7,0.5623550415039062,486,574,0.75,
2EQ16881,0000_모듈러카바_8,8,0.5788372159004211,300,524,0.6,
2EQ16881,3780_전원스위치_9,9,0.7539592981338501,782,202,0.6,
2EQ16881,V242_카바라이트_10,10,0.7841370701789856,490,130,0.6,
2EQ16881,V242_카바라이트_11,11,0.767882227897644,524,614,0.6,
2EQ16881,3779_압판스토퍼_12,12,0.631761372089386,808,204,0.6,
2EQ16881,3779_압판스토퍼_14,14,0.7590702772140503,228,184,0.75,
2EQ16882,C551_토너라벨_1,1,0.3826634883880615,542,424,0.6,
2EQ16882,B793_Canon각인_2,2,0.5709940195083618,70,290,1.05,
2EQ16882,6416_2206N명판_3,3,0.43691524863243103,116,320,1.2,
2EQ16882,3102_현상가압라벨_4,4,0.613301157951355,636,8,0.6,
2EQ16882,3699_레버피스_4,4,0.6806371808052063,636,12,0.6,
2EQ16882,1525_▲▲▲라벨_5,5,0.9238718748092651,796,228,0.6,
2EQ16882,2917_코마_6,6,0.8645402193069458,878,576,0.6,
2EQ16882,1525_▲▲▲라벨_7,7,0.547042965888977,556,540,0.75,
2EQ16882,0000_모듈러카바_8,8,0.4060015082359314,286,536,0.6,
2EQ16882,3780_전원스위치_9,9,0.7588714361190796,782,202,0.6,
2EQ16882,V242_카바라이트_10,10,0.7980847954750061,480,146,0.6,
2EQ16882,V242_카바라이트_11,11,0.7601144313812256,502,640,0.6,
2EQ16882,3779_압판스토퍼_12,12,0.5196602940559387,490,242,0.9,
2EQ16882,3779_압판스토퍼_14,14,0.7616379857063293,212,182,0.6,
2EQ16883,C551_토너라벨_1,1,0.3218613266944885,536,458,0.6,
2EQ16883,B793_Canon각인_2,2,0.4258743226528168,8,218,1.05,
2EQ16883,6416_2206N명판_3,3,0.4123966693878174,706,652,0.6,
2EQ16883,3102_현상가압라벨_4,4,0.6677459478378296,512,22,0.9,
2EQ16883,3699_레버피스_4,4,0.6307843923568726,164,52,0.6,
2EQ16883,1525_▲▲▲라벨_5,5,0.9229881763458252,192,466,0.75,
2EQ16883,2917_코마_6,6,0.8623504042625427,880,584,0.6,
2EQ16883,1525_▲▲▲라벨_7,7,0.5808507800102234,534,558,0.75,
2EQ16883,0000_모듈러카바_8,8,0.4461275041103363,262,540,0.6,
2EQ16883,3780_전원스위치_9,9,0.7544924020767212,782,202,0.6,
2EQ16883,V242_카바라이트_10,10,0.7793616056442261,440,606,0.6,
2EQ16883,V242_카바라이트_11,11,0.770552396774292,562,640,0.6,
2EQ16883,3779_압판스토퍼_12,12,0.5853516459465027,422,200,0.9,
2EQ16883,3779_압판스토퍼_14,14,0.7639080286026001,886,248,0.6,
2EQ16884,C551_토너라벨_1,1,0.3727749288082123,556,410,0.6,
2EQ16884,B793_Canon각인_2,2,0.6054863333702087,46,394,1.05,
2EQ16884,6416_2206N명판_3,3,0.4387325346469879,136,526,0.6,
2EQ16884,3102_현상가압라벨_4,4,0.6087272763252258,660,24,0.6,
2EQ16884,3699_레버피스_4,4,0.5782546401023865,356,482,1.05,
2EQ16884,1525_▲▲▲라벨_5,5,0.9300633668899536,170,424,0.75,
2EQ16884,2917_코마_6,6,0.8394890427589417,678,406,0.6,
2EQ16884,1525_▲▲▲라벨_7,7,0.589577317237854,632,512,0.6,
2EQ16884,0000_모듈러카바_8,8,0.45476776361465454,264,468,0.6,
2EQ16884,3780_전원스위치_9,9,0.7409671545028687,782,204,0.6,
2EQ16884,V242_카바라이트_10,10,0.788062334060669,386,176,0.6,
2EQ16884,V242_카바라이트_11,11,0.7332990765571594,562,658,0.6,
2EQ16884,3779_압판스토퍼_12,12,0.6996291279792786,790,348,0.9,
2EQ16884,3779_압판스토퍼_14,14,0.7356102466583252,428,678,0.6,
2EQ16885,C551_토너라벨_1,1,0.34327515959739685,550,536,0.6,
2EQ16885,B793_Canon각인_2,2,0.5370628237724304,98,412,1.05,
2EQ16885,6416_2206N명판_3,3,0.4656626582145691,298,308,1.2,
2EQ16885,3102_현상가압라벨_4,4,0.6495252847671509,696,72,0.6,
2EQ16885,3699_레버피스_4,4,0.6376652717590332,750,140,0.6,
2EQ16885,1525_▲▲▲라벨_5,5,0.9203726649284363,220,476,0.75,
2EQ16885,2917_코마_6,6,0.8579972982406616,818,542,0.6,
2EQ16885,1525_▲▲▲라벨_7,7,0.5748234391212463,364,54,0.9,
2EQ16885,0000_모듈러카바_8,8,0.5883607268333435,214,470,0.6,
2EQ16885,3780_전원스위치_9,9,0.7567389011383057,246,472,0.6,
2EQ16885,V242_카바라이트_10,10,0.7835605144500732,406,600,0.6,
2EQ16885,V242_카바라이트_11,11,0.7409435510635376,554,672,0.6,
2EQ16885,3779_압판스토퍼_12,12,0.5801957249641418,282,170,0.9,
2EQ16885,3779_압판스토퍼_14,14,0.7376426458358765,288,434,0.6,
2EQ16886,C551_토너라벨_1,1,0.3318963944911957,416,374,0.6,
2EQ16886,B793_Canon각인_2,2,0.42942458391189575,124,238,0.9,
2EQ16886,6416_2206N명판_3,3,0.44852766394615173,550,272,0.6,
2EQ16886,3102_현상가압라벨_4,4,0.6094756722450256,576,0,0.6,
2EQ16886,3699_레버피스_4,4,0.5916728377342224,636,58,0.6,
2EQ16886,1525_▲▲▲라벨_5,5,0.9271805286407471,796,226,0.75,
2EQ16886,2917_코마_6,6,0.8440946340560913,914,552,0.6,
2EQ16886,1525_▲▲▲라벨_7,7,0.5409879684448242,516,488,0.75,
2EQ16886,0000_모듈러카바_8,8,0.5405450463294983,312,538,0.6,
2EQ16886,3780_전원스위치_9,9,0.752220630645752,782,202,0.6,
2EQ16886,V242_카바라이트_10,10,0.7821956872940063,478,134,0.6,
2EQ16886,V242_카바라이트_11,11,0.780512273311615,528,652,0.6,
2EQ16886,3779_압판스토퍼_12,12,0.6145272850990295,176,494,0.9,
2EQ16886,3779_압판스토퍼_14,14,0.7374745607376099,712,4,0.6,
2EQ16887,C551_토너라벨_1,1,0.3852147161960602,366,20,0.6,
2EQ16887,B793_Canon각인_2,2,0.534148633480072,6,296,1.05,
2EQ16887,6416_2206N명판_3,3,0.4272323548793793,246,334,1.2,
2EQ16887,3102_현상가압라벨_4,4,0.6106969714164734,544,70,0.6,
2EQ16887,3699_레버피스_4,4,0.6071678400039673,468,2,0.6,
2EQ16887,1525_▲▲▲라벨_5,5,0.9220600128173828,216,462,0.6,
2EQ16887,2917_코마_6,6,0.8603217005729675,872,540,0.6,
2EQ16887,1525_▲▲▲라벨_7,7,0.531970202922821,550,540,0.6,
2EQ16887,0000_모듈러카바_8,8,0.4904494881629944,272,516,0.6,
2EQ16887,3780_전원스위치_9,9,0.7507805228233337,784,202,0.6,
2EQ16887,V242_카바라이트_10,10,0.778475821018219,432,600,0.6,
2EQ16887,V242_카바라이트_11,11,0.7607479691505432,506,632,0.6,
2EQ16887,3779_압판스토퍼_12,12,0.577186107635498,550,100,0.9,
2EQ16887,3779_압판스토퍼_14,14,0.7526636123657227,238,202,0.6,
2EQ16888,C551_토너라벨_1,1,0.308057576417923,146,228,0.6,
2EQ16888,B793_Canon각인_2,2,0.5243656039237976,14,310,1.05,
2EQ16888,6416_2206N명판_3,3,0.43199869990348816,524,276,0.6,
2EQ16888,3102_현상가압라벨_4,4,0.665407657623291,450,0,0.6,
2EQ16888,3699_레버피스_4,4,0.6689794063568115,486,0,0.6,
2EQ16888,1525_▲▲▲라벨_5,5,0.9251840710639954,812,230,0.6,
2EQ16888,2917_코마_6,6,0.8503947854042053,922,534,0.6,
2EQ16888,1525_▲▲▲라벨_7,7,0.5750125050544739,540,492,0.75,
2EQ16888,0000_모듈러카바_8,8,0.5674358010292053,290,508,0.6,
2EQ16888,3780_전원스위치_9,9,0.7557233572006226,782,202,0.6,
2EQ16888,V242_카바라이트_10,10,0.7787057757377625,430,594,0.6,
2EQ16888,V242_카바라이트_11,11,0.7489910125732422,722,524,0.6,
2EQ16888,3779_압판스토퍼_12,12,0.5787863731384277,308,168,0.9,
2EQ16888,3779_압판스토퍼_14,14,0.7513142228126526,220,176,0.75,
2EQ16889,C551_토너라벨_1,1,0.34197109937667847,500,350,0.6,
2EQ16889,B793_Canon각인_2,2,0.46273672580718994,8,318,1.05,
2EQ16889,6416_2206N명판_3,3,0.4057423174381256,710,652,0.6,
2EQ16889,3102_현상가압라벨_4,4,0.6295020580291748,538,2,0.9,
2EQ16889,3699_레버피스_4,4,0.6423554420471191,548,6,0.9,
2EQ16889,1525_▲▲▲라벨_5,5,0.9249677062034607,194,462,0.75,
2EQ16889,2917_코마_6,6,0.8632745742797852,792,574,0.6,
2EQ16889,1525_▲▲▲라벨_7,7,0.5654223561286926,492,554,1.05,
2EQ16889,0000_모듈러카바_8,8,0.4808815121650696,266,526,0.6,
2EQ16889,3780_전원스위치_9,9,0.753081738948822,782,202,0.6,
2EQ16889,V242_카바라이트_10,10,0.782739520072937,436,606,0.6,
2EQ16889,V242_카바라이트_11,11,0.7890878319740295,564,662,0.6,
2EQ16889,3779_압판스토퍼_12,12,0.562379002571106,226,524,0.9,
2EQ16889,3779_압판스토퍼_14,14,0.7509894967079163,360,302,0.6,
2EQ16890,C551_토너라벨_1,1,0.33727091550827026,534,456,0.6,
2EQ16890,B793_Canon각인_2,2,0.5985600352287292,82,382,1.05,
2EQ16890,6416_2206N명판_3,3,0.480219304561615,156,406,1.2,
2EQ16890,3102_현상가압라벨_4,4,0.6505621075630188,674,98,0.6,
2EQ16890,3699_레버피스_4,4,0.5784586071968079,768,56,0.6,
2EQ16890,1525_▲▲▲라벨_5,5,0.9322733283042908,50,586,0.6,
2EQ16890,2917_코마_6,6,0.8282896876335144,222,178,0.6,
2EQ16890,1525_▲▲▲라벨_7,7,0.5424096584320068,342,712,0.6,
2EQ16890,0000_모듈러카바_8,8,0.45266273617744446,182,456,0.6,
2EQ16890,3780_전원스위치_9,9,0.758034348487854,784,202,0.6,
2EQ16890,V242_카바라이트_10,10,0.7935014367103577,404,620,0.6,
2EQ16890,V242_카바라이트_11,11,0.7556945085525513,560,668,0.6,
2EQ16890,3779_압판스토퍼_12,12,0.6788856387138367,270,354,0.6,
2EQ16890,3779_압판스토퍼_14,14,0.7498031854629517,474,252,0.6,
2EQ16891,C551_토너라벨_1,1,0.35406944155693054,516,366,0.6,
2EQ16891,B793_Canon각인_2,2,0.36605104804039,12,352,1.05,
2EQ16891,6416_2206N명판_3,3,0.4431283473968506,312,404,1.2,
2EQ16891,3102_현상가압라벨_4,4,0.661593496799469,508,30,0.6,
2EQ16891,3699_레버피스_4,4,0.6013392210006714,296,266,0.6,
2EQ16891,1525_▲▲▲라벨_5,5,0.9246247410774231,800,230,0.6,
2EQ16891,2917_코마_6,6,0.8553041815757751,938,602,0.6,
2EQ16891,1525_▲▲▲라벨_7,7,0.5818195939064026,526,496,0.9,
2EQ16891,0000_모듈러카바_8,8,0.4831940233707428,330,534,0.6,
2EQ16891,3780_전원스위치_9,9,0.7530855536460876,784,202,0.6,
2EQ16891,V242_카바라이트_10,10,0.7994339466094971,482,134,0.6,
2EQ16891,V242_카바라이트_11,11,0.7597735524177551,564,664,0.6,
2EQ16891,3779_압판스토퍼_12,12,0.5567394495010376,868,10,0.9,
2EQ16891,3779_압판스토퍼_14,14,0.7739111185073853,344,376,0.6,
2EQ16892,C551_토너라벨_1,1,0.31153014302253723,578,326,0.6,
2EQ16892,B793_Canon각인_2,2,0.48185163736343384,60,288,1.05,
2EQ16892,6416_2206N명판_3,3,0.4138411581516266,554,300,0.75,
2EQ16892,3102_현상가압라벨_4,4,0.6278054714202881,498,0,0.6,
2EQ16892,3699_레버피스_4,4,0.6651536822319031,502,0,0.6,
2EQ16892,1525_▲▲▲라벨_5,5,0.9258806705474854,810,228,0.6,
2EQ16892,2917_코마_6,6,0.8823491334915161,900,560,0.6,
2EQ16892,1525_▲▲▲라벨_7,7,0.5770180821418762,506,472,0.9,
2EQ16892,0000_모듈러카바_8,8,0.43714460730552673,274,532,0.6,
2EQ16892,3780_전원스위치_9,9,0.7500092387199402,784,202,0.6,
2EQ16892,V242_카바라이트_10,10,0.7778298258781433,484,128,0.6,
2EQ16892,V242_카바라이트_11,11,0.774875283241272,504,630,0.6,
2EQ16892,3779_압판스토퍼_12,12,0.6105132699012756,408,38,0.9,
2EQ16892,3779_압판스토퍼_14,14,0.7649838328361511,380,374,0.6,
2EQ16893,C551_토너라벨_1,1,0.39884787797927856,538,434,0.6,
2EQ16893,B793_Canon각인_2,2,0.4695017635822296,28,260,1.05,
2EQ16893,6416_2206N명판_3,3,0.49474596977233887,186,408,1.2,
2EQ16893,3102_현상가압라벨_4,4,0.5972689390182495,710,320,0.6,
2EQ16893,3699_레버피스_4,4,0.6198208928108215,764,56,0.6,
2EQ16893,1525_▲▲▲라벨_5,5,0.9220630526542664,146,242,0.6,
2EQ16893,2917_코마_6,6,0.8437105417251587,302,562,0.6,
2EQ16893,1525_▲▲▲라벨_7,7,0.5659743547439575,732,218,0.6,
2EQ16893,0000_모듈러카바_8,8,0.5942075848579407,248,452,0.6,
2EQ16893,3780_전원스위치_9,9,0.7525752782821655,782,202,0.6,
2EQ16893,V242_카바라이트_10,10,0.7966855764389038,482,134,0.6,
2EQ16893,V242_카바라이트_11,11,0.7831891179084778,560,650,0.6,
2EQ16893,3779_압판스토퍼_12,12,0.5693078637123108,508,124,0.9,
2EQ16893,3779_압판스토퍼_14,14,0.755720317363739,576,308,0.6,
2EQ16894,C551_토너라벨_1,1,0.32990163564682007,552,266,0.6,
2EQ16894,B793_Canon각인_2,2,0.5619065761566162,46,346,1.05,
2EQ16894,6416_2206N명판_3,3,0.516683042049408,238,384,1.2,
2EQ16894,3102_현상가압라벨_4,4,0.6039524078369141,686,28,0.6,
2EQ16894,3699_레버피스_4,4,0.5982335805892944,168,30,0.6,
2EQ16894,1525_▲▲▲라벨_5,5,0.9182185530662537,228,452,0.75,
2EQ16894,2917_코마_6,6,0.8348754644393921,790,556,0.6,
2EQ16894,1525_▲▲▲라벨_7,7,0.581993043422699,560,544,0.9,
2EQ16894,0000_모듈러카바_8,8,0.40926921367645264,256,558,0.6,
2EQ16894,3780_전원스위치_9,9,0.7516225576400757,782,202,0.6,
2EQ16894,V242_카바라이트_10,10,0.7769568562507629,434,596,0.6,
2EQ16894,V242_카바라이트_11,11,0.7758042216300964,562,662,0.6,
2EQ16894,3779_압판스토퍼_12,12,0.5245254039764404,194,490,0.9,
2EQ16894,3779_압판스토퍼_14,14,0.7473614811897278,232,188,0.6,
2EQ16895,C551_토너라벨_1,1,0.3629399538040161,620,392,0.6,
2EQ16895,B793_Canon각인_2,2,0.49444904923439026,96,348,1.05,
2EQ16895,6416_2206N명판_3,3,0.5015900135040283,182,312,1.2,
2EQ16895,3102_현상가압라벨_4,4,0.6066994667053223,784,4,0.6,
2EQ16895,3699_레버피스_4,4,0.5870983004570007,304,204,0.6,
2EQ16895,1525_▲▲▲라벨_5,5,0.932441234588623,796,226,0.75,
2EQ16895,2917_코마_6,6,0.8478903770446777,710,558,0.6,
2EQ16895,1525_▲▲▲라벨_7,7,0.5827718377113342,522,528,0.9,
2EQ16895,0000_모듈러카바_8,8,0.5028055310249329,306,524,0.6,
2EQ16895,3780_전원스위치_9,9,0.7571601271629333,782,202,0.6,
2EQ16895,V242_카바라이트_10,10,0.7904090881347656,492,134,0.6,
2EQ16895,V242_카바라이트_11,11,0.7634832859039307,532,568,0.6,
2EQ16895,3779_압판스토퍼_12,12,0.6052731275558472,340,176,0.9,
2EQ16895,3779_압판스토퍼_14,14,0.7601824402809143,350,352,0.6,
2EQ16896,C551_토너라벨_1,1,0.3334449231624603,414,328,0.6,
2EQ16896,B793_Canon각인_2,2,0.5052399039268494,0,322,1.05,
2EQ16896,6416_2206N명판_3,3,0.4574863314628601,242,302,1.2,
2EQ16896,3102_현상가압라벨_4,4,0.6509310007095337,562,2,0.75,
2EQ16896,3699_레버피스_4,4,0.6420009732246399,172,30,0.75,
2EQ16896,1525_▲▲▲라벨_5,5,0.9279369115829468,796,230,0.6,
2EQ16896,2917_코마_6,6,0.8623570203781128,876,550,0.6,
2EQ16896,1525_▲▲▲라벨_7,7,0.5489596724510193,570,568,0.75,
2EQ16896,0000_모듈러카바_8,8,0.556770384311676,296,478,0.6,
2EQ16896,3780_전원스위치_9,9,0.7524989247322083,784,202,0.6,
2EQ16896,V242_카바라이트_10,10,0.7767396569252014,438,598,0.6,
2EQ16896,V242_카바라이트_11,11,0.8005456924438477,556,652,0.6,
2EQ16896,3779_압판스토퍼_12,12,0.4912678599357605,134,460,0.9,
2EQ16896,3779_압판스토퍼_14,14,0.7674803733825684,430,406,0.6,
2EQ16897,C551_토너라벨_1,1,0.39976805448532104,556,276,0.6,
2EQ16897,B793_Canon각인_2,2,0.49981802701950073,16,374,1.05,
2EQ16897,6416_2206N명판_3,3,0.4654749631881714,284,374,1.2,
2EQ16897,3102_현상가압라벨_4,4,0.634124755859375,644,4,0.6,
2EQ16897,3699_레버피스_4,4,0.6751444935798645,650,8,0.6,
2EQ16897,1525_▲▲▲라벨_5,5,0.9275068044662476,808,228,0.6,
2EQ16897,2917_코마_6,6,0.8482542634010315,886,534,0.6,
2EQ16897,1525_▲▲▲라벨_7,7,0.5864785313606262,602,496,0.75,
2EQ16897,0000_모듈러카바_8,8,0.5621803402900696,292,458,0.6,
2EQ16897,3780_전원스위치_9,9,0.7567505240440369,300,460,0.6,
2EQ16897,V242_카바라이트_10,10,0.7782217860221863,438,588,0.6,
2EQ16897,V242_카바라이트_11,11,0.8116681575775146,532,654,0.6,
2EQ16897,3779_압판스토퍼_12,12,0.6158339977264404,434,46,0.9,
2EQ16897,3779_압판스토퍼_14,14,0.7090818881988525,210,174,0.6,
2EQ16898,C551_토너라벨_1,1,0.3088279962539673,146,228,0.6,
2EQ16898,B793_Canon각인_2,2,0.5353386402130127,16,330,1.05,
2EQ16898,6416_2206N명판_3,3,0.41354304552078247,574,300,0.6,
2EQ16898,3102_현상가압라벨_4,4,0.6369433403015137,516,6,0.75,
2EQ16898,3699_레버피스_4,4,0.6327264904975891,520,24,0.6,
2EQ16898,1525_▲▲▲라벨_5,5,0.9217849969863892,138,226,0.75,
2EQ16898,2917_코마_6,6,0.8402443528175354,16,388,0.6,
2EQ16898,1525_▲▲▲라벨_7,7,0.5508391857147217,490,534,0.75,
2EQ16898,0000_모듈러카바_8,8,0.4903343915939331,298,516,0.6,
2EQ16898,3780_전원스위치_9,9,0.749163031578064,314,472,0.6,
2EQ16898,V242_카바라이트_10,10,0.7632232904434204,478,132,0.6,
2EQ16898,V242_카바라이트_11,11,0.739016592502594,500,664,0.6,
2EQ16898,3779_압판스토퍼_12,12,0.5570076704025269,530,50,0.9,
2EQ16898,3779_압판스토퍼_14,14,0.7527087330818176,350,326,0.6,
2EQ16899,C551_토너라벨_1,1,0.34045174717903137,460,292,0.6,
2EQ16899,B793_Canon각인_2,2,0.5245001316070557,8,408,1.05,
2EQ16899,6416_2206N명판_3,3,0.42400896549224854,192,308,1.2,
2EQ16899,3102_현상가압라벨_4,4,0.6241898536682129,582,118,0.6,
2EQ16899,3699_레버피스_4,4,0.6771928668022156,176,14,0.9,
2EQ16899,1525_▲▲▲라벨_5,5,0.9244121313095093,202,458,0.6,
2EQ16899,2917_코마_6,6,0.8622097373008728,678,156,0.6,
2EQ16899,1525_▲▲▲라벨_7,7,0.5611811876296997,408,684,0.9,
2EQ16899,0000_모듈러카바_8,8,0.5538065433502197,228,518,0.6,
2EQ16899,3780_전원스위치_9,9,0.7565746307373047,784,202,0.6,
2EQ16899,V242_카바라이트_10,10,0.7816025614738464,446,604,0.6,
2EQ16899,V242_카바라이트_11,11,0.7637116312980652,560,658,0.6,
2EQ16899,3779_압판스토퍼_12,12,0.5691450238227844,908,242,0.9,
2EQ16899,3779_압판스토퍼_14,14,0.7515418529510498,238,188,0.75,
2EQ16900,C551_토너라벨_1,1,0.32115671038627625,556,356,0.6,
2EQ16900,B793_Canon각인_2,2,0.5786364078521729,118,266,1.05,
2EQ16900,6416_2206N명판_3,3,0.40995994210243225,616,336,0.6,
2EQ16900,3102_현상가압라벨_4,4,0.6569085717201233,512,12,0.9,
2EQ16900,3699_레버피스_4,4,0.629508912563324,152,42,0.6,
2EQ16900,1525_▲▲▲라벨_5,5,0.9334452152252197,800,230,0.6,
2EQ16900,2917_코마_6,6,0.8450877666473389,932,526,0.6,
2EQ16900,1525_▲▲▲라벨_7,7,0.5616331100463867,512,582,0.75,
2EQ16900,0000_모듈러카바_8,8,0.5029643177986145,308,530,0.6,
2EQ16900,3780_전원스위치_9,9,0.7485961318016052,784,202,0.6,
2EQ16900,V242_카바라이트_10,10,0.7736461162567139,480,132,0.6,
2EQ16900,V242_카바라이트_11,11,0.76804518699646,724,610,0.6,
2EQ16900,3779_압판스토퍼_12,12,0.5895982980728149,456,90,0.9,
2EQ16900,3779_압판스토퍼_14,14,0.7423067092895508,390,392,0.75,
2EQ16901,C551_토너라벨_1,1,0.34764134883880615,484,544,0.6,
2EQ16901,B793_Canon각인_2,2,0.5273897051811218,34,314,1.05,
2EQ16901,6416_2206N명판_3,3,0.4066317677497864,350,350,1.2,
2EQ16901,3102_현상가압라벨_4,4,0.6830424666404724,634,8,0.6,
2EQ16901,3699_레버피스_4,4,0.6716691851615906,636,10,0.6,
2EQ16901,1525_▲▲▲라벨_5,5,0.9254769086837769,802,228,0.6,
2EQ16901,2917_코마_6,6,0.8667676448822021,920,560,0.6,
2EQ16901,1525_▲▲▲라벨_7,7,0.6231997609138489,528,538,0.9,
2EQ16901,0000_모듈러카바_8,8,0.51875239610672,306,536,0.6,
2EQ16901,3780_전원스위치_9,9,0.7603068947792053,782,202,0.6,
2EQ16901,V242_카바라이트_10,10,0.7704910039901733,440,596,0.6,
2EQ16901,V242_카바라이트_11,11,0.7781265377998352,720,148,0.6,
2EQ16901,3779_압판스토퍼_12,12,0.634574830532074,346,60,0.9,
2EQ16901,3779_압판스토퍼_14,14,0.7488555908203125,210,170,0.75,
2EQ16902,C551_토너라벨_1,1,0.341788649559021,386,356,0.6,
2EQ16902,B793_Canon각인_2,2,0.5987871885299683,50,354,1.05,
2EQ16902,6416_2206N명판_3,3,0.4494931399822235,234,310,1.2,
2EQ16902,3102_현상가압라벨_4,4,0.6572974324226379,686,8,0.6,
2EQ16902,3699_레버피스_4,4,0.6662845015525818,252,34,0.6,
2EQ16902,1525_▲▲▲라벨_5,5,0.9213789701461792,810,230,0.6,
2EQ16902,2917_코마_6,6,0.8618642091751099,676,202,0.6,
2EQ16902,1525_▲▲▲라벨_7,7,0.5679844617843628,506,590,0.75,
2EQ16902,0000_모듈러카바_8,8,0.4639090597629547,334,530,0.6,
2EQ16902,3780_전원스위치_9,9,0.7518513798713684,782,202,0.6,
2EQ16902,V242_카바라이트_10,10,0.7818810939788818,440,600,0.6,
2EQ16902,V242_카바라이트_11,11,0.774159848690033,720,150,0.6,
2EQ16902,3779_압판스토퍼_12,12,0.5761410593986511,334,184,0.9,
2EQ16902,3779_압판스토퍼_14,14,0.7478969097137451,538,140,0.75,
2EQ16903,C551_토너라벨_1,1,0.3642562925815582,432,348,0.6,
2EQ16903,B793_Canon각인_2,2,0.5487256050109863,66,284,1.05,
2EQ16903,6416_2206N명판_3,3,0.4197136163711548,284,328,1.2,
2EQ16903,3102_현상가압라벨_4,4,0.6314240097999573,636,216,0.6,
2EQ16903,3699_레버피스_4,4,0.5741470456123352,882,184,0.6,
2EQ16903,1525_▲▲▲라벨_5,5,0.9236844182014465,154,232,0.6,
2EQ16903,2917_코마_6,6,0.8625115752220154,898,532,0.6,
2EQ16903,1525_▲▲▲라벨_7,7,0.5415588021278381,268,468,0.6,
2EQ16903,0000_모듈러카바_8,8,0.5511273145675659,332,544,0.6,
2EQ16903,3780_전원스위치_9,9,0.7514756321907043,782,202,0.6,
2EQ16903,V242_카바라이트_10,10,0.789997935295105,480,142,0.6,
2EQ16903,V242_카바라이트_11,11,0.7781032919883728,724,614,0.6,
2EQ16903,3779_압판스토퍼_12,12,0.5230154991149902,58,282,0.9,
2EQ16903,3779_압판스토퍼_14,14,0.7636098265647888,656,242,0.6,
2EQ16904,C551_토너라벨_1,1,0.33273929357528687,522,372,0.6,
2EQ16904,B793_Canon각인_2,2,0.5494803786277771,70,348,1.05,
2EQ16904,6416_2206N명판_3,3,0.44277599453926086,580,238,0.6,
2EQ16904,3102_현상가압라벨_4,4,0.6508292555809021,644,6,0.6,
2EQ16904,3699_레버피스_4,4,0.6587266325950623,648,8,0.6,
2EQ16904,1525_▲▲▲라벨_5,5,0.9176504611968994,812,230,0.6,
2EQ16904,2917_코마_6,6,0.8455870151519775,636,182,0.6,
2EQ16904,1525_▲▲▲라벨_7,7,0.5587262511253357,552,602,0.75,
2EQ16904,0000_모듈러카바_8,8,0.5277577638626099,278,504,0.6,
2EQ16904,3780_전원스위치_9,9,0.7535748481750488,304,430,0.6,
2EQ16904,V242_카바라이트_10,10,0.7839774489402771,480,136,0.6,
2EQ16904,V242_카바라이트_11,11,0.7687544226646423,476,626,0.6,
2EQ16904,3779_압판스토퍼_12,12,0.5704342126846313,192,494,0.9,
2EQ16904,3779_압판스토퍼_14,14,0.7720754742622375,604,224,0.6,
2EQ16905,C551_토너라벨_1,1,0.3152264356613159,148,228,0.6,
2EQ16905,B793_Canon각인_2,2,0.5419093370437622,24,322,1.05,
2EQ16905,6416_2206N명판_3,3,0.41071784496307373,710,652,0.6,
2EQ16905,3102_현상가압라벨_4,4,0.6175346970558167,526,62,0.6,
2EQ16905,3699_레버피스_4,4,0.5907925963401794,210,24,0.6,
2EQ16905,1525_▲▲▲라벨_5,5,0.9266092777252197,812,228,0.6,
2EQ16905,2917_코마_6,6,0.8702608346939087,692,174,0.6,
2EQ16905,1525_▲▲▲라벨_7,7,0.5540853142738342,510,588,0.6,
2EQ16905,0000_모듈러카바_8,8,0.42766687273979187,266,502,0.6,
2EQ16905,3780_전원스위치_9,9,0.7502275705337524,782,202,0.6,
2EQ16905,V242_카바라이트_10,10,0.7789360284805298,470,606,0.6,
2EQ16905,V242_카바라이트_11,11,0.8047518730163574,556,656,0.6,
2EQ16905,3779_압판스토퍼_12,12,0.6023179888725281,428,180,0.9,
2EQ16905,3779_압판스토퍼_14,14,0.7533970475196838,902,310,0.6,
2EQ16906,C551_토너라벨_1,1,0.36810222268104553,582,330,0.6,
2EQ16906,B793_Canon각인_2,2,0.5274912714958191,10,296,1.05,
2EQ16906,6416_2206N명판_3,3,0.4349249005317688,600,310,0.6,
2EQ16906,3102_현상가압라벨_4,4,0.6742837429046631,532,10,0.9,
2EQ16906,3699_레버피스_4,4,0.6681499481201172,548,28,0.75,
2EQ16906,1525_▲▲▲라벨_5,5,0.9239251017570496,796,222,0.75,
2EQ16906,2917_코마_6,6,0.8239901661872864,118,580,0.6,
2EQ16906,1525_▲▲▲라벨_7,7,0.57217937707901,564,322,0.9,
2EQ16906,0000_모듈러카바_8,8,0.4339924454689026,222,554,0.6,
2EQ16906,3780_전원스위치_9,9,0.7511557340621948,782,202,0.6,
2EQ16906,V242_카바라이트_10,10,0.7743268609046936,478,138,0.6,
2EQ16906,V242_카바라이트_11,11,0.7963764071464539,560,654,0.6,
2EQ16906,3779_압판스토퍼_12,12,0.5974012017250061,468,74,0.9,
2EQ16906,3779_압판스토퍼_14,14,0.7418146133422852,212,174,0.75,
2EQ16907,C551_토너라벨_1,1,0.33060622215270996,488,306,0.6,
2EQ16907,B793_Canon각인_2,2,0.5940205454826355,60,288,1.05,
2EQ16907,6416_2206N명판_3,3,0.43709397315979004,208,400,1.2,
2EQ16907,3102_현상가압라벨_4,4,0.6287140846252441,668,40,0.6,
2EQ16907,3699_레버피스_4,4,0.5899597406387329,690,18,0.6,
2EQ16907,1525_▲▲▲라벨_5,5,0.9268083572387695,172,470,0.75,
2EQ16907,2917_코마_6,6,0.8589640259742737,672,170,0.6,
2EQ16907,1525_▲▲▲라벨_7,7,0.5766496062278748,480,586,0.6,
2EQ16907,0000_모듈러카바_8,8,0.5122137665748596,272,492,0.6,
2EQ16907,3780_전원스위치_9,9,0.7518622875213623,782,202,0.6,
2EQ16907,V242_카바라이트_10,10,0.7867277264595032,482,138,0.6,
2EQ16907,V242_카바라이트_11,11,0.7863423824310303,568,654,0.6,
2EQ16907,3779_압판스토퍼_12,12,0.536862313747406,188,530,0.9,
2EQ16907,3779_압판스토퍼_14,14,0.7491673827171326,244,208,0.6,
2EQ16908,C551_토너라벨_1,1,0.3253297209739685,318,294,0.6,
2EQ16908,B793_Canon각인_2,2,0.536033570766449,0,288,1.05,
2EQ16908,6416_2206N명판_3,3,0.44654521346092224,584,314,0.6,
2EQ16908,3102_현상가압라벨_4,4,0.6884684562683105,624,32,0.6,
2EQ16908,3699_레버피스_4,4,0.6427152156829834,626,34,0.6,
2EQ16908,1525_▲▲▲라벨_5,5,0.9282432794570923,190,480,0.6,
2EQ16908,2917_코마_6,6,0.8498096466064453,708,132,0.6,
2EQ16908,1525_▲▲▲라벨_7,7,0.6213963031768799,470,538,0.75,
2EQ16908,0000_모듈러카바_8,8,0.5065627098083496,298,510,0.6,
2EQ16908,3780_전원스위치_9,9,0.7564237117767334,782,202,0.6,
2EQ16908,V242_카바라이트_10,10,0.7764739990234375,430,598,0.6,
2EQ16908,V242_카바라이트_11,11,0.7775212526321411,720,146,0.6,
2EQ16908,3779_압판스토퍼_12,12,0.5517030954360962,466,210,0.9,
2EQ16908,3779_압판스토퍼_14,14,0.751237690448761,234,192,0.6,
2EQ16909,C551_토너라벨_1,1,0.339406818151474,408,374,0.6,
2EQ16909,B793_Canon각인_2,2,0.5267013907432556,44,344,1.05,
2EQ16909,6416_2206N명판_3,3,0.4151872992515564,546,328,0.6,
2EQ16909,3102_현상가압라벨_4,4,0.631007194519043,530,68,0.6,
2EQ16909,3699_레버피스_4,4,0.6418070793151855,188,20,0.6,
2EQ16909,1525_▲▲▲라벨_5,5,0.9201786518096924,804,228,0.6,
2EQ16909,2917_코마_6,6,0.8727710843086243,850,558,0.6,
2EQ16909,1525_▲▲▲라벨_7,7,0.5917825102806091,566,518,0.9,
2EQ16909,0000_모듈러카바_8,8,0.48476704955101013,274,534,0.6,
2EQ16909,3780_전원스위치_9,9,0.7579050064086914,784,202,0.6,
2EQ16909,V242_카바라이트_10,10,0.7800244688987732,484,136,0.6,
2EQ16909,V242_카바라이트_11,11,0.783220112323761,496,648,0.6,
2EQ16909,3779_압판스토퍼_12,12,0.6040605902671814,294,166,0.9,
2EQ16909,3779_압판스토퍼_14,14,0.7083966732025146,734,50,0.6,
2EQ16910,C551_토너라벨_1,1,0.32975488901138306,224,208,1.05,
2EQ16910,B793_Canon각인_2,2,0.42026427388191223,40,380,1.05,
2EQ16910,6416_2206N명판_3,3,0.44954487681388855,240,316,1.2,
2EQ16910,3102_현상가압라벨_4,4,0.6172501444816589,568,2,0.6,
2EQ16910,3699_레버피스_4,4,0.6226710677146912,510,8,0.6,
2EQ16910,1525_▲▲▲라벨_5,5,0.9283918738365173,180,468,0.6,
2EQ16910,2917_코마_6,6,0.8193458914756775,936,590,0.6,
2EQ16910,1525_▲▲▲라벨_7,7,0.5725122094154358,524,588,0.6,
2EQ16910,0000_모듈러카바_8,8,0.6095664501190186,292,498,0.6,
2EQ16910,3780_전원스위치_9,9,0.7605189681053162,782,202,0.6,
2EQ16910,V242_카바라이트_10,10,0.7675024271011353,440,588,0.6,
2EQ16910,V242_카바라이트_11,11,0.761127233505249,542,660,0.6,
2EQ16910,3779_압판스토퍼_12,12,0.5915349125862122,778,82,0.9,
2EQ16910,3779_압판스토퍼_14,14,0.7617990374565125,368,394,0.6,
2EQ16911,C551_토너라벨_1,1,0.31520694494247437,510,26,0.6,
2EQ16911,B793_Canon각인_2,2,0.5274246335029602,34,358,1.05,
2EQ16911,6416_2206N명판_3,3,0.5549878478050232,170,368,1.2,
2EQ16911,3102_현상가압라벨_4,4,0.6372627019882202,644,114,0.6,
2EQ16911,3699_레버피스_4,4,0.6762322783470154,656,14,0.6,
2EQ16911,1525_▲▲▲라벨_5,5,0.9305782318115234,812,230,0.6,
2EQ16911,2917_코마_6,6,0.8364472389221191,88,386,0.6,
2EQ16911,1525_▲▲▲라벨_7,7,0.5757777094841003,386,264,0.9,
2EQ16911,0000_모듈러카바_8,8,0.7088678479194641,276,534,0.6,
2EQ16911,3780_전원스위치_9,9,0.7524154782295227,776,202,0.6,
2EQ16911,V242_카바라이트_10,10,0.7736037969589233,344,328,0.6,
2EQ16911,V242_카바라이트_11,11,0.7697032690048218,718,622,0.6,
2EQ16911,3779_압판스토퍼_12,12,0.5897203087806702,730,134,0.9,
2EQ16911,3779_압판스토퍼_14,14,0.7644855380058289,458,358,0.6,
2EQ16912,C551_토너라벨_1,1,0.3127553462982178,452,276,0.6,
2EQ16912,B793_Canon각인_2,2,0.46258842945098877,14,284,1.05,
2EQ16912,6416_2206N명판_3,3,0.40404167771339417,284,336,1.2,
2EQ16912,3102_현상가압라벨_4,4,0.6281477808952332,590,98,0.6,
2EQ16912,3699_레버피스_4,4,0.6116428375244141,236,36,0.6,
2EQ16912,1525_▲▲▲라벨_5,5,0.9267923831939697,812,230,0.6,
2EQ16912,2917_코마_6,6,0.8645605444908142,932,582,0.6,
2EQ16912,1525_▲▲▲라벨_7,7,0.5704202651977539,534,468,0.9,
2EQ16912,0000_모듈러카바_8,8,0.4990899860858917,296,548,0.6,
2EQ16912,3780_전원스위치_9,9,0.751593291759491,782,202,0.6,
2EQ16912,V242_카바라이트_10,10,0.8019928336143494,480,130,0.6,
2EQ16912,V242_카바라이트_11,11,0.7293013334274292,722,130,0.6,
2EQ16912,3779_압판스토퍼_12,12,0.596836268901825,780,76,0.9,
2EQ16912,3779_압판스토퍼_14,14,0.7498093247413635,512,186,0.6,
2EQ16913,C551_토너라벨_1,1,0.3205784559249878,458,326,0.6,
2EQ16913,B793_Canon각인_2,2,0.5477679967880249,16,334,1.05,
2EQ16913,6416_2206N명판_3,3,0.4584524631500244,284,402,1.2,
2EQ16913,3102_현상가압라벨_4,4,0.6041683554649353,612,116,0.6,
2EQ16913,3699_레버피스_4,4,0.6575803756713867,160,10,0.9,
2EQ16913,1525_▲▲▲라벨_5,5,0.9178839921951294,234,480,0.6,
2EQ16913,2917_코마_6,6,0.8726946115493774,702,144,0.6,
2EQ16913,1525_▲▲▲라벨_7,7,0.585507869720459,532,532,0.9,
2EQ16913,0000_모듈러카바_8,8,0.565687358379364,260,512,0.6,
2EQ16913,3780_전원스위치_9,9,0.7555817365646362,298,428,0.6,
2EQ16913,V242_카바라이트_10,10,0.7802824974060059,488,130,0.6,
2EQ16913,V242_카바라이트_11,11,0.7797808647155762,566,654,0.6,
2EQ16913,3779_압판스토퍼_12,12,0.5473655462265015,220,494,0.9,
2EQ16913,3779_압판스토퍼_14,14,0.7163489460945129,282,306,0.6,
2EQ16914,C551_토너라벨_1,1,0.34503236413002014,480,496,0.6,
2EQ16914,B793_Canon각인_2,2,0.5480728149414062,44,402,1.05,
2EQ16914,6416_2206N명판_3,3,0.47407716512680054,112,452,1.2,
2EQ16914,3102_현상가압라벨_4,4,0.6286574602127075,656,10,0.6,
2EQ16914,3699_레버피스_4,4,0.5834356546401978,354,474,1.05,
2EQ16914,1525_▲▲▲라벨_5,5,0.9088419079780579,298,456,0.6,
2EQ16914,2917_코마_6,6,0.862559974193573,836,570,0.6,
2EQ16914,1525_▲▲▲라벨_7,7,0.5714640617370605,512,608,0.75,
2EQ16914,0000_모듈러카바_8,8,0.49125316739082336,278,528,0.6,
2EQ16914,3780_전원스위치_9,9,0.7527762055397034,782,202,0.6,
2EQ16914,V242_카바라이트_10,10,0.7759482860565186,428,596,0.6,
2EQ16914,V242_카바라이트_11,11,0.7941817045211792,572,660,0.6,
2EQ16914,3779_압판스토퍼_12,12,0.5570409297943115,550,376,0.9,
2EQ16914,3779_압판스토퍼_14,14,0.7516084313392639,214,174,0.75,
2EQ16915,C551_토너라벨_1,1,0.32206016778945923,462,268,0.6,
2EQ16915,B793_Canon각인_2,2,0.4785686135292053,44,316,1.05,
2EQ16915,6416_2206N명판_3,3,0.46306857466697693,230,376,1.2,
2EQ16915,3102_현상가압라벨_4,4,0.6492379903793335,604,2,0.75,
2EQ16915,3699_레버피스_4,4,0.675917387008667,628,18,0.6,
2EQ16915,1525_▲▲▲라벨_5,5,0.9233304858207703,798,224,0.75,
2EQ16915,2917_코마_6,6,0.8717309236526489,926,564,0.6,
2EQ16915,1525_▲▲▲라벨_7,7,0.5608993172645569,538,568,0.9,
2EQ16915,0000_모듈러카바_8,8,0.4710376262664795,274,522,0.6,
2EQ16915,3780_전원스위치_9,9,0.7556993365287781,782,202,0.6,
2EQ16915,V242_카바라이트_10,10,0.7808012962341309,436,602,0.6,
2EQ16915,V242_카바라이트_11,11,0.7762876749038696,564,644,0.6,
2EQ16915,3779_압판스토퍼_12,12,0.5301745533943176,460,186,0.9,
2EQ16915,3779_압판스토퍼_14,14,0.7478360533714294,158,80,0.75,
2EQ16916,C551_토너라벨_1,1,0.3047642111778259,148,230,0.6,
2EQ16916,B793_Canon각인_2,2,0.396761953830719,46,212,1.05,
2EQ16916,6416_2206N명판_3,3,0.43617457151412964,538,290,0.6,
2EQ16916,3102_현상가압라벨_4,4,0.6223618984222412,688,44,0.6,
2EQ16916,3699_레버피스_4,4,0.6064683198928833,462,8,0.6,
2EQ16916,1525_▲▲▲라벨_5,5,0.9206087589263916,290,468,0.6,
2EQ16916,2917_코마_6,6,0.8697652220726013,908,566,0.6,
2EQ16916,1525_▲▲▲라벨_7,7,0.5510055422782898,544,566,0.9,
2EQ16916,0000_모듈러카바_8,8,0.5527129769325256,310,484,0.6,
2EQ16916,3780_전원스위치_9,9,0.7530420422554016,782,202,0.6,
2EQ16916,V242_카바라이트_10,10,0.7776825428009033,498,174,0.6,
2EQ16916,V242_카바라이트_11,11,0.7637933492660522,544,666,0.6,
2EQ16916,3779_압판스토퍼_12,12,0.6451643705368042,342,252,0.9,
2EQ16916,3779_압판스토퍼_14,14,0.7103775143623352,344,438,0.6,
2EQ16917,C551_토너라벨_1,1,0.3804503083229065,564,270,0.6,
2EQ16917,B793_Canon각인_2,2,0.5774788856506348,36,300,1.05,
2EQ16917,6416_2206N명판_3,3,0.43198975920677185,576,364,0.6,
2EQ16917,3102_현상가압라벨_4,4,0.6038956046104431,612,454,0.6,
2EQ16917,3699_레버피스_4,4,0.6027319431304932,856,200,0.6,
2EQ16917,1525_▲▲▲라벨_5,5,0.9224380254745483,818,240,0.6,
2EQ16917,2917_코마_6,6,0.8421565890312195,712,378,0.6,
2EQ16917,1525_▲▲▲라벨_7,7,0.5510440468788147,740,196,0.6,
2EQ16917,0000_모듈러카바_8,8,0.49501731991767883,702,548,0.6,
2EQ16917,3780_전원스위치_9,9,0.7559846639633179,782,202,0.6,
2EQ16917,V242_카바라이트_10,10,0.782659113407135,436,592,0.6,
2EQ16917,V242_카바라이트_11,11,0.7692236304283142,508,642,0.6,
2EQ16917,3779_압판스토퍼_12,12,0.6093825101852417,422,38,0.9,
2EQ16917,3779_압판스토퍼_14,14,0.745306670665741,552,186,0.75,
2EQ16918,C551_토너라벨_1,1,0.342987060546875,608,308,0.6,
2EQ16918,B793_Canon각인_2,2,0.48452746868133545,12,452,1.05,
2EQ16918,6416_2206N명판_3,3,0.4029698371887207,2,660,0.6,
2EQ16918,3102_현상가압라벨_4,4,0.6030459403991699,780,0,0.6,
2EQ16918,3699_레버피스_4,4,0.5782608985900879,396,474,1.2,
2EQ16918,1525_▲▲▲라벨_5,5,0.9221529364585876,374,296,0.6,
2EQ16918,2917_코마_6,6,0.8767451047897339,248,114,0.6,
2EQ16918,1525_▲▲▲라벨_7,7,0.5380902290344238,474,478,0.9,
2EQ16918,0000_모듈러카바_8,8,0.48657867312431335,258,460,0.6,
2EQ16918,3780_전원스위치_9,9,0.7511406540870667,782,202,0.6,
2EQ16918,V242_카바라이트_10,10,0.7701621055603027,562,654,0.6,
2EQ16918,V242_카바라이트_11,11,0.7728419303894043,564,654,0.6,
2EQ16918,3779_압판스토퍼_12,12,0.6575534343719482,630,362,0.9,
2EQ16918,3779_압판스토퍼_14,14,0.7666741609573364,304,646,0.75,
2EQ16919,C551_토너라벨_1,1,0.3780016303062439,512,330,0.6,
2EQ16919,B793_Canon각인_2,2,0.4784143269062042,28,396,1.05,
2EQ16919,6416_2206N명판_3,3,0.5102342367172241,210,320,1.2,
2EQ16919,3102_현상가압라벨_4,4,0.654690682888031,558,188,0.6,
2EQ16919,3699_레버피스_4,4,0.6425939202308655,558,192,0.6,
2EQ16919,1525_▲▲▲라벨_5,5,0.928393542766571,452,456,0.6,
2EQ16919,2917_코마_6,6,0.8591511845588684,694,140,0.6,
2EQ16919,1525_▲▲▲라벨_7,7,0.5920130610466003,530,500,0.75,
2EQ16919,0000_모듈러카바_8,8,0.5424013137817383,270,514,0.6,
2EQ16919,3780_전원스위치_9,9,0.7546994686126709,784,202,0.6,
2EQ16919,V242_카바라이트_10,10,0.7976033091545105,486,142,0.6,
2EQ16919,V242_카바라이트_11,11,0.7810439467430115,502,632,0.6,
2EQ16919,3779_압판스토퍼_12,12,0.5762837529182434,446,220,0.9,
2EQ16919,3779_압판스토퍼_14,14,0.7483407258987427,306,392,0.6,
2EQ16920,C551_토너라벨_1,1,0.40985026955604553,352,394,0.6,
2EQ16920,B793_Canon각인_2,2,0.5179235339164734,12,354,1.05,
2EQ16920,6416_2206N명판_3,3,0.4018615484237671,728,662,0.6,
2EQ16920,3102_현상가압라벨_4,4,0.6126173734664917,544,98,0.6,
2EQ16920,3699_레버피스_4,4,0.6074116826057434,500,28,0.6,
2EQ16920,1525_▲▲▲라벨_5,5,0.9277284145355225,182,474,0.6,
2EQ16920,2917_코마_6,6,0.8645124435424805,930,556,0.6,
2EQ16920,1525_▲▲▲라벨_7,7,0.6124453544616699,438,580,0.75,
2EQ16920,0000_모듈러카바_8,8,0.47802674770355225,312,514,0.6,
2EQ16920,3780_전원스위치_9,9,0.7527797818183899,782,202,0.6,
2EQ16920,V242_카바라이트_10,10,0.7825043797492981,418,602,0.6,
2EQ16920,V242_카바라이트_11,11,0.7589895129203796,568,648,0.6,
2EQ16920,3779_압판스토퍼_12,12,0.5554770231246948,392,166,0.9,
2EQ16920,3779_압판스토퍼_14,14,0.7502764463424683,636,196,0.6,
2EQ16921,C551_토너라벨_1,1,0.3413858711719513,556,476,0.6,
2EQ16921,B793_Canon각인_2,2,0.5344974994659424,0,374,1.05,
2EQ16921,6416_2206N명판_3,3,0.4556398391723633,204,418,1.2,
2EQ16921,3102_현상가압라벨_4,4,0.5869517922401428,618,648,0.6,
2EQ16921,3699_레버피스_4,4,0.6320729851722717,212,28,0.6,
2EQ16921,1525_▲▲▲라벨_5,5,0.9231699109077454,198,444,0.6,
2EQ16921,2917_코마_6,6,0.8522915244102478,902,578,0.6,
2EQ16921,1525_▲▲▲라벨_7,7,0.6188285946846008,518,514,0.9,
2EQ16921,0000_모듈러카바_8,8,0.507490336894989,326,526,0.6,
2EQ16921,3780_전원스위치_9,9,0.7590211629867554,782,202,0.6,
2EQ16921,V242_카바라이트_10,10,0.7911213040351868,490,136,0.6,
2EQ16921,V242_카바라이트_11,11,0.7856652736663818,562,660,0.6,
2EQ16921,3779_압판스토퍼_12,12,0.5786213278770447,188,480,0.9,
2EQ16921,3779_압판스토퍼_14,14,0.7360789179801941,238,202,0.75,
2EQ16922,C551_토너라벨_1,1,0.38229891657829285,336,366,0.6,
2EQ16922,B793_Canon각인_2,2,0.6044026613235474,0,392,1.05,
2EQ16922,6416_2206N명판_3,3,0.4292148947715759,238,328,1.2,
2EQ16922,3102_현상가압라벨_4,4,0.6896675229072571,750,22,0.6,
2EQ16922,3699_레버피스_4,4,0.6449018120765686,776,26,0.6,
2EQ16922,1525_▲▲▲라벨_5,5,0.9195934534072876,796,232,0.6,
2EQ16922,2917_코마_6,6,0.859697699546814,774,544,0.6,
2EQ16922,1525_▲▲▲라벨_7,7,0.5954729318618774,610,508,0.9,
2EQ16922,0000_모듈러카바_8,8,0.5106739401817322,282,510,0.6,
2EQ16922,3780_전원스위치_9,9,0.7627453804016113,286,356,0.75,
2EQ16922,V242_카바라이트_10,10,0.7584090828895569,490,126,0.6,
2EQ16922,V242_카바라이트_11,11,0.7673740386962891,562,660,0.6,
2EQ16922,3779_압판스토퍼_12,12,0.5778946280479431,298,168,0.9,
2EQ16922,3779_압판스토퍼_14,14,0.7504791021347046,342,430,0.6,
2EQ16923,C551_토너라벨_1,1,0.4038219451904297,542,294,0.6,
2EQ16923,B793_Canon각인_2,2,0.551472008228302,36,330,1.05,
2EQ16923,6416_2206N명판_3,3,0.4484030306339264,174,408,1.2,
2EQ16923,3102_현상가압라벨_4,4,0.6360890865325928,642,66,0.6,
2EQ16923,3699_레버피스_4,4,0.5471606850624084,912,172,0.6,
2EQ16923,1525_▲▲▲라벨_5,5,0.9253616333007812,796,226,0.75,
2EQ16923,2917_코마_6,6,0.8749619126319885,708,144,0.6,
2EQ16923,1525_▲▲▲라벨_7,7,0.537587583065033,226,36,0.6,
2EQ16923,0000_모듈러카바_8,8,0.5460472106933594,312,536,0.6,
2EQ16923,3780_전원스위치_9,9,0.7522931694984436,784,202,0.6,
2EQ16923,V242_카바라이트_10,10,0.7849711775779724,494,136,0.6,
2EQ16923,V242_카바라이트_11,11,0.7509517669677734,564,656,0.6,
2EQ16923,3779_압판스토퍼_12,12,0.6024038791656494,462,234,0.9,
2EQ16923,3779_압판스토퍼_14,14,0.7591237425804138,498,296,0.6,
2EQ16924,C551_토너라벨_1,1,0.33763641119003296,564,422,0.6,
2EQ16924,B793_Canon각인_2,2,0.573699951171875,64,336,1.05,
2EQ16924,6416_2206N명판_3,3,0.43104153871536255,126,466,1.2,
2EQ16924,3102_현상가압라벨_4,4,0.6384760141372681,660,40,0.6,
2EQ16924,3699_레버피스_4,4,0.5599188208580017,360,482,1.2,
2EQ16924,1525_▲▲▲라벨_5,5,0.9172207117080688,140,226,0.75,
2EQ16924,2917_코마_6,6,0.8584960103034973,904,582,0.6,
2EQ16924,1525_▲▲▲라벨_7,7,0.5997558236122131,602,498,0.9,
2EQ16924,0000_모듈러카바_8,8,0.5016228556632996,310,536,0.6,
2EQ16924,3780_전원스위치_9,9,0.7538968324661255,782,202,0.6,
2EQ16924,V242_카바라이트_10,10,0.780217170715332,480,130,0.6,
2EQ16924,V242_카바라이트_11,11,0.7413951754570007,560,652,0.6,
2EQ16924,3779_압판스토퍼_12,12,0.6025325655937195,444,112,0.9,
2EQ16924,3779_압판스토퍼_14,14,0.7572879195213318,364,420,0.6,
2EQ16925,C551_토너라벨_1,1,0.3438234329223633,390,336,0.6,
2EQ16925,B793_Canon각인_2,2,0.49192631244659424,46,344,1.05,
2EQ16925,6416_2206N명판_3,3,0.5381245017051697,218,356,1.2,
2EQ16925,3102_현상가압라벨_4,4,0.631568193435669,636,10,0.75,
2EQ16925,3699_레버피스_4,4,0.6565889716148376,642,26,0.6,
2EQ16925,1525_▲▲▲라벨_5,5,0.9203261137008667,810,232,0.6,
2EQ16925,2917_코마_6,6,0.8620591163635254,838,554,0.6,
2EQ16925,1525_▲▲▲라벨_7,7,0.5975695848464966,474,520,0.75,
2EQ16925,0000_모듈러카바_8,8,0.4815339148044586,290,474,0.6,
2EQ16925,3780_전원스위치_9,9,0.7579168081283569,194,478,0.6,
2EQ16925,V242_카바라이트_10,10,0.778897762298584,452,604,0.6,
2EQ16925,V242_카바라이트_11,11,0.7852445840835571,554,664,0.6,
2EQ16925,3779_압판스토퍼_12,12,0.571867823600769,454,210,0.9,
2EQ16925,3779_압판스토퍼_14,14,0.746737003326416,220,182,0.75,
2EQ16926,C551_토너라벨_1,1,0.341483473777771,112,244,1.05,
2EQ16926,B793_Canon각인_2,2,0.6007526516914368,108,306,1.05,
2EQ16926,6416_2206N명판_3,3,0.4104416072368622,704,650,0.6,
2EQ16926,3102_현상가압라벨_4,4,0.6546330451965332,660,34,0.6,
2EQ16926,3699_레버피스_4,4,0.661333441734314,448,40,0.6,
2EQ16926,1525_▲▲▲라벨_5,5,0.9255534410476685,122,448,0.6,
2EQ16926,2917_코마_6,6,0.8654947876930237,792,576,0.6,
2EQ16926,1525_▲▲▲라벨_7,7,0.5701726675033569,562,466,0.9,
2EQ16926,0000_모듈러카바_8,8,0.48048508167266846,304,476,0.6,
2EQ16926,3780_전원스위치_9,9,0.7514756917953491,782,202,0.6,
2EQ16926,V242_카바라이트_10,10,0.7834638357162476,430,602,0.6,
2EQ16926,V242_카바라이트_11,11,0.7492799162864685,722,136,0.6,
2EQ16926,3779_압판스토퍼_12,12,0.5497507452964783,882,0,0.9,
2EQ16926,3779_압판스토퍼_14,14,0.7621487975120544,510,366,0.6,
2EQ16927,C551_토너라벨_1,1,0.3079882264137268,506,324,0.6,
2EQ16927,B793_Canon각인_2,2,0.5399214625358582,6,324,1.05,
2EQ16927,6416_2206N명판_3,3,0.47948041558265686,250,378,1.2,
2EQ16927,3102_현상가압라벨_4,4,0.6090166568756104,536,60,0.6,
2EQ16927,3699_레버피스_4,4,0.5704746246337891,144,34,0.6,
2EQ16927,1525_▲▲▲라벨_5,5,0.919832170009613,804,228,0.6,
2EQ16927,2917_코마_6,6,0.8196088075637817,900,580,0.6,
2EQ16927,1525_▲▲▲라벨_7,7,0.557154655456543,590,484,0.9,
2EQ16927,0000_모듈러카바_8,8,0.5195472836494446,302,512,0.6,
2EQ16927,3780_전원스위치_9,9,0.7541146278381348,782,202,0.6,
2EQ16927,V242_카바라이트_10,10,0.7750236392021179,438,606,0.6,
2EQ16927,V242_카바라이트_11,11,0.7942948341369629,502,638,0.6,
2EQ16927,3779_압판스토퍼_12,12,0.580867350101471,862,18,0.9,
2EQ16927,3779_압판스토퍼_14,14,0.7490551471710205,598,260,0.6,
2EQ16928,C551_토너라벨_1,1,0.3363817632198334,472,312,0.75,
2EQ16928,B793_Canon각인_2,2,0.518070638179779,0,306,1.05,
2EQ16928,6416_2206N명판_3,3,0.48821574449539185,252,316,1.2,
2EQ16928,3102_현상가압라벨_4,4,0.6749073266983032,682,426,0.6,
2EQ16928,3699_레버피스_4,4,0.624517023563385,446,66,0.6,
2EQ16928,1525_▲▲▲라벨_5,5,0.9271886944770813,810,232,0.6,
2EQ16928,2917_코마_6,6,0.8634746074676514,676,172,0.6,
2EQ16928,1525_▲▲▲라벨_7,7,0.5710837841033936,500,496,0.75,
2EQ16928,0000_모듈러카바_8,8,0.5561124682426453,298,530,0.6,
2EQ16928,3780_전원스위치_9,9,0.7531964182853699,782,202,0.6,
2EQ16928,V242_카바라이트_10,10,0.7789625525474548,438,604,0.6,
2EQ16928,V242_카바라이트_11,11,0.7773240804672241,556,654,0.6,
2EQ16928,3779_압판스토퍼_12,12,0.5426563620567322,218,556,0.9,
2EQ16928,3779_압판스토퍼_14,14,0.7378537058830261,224,182,0.75,
2EQ16929,C551_토너라벨_1,1,0.31440842151641846,482,454,0.6,
2EQ16929,B793_Canon각인_2,2,0.45772722363471985,62,166,1.05,
2EQ16929,6416_2206N명판_3,3,0.5386215448379517,222,316,1.2,
2EQ16929,3102_현상가압라벨_4,4,0.6471576690673828,570,166,0.6,
2EQ16929,3699_레버피스_4,4,0.6698479056358337,548,170,0.6,
2EQ16929,1525_▲▲▲라벨_5,5,0.923438310623169,796,226,0.75,
2EQ16929,2917_코마_6,6,0.8457277417182922,0,598,0.6,
2EQ16929,1525_▲▲▲라벨_7,7,0.5842592716217041,502,582,0.6,
2EQ16929,0000_모듈러카바_8,8,0.6322938203811646,336,510,0.6,
2EQ16929,3780_전원스위치_9,9,0.7544949054718018,782,202,0.6,
2EQ16929,V242_카바라이트_10,10,0.7750546336174011,440,608,0.6,
2EQ16929,V242_카바라이트_11,11,0.7921542525291443,566,650,0.6,
2EQ16929,3779_압판스토퍼_12,12,0.49036529660224915,102,614,0.9,
2EQ16929,3779_압판스토퍼_14,14,0.7562320828437805,358,388,0.6,
2EQ16930,C551_토너라벨_1,1,0.3151886463165283,148,232,0.6,
2EQ16930,B793_Canon각인_2,2,0.4886106252670288,36,330,1.05,
2EQ16930,6416_2206N명판_3,3,0.47130531072616577,252,356,1.2,
2EQ16930,3102_현상가압라벨_4,4,0.643817126750946,510,4,0.75,
2EQ16930,3699_레버피스_4,4,0.6468145847320557,610,16,0.6,
2EQ16930,1525_▲▲▲라벨_5,5,0.9229861497879028,796,226,0.75,
2EQ16930,2917_코마_6,6,0.8458306193351746,898,554,0.6,
2EQ16930,1525_▲▲▲라벨_7,7,0.5648801922798157,604,528,0.9,
2EQ16930,0000_모듈러카바_8,8,0.5734220743179321,288,490,0.6,
2EQ16930,3780_전원스위치_9,9,0.7568249702453613,782,202,0.6,
2EQ16930,V242_카바라이트_10,10,0.7802535891532898,436,604,0.6,
2EQ16930,V242_카바라이트_11,11,0.7717215418815613,730,616,0.6,
2EQ16930,3779_압판스토퍼_12,12,0.587066650390625,258,116,0.9,
2EQ16930,3779_압판스토퍼_14,14,0.7562339901924133,380,376,0.6,
2EQ16931,C551_토너라벨_1,1,0.32745441794395447,496,416,0.6,
2EQ16931,B793_Canon각인_2,2,0.563812792301178,28,328,1.05,
2EQ16931,6416_2206N명판_3,3,0.44646018743515015,554,308,0.6,
2EQ16931,3102_현상가압라벨_4,4,0.6558461785316467,496,6,1.2,
2EQ16931,3699_레버피스_4,4,0.6794225573539734,618,64,0.6,
2EQ16931,1525_▲▲▲라벨_5,5,0.9275841116905212,796,224,0.75,
2EQ16931,2917_코마_6,6,0.8654342293739319,880,560,0.6,
2EQ16931,1525_▲▲▲라벨_7,7,0.573087215423584,594,660,0.9,
2EQ16931,0000_모듈러카바_8,8,0.49477508664131165,326,536,0.6,
2EQ16931,3780_전원스위치_9,9,0.7503460645675659,782,202,0.6,
2EQ16931,V242_카바라이트_10,10,0.775213360786438,476,130,0.6,
2EQ16931,V242_카바라이트_11,11,0.7690807580947876,560,636,0.6,
2EQ16931,3779_압판스토퍼_12,12,0.6203688383102417,372,78,0.9,
2EQ16931,3779_압판스토퍼_14,14,0.7547436952590942,474,358,0.75,
2EQ16932,C551_토너라벨_1,1,0.3400536775588989,580,512,0.6,
2EQ16932,B793_Canon각인_2,2,0.5753982067108154,82,380,1.05,
2EQ16932,6416_2206N명판_3,3,0.4407975375652313,370,346,1.2,
2EQ16932,3102_현상가압라벨_4,4,0.7110185623168945,572,22,0.6,
2EQ16932,3699_레버피스_4,4,0.6771804094314575,548,26,0.6,
2EQ16932,1525_▲▲▲라벨_5,5,0.924052357673645,798,234,0.6,
2EQ16932,2917_코마_6,6,0.8484100103378296,788,576,0.6,
2EQ16932,1525_▲▲▲라벨_7,7,0.5775326490402222,612,496,0.9,
2EQ16932,0000_모듈러카바_8,8,0.5210076570510864,274,554,0.6,
2EQ16932,3780_전원스위치_9,9,0.7551811933517456,288,446,0.6,
2EQ16932,V242_카바라이트_10,10,0.7784433960914612,440,586,0.6,
2EQ16932,V242_카바라이트_11,11,0.7647207379341125,560,650,0.6,
2EQ16932,3779_압판스토퍼_12,12,0.5832662582397461,462,56,0.9,
2EQ16932,3779_압판스토퍼_14,14,0.746255099773407,228,184,0.75,
2EQ16933,C551_토너라벨_1,1,0.3431496024131775,508,288,0.6,
2EQ16933,B793_Canon각인_2,2,0.5547693967819214,14,326,1.05,
2EQ16933,6416_2206N명판_3,3,0.4628024101257324,160,394,1.2,
2EQ16933,3102_현상가압라벨_4,4,0.6512731313705444,666,56,0.6,
2EQ16933,3699_레버피스_4,4,0.5911611318588257,370,486,1.2,
2EQ16933,1525_▲▲▲라벨_5,5,0.9276667237281799,812,228,0.6,
2EQ16933,2917_코마_6,6,0.8621874451637268,634,174,0.6,
2EQ16933,1525_▲▲▲라벨_7,7,0.5421497821807861,526,574,0.6,
2EQ16933,0000_모듈러카바_8,8,0.5253167748451233,272,500,0.6,
2EQ16933,3780_전원스위치_9,9,0.7521675229072571,782,202,0.6,
2EQ16933,V242_카바라이트_10,10,0.7815670371055603,478,136,0.6,
2EQ16933,V242_카바라이트_11,11,0.7798256874084473,528,646,0.6,
2EQ16933,3779_압판스토퍼_12,12,0.521354615688324,240,490,0.9,
2EQ16933,3779_압판스토퍼_14,14,0.7362107634544373,712,284,0.6,
2EQ16934,C551_토너라벨_1,1,0.41339853405952454,618,388,0.6,
2EQ16934,B793_Canon각인_2,2,0.5585100054740906,42,266,1.05,
2EQ16934,6416_2206N명판_3,3,0.4135743975639343,170,376,1.2,
2EQ16934,3102_현상가압라벨_4,4,0.6302437782287598,654,14,0.6,
2EQ16934,3699_레버피스_4,4,0.5861696004867554,272,178,0.6,
2EQ16934,1525_▲▲▲라벨_5,5,0.9346573352813721,636,262,0.6,
2EQ16934,2917_코마_6,6,0.8624095320701599,490,524,0.6,
2EQ16934,1525_▲▲▲라벨_7,7,0.5227323770523071,368,244,0.75,
2EQ16934,0000_모듈러카바_8,8,0.5556142330169678,280,390,0.6,
2EQ16934,3780_전원스위치_9,9,0.7497287392616272,284,528,0.6,
2EQ16934,V242_카바라이트_10,10,0.7774801850318909,480,132,0.6,
2EQ16934,V242_카바라이트_11,11,0.7908734083175659,520,656,0.6,
2EQ16934,3779_압판스토퍼_12,12,0.5709917545318604,198,490,0.9,
2EQ16934,3779_압판스토퍼_14,14,0.7650042176246643,500,182,0.75,
2EQ16935,C551_토너라벨_1,1,0.31497904658317566,530,346,0.6,
2EQ16935,B793_Canon각인_2,2,0.4817163646221161,36,320,1.05,
2EQ16935,6416_2206N명판_3,3,0.4670402407646179,194,406,1.2,
2EQ16935,3102_현상가압라벨_4,4,0.6875163912773132,536,0,1.05,
2EQ16935,3699_레버피스_4,4,0.6459709405899048,192,18,0.9,
2EQ16935,1525_▲▲▲라벨_5,5,0.919119119644165,202,476,0.6,
2EQ16935,2917_코마_6,6,0.8609145283699036,934,560,0.6,
2EQ16935,1525_▲▲▲라벨_7,7,0.6028253436088562,570,546,0.9,
2EQ16935,0000_모듈러카바_8,8,0.4314914047718048,244,526,0.6,
2EQ16935,3780_전원스위치_9,9,0.7603031992912292,776,202,0.6,
2EQ16935,V242_카바라이트_10,10,0.7875611782073975,492,130,0.6,
2EQ16935,V242_카바라이트_11,11,0.7904115319252014,494,650,0.6,
2EQ16935,3779_압판스토퍼_12,12,0.6062018871307373,366,166,0.9,
2EQ16935,3779_압판스토퍼_14,14,0.7604923248291016,274,402,0.6,
2EQ16936,C551_토너라벨_1,1,0.3673110604286194,540,334,0.6,
2EQ16936,B793_Canon각인_2,2,0.45448341965675354,34,466,1.05,
2EQ16936,6416_2206N명판_3,3,0.43383753299713135,236,448,1.2,
2EQ16936,3102_현상가압라벨_4,4,0.6247029900550842,632,264,0.6,
2EQ16936,3699_레버피스_4,4,0.5349364280700684,342,168,0.6,
2EQ16936,1525_▲▲▲라벨_5,5,0.9182426929473877,236,402,0.6,
2EQ16936,2917_코마_6,6,0.8633885979652405,486,534,0.6,
2EQ16936,1525_▲▲▲라벨_7,7,0.534670889377594,802,622,0.9,
2EQ16936,0000_모듈러카바_8,8,0.5555105209350586,208,496,0.6,
2EQ16936,3780_전원스위치_9,9,0.7438737750053406,780,202,0.6,
2EQ16936,V242_카바라이트_10,10,0.7847855687141418,480,130,0.6,
2EQ16936,V242_카바라이트_11,11,0.7755300998687744,514,628,0.6,
2EQ16936,3779_압판스토퍼_12,12,0.6198530197143555,166,430,0.9,
2EQ16936,3779_압판스토퍼_14,14,0.7473538517951965,344,328,0.6,
2EQ16937,C551_토너라벨_1,1,0.35954415798187256,556,448,0.6,
2EQ16937,B793_Canon각인_2,2,0.5510092377662659,40,330,1.05,
2EQ16937,6416_2206N명판_3,3,0.4720609188079834,184,382,1.2,
2EQ16937,3102_현상가압라벨_4,4,0.6109905242919922,598,32,0.6,
2EQ16937,3699_레버피스_4,4,0.5761054754257202,396,216,0.6,
2EQ16937,1525_▲▲▲라벨_5,5,0.9294317364692688,154,230,0.6,
2EQ16937,2917_코마_6,6,0.8772551417350769,300,104,0.6,
2EQ16937,1525_▲▲▲라벨_7,7,0.5354045033454895,850,694,0.9,
2EQ16937,0000_모듈러카바_8,8,0.5011609196662903,674,598,0.6,
2EQ16937,3780_전원스위치_9,9,0.754187822341919,778,202,0.6,
2EQ16937,V242_카바라이트_10,10,0.7836122512817383,488,128,0.6,
2EQ16937,V242_카바라이트_11,11,0.7809444665908813,718,610,0.6,
2EQ16937,3779_압판스토퍼_12,12,0.5405651330947876,210,512,0.9,
2EQ16937,3779_압판스토퍼_14,14,0.7552311420440674,564,206,0.75,
2EQ16938,C551_토너라벨_1,1,0.33023303747177124,556,348,0.6,
2EQ16938,B793_Canon각인_2,2,0.5224099159240723,24,378,1.05,
2EQ16938,6416_2206N명판_3,3,0.41230446100234985,606,340,0.6,
2EQ16938,3102_현상가압라벨_4,4,0.6551945805549622,412,4,1.05,
2EQ16938,3699_레버피스_4,4,0.6658676266670227,442,36,0.75,
2EQ16938,1525_▲▲▲라벨_5,5,0.9275436401367188,100,430,0.75,
2EQ16938,2917_코마_6,6,0.8592045903205872,916,546,0.6,
2EQ16938,1525_▲▲▲라벨_7,7,0.5879107713699341,472,568,0.6,
2EQ16938,0000_모듈러카바_8,8,0.5452212691307068,268,510,0.6,
2EQ16938,3780_전원스위치_9,9,0.7581173181533813,778,202,0.6,
2EQ16938,V242_카바라이트_10,10,0.7783137559890747,498,124,0.6,
2EQ16938,V242_카바라이트_11,11,0.7957285046577454,558,654,0.6,
2EQ16938,3779_압판스토퍼_12,12,0.5856974124908447,272,432,0.9,
2EQ16938,3779_압판스토퍼_14,14,0.7706945538520813,358,422,0.6,
2EQ16939,C551_토너라벨_1,1,0.39089858531951904,610,376,0.6,
2EQ16939,B793_Canon각인_2,2,0.4976928234100342,44,332,1.05,
2EQ16939,6416_2206N명판_3,3,0.4783158302307129,156,466,1.2,
2EQ16939,3102_현상가압라벨_4,4,0.642418622970581,514,126,0.6,
2EQ16939,3699_레버피스_4,4,0.6731151938438416,510,26,0.9,
2EQ16939,1525_▲▲▲라벨_5,5,0.9213460683822632,218,462,0.75,
2EQ16939,2917_코마_6,6,0.8647927045822144,872,554,0.6,
2EQ16939,1525_▲▲▲라벨_7,7,0.6320400238037109,562,580,0.9,
2EQ16939,0000_모듈러카바_8,8,0.5487836599349976,278,514,0.6,
2EQ16939,3780_전원스위치_9,9,0.7559928297996521,778,202,0.6,
2EQ16939,V242_카바라이트_10,10,0.7804076671600342,484,136,0.6,
2EQ16939,V242_카바라이트_11,11,0.7742102742195129,568,652,0.6,
2EQ16939,3779_압판스토퍼_12,12,0.582646369934082,144,482,0.9,
2EQ16939,3779_압판스토퍼_14,14,0.7677675485610962,622,308,0.6,
2EQ16940,C551_토너라벨_1,1,0.3501978814601898,462,330,0.6,
2EQ16940,B793_Canon각인_2,2,0.5587971806526184,60,298,1.05,
2EQ16940,6416_2206N명판_3,3,0.505183756351471,154,378,1.2,
2EQ16940,3102_현상가압라벨_4,4,0.6107402443885803,616,28,0.6,
2EQ16940,3699_레버피스_4,4,0.5768137574195862,444,512,0.6,
2EQ16940,1525_▲▲▲라벨_5,5,0.9208991527557373,810,234,0.6,
2EQ16940,2917_코마_6,6,0.8569474220275879,264,126,0.6,
2EQ16940,1525_▲▲▲라벨_7,7,0.5703679323196411,592,462,0.75,
2EQ16940,0000_모듈러카바_8,8,0.47679150104522705,306,498,0.6,
2EQ16940,3780_전원스위치_9,9,0.7538315653800964,778,202,0.6,
2EQ16940,V242_카바라이트_10,10,0.7771153450012207,478,130,0.6,
2EQ16940,V242_카바라이트_11,11,0.7989789843559265,562,658,0.6,
2EQ16940,3779_압판스토퍼_12,12,0.6324939131736755,422,18,0.9,
2EQ16940,3779_압판스토퍼_14,14,0.7392159700393677,472,300,0.6,
2EQ16941,C551_토너라벨_1,1,0.3131520748138428,488,270,0.6,
2EQ16941,B793_Canon각인_2,2,0.4217210114002228,8,302,1.05,
2EQ16941,6416_2206N명판_3,3,0.4422576427459717,530,326,0.6,
2EQ16941,3102_현상가압라벨_4,4,0.6103465557098389,676,16,0.6,
2EQ16941,3699_레버피스_4,4,0.5648100972175598,938,152,0.6,
2EQ16941,1525_▲▲▲라벨_5,5,0.9185342192649841,792,224,0.75,
2EQ16941,2917_코마_6,6,0.8392733931541443,48,592,0.6,
2EQ16941,1525_▲▲▲라벨_7,7,0.5955760478973389,492,556,0.6,
2EQ16941,0000_모듈러카바_8,8,0.5112453103065491,326,560,0.6,
2EQ16941,3780_전원스위치_9,9,0.7541421055793762,778,202,0.6,
2EQ16941,V242_카바라이트_10,10,0.7733879089355469,430,596,0.6,
2EQ16941,V242_카바라이트_11,11,0.7925917506217957,496,596,0.6,
2EQ16941,3779_압판스토퍼_12,12,0.5859329700469971,426,212,0.9,
2EQ16941,3779_압판스토퍼_14,14,0.761608362197876,222,170,0.75,
2EQ16942,C551_토너라벨_1,1,0.3474825918674469,508,292,0.6,
2EQ16942,B793_Canon각인_2,2,0.5561661124229431,18,342,1.05,
2EQ16942,6416_2206N명판_3,3,0.4767627418041229,180,438,1.2,
2EQ16942,3102_현상가압라벨_4,4,0.5888192653656006,814,280,0.6,
2EQ16942,3699_레버피스_4,4,0.5599959492683411,422,98,0.6,
2EQ16942,1525_▲▲▲라벨_5,5,0.9193856120109558,162,590,0.6,
2EQ16942,2917_코마_6,6,0.8400951027870178,910,606,0.6,
2EQ16942,1525_▲▲▲라벨_7,7,0.5686206221580505,612,562,0.9,
2EQ16942,0000_모듈러카바_8,8,0.5274129509925842,230,488,0.6,
2EQ16942,3780_전원스위치_9,9,0.7527484893798828,778,202,0.6,
2EQ16942,V242_카바라이트_10,10,0.7749799489974976,472,154,0.6,
2EQ16942,V242_카바라이트_11,11,0.7767187356948853,714,154,0.6,
2EQ16942,3779_압판스토퍼_12,12,0.5369887948036194,38,614,0.9,
2EQ16942,3779_압판스토퍼_14,14,0.721155047416687,226,186,0.75,
2EQ16943,C551_토너라벨_1,1,0.2999812960624695,148,228,0.6,
2EQ16943,B793_Canon각인_2,2,0.5454643964767456,52,398,1.05,
2EQ16943,6416_2206N명판_3,3,0.47651347517967224,206,350,1.2,
2EQ16943,3102_현상가압라벨_4,4,0.6533268690109253,444,0,0.6,
2EQ16943,3699_레버피스_4,4,0.6308416128158569,426,2,0.6,
2EQ16943,1525_▲▲▲라벨_5,5,0.9242345094680786,802,232,0.6,
2EQ16943,2917_코마_6,6,0.8716278076171875,702,142,0.6,
2EQ16943,1525_▲▲▲라벨_7,7,0.5597302913665771,586,512,0.75,
2EQ16943,0000_모듈러카바_8,8,0.4724607765674591,266,504,0.6,
2EQ16943,3780_전원스위치_9,9,0.7550798058509827,778,202,0.6,
2EQ16943,V242_카바라이트_10,10,0.7753224968910217,426,606,0.6,
2EQ16943,V242_카바라이트_11,11,0.7641949653625488,502,628,0.6,
2EQ16943,3779_압판스토퍼_12,12,0.5712700486183167,910,356,0.9,
2EQ16943,3779_압판스토퍼_14,14,0.7259598970413208,286,310,0.6,
2EQ16944,C551_토너라벨_1,1,0.356829434633255,576,406,0.6,
2EQ16944,B793_Canon각인_2,2,0.5049306750297546,40,310,1.05,
2EQ16944,6416_2206N명판_3,3,0.5419350266456604,136,326,1.2,
2EQ16944,3102_현상가압라벨_4,4,0.633342444896698,670,0,0.6,
2EQ16944,3699_레버피스_4,4,0.5489560961723328,360,468,1.2,
2EQ16944,1525_▲▲▲라벨_5,5,0.937694251537323,162,246,0.6,
2EQ16944,2917_코마_6,6,0.8423075675964355,790,216,0.6,
2EQ16944,1525_▲▲▲라벨_7,7,0.510022759437561,638,604,0.6,
2EQ16944,0000_모듈러카바_8,8,0.427543044090271,314,500,0.6,
2EQ16944,3780_전원스위치_9,9,0.758897066116333,780,202,0.6,
2EQ16944,V242_카바라이트_10,10,0.7791993021965027,424,594,0.6,
2EQ16944,V242_카바라이트_11,11,0.7733654975891113,536,626,0.6,
2EQ16944,3779_압판스토퍼_12,12,0.5892876386642456,752,102,0.9,
2EQ16944,3779_압판스토퍼_14,14,0.7584677338600159,356,372,0.6,
2EQ16945,C551_토너라벨_1,1,0.31959107518196106,454,396,0.6,
2EQ16945,B793_Canon각인_2,2,0.6026430726051331,36,312,1.05,
2EQ16945,6416_2206N명판_3,3,0.5247915983200073,258,434,1.2,
2EQ16945,3102_현상가압라벨_4,4,0.5978915691375732,368,86,0.6,
2EQ16945,3699_레버피스_4,4,0.6541571021080017,572,0,0.6,
2EQ16945,1525_▲▲▲라벨_5,5,0.9275662302970886,790,238,0.6,
2EQ16945,2917_코마_6,6,0.8659818768501282,214,672,0.6,
2EQ16945,1525_▲▲▲라벨_7,7,0.5112621188163757,326,118,0.9,
2EQ16945,0000_모듈러카바_8,8,0.6402413249015808,150,392,0.6,
2EQ16945,3780_전원스위치_9,9,0.7468693256378174,778,202,0.6,
2EQ16945,V242_카바라이트_10,10,0.7878121733665466,406,614,0.6,
2EQ16945,V242_카바라이트_11,11,0.7651671767234802,548,666,0.6,
2EQ16945,3779_압판스토퍼_12,12,0.6360738277435303,210,266,0.9,
2EQ16945,3779_압판스토퍼_14,14,0.7438414692878723,168,620,0.6,
2EQ16946,C551_토너라벨_1,1,0.3280560076236725,530,356,0.6,
2EQ16946,B793_Canon각인_2,2,0.5638132691383362,44,322,1.05,
2EQ16946,6416_2206N명판_3,3,0.4846053123474121,180,512,1.2,
2EQ16946,3102_현상가압라벨_4,4,0.6342258453369141,662,70,0.6,
2EQ16946,3699_레버피스_4,4,0.5732840299606323,694,426,0.75,
2EQ16946,1525_▲▲▲라벨_5,5,0.9185285568237305,228,416,0.6,
2EQ16946,2917_코마_6,6,0.8303390145301819,848,534,0.6,
2EQ16946,1525_▲▲▲라벨_7,7,0.6131174564361572,442,524,0.75,
2EQ16946,0000_모듈러카바_8,8,0.5054921507835388,290,522,0.6,
2EQ16946,3780_전원스위치_9,9,0.7590920925140381,278,484,0.6,
2EQ16946,V242_카바라이트_10,10,0.7791141867637634,478,128,0.6,
2EQ16946,V242_카바라이트_11,11,0.7354585528373718,490,658,0.6,
2EQ16946,3779_압판스토퍼_12,12,0.5907052159309387,316,178,0.9,
2EQ16946,3779_압판스토퍼_14,14,0.7428799271583557,220,582,0.6,
2EQ16947,C551_토너라벨_1,1,0.3381780982017517,630,402,0.6,
2EQ16947,B793_Canon각인_2,2,0.5448320508003235,18,380,1.05,
2EQ16947,6416_2206N명판_3,3,0.5054398775100708,196,468,1.2,
2EQ16947,3102_현상가압라벨_4,4,0.6550676226615906,668,70,0.6,
2EQ16947,3699_레버피스_4,4,0.5698938369750977,366,498,1.2,
2EQ16947,1525_▲▲▲라벨_5,5,0.9269062280654907,118,418,0.6,
2EQ16947,2917_코마_6,6,0.8321877121925354,228,180,0.6,
2EQ16947,1525_▲▲▲라벨_7,7,0.5293816924095154,320,46,0.9,
2EQ16947,0000_모듈러카바_8,8,0.5743919610977173,312,532,0.6,
2EQ16947,3780_전원스위치_9,9,0.762255072593689,780,202,0.6,
2EQ16947,V242_카바라이트_10,10,0.7788622975349426,476,138,0.6,
2EQ16947,V242_카바라이트_11,11,0.7626574039459229,488,660,0.6,
2EQ16947,3779_압판스토퍼_12,12,0.6132893562316895,484,62,0.9,
2EQ16947,3779_압판스토퍼_14,14,0.7620471715927124,358,350,0.75,
2EQ16948,C551_토너라벨_1,1,0.3204016387462616,500,354,0.6,
2EQ16948,B793_Canon각인_2,2,0.4642963707447052,24,386,1.05,
2EQ16948,6416_2206N명판_3,3,0.4504050314426422,290,286,1.2,
2EQ16948,3102_현상가압라벨_4,4,0.7064213752746582,520,10,0.6,
2EQ16948,3699_레버피스_4,4,0.6724132299423218,496,16,0.6,
2EQ16948,1525_▲▲▲라벨_5,5,0.9228981137275696,810,228,0.6,
2EQ16948,2917_코마_6,6,0.8483375310897827,934,594,0.6,
2EQ16948,1525_▲▲▲라벨_7,7,0.5818867683410645,512,568,0.75,
2EQ16948,0000_모듈러카바_8,8,0.48444879055023193,282,526,0.6,
2EQ16948,3780_전원스위치_9,9,0.7501416802406311,778,202,0.6,
2EQ16948,V242_카바라이트_10,10,0.7721750736236572,448,612,0.6,
2EQ16948,V242_카바라이트_11,11,0.7423689961433411,716,152,0.6,
2EQ16948,3779_압판스토퍼_12,12,0.5606939196586609,430,182,0.9,
2EQ16948,3779_압판스토퍼_14,14,0.7661423683166504,376,346,0.6,
2EQ16949,C551_토너라벨_1,1,0.35308703780174255,466,336,0.6,
2EQ16949,B793_Canon각인_2,2,0.5512874126434326,132,384,1.05,
2EQ16949,6416_2206N명판_3,3,0.4193188548088074,172,532,1.2,
2EQ16949,3102_현상가압라벨_4,4,0.6188252568244934,718,242,0.6,
2EQ16949,3699_레버피스_4,4,0.5789241194725037,368,474,1.05,
2EQ16949,1525_▲▲▲라벨_5,5,0.9365429878234863,602,26,0.6,
2EQ16949,2917_코마_6,6,0.8426974415779114,608,158,0.6,
2EQ16949,1525_▲▲▲라벨_7,7,0.5356341004371643,710,186,0.75,
2EQ16949,0000_모듈러카바_8,8,0.4576515257358551,192,502,0.6,
2EQ16949,3780_전원스위치_9,9,0.7589103579521179,780,204,0.6,
2EQ16949,V242_카바라이트_10,10,0.7772971391677856,426,592,0.6,
2EQ16949,V242_카바라이트_11,11,0.7318469285964966,572,640,0.6,
2EQ16949,3779_압판스토퍼_12,12,0.6028609871864319,856,248,0.9,
2EQ16949,3779_압판스토퍼_14,14,0.7442752122879028,254,202,0.75,
2EQ16950,C551_토너라벨_1,1,0.30683663487434387,146,228,0.6,
2EQ16950,B793_Canon각인_2,2,0.5889263153076172,62,310,1.05,
2EQ16950,6416_2206N명판_3,3,0.41399553418159485,706,650,0.6,
2EQ16950,3102_현상가압라벨_4,4,0.6570836305618286,624,42,0.6,
2EQ16950,3699_레버피스_4,4,0.6785463690757751,418,48,0.6,
2EQ16950,1525_▲▲▲라벨_5,5,0.9160829186439514,210,472,0.6,
2EQ16950,2917_코마_6,6,0.8596173524856567,914,532,0.6,
2EQ16950,1525_▲▲▲라벨_7,7,0.5531141757965088,508,540,0.75,
2EQ16950,0000_모듈러카바_8,8,0.43670716881752014,234,512,0.6,
2EQ16950,3780_전원스위치_9,9,0.7562552690505981,780,202,0.6,
2EQ16950,V242_카바라이트_10,10,0.785040557384491,424,600,0.6,
2EQ16950,V242_카바라이트_11,11,0.7786887884140015,716,146,0.6,
2EQ16950,3779_압판스토퍼_12,12,0.5972115397453308,562,222,0.9,
2EQ16950,3779_압판스토퍼_14,14,0.7583838701248169,212,176,0.6,
2EQ16951,C551_토너라벨_1,1,0.3462121784687042,572,322,0.6,
2EQ16951,B793_Canon각인_2,2,0.5201257467269897,32,400,1.05,
2EQ16951,6416_2206N명판_3,3,0.4011960029602051,706,652,0.6,
2EQ16951,3102_현상가압라벨_4,4,0.5988495349884033,654,26,0.6,
2EQ16951,3699_레버피스_4,4,0.559781014919281,678,4,0.6,
2EQ16951,1525_▲▲▲라벨_5,5,0.9251118898391724,146,416,0.6,
2EQ16951,2917_코마_6,6,0.8556033372879028,806,382,0.6,
2EQ16951,1525_▲▲▲라벨_7,7,0.5375468134880066,276,42,0.9,
2EQ16951,0000_모듈러카바_8,8,0.5634264945983887,214,386,0.6,
2EQ16951,3780_전원스위치_9,9,0.7573978304862976,226,366,0.6,
2EQ16951,V242_카바라이트_10,10,0.7856766581535339,402,616,0.6,
2EQ16951,V242_카바라이트_11,11,0.7717946171760559,554,666,0.6,
2EQ16951,3779_압판스토퍼_12,12,0.8290449380874634,292,414,0.6,
2EQ16951,3779_압판스토퍼_14,14,0.7287229299545288,446,274,0.6,
2EQ16952,C551_토너라벨_1,1,0.34629106521606445,584,404,0.6,
2EQ16952,B793_Canon각인_2,2,0.46737903356552124,14,302,1.05,
2EQ16952,6416_2206N명판_3,3,0.5381783843040466,170,382,1.2,
2EQ16952,3102_현상가압라벨_4,4,0.598825216293335,760,28,0.6,
2EQ16952,3699_레버피스_4,4,0.5832958221435547,754,24,0.75,
2EQ16952,1525_▲▲▲라벨_5,5,0.9161688089370728,228,410,0.6,
2EQ16952,2917_코마_6,6,0.8345806002616882,682,404,0.6,
2EQ16952,1525_▲▲▲라벨_7,7,0.5636754035949707,728,198,0.6,
2EQ16952,0000_모듈러카바_8,8,0.4914685785770416,190,510,0.6,
2EQ16952,3780_전원스위치_9,9,0.7536953687667847,778,202,0.6,
2EQ16952,V242_카바라이트_10,10,0.7919076085090637,498,150,0.6,
2EQ16952,V242_카바라이트_11,11,0.7200706601142883,720,510,0.6,
2EQ16952,3779_압판스토퍼_12,12,0.6455321311950684,276,226,0.9,
2EQ16952,3779_압판스토퍼_14,14,0.7263091206550598,852,628,0.6,
2EQ16953,C551_토너라벨_1,1,0.32033592462539673,566,422,0.6,
2EQ16953,B793_Canon각인_2,2,0.494991660118103,44,316,1.05,
2EQ16953,6416_2206N명판_3,3,0.4801153242588043,212,298,1.2,
2EQ16953,3102_현상가압라벨_4,4,0.7025119066238403,552,6,0.6,
2EQ16953,3699_레버피스_4,4,0.6417896151542664,536,10,0.6,
2EQ16953,1525_▲▲▲라벨_5,5,0.9241917133331299,806,228,0.6,
2EQ16953,2917_코마_6,6,0.8518500924110413,926,592,0.6,
2EQ16953,1525_▲▲▲라벨_7,7,0.5552896857261658,504,542,0.75,
2EQ16953,0000_모듈러카바_8,8,0.4272683560848236,236,486,0.6,
2EQ16953,3780_전원스위치_9,9,0.7568551898002625,780,202,0.6,
2EQ16953,V242_카바라이트_10,10,0.7846007943153381,432,600,0.6,
2EQ16953,V242_카바라이트_11,11,0.7923229932785034,562,658,0.6,
2EQ16953,3779_압판스토퍼_12,12,0.5672581791877747,722,150,0.9,
2EQ16953,3779_압판스토퍼_14,14,0.7679540514945984,482,190,0.75,
2EQ16954,C551_토너라벨_1,1,0.31416767835617065,434,298,0.6,
2EQ16954,B793_Canon각인_2,2,0.5191209316253662,30,326,1.05,
2EQ16954,6416_2206N명판_3,3,0.4781530201435089,182,318,1.2,
2EQ16954,3102_현상가압라벨_4,4,0.6213046312332153,606,72,0.6,
2EQ16954,3699_레버피스_4,4,0.6335013508796692,236,16,0.6,
2EQ16954,1525_▲▲▲라벨_5,5,0.9255327582359314,206,488,0.75,
2EQ16954,2917_코마_6,6,0.8227061033248901,850,578,0.6,
2EQ16954,1525_▲▲▲라벨_7,7,0.5675004124641418,564,526,0.9,
2EQ16954,0000_모듈러카바_8,8,0.4443625211715698,216,522,0.6,
2EQ16954,3780_전원스위치_9,9,0.7518050670623779,778,202,0.6,
2EQ16954,V242_카바라이트_10,10,0.7836361527442932,472,158,0.6,
2EQ16954,V242_카바라이트_11,11,0.7869285941123962,560,658,0.6,
2EQ16954,3779_압판스토퍼_12,12,0.5451050400733948,200,554,0.9,
2EQ16954,3779_압판스토퍼_14,14,0.7418073415756226,410,432,0.6,
2EQ16955,C551_토너라벨_1,1,0.3830128014087677,484,342,0.6,
2EQ16955,B793_Canon각인_2,2,0.5561639070510864,56,380,1.05,
2EQ16955,6416_2206N명판_3,3,0.40433648228645325,710,650,0.6,
2EQ16955,3102_현상가압라벨_4,4,0.6431148648262024,660,16,0.6,
2EQ16955,3699_레버피스_4,4,0.6172128319740295,288,196,0.6,
2EQ16955,1525_▲▲▲라벨_5,5,0.9187750220298767,142,432,0.6,
2EQ16955,2917_코마_6,6,0.8834164142608643,672,412,0.6,
2EQ16955,1525_▲▲▲라벨_7,7,0.5559340715408325,318,432,0.75,
2EQ16955,0000_모듈러카바_8,8,0.49289605021476746,246,536,0.6,
2EQ16955,3780_전원스위치_9,9,0.7556485533714294,778,204,0.6,
2EQ16955,V242_카바라이트_10,10,0.7796949744224548,474,138,0.6,
2EQ16955,V242_카바라이트_11,11,0.7863603830337524,504,650,0.6,
2EQ16955,3779_압판스토퍼_12,12,0.587297797203064,768,86,0.9,
2EQ16955,3779_압판스토퍼_14,14,0.7593989968299866,536,324,0.75,
2EQ16956,C551_토너라벨_1,1,0.31983885169029236,524,342,0.6,
2EQ16956,B793_Canon각인_2,2,0.4919300973415375,74,312,1.05,
2EQ16956,6416_2206N명판_3,3,0.40978628396987915,706,652,0.6,
2EQ16956,3102_현상가압라벨_4,4,0.6884470582008362,618,20,0.6,
2EQ16956,3699_레버피스_4,4,0.6559744477272034,618,22,0.6,
2EQ16956,1525_▲▲▲라벨_5,5,0.9232162833213806,800,230,0.6,
2EQ16956,2917_코마_6,6,0.8498221635818481,700,556,0.6,
2EQ16956,1525_▲▲▲라벨_7,7,0.5725058317184448,520,538,0.75,
2EQ16956,0000_모듈러카바_8,8,0.458629846572876,314,528,0.6,
2EQ16956,3780_전원스위치_9,9,0.7550866603851318,780,202,0.6,
2EQ16956,V242_카바라이트_10,10,0.7803213596343994,478,136,0.6,
2EQ16956,V242_카바라이트_11,11,0.7675467729568481,556,652,0.6,
2EQ16956,3779_압판스토퍼_12,12,0.6277610063552856,632,138,0.6,
2EQ16956,3779_압판스토퍼_14,14,0.7477982044219971,458,210,0.75,
2EQ16957,C551_토너라벨_1,1,0.3251677453517914,570,510,0.6,
2EQ16957,B793_Canon각인_2,2,0.593414306640625,124,374,1.05,
2EQ16957,6416_2206N명판_3,3,0.4360392987728119,216,476,1.2,
2EQ16957,3102_현상가압라벨_4,4,0.6100886464118958,656,34,0.6,
2EQ16957,3699_레버피스_4,4,0.586023211479187,360,472,1.2,
2EQ16957,1525_▲▲▲라벨_5,5,0.9303857684135437,700,244,0.6,
2EQ16957,2917_코마_6,6,0.8310458064079285,682,296,0.6,
2EQ16957,1525_▲▲▲라벨_7,7,0.5705559849739075,524,586,0.75,
2EQ16957,0000_모듈러카바_8,8,0.4535413682460785,316,536,0.6,
2EQ16957,3780_전원스위치_9,9,0.7545843720436096,780,202,0.6,
2EQ16957,V242_카바라이트_10,10,0.7815402150154114,478,136,0.6,
2EQ16957,V242_카바라이트_11,11,0.7810453772544861,572,652,0.6,
2EQ16957,3779_압판스토퍼_12,12,0.5939652323722839,742,124,0.9,
2EQ16957,3779_압판스토퍼_14,14,0.7608305215835571,430,336,0.6,
2EQ16958,C551_토너라벨_1,1,0.37918680906295776,532,250,0.6,
2EQ16958,B793_Canon각인_2,2,0.5548613667488098,88,238,1.05,
2EQ16958,6416_2206N명판_3,3,0.44970351457595825,190,378,1.2,
2EQ16958,3102_현상가압라벨_4,4,0.6378620862960815,756,566,0.6,
2EQ16958,3699_레버피스_4,4,0.6328215599060059,312,36,0.9,
2EQ16958,1525_▲▲▲라벨_5,5,0.9178882241249084,154,388,0.6,
2EQ16958,2917_코마_6,6,0.8302423357963562,800,226,0.6,
2EQ16958,1525_▲▲▲라벨_7,7,0.5482562184333801,0,608,0.6,
2EQ16958,0000_모듈러카바_8,8,0.6730756163597107,312,584,0.6,
2EQ16958,3780_전원스위치_9,9,0.7612180709838867,316,426,0.6,
2EQ16958,V242_카바라이트_10,10,0.7825642228126526,478,134,0.6,
2EQ16958,V242_카바라이트_11,11,0.7795364260673523,566,658,0.6,
2EQ16958,3779_압판스토퍼_12,12,0.5477315187454224,420,102,0.9,
2EQ16958,3779_압판스토퍼_14,14,0.7610018253326416,214,176,0.6,
2EQ16959,C551_토너라벨_1,1,0.37655794620513916,284,316,0.6,
2EQ16959,B793_Canon각인_2,2,0.5438491702079773,36,344,1.05,
2EQ16959,6416_2206N명판_3,3,0.4493522644042969,190,470,1.2,
2EQ16959,3102_현상가압라벨_4,4,0.6406774520874023,660,80,0.6,
2EQ16959,3699_레버피스_4,4,0.566588819026947,362,498,1.2,
2EQ16959,1525_▲▲▲라벨_5,5,0.9239749908447266,86,418,0.75,
2EQ16959,2917_코마_6,6,0.8581104874610901,938,558,0.6,
2EQ16959,1525_▲▲▲라벨_7,7,0.5954412221908569,518,522,0.75,
2EQ16959,0000_모듈러카바_8,8,0.5232813954353333,286,530,0.6,
2EQ16959,3780_전원스위치_9,9,0.7567251324653625,780,202,0.6,
2EQ16959,V242_카바라이트_10,10,0.7874472737312317,476,140,0.6,
2EQ16959,V242_카바라이트_11,11,0.7825479507446289,570,648,0.6,
2EQ16959,3779_압판스토퍼_12,12,0.5976077914237976,352,200,0.9,
2EQ16959,3779_압판스토퍼_14,14,0.7493936419487,474,286,0.6,
2EQ16960,C551_토너라벨_1,1,0.39808979630470276,456,348,0.6,
2EQ16960,B793_Canon각인_2,2,0.5654032826423645,30,416,1.05,
2EQ16960,6416_2206N명판_3,3,0.5035838484764099,174,342,1.2,
2EQ16960,3102_현상가압라벨_4,4,0.6263986825942993,624,462,0.6,
2EQ16960,3699_레버피스_4,4,0.6093266606330872,260,162,0.6,
2EQ16960,1525_▲▲▲라벨_5,5,0.9289553761482239,194,412,0.6,
2EQ16960,2917_코마_6,6,0.8731256723403931,170,48,0.6,
2EQ16960,1525_▲▲▲라벨_7,7,0.5221924185752869,550,138,0.9,
2EQ16960,0000_모듈러카바_8,8,0.4364725351333618,200,412,0.6,
2EQ16960,3780_전원스위치_9,9,0.7613806128501892,222,416,0.6,
2EQ16960,V242_카바라이트_10,10,0.7919602990150452,416,634,0.6,
2EQ16960,V242_카바라이트_11,11,0.7375797629356384,566,662,0.6,
2EQ16960,3779_압판스토퍼_12,12,0.6701226830482483,600,358,0.6,
2EQ16960,3779_압판스토퍼_14,14,0.734652578830719,554,462,0.6,
2EQ16961,C551_토너라벨_1,1,0.3500055968761444,504,414,0.6,
2EQ16961,B793_Canon각인_2,2,0.5393084287643433,80,316,1.05,
2EQ16961,6416_2206N명판_3,3,0.4520709812641144,88,346,1.2,
2EQ16961,3102_현상가압라벨_4,4,0.5998900532722473,662,96,0.6,
2EQ16961,3699_레버피스_4,4,0.6110320091247559,750,46,0.75,
2EQ16961,1525_▲▲▲라벨_5,5,0.9119967818260193,302,424,0.6,
2EQ16961,2917_코마_6,6,0.867161750793457,290,100,0.6,
2EQ16961,1525_▲▲▲라벨_7,7,0.5664003491401672,462,486,0.9,
2EQ16961,0000_모듈러카바_8,8,0.6261086463928223,248,426,0.6,
2EQ16961,3780_전원스위치_9,9,0.7426648736000061,782,202,0.6,
2EQ16961,V242_카바라이트_10,10,0.7800877690315247,456,624,0.6,
2EQ16961,V242_카바라이트_11,11,0.7508646249771118,566,634,0.6,
2EQ16961,3779_압판스토퍼_12,12,0.6866809129714966,732,432,0.75,
2EQ16961,3779_압판스토퍼_14,14,0.7329240441322327,286,238,0.75,
2EQ16962,C551_토너라벨_1,1,0.3296370208263397,208,160,1.05,
2EQ16962,B793_Canon각인_2,2,0.5552962422370911,22,328,1.05,
2EQ16962,6416_2206N명판_3,3,0.4376179873943329,322,314,1.2,
2EQ16962,3102_현상가압라벨_4,4,0.7250987887382507,576,36,0.6,
2EQ16962,3699_레버피스_4,4,0.6781099438667297,554,40,0.6,
2EQ16962,1525_▲▲▲라벨_5,5,0.9306579232215881,804,230,0.6,
2EQ16962,2917_코마_6,6,0.8488521575927734,922,562,0.6,
2EQ16962,1525_▲▲▲라벨_7,7,0.5899645686149597,508,572,0.75,
2EQ16962,0000_모듈러카바_8,8,0.5376070737838745,270,486,0.6,
2EQ16962,3780_전원스위치_9,9,0.7562828660011292,780,202,0.6,
2EQ16962,V242_카바라이트_10,10,0.7837360501289368,428,600,0.6,
2EQ16962,V242_카바라이트_11,11,0.7864396572113037,562,650,0.6,
2EQ16962,3779_압판스토퍼_12,12,0.5427141189575195,56,604,0.9,
2EQ16962,3779_압판스토퍼_14,14,0.7423194646835327,220,190,0.6,
2EQ16963,C551_토너라벨_1,1,0.40206509828567505,514,342,0.6,
2EQ16963,B793_Canon각인_2,2,0.5594376921653748,76,252,1.05,
2EQ16963,6416_2206N명판_3,3,0.4732891619205475,134,394,1.2,
2EQ16963,3102_현상가압라벨_4,4,0.6329933404922485,668,36,0.6,
2EQ16963,3699_레버피스_4,4,0.5900173187255859,696,6,0.6,
2EQ16963,1525_▲▲▲라벨_5,5,0.9270718097686768,794,226,0.75,
2EQ16963,2917_코마_6,6,0.8358749747276306,874,586,0.6,
2EQ16963,1525_▲▲▲라벨_7,7,0.5631847977638245,502,508,0.6,
2EQ16963,0000_모듈러카바_8,8,0.4967402517795563,270,464,0.6,
2EQ16963,3780_전원스위치_9,9,0.7571866512298584,780,202,0.6,
2EQ16963,V242_카바라이트_10,10,0.7785665392875671,438,598,0.6,
2EQ16963,V242_카바라이트_11,11,0.7951629161834717,506,634,0.6,
2EQ16963,3779_압판스토퍼_12,12,0.5606598258018494,534,74,0.9,
2EQ16963,3779_압판스토퍼_14,14,0.7446682453155518,336,418,0.6,
2EQ16964,C551_토너라벨_1,1,0.3347170054912567,526,300,0.6,
2EQ16964,B793_Canon각인_2,2,0.5141534209251404,10,314,1.05,
2EQ16964,6416_2206N명판_3,3,0.5231372714042664,256,414,1.2,
2EQ16964,3102_현상가압라벨_4,4,0.6144616007804871,694,256,0.6,
2EQ16964,3699_레버피스_4,4,0.5633213520050049,364,462,1.2,
2EQ16964,1525_▲▲▲라벨_5,5,0.9192684292793274,158,418,0.6,
2EQ16964,2917_코마_6,6,0.8690351843833923,674,102,0.6,
2EQ16964,1525_▲▲▲라벨_7,7,0.534444272518158,406,258,0.75,
2EQ16964,0000_모듈러카바_8,8,0.47866758704185486,340,494,0.6,
2EQ16964,3780_전원스위치_9,9,0.7516953945159912,780,202,0.6,
2EQ16964,V242_카바라이트_10,10,0.7810214757919312,422,592,0.6,
2EQ16964,V242_카바라이트_11,11,0.779011070728302,500,646,0.6,
2EQ16964,3779_압판스토퍼_12,12,0.5671838521957397,752,122,0.9,
2EQ16964,3779_압판스토퍼_14,14,0.7544485926628113,470,326,0.6,
2EQ16965,C551_토너라벨_1,1,0.3131333291530609,462,414,0.6,
2EQ16965,B793_Canon각인_2,2,0.5472037196159363,0,364,1.05,
2EQ16965,6416_2206N명판_3,3,0.4861191213130951,260,322,1.2,
2EQ16965,3102_현상가압라벨_4,4,0.6330344676971436,526,42,0.6,
2EQ16965,3699_레버피스_4,4,0.6300027966499329,296,22,0.9,
2EQ16965,1525_▲▲▲라벨_5,5,0.9233989715576172,234,460,0.6,
2EQ16965,2917_코마_6,6,0.8733812570571899,834,562,0.6,
2EQ16965,1525_▲▲▲라벨_7,7,0.5510861873626709,516,532,0.75,
2EQ16965,0000_모듈러카바_8,8,0.5078521966934204,244,512,0.6,
2EQ16965,3780_전원스위치_9,9,0.7558695077896118,780,202,0.6,
2EQ16965,V242_카바라이트_10,10,0.7735152244567871,432,606,0.6,
2EQ16965,V242_카바라이트_11,11,0.7778850197792053,718,142,0.6,
2EQ16965,3779_압판스토퍼_12,12,0.5584093332290649,806,20,0.9,
2EQ16965,3779_압판스토퍼_14,14,0.7404417991638184,210,176,0.6,
2EQ16966,C551_토너라벨_1,1,0.40899884700775146,490,374,0.6,
2EQ16966,B793_Canon각인_2,2,0.5685414671897888,24,328,1.05,
2EQ16966,6416_2206N명판_3,3,0.4228113293647766,176,424,1.2,
2EQ16966,3102_현상가압라벨_4,4,0.5979114770889282,830,278,0.6,
2EQ16966,3699_레버피스_4,4,0.5603348612785339,782,388,0.6,
2EQ16966,1525_▲▲▲라벨_5,5,0.927276611328125,804,230,0.6,
2EQ16966,2917_코마_6,6,0.8380589485168457,832,544,0.6,
2EQ16966,1525_▲▲▲라벨_7,7,0.5592285990715027,436,530,0.9,
2EQ16966,0000_모듈러카바_8,8,0.48868000507354736,280,522,0.6,
2EQ16966,3780_전원스위치_9,9,0.7546162605285645,780,202,0.6,
2EQ16966,V242_카바라이트_10,10,0.7821586728096008,444,596,0.6,
2EQ16966,V242_카바라이트_11,11,0.7772547602653503,504,646,0.6,
2EQ16966,3779_압판스토퍼_12,12,0.5845791697502136,752,104,0.9,
2EQ16966,3779_압판스토퍼_14,14,0.7616797685623169,362,352,0.6,
2EQ16967,C551_토너라벨_1,1,0.3509441912174225,458,322,0.6,
2EQ16967,B793_Canon각인_2,2,0.5485342741012573,74,286,1.05,
2EQ16967,6416_2206N명판_3,3,0.43901339173316956,152,414,1.2,
2EQ16967,3102_현상가압라벨_4,4,0.6524853110313416,650,48,0.6,
2EQ16967,3699_레버피스_4,4,0.5648792386054993,366,478,1.2,
2EQ16967,1525_▲▲▲라벨_5,5,0.9204636812210083,242,410,0.6,
2EQ16967,2917_코마_6,6,0.8514013290405273,462,540,0.6,
2EQ16967,1525_▲▲▲라벨_7,7,0.5456178784370422,724,98,0.9,
2EQ16967,0000_모듈러카바_8,8,0.5259105563163757,294,560,0.6,
2EQ16967,3780_전원스위치_9,9,0.7563012838363647,780,202,0.6,
2EQ16967,V242_카바라이트_10,10,0.7863304615020752,488,146,0.6,
2EQ16967,V242_카바라이트_11,11,0.7759296298027039,510,630,0.6,
2EQ16967,3779_압판스토퍼_12,12,0.5871211886405945,834,44,0.9,
2EQ16967,3779_압판스토퍼_14,14,0.7376520037651062,488,288,0.6,
2EQ16968,C551_토너라벨_1,1,0.3038063645362854,148,228,0.6,
2EQ16968,B793_Canon각인_2,2,0.5108143091201782,128,192,1.05,
2EQ16968,6416_2206N명판_3,3,0.41497156023979187,324,322,1.2,
2EQ16968,3102_현상가압라벨_4,4,0.6802751421928406,644,24,0.6,
2EQ16968,3699_레버피스_4,4,0.6873103976249695,458,34,0.6,
2EQ16968,1525_▲▲▲라벨_5,5,0.9241538047790527,796,228,0.6,
2EQ16968,2917_코마_6,6,0.853521466255188,898,606,0.6,
2EQ16968,1525_▲▲▲라벨_7,7,0.5501428842544556,524,476,0.9,
2EQ16968,0000_모듈러카바_8,8,0.42735230922698975,276,564,0.6,
2EQ16968,3780_전원스위치_9,9,0.7552605271339417,780,202,0.6,
2EQ16968,V242_카바라이트_10,10,0.7762525081634521,434,606,0.6,
2EQ16968,V242_카바라이트_11,11,0.7813551425933838,568,658,0.6,
2EQ16968,3779_압판스토퍼_12,12,0.5807735323905945,188,458,0.9,
2EQ16968,3779_압판스토퍼_14,14,0.7533133029937744,214,178,0.75,
2EQ16969,C551_토너라벨_1,1,0.3500690460205078,494,252,0.6,
2EQ16969,B793_Canon각인_2,2,0.48223140835762024,34,322,1.05,
2EQ16969,6416_2206N명판_3,3,0.43237149715423584,530,290,0.75,
2EQ16969,3102_현상가압라벨_4,4,0.7165254354476929,558,14,0.6,
2EQ16969,3699_레버피스_4,4,0.6743143200874329,536,18,0.6,
2EQ16969,1525_▲▲▲라벨_5,5,0.9222086668014526,130,486,0.6,
2EQ16969,2917_코마_6,6,0.8534948229789734,928,560,0.6,
2EQ16969,1525_▲▲▲라벨_7,7,0.5875517129898071,448,544,0.75,
2EQ16969,0000_모듈러카바_8,8,0.535785973072052,260,468,0.6,
2EQ16969,3780_전원스위치_9,9,0.7548638582229614,780,202,0.6,
2EQ16969,V242_카바라이트_10,10,0.7845531105995178,432,606,0.6,
2EQ16969,V242_카바라이트_11,11,0.7715440988540649,562,650,0.6,
2EQ16969,3779_압판스토퍼_12,12,0.5736337900161743,548,246,0.9,
2EQ16969,3779_압판스토퍼_14,14,0.7395262122154236,850,434,0.6,
2EQ16970,C551_토너라벨_1,1,0.3574455976486206,616,436,0.6,
2EQ16970,B793_Canon각인_2,2,0.5690450668334961,90,308,1.05,
2EQ16970,6416_2206N명판_3,3,0.4097612798213959,140,444,1.2,
2EQ16970,3102_현상가압라벨_4,4,0.6238783597946167,664,0,0.6,
2EQ16970,3699_레버피스_4,4,0.6652973890304565,280,176,0.6,
2EQ16970,1525_▲▲▲라벨_5,5,0.9247113466262817,798,230,0.6,
2EQ16970,2917_코마_6,6,0.8477819561958313,240,194,0.6,
2EQ16970,1525_▲▲▲라벨_7,7,0.5572056174278259,498,528,0.75,
2EQ16970,0000_모듈러카바_8,8,0.4757154583930969,724,534,0.6,
2EQ16970,3780_전원스위치_9,9,0.7547024488449097,780,202,0.6,
2EQ16970,V242_카바라이트_10,10,0.7630301713943481,484,132,0.6,
2EQ16970,V242_카바라이트_11,11,0.7884372472763062,504,642,0.6,
2EQ16970,3779_압판스토퍼_12,12,0.5143429636955261,126,502,0.9,
2EQ16970,3779_압판스토퍼_14,14,0.7494018077850342,594,164,0.6,
2EQ16971,C551_토너라벨_1,1,0.3194093406200409,544,378,0.6,
2EQ16971,B793_Canon각인_2,2,0.5877086520195007,40,326,1.05,
2EQ16971,6416_2206N명판_3,3,0.45075446367263794,244,358,1.2,
2EQ16971,3102_현상가압라벨_4,4,0.691376805305481,644,22,0.6,
2EQ16971,3699_레버피스_4,4,0.6456844806671143,648,24,0.6,
2EQ16971,1525_▲▲▲라벨_5,5,0.9243286848068237,160,236,0.6,
2EQ16971,2917_코마_6,6,0.8429153561592102,702,588,0.6,
2EQ16971,1525_▲▲▲라벨_7,7,0.5826606154441833,520,502,0.75,
2EQ16971,0000_모듈러카바_8,8,0.490255206823349,306,508,0.6,
2EQ16971,3780_전원스위치_9,9,0.7531681656837463,780,202,0.6,
2EQ16971,V242_카바라이트_10,10,0.7806843519210815,474,136,0.6,
2EQ16971,V242_카바라이트_11,11,0.775128960609436,564,660,0.6,
2EQ16971,3779_압판스토퍼_12,12,0.5794174075126648,932,264,0.9,
2EQ16971,3779_압판스토퍼_14,14,0.7286615371704102,388,90,0.75,
2EQ16972,C551_토너라벨_1,1,0.37016308307647705,568,268,0.6,
2EQ16972,B793_Canon각인_2,2,0.545822262763977,54,338,1.05,
2EQ16972,6416_2206N명판_3,3,0.4325766861438751,130,340,1.2,
2EQ16972,3102_현상가압라벨_4,4,0.6229526400566101,714,278,0.6,
2EQ16972,3699_레버피스_4,4,0.5463430881500244,360,472,1.2,
2EQ16972,1525_▲▲▲라벨_5,5,0.9221720695495605,270,420,0.6,
2EQ16972,2917_코마_6,6,0.8681042194366455,420,90,0.6,
2EQ16972,1525_▲▲▲라벨_7,7,0.5289141535758972,306,242,0.9,
2EQ16972,0000_모듈러카바_8,8,0.48302021622657776,308,482,0.6,
2EQ16972,3780_전원스위치_9,9,0.7515519261360168,778,204,0.6,
2EQ16972,V242_카바라이트_10,10,0.7873708009719849,476,142,0.6,
2EQ16972,V242_카바라이트_11,11,0.7819869518280029,504,642,0.6,
2EQ16972,3779_압판스토퍼_12,12,0.5565118789672852,902,378,0.9,
2EQ16972,3779_압판스토퍼_14,14,0.7384989857673645,520,166,0.75,
2EQ16974,C551_토너라벨_1,1,0.33134782314300537,534,438,0.6,
2EQ16974,B793_Canon각인_2,2,0.47890180349349976,38,352,1.05,
2EQ16974,6416_2206N명판_3,3,0.4414236545562744,568,282,0.6,
2EQ16974,3102_현상가압라벨_4,4,0.6274511218070984,504,140,0.75,
2EQ16974,3699_레버피스_4,4,0.653192400932312,698,130,0.6,
2EQ16974,1525_▲▲▲라벨_5,5,0.928727924823761,198,460,0.75,
2EQ16974,2917_코마_6,6,0.876087486743927,916,548,0.6,
2EQ16974,1525_▲▲▲라벨_7,7,0.5667509436607361,514,490,0.9,
2EQ16974,0000_모듈러카바_8,8,0.4537482261657715,312,554,0.6,
2EQ16974,3780_전원스위치_9,9,0.751738429069519,778,202,0.6,
2EQ16974,V242_카바라이트_10,10,0.7809016108512878,484,134,0.6,
2EQ16974,V242_카바라이트_11,11,0.7448087334632874,716,154,0.6,
2EQ16974,3779_압판스토퍼_12,12,0.5519184470176697,170,508,0.9,
2EQ16974,3779_압판스토퍼_14,14,0.7414935827255249,224,184,0.75,
2EQ16975,C551_토너라벨_1,1,0.3149290382862091,478,376,0.6,
2EQ16975,B793_Canon각인_2,2,0.49846747517585754,30,356,1.05,
2EQ16975,6416_2206N명판_3,3,0.4488361179828644,322,304,1.2,
2EQ16975,3102_현상가압라벨_4,4,0.6255981922149658,578,92,0.6,
2EQ16975,3699_레버피스_4,4,0.6289954781532288,578,0,0.6,
2EQ16975,1525_▲▲▲라벨_5,5,0.9184814691543579,326,436,0.6,
2EQ16975,2917_코마_6,6,0.8648005127906799,920,592,0.6,
2EQ16975,1525_▲▲▲라벨_7,7,0.5910527110099792,546,490,0.9,
2EQ16975,0000_모듈러카바_8,8,0.48257800936698914,246,536,0.6,
2EQ16975,3780_전원스위치_9,9,0.7494577765464783,780,204,0.6,
2EQ16975,V242_카바라이트_10,10,0.7827222347259521,472,150,0.6,
2EQ16975,V242_카바라이트_11,11,0.7785245180130005,504,642,0.6,
2EQ16975,3779_압판스토퍼_12,12,0.5251392126083374,64,612,0.9,
2EQ16975,3779_압판스토퍼_14,14,0.7683227062225342,538,220,0.6,
2EQ16976,C551_토너라벨_1,1,0.3126412034034729,538,346,0.6,
2EQ16976,B793_Canon각인_2,2,0.5444936156272888,24,298,1.05,
2EQ16976,6416_2206N명판_3,3,0.4930677115917206,198,340,1.2,
2EQ16976,3102_현상가압라벨_4,4,0.6438594460487366,642,0,0.6,
2EQ16976,3699_레버피스_4,4,0.5267282724380493,216,602,0.6,
2EQ16976,1525_▲▲▲라벨_5,5,0.9209019541740417,796,226,0.75,
2EQ16976,2917_코마_6,6,0.870636522769928,906,588,0.6,
2EQ16976,1525_▲▲▲라벨_7,7,0.6112560629844666,498,498,0.75,
2EQ16976,0000_모듈러카바_8,8,0.5589306354522705,222,474,0.6,
2EQ16976,3780_전원스위치_9,9,0.7669568657875061,336,460,0.6,
2EQ16976,V242_카바라이트_10,10,0.780853807926178,430,598,0.6,
2EQ16976,V242_카바라이트_11,11,0.7711130976676941,460,652,0.6,
2EQ16976,3779_압판스토퍼_12,12,0.5872859954833984,308,172,0.9,
2EQ16976,3779_압판스토퍼_14,14,0.7561292052268982,212,180,0.6,
2EQ16977,C551_토너라벨_1,1,0.3211250603199005,210,130,1.05,
2EQ16977,B793_Canon각인_2,2,0.5491108298301697,2,292,1.05,
2EQ16977,6416_2206N명판_3,3,0.4987455904483795,266,376,1.2,
2EQ16977,3102_현상가압라벨_4,4,0.6253827810287476,594,82,0.6,
2EQ16977,3699_레버피스_4,4,0.609229564666748,496,2,0.6,
2EQ16977,1525_▲▲▲라벨_5,5,0.9251971244812012,408,440,0.75,
2EQ16977,2917_코마_6,6,0.8551515936851501,840,306,0.6,
2EQ16977,1525_▲▲▲라벨_7,7,0.5548273921012878,242,174,0.6,
2EQ16977,0000_모듈러카바_8,8,0.5749513506889343,300,528,0.6,
2EQ16977,3780_전원스위치_9,9,0.7555497288703918,780,202,0.6,
2EQ16977,V242_카바라이트_10,10,0.7772750854492188,492,132,0.6,
2EQ16977,V242_카바라이트_11,11,0.7872152328491211,496,652,0.6,
2EQ16977,3779_압판스토퍼_12,12,0.592452883720398,808,260,0.9,
2EQ16977,3779_압판스토퍼_14,14,0.753042459487915,298,348,0.6,
2EQ16978,C551_토너라벨_1,1,0.40393924713134766,330,406,0.6,
2EQ16978,B793_Canon각인_2,2,0.5156514644622803,26,418,1.05,
2EQ16978,6416_2206N명판_3,3,0.46321162581443787,212,328,1.2,
2EQ16978,3102_현상가압라벨_4,4,0.6106985807418823,444,34,0.6,
2EQ16978,3699_레버피스_4,4,0.5552855134010315,920,160,0.6,
2EQ16978,1525_▲▲▲라벨_5,5,0.9256741404533386,804,232,0.6,
2EQ16978,2917_코마_6,6,0.8345019817352295,704,190,0.6,
2EQ16978,1525_▲▲▲라벨_7,7,0.5549899935722351,564,496,0.9,
2EQ16978,0000_모듈러카바_8,8,0.5393012762069702,306,506,0.6,
2EQ16978,3780_전원스위치_9,9,0.7421344518661499,272,476,0.6,
2EQ16978,V242_카바라이트_10,10,0.8028858304023743,494,148,0.6,
2EQ16978,V242_카바라이트_11,11,0.7699375748634338,522,628,0.6,
2EQ16978,3779_압판스토퍼_12,12,0.5722997784614563,774,100,0.9,
2EQ16978,3779_압판스토퍼_14,14,0.7341559529304504,222,192,0.6,
2EQ16979,C551_토너라벨_1,1,0.3413499891757965,446,372,0.6,
2EQ16979,B793_Canon각인_2,2,0.4752435088157654,26,226,1.05,
2EQ16979,6416_2206N명판_3,3,0.4536018371582031,248,318,1.2,
2EQ16979,3102_현상가압라벨_4,4,0.6746134757995605,714,28,0.6,
2EQ16979,3699_레버피스_4,4,0.6568558812141418,698,32,0.6,
2EQ16979,1525_▲▲▲라벨_5,5,0.920590877532959,798,226,0.75,
2EQ16979,2917_코마_6,6,0.8732278943061829,934,580,0.6,
2EQ16979,1525_▲▲▲라벨_7,7,0.541666567325592,482,506,0.9,
2EQ16979,0000_모듈러카바_8,8,0.5425404906272888,282,474,0.6,
2EQ16979,3780_전원스위치_9,9,0.7514867186546326,784,202,0.6,
2EQ16979,V242_카바라이트_10,10,0.7749499082565308,478,134,0.6,
2EQ16979,V242_카바라이트_11,11,0.7580559849739075,562,648,0.6,
2EQ16979,3779_압판스토퍼_12,12,0.5247719883918762,536,116,0.9,
2EQ16979,3779_압판스토퍼_14,14,0.7631783485412598,902,262,0.6,
2EQ16980,C551_토너라벨_1,1,0.33813127875328064,570,404,0.6,
2EQ16980,B793_Canon각인_2,2,0.5387075543403625,14,368,1.05,
2EQ16980,6416_2206N명판_3,3,0.43559011816978455,564,304,0.6,
2EQ16980,3102_현상가압라벨_4,4,0.6770735383033752,510,12,0.9,
2EQ16980,3699_레버피스_4,4,0.6448802351951599,504,16,0.9,
2EQ16980,1525_▲▲▲라벨_5,5,0.9148391485214233,812,230,0.6,
2EQ16980,2917_코마_6,6,0.86162269115448,812,554,0.6,
2EQ16980,1525_▲▲▲라벨_7,7,0.5404012799263,492,506,0.6,
2EQ16980,0000_모듈러카바_8,8,0.523618757724762,274,536,0.6,
2EQ16980,3780_전원스위치_9,9,0.7537251710891724,784,202,0.6,
2EQ16980,V242_카바라이트_10,10,0.7766317129135132,442,584,0.6,
2EQ16980,V242_카바라이트_11,11,0.7802054286003113,566,654,0.6,
2EQ16980,3779_압판스토퍼_12,12,0.5861832499504089,814,52,0.9,
2EQ16980,3779_압판스토퍼_14,14,0.7381460070610046,514,394,0.6,
2EQ16981,C551_토너라벨_1,1,0.29473450779914856,134,226,0.75,
2EQ16981,B793_Canon각인_2,2,0.44548895955085754,24,392,1.05,
2EQ16981,6416_2206N명판_3,3,0.4202386736869812,216,382,1.2,
2EQ16981,3102_현상가압라벨_4,4,0.6823416948318481,650,40,0.6,
2EQ16981,3699_레버피스_4,4,0.6429566740989685,654,42,0.6,
2EQ16981,1525_▲▲▲라벨_5,5,0.9336554408073425,154,232,0.6,
2EQ16981,2917_코마_6,6,0.8544139862060547,888,546,0.6,
2EQ16981,1525_▲▲▲라벨_7,7,0.5854604840278625,492,500,0.9,
2EQ16981,0000_모듈러카바_8,8,0.5391226410865784,310,538,0.6,
2EQ16981,3780_전원스위치_9,9,0.7535181641578674,784,202,0.6,
2EQ16981,V242_카바라이트_10,10,0.7824214696884155,456,606,0.6,
2EQ16981,V242_카바라이트_11,11,0.7394318580627441,562,642,0.6,
2EQ16981,3779_압판스토퍼_12,12,0.610466480255127,492,242,0.9,
2EQ16981,3779_압판스토퍼_14,14,0.7403754591941833,884,282,0.6,
2EQ16982,C551_토너라벨_1,1,0.38952580094337463,462,468,0.6,
2EQ16982,B793_Canon각인_2,2,0.5062041282653809,22,404,1.05,
2EQ16982,6416_2206N명판_3,3,0.4941207468509674,174,292,1.2,
2EQ16982,3102_현상가압라벨_4,4,0.6416204571723938,650,82,0.6,
2EQ16982,3699_레버피스_4,4,0.6232858300209045,292,220,0.6,
2EQ16982,1525_▲▲▲라벨_5,5,0.924031138420105,800,232,0.6,
2EQ16982,2917_코마_6,6,0.8545897006988525,640,306,0.6,
2EQ16982,1525_▲▲▲라벨_7,7,0.5306034088134766,522,682,0.9,
2EQ16982,0000_모듈러카바_8,8,0.5114089846611023,306,540,0.6,
2EQ16982,3780_전원스위치_9,9,0.758317232131958,784,202,0.6,
2EQ16982,V242_카바라이트_10,10,0.7739361524581909,454,598,0.6,
2EQ16982,V242_카바라이트_11,11,0.7781861424446106,722,148,0.6,
2EQ16982,3779_압판스토퍼_12,12,0.586936891078949,182,508,0.9,
2EQ16982,3779_압판스토퍼_14,14,0.7444282174110413,556,220,0.6,
2EQ16983,C551_토너라벨_1,1,0.3345385789871216,506,388,0.6,
2EQ16983,B793_Canon각인_2,2,0.6059112548828125,102,362,1.05,
2EQ16983,6416_2206N명판_3,3,0.4068276584148407,92,454,1.2,
2EQ16983,3102_현상가압라벨_4,4,0.5966739654541016,612,0,0.6,
2EQ16983,3699_레버피스_4,4,0.5825138092041016,314,178,0.6,
2EQ16983,1525_▲▲▲라벨_5,5,0.925350546836853,142,238,0.75,
2EQ16983,2917_코마_6,6,0.8322477340698242,224,696,0.6,
2EQ16983,1525_▲▲▲라벨_7,7,0.5755085945129395,422,608,0.6,
2EQ16983,0000_모듈러카바_8,8,0.4915665090084076,336,484,0.6,
2EQ16983,3780_전원스위치_9,9,0.7550323605537415,786,202,0.6,
2EQ16983,V242_카바라이트_10,10,0.7423930168151855,494,128,0.6,
2EQ16983,V242_카바라이트_11,11,0.7769511938095093,568,658,0.6,
2EQ16983,3779_압판스토퍼_12,12,0.5935000777244568,320,178,0.9,
2EQ16983,3779_압판스토퍼_14,14,0.7534793615341187,378,362,0.6,
2EQ16984,C551_토너라벨_1,1,0.3184894025325775,414,398,0.6,
2EQ16984,B793_Canon각인_2,2,0.386545866727829,0,302,1.05,
2EQ16984,6416_2206N명판_3,3,0.4488687217235565,566,308,0.6,
2EQ16984,3102_현상가압라벨_4,4,0.6399606466293335,562,6,0.6,
2EQ16984,3699_레버피스_4,4,0.6369965672492981,572,6,0.6,
2EQ16984,1525_▲▲▲라벨_5,5,0.9159904718399048,226,466,0.6,
2EQ16984,2917_코마_6,6,0.8696508407592773,918,572,0.6,
2EQ16984,1525_▲▲▲라벨_7,7,0.6178159117698669,550,504,0.9,
2EQ16984,0000_모듈러카바_8,8,0.5621470212936401,304,554,0.6,
2EQ16984,3780_전원스위치_9,9,0.7565538883209229,786,202,0.6,
2EQ16984,V242_카바라이트_10,10,0.775822103023529,478,142,0.6,
2EQ16984,V242_카바라이트_11,11,0.7967126965522766,566,658,0.6,
2EQ16984,3779_압판스토퍼_12,12,0.6368807554244995,706,176,0.9,
2EQ16984,3779_압판스토퍼_14,14,0.7464438080787659,222,182,0.6,
2EQ16985,C551_토너라벨_1,1,0.3574516773223877,648,526,0.6,
2EQ16985,B793_Canon각인_2,2,0.48694461584091187,68,322,1.05,
2EQ16985,6416_2206N명판_3,3,0.4525159001350403,290,314,1.2,
2EQ16985,3102_현상가압라벨_4,4,0.6040388941764832,610,308,0.6,
2EQ16985,3699_레버피스_4,4,0.607711672782898,756,0,0.6,
2EQ16985,1525_▲▲▲라벨_5,5,0.9295896291732788,360,442,0.6,
2EQ16985,2917_코마_6,6,0.8570435643196106,828,572,0.6,
2EQ16985,1525_▲▲▲라벨_7,7,0.5402737855911255,516,514,0.75,
2EQ16985,0000_모듈러카바_8,8,0.5900890231132507,444,428,0.6,
2EQ16985,3780_전원스위치_9,9,0.7525514960289001,784,202,0.6,
2EQ16985,V242_카바라이트_10,10,0.7756981253623962,438,598,0.6,
2EQ16985,V242_카바라이트_11,11,0.7872962951660156,508,634,0.6,
2EQ16985,3779_압판스토퍼_12,12,0.5792267322540283,758,102,0.9,
2EQ16985,3779_압판스토퍼_14,14,0.7475157380104065,228,182,0.6,
2EQ16986,C551_토너라벨_1,1,0.3607237935066223,302,256,0.6,
2EQ16986,B793_Canon각인_2,2,0.5886003375053406,70,320,1.05,
2EQ16986,6416_2206N명판_3,3,0.44651082158088684,592,302,0.6,
2EQ16986,3102_현상가압라벨_4,4,0.6183274388313293,600,78,0.6,
2EQ16986,3699_레버피스_4,4,0.5885021686553955,210,30,0.6,
2EQ16986,1525_▲▲▲라벨_5,5,0.9203463792800903,220,466,0.6,
2EQ16986,2917_코마_6,6,0.8581040501594543,660,312,0.6,
2EQ16986,1525_▲▲▲라벨_7,7,0.586794376373291,548,546,0.9,
2EQ16986,0000_모듈러카바_8,8,0.4731019139289856,260,478,0.6,
2EQ16986,3780_전원스위치_9,9,0.7554030418395996,784,202,0.6,
2EQ16986,V242_카바라이트_10,10,0.753481388092041,466,602,0.6,
2EQ16986,V242_카바라이트_11,11,0.7288357019424438,724,142,0.6,
2EQ16986,3779_압판스토퍼_12,12,0.6043557524681091,588,132,0.9,
2EQ16986,3779_압판스토퍼_14,14,0.7682552337646484,892,242,0.6,
2EQ16987,C551_토너라벨_1,1,0.3933703601360321,294,146,1.2,
2EQ16987,B793_Canon각인_2,2,0.5513401627540588,34,394,1.05,
2EQ16987,6416_2206N명판_3,3,0.48810523748397827,258,324,1.2,
2EQ16987,3102_현상가압라벨_4,4,0.6638984680175781,458,4,1.2,
2EQ16987,3699_레버피스_4,4,0.6331192255020142,518,62,0.6,
2EQ16987,1525_▲▲▲라벨_5,5,0.9207985997200012,804,230,0.6,
2EQ16987,2917_코마_6,6,0.8507847785949707,936,606,0.6,
2EQ16987,1525_▲▲▲라벨_7,7,0.6063792705535889,524,484,0.75,
2EQ16987,0000_모듈러카바_8,8,0.45584866404533386,296,568,0.6,
2EQ16987,3780_전원스위치_9,9,0.7531830668449402,784,202,0.6,
2EQ16987,V242_카바라이트_10,10,0.7498984932899475,482,136,0.6,
2EQ16987,V242_카바라이트_11,11,0.7679809331893921,566,658,0.6,
2EQ16987,3779_압판스토퍼_12,12,0.5841047763824463,750,124,0.9,
2EQ16987,3779_압판스토퍼_14,14,0.7604072690010071,212,176,0.6,
2EQ16988,C551_토너라벨_1,1,0.31536877155303955,544,272,0.6,
2EQ16988,B793_Canon각인_2,2,0.5135001540184021,26,330,1.05,
2EQ16988,6416_2206N명판_3,3,0.5009572505950928,242,404,1.2,
2EQ16988,3102_현상가압라벨_4,4,0.6262047290802002,614,4,0.6,
2EQ16988,3699_레버피스_4,4,0.6892339587211609,618,6,0.6,
2EQ16988,1525_▲▲▲라벨_5,5,0.9347135424613953,414,434,0.6,
2EQ16988,2917_코마_6,6,0.8557021617889404,752,60,0.6,
2EQ16988,1525_▲▲▲라벨_7,7,0.5904674530029297,526,544,0.75,
2EQ16988,0000_모듈러카바_8,8,0.6282106041908264,274,456,0.6,
2EQ16988,3780_전원스위치_9,9,0.7726103663444519,294,476,0.6,
2EQ16988,V242_카바라이트_10,10,0.7674691081047058,480,132,0.6,
2EQ16988,V242_카바라이트_11,11,0.7819608449935913,564,644,0.6,
2EQ16988,3779_압판스토퍼_12,12,0.5894100666046143,180,508,0.9,
2EQ16988,3779_압판스토퍼_14,14,0.7409242391586304,250,208,0.6,
2EQ16989,C551_토너라벨_1,1,0.3030799329280853,666,282,0.6,
2EQ16989,B793_Canon각인_2,2,0.5734215974807739,116,404,1.05,
2EQ16989,6416_2206N명판_3,3,0.5013487339019775,248,292,1.2,
2EQ16989,3102_현상가압라벨_4,4,0.6629039645195007,592,2,0.6,
2EQ16989,3699_레버피스_4,4,0.7032151222229004,612,2,0.6,
2EQ16989,1525_▲▲▲라벨_5,5,0.9267019033432007,134,432,0.75,
2EQ16989,2917_코마_6,6,0.829998254776001,816,578,0.6,
2EQ16989,1525_▲▲▲라벨_7,7,0.5369024276733398,434,610,0.9,
2EQ16989,0000_모듈러카바_8,8,0.44573697447776794,214,530,0.6,
2EQ16989,3780_전원스위치_9,9,0.7588721513748169,284,438,0.6,
2EQ16989,V242_카바라이트_10,10,0.7856347560882568,482,144,0.6,
2EQ16989,V242_카바라이트_11,11,0.7655878663063049,722,144,0.6,
2EQ16989,3779_압판스토퍼_12,12,0.5723913908004761,196,476,0.9,
2EQ16989,3779_압판스토퍼_14,14,0.7442290782928467,638,214,0.6,
2EQ16990,C551_토너라벨_1,1,0.3740940988063812,526,314,0.6,
2EQ16990,B793_Canon각인_2,2,0.45818620920181274,94,438,1.05,
2EQ16990,6416_2206N명판_3,3,0.4200248420238495,2,650,0.6,
2EQ16990,3102_현상가압라벨_4,4,0.7022061944007874,490,10,0.75,
2EQ16990,3699_레버피스_4,4,0.661452054977417,506,28,0.6,
2EQ16990,1525_▲▲▲라벨_5,5,0.9282686114311218,804,230,0.6,
2EQ16990,2917_코마_6,6,0.8593131899833679,814,568,0.6,
2EQ16990,1525_▲▲▲라벨_7,7,0.5979788303375244,514,548,0.6,
2EQ16990,0000_모듈러카바_8,8,0.5947796702384949,294,556,0.6,
2EQ16990,3780_전원스위치_9,9,0.7548579573631287,786,202,0.6,
2EQ16990,V242_카바라이트_10,10,0.7715901136398315,442,600,0.6,
2EQ16990,V242_카바라이트_11,11,0.781382143497467,566,646,0.6,
2EQ16990,3779_압판스토퍼_12,12,0.5899392366409302,156,284,0.9,
2EQ16990,3779_압판스토퍼_14,14,0.7602756023406982,212,176,0.6,
2EQ16991,C551_토너라벨_1,1,0.3443060517311096,534,410,0.6,
2EQ16991,B793_Canon각인_2,2,0.4700092375278473,44,334,1.05,
2EQ16991,6416_2206N명판_3,3,0.4810459613800049,242,334,1.2,
2EQ16991,3102_현상가압라벨_4,4,0.7070856094360352,626,26,0.6,
2EQ16991,3699_레버피스_4,4,0.6739534735679626,636,28,0.6,
2EQ16991,1525_▲▲▲라벨_5,5,0.9247936606407166,812,228,0.6,
2EQ16991,2917_코마_6,6,0.8380736708641052,696,310,0.6,
2EQ16991,1525_▲▲▲라벨_7,7,0.5959516167640686,590,478,0.9,
2EQ16991,0000_모듈러카바_8,8,0.440890908241272,300,558,0.6,
2EQ16991,3780_전원스위치_9,9,0.7525255084037781,786,202,0.6,
2EQ16991,V242_카바라이트_10,10,0.7740614414215088,428,604,0.6,
2EQ16991,V242_카바라이트_11,11,0.7813428640365601,516,622,0.6,
2EQ16991,3779_압판스토퍼_12,12,0.5787619948387146,402,202,0.9,
2EQ16991,3779_압판스토퍼_14,14,0.7648599743843079,542,276,0.6,
2EQ16992,C551_토너라벨_1,1,0.3248698115348816,490,332,0.75,
2EQ16992,B793_Canon각인_2,2,0.5558893084526062,62,290,1.05,
2EQ16992,6416_2206N명판_3,3,0.4354909062385559,228,376,1.2,
2EQ16992,3102_현상가압라벨_4,4,0.6222222447395325,434,20,0.75,
2EQ16992,3699_레버피스_4,4,0.6454405188560486,170,14,0.9,
2EQ16992,1525_▲▲▲라벨_5,5,0.9301424026489258,800,230,0.6,
2EQ16992,2917_코마_6,6,0.841532289981842,218,178,0.6,
2EQ16992,1525_▲▲▲라벨_7,7,0.6058689951896667,540,552,0.9,
2EQ16992,0000_모듈러카바_8,8,0.6166102290153503,258,482,0.6,
2EQ16992,3780_전원스위치_9,9,0.7529150247573853,786,202,0.6,
2EQ16992,V242_카바라이트_10,10,0.7770024538040161,440,606,0.6,
2EQ16992,V242_카바라이트_11,11,0.7469519376754761,506,636,0.6,
2EQ16992,3779_압판스토퍼_12,12,0.5820323824882507,780,98,0.9,
2EQ16992,3779_압판스토퍼_14,14,0.7576359510421753,380,400,0.6,
2EQ16993,C551_토너라벨_1,1,0.3231877088546753,478,366,0.6,
2EQ16993,B793_Canon각인_2,2,0.4841328561306,92,310,1.05,
2EQ16993,6416_2206N명판_3,3,0.45552486181259155,248,328,1.2,
2EQ16993,3102_현상가압라벨_4,4,0.6846975088119507,586,28,0.6,
2EQ16993,3699_레버피스_4,4,0.6441364288330078,586,30,0.6,
2EQ16993,1525_▲▲▲라벨_5,5,0.9217897653579712,228,470,0.6,
2EQ16993,2917_코마_6,6,0.850935161113739,620,116,0.6,
2EQ16993,1525_▲▲▲라벨_7,7,0.5576401352882385,518,564,0.6,
2EQ16993,0000_모듈러카바_8,8,0.5346962809562683,268,534,0.6,
2EQ16993,3780_전원스위치_9,9,0.7534423470497131,784,202,0.6,
2EQ16993,V242_카바라이트_10,10,0.7696706652641296,494,140,0.6,
2EQ16993,V242_카바라이트_11,11,0.782921552658081,560,660,0.6,
2EQ16993,3779_압판스토퍼_12,12,0.5073381066322327,220,356,0.9,
2EQ16993,3779_압판스토퍼_14,14,0.760696291923523,468,338,0.6,
2EQ16994,C551_토너라벨_1,1,0.39234888553619385,76,0,0.9,
2EQ16994,B793_Canon각인_2,2,0.4562954306602478,14,448,1.05,
2EQ16994,6416_2206N명판_3,3,0.4364951550960541,572,280,0.6,
2EQ16994,3102_현상가압라벨_4,4,0.6207329034805298,604,64,0.6,
2EQ16994,3699_레버피스_4,4,0.6216369271278381,226,18,0.6,
2EQ16994,1525_▲▲▲라벨_5,5,0.9158236384391785,810,230,0.6,
2EQ16994,2917_코마_6,6,0.8711585402488708,704,136,0.6,
2EQ16994,1525_▲▲▲라벨_7,7,0.5818338394165039,532,496,0.6,
2EQ16994,0000_모듈러카바_8,8,0.47098079323768616,286,536,0.6,
2EQ16994,3780_전원스위치_9,9,0.7621572613716125,286,404,0.6,
2EQ16994,V242_카바라이트_10,10,0.7775631546974182,444,592,0.6,
2EQ16994,V242_카바라이트_11,11,0.7762938141822815,568,644,0.6,
2EQ16994,3779_압판스토퍼_12,12,0.5255265831947327,26,620,0.9,
2EQ16994,3779_압판스토퍼_14,14,0.7067604064941406,606,200,0.6,
2EQ16995,C551_토너라벨_1,1,0.32656052708625793,116,60,0.6,
2EQ16995,B793_Canon각인_2,2,0.5721884965896606,114,340,1.05,
2EQ16995,6416_2206N명판_3,3,0.4229172468185425,160,336,1.2,
2EQ16995,3102_현상가압라벨_4,4,0.6716200113296509,622,8,0.6,
2EQ16995,3699_레버피스_4,4,0.6998597383499146,626,10,0.6,
2EQ16995,1525_▲▲▲라벨_5,5,0.9278493523597717,154,234,0.6,
2EQ16995,2917_코마_6,6,0.8393334150314331,938,540,0.6,
2EQ16995,1525_▲▲▲라벨_7,7,0.5474657416343689,588,506,0.6,
2EQ16995,0000_모듈러카바_8,8,0.4927750527858734,338,482,0.6,
2EQ16995,3780_전원스위치_9,9,0.7535277009010315,786,202,0.6,
2EQ16995,V242_카바라이트_10,10,0.7870208024978638,484,128,0.6,
2EQ16995,V242_카바라이트_11,11,0.7626253366470337,560,636,0.6,
2EQ16995,3779_압판스토퍼_12,12,0.5898407697677612,436,188,0.9,
2EQ16995,3779_압판스토퍼_14,14,0.7447255849838257,510,372,0.6,
2EQ16996,C551_토너라벨_1,1,0.33379948139190674,612,324,0.6,
2EQ16996,B793_Canon각인_2,2,0.5458056926727295,42,372,1.05,
2EQ16996,6416_2206N명판_3,3,0.4103836417198181,712,652,0.6,
2EQ16996,3102_현상가압라벨_4,4,0.614035427570343,556,76,0.6,
2EQ16996,3699_레버피스_4,4,0.5964235067367554,192,30,0.6,
2EQ16996,1525_▲▲▲라벨_5,5,0.9208042621612549,800,230,0.6,
2EQ16996,2917_코마_6,6,0.8572055101394653,612,108,0.6,
2EQ16996,1525_▲▲▲라벨_7,7,0.5778964161872864,566,62,0.75,
2EQ16996,0000_모듈러카바_8,8,0.4561472535133362,276,532,0.6,
2EQ16996,3780_전원스위치_9,9,0.7567496299743652,786,202,0.6,
2EQ16996,V242_카바라이트_10,10,0.7709454298019409,428,606,0.6,
2EQ16996,V242_카바라이트_11,11,0.779070258140564,564,652,0.6,
2EQ16996,3779_압판스토퍼_12,12,0.5499424338340759,576,72,0.9,
2EQ16996,3779_압판스토퍼_14,14,0.7555105686187744,222,184,0.6,
2EQ16997,C551_토너라벨_1,1,0.3652089238166809,422,376,0.6,
2EQ16997,B793_Canon각인_2,2,0.5541810989379883,18,384,1.05,
2EQ16997,6416_2206N명판_3,3,0.4752933382987976,202,512,1.2,
2EQ16997,3102_현상가압라벨_4,4,0.6265851855278015,754,274,0.6,
2EQ16997,3699_레버피스_4,4,0.5833242535591125,380,476,1.2,
2EQ16997,1525_▲▲▲라벨_5,5,0.9295121431350708,810,228,0.6,
2EQ16997,2917_코마_6,6,0.8506902456283569,912,326,0.6,
2EQ16997,1525_▲▲▲라벨_7,7,0.5672463178634644,466,638,0.9,
2EQ16997,0000_모듈러카바_8,8,0.44535812735557556,270,522,0.6,
2EQ16997,3780_전원스위치_9,9,0.7601493000984192,784,202,0.6,
2EQ16997,V242_카바라이트_10,10,0.779878556728363,482,146,0.6,
2EQ16997,V242_카바라이트_11,11,0.7860742807388306,504,652,0.6,
2EQ16997,3779_압판스토퍼_12,12,0.545498788356781,744,128,0.9,
2EQ16997,3779_압판스토퍼_14,14,0.733601450920105,274,292,0.6,
2EQ16998,C551_토너라벨_1,1,0.39316391944885254,598,320,0.6,
2EQ16998,B793_Canon각인_2,2,0.5222733020782471,44,316,1.05,
2EQ16998,6416_2206N명판_3,3,0.4112384021282196,282,240,1.2,
2EQ16998,3102_현상가압라벨_4,4,0.5999830961227417,610,28,0.6,
2EQ16998,3699_레버피스_4,4,0.5950718522071838,276,4,0.6,
2EQ16998,1525_▲▲▲라벨_5,5,0.928149402141571,402,456,0.75,
2EQ16998,2917_코마_6,6,0.8411372303962708,756,314,0.6,
2EQ16998,1525_▲▲▲라벨_7,7,0.554722011089325,552,508,0.9,
2EQ16998,0000_모듈러카바_8,8,0.47243034839630127,234,516,0.6,
2EQ16998,3780_전원스위치_9,9,0.7585453987121582,784,204,0.6,
2EQ16998,V242_카바라이트_10,10,0.7694668173789978,426,598,0.6,
2EQ16998,V242_카바라이트_11,11,0.7859823107719421,562,658,0.6,
2EQ16998,3779_압판스토퍼_12,12,0.5877819657325745,770,104,0.9,
2EQ16998,3779_압판스토퍼_14,14,0.7567180395126343,512,356,0.6,
2EQ16999,C551_토너라벨_1,1,0.3090362250804901,510,442,0.6,
2EQ16999,B793_Canon각인_2,2,0.42878881096839905,18,290,1.05,
2EQ16999,6416_2206N명판_3,3,0.4248512089252472,246,344,1.2,
2EQ16999,3102_현상가압라벨_4,4,0.6698228716850281,626,4,0.6,
2EQ16999,3699_레버피스_4,4,0.6440786123275757,618,8,0.6,
2EQ16999,1525_▲▲▲라벨_5,5,0.918377161026001,796,226,0.75,
2EQ16999,2917_코마_6,6,0.8678174018859863,928,562,0.6,
2EQ16999,1525_▲▲▲라벨_7,7,0.5589151382446289,486,514,0.75,
2EQ16999,0000_모듈러카바_8,8,0.46249985694885254,294,542,0.6,
2EQ16999,3780_전원스위치_9,9,0.7582079172134399,784,202,0.6,
2EQ16999,V242_카바라이트_10,10,0.7770563364028931,436,598,0.6,
2EQ16999,V242_카바라이트_11,11,0.7944767475128174,566,658,0.6,
2EQ16999,3779_압판스토퍼_12,12,0.5384690761566162,428,52,0.9,
2EQ16999,3779_압판스토퍼_14,14,0.7715254426002502,238,522,0.6,
2EQ17000,C551_토너라벨_1,1,0.3113694489002228,498,374,0.6,
2EQ17000,B793_Canon각인_2,2,0.5152120590209961,34,318,1.05,
2EQ17000,6416_2206N명판_3,3,0.43376481533050537,172,364,1.2,
2EQ17000,3102_현상가압라벨_4,4,0.6881479620933533,648,16,0.6,
2EQ17000,3699_레버피스_4,4,0.6735166907310486,640,20,0.6,
2EQ17000,1525_▲▲▲라벨_5,5,0.9230930805206299,210,472,0.75,
2EQ17000,2917_코마_6,6,0.8485421538352966,686,322,0.6,
2EQ17000,1525_▲▲▲라벨_7,7,0.5492221117019653,518,502,0.75,
2EQ17000,0000_모듈러카바_8,8,0.45344987511634827,270,484,0.6,
2EQ17000,3780_전원스위치_9,9,0.7534000873565674,784,202,0.6,
2EQ17000,V242_카바라이트_10,10,0.7811774015426636,494,124,0.6,
2EQ17000,V242_카바라이트_11,11,0.7678174376487732,502,648,0.6,
2EQ17000,3779_압판스토퍼_12,12,0.6027156710624695,798,64,0.9,
2EQ17000,3779_압판스토퍼_14,14,0.7764668464660645,370,376,0.6,
2EQ17001,C551_토너라벨_1,1,0.3207809627056122,520,320,0.6,
2EQ17001,B793_Canon각인_2,2,0.33640772104263306,14,430,1.05,
2EQ17001,6416_2206N명판_3,3,0.41380786895751953,710,652,0.6,
2EQ17001,3102_현상가압라벨_4,4,0.5882472395896912,578,6,0.6,
2EQ17001,3699_레버피스_4,4,0.5629697442054749,252,586,0.6,
2EQ17001,1525_▲▲▲라벨_5,5,0.916397213935852,808,230,0.6,
2EQ17001,2917_코마_6,6,0.8313900828361511,538,532,0.6,
2EQ17001,1525_▲▲▲라벨_7,7,0.5517392754554749,590,468,0.9,
2EQ17001,0000_모듈러카바_8,8,0.5176523923873901,262,544,0.6,
2EQ17001,3780_전원스위치_9,9,0.7455317378044128,782,202,0.6,
2EQ17001,V242_카바라이트_10,10,0.7831979990005493,450,604,0.6,
2EQ17001,V242_카바라이트_11,11,0.7739467620849609,562,650,0.6,
2EQ17001,3779_압판스토퍼_12,12,0.5838358998298645,492,286,0.9,
2EQ17001,3779_압판스토퍼_14,14,0.7657573223114014,212,178,0.6,
2EQ17002,C551_토너라벨_1,1,0.319846510887146,552,410,0.6,
2EQ17002,B793_Canon각인_2,2,0.5515109300613403,8,296,1.05,
2EQ17002,6416_2206N명판_3,3,0.42740580439567566,340,328,1.2,
2EQ17002,3102_현상가압라벨_4,4,0.6252007484436035,552,2,0.6,
2EQ17002,3699_레버피스_4,4,0.6628802418708801,576,4,0.6,
2EQ17002,1525_▲▲▲라벨_5,5,0.8983138799667358,154,236,0.6,
2EQ17002,2917_코마_6,6,0.8481252789497375,914,566,0.6,
2EQ17002,1525_▲▲▲라벨_7,7,0.5392910838127136,502,512,0.9,
2EQ17002,0000_모듈러카바_8,8,0.5143575072288513,278,512,0.6,
2EQ17002,3780_전원스위치_9,9,0.7534902691841125,784,202,0.6,
2EQ17002,V242_카바라이트_10,10,0.7790721654891968,428,594,0.6,
2EQ17002,V242_카바라이트_11,11,0.779283344745636,500,620,0.6,
2EQ17002,3779_압판스토퍼_12,12,0.5350077152252197,466,136,0.9,
2EQ17002,3779_압판스토퍼_14,14,0.7524080276489258,532,176,0.75,
2EQ17003,C551_토너라벨_1,1,0.3486832082271576,452,212,0.6,
2EQ17003,B793_Canon각인_2,2,0.5350984930992126,0,310,1.05,
2EQ17003,6416_2206N명판_3,3,0.4579555094242096,210,290,1.2,
2EQ17003,3102_현상가압라벨_4,4,0.6326090693473816,472,32,0.6,
2EQ17003,3699_레버피스_4,4,0.5784526467323303,678,14,0.6,
2EQ17003,1525_▲▲▲라벨_5,5,0.9286038279533386,210,482,0.6,
2EQ17003,2917_코마_6,6,0.8544778227806091,910,580,0.6,
2EQ17003,1525_▲▲▲라벨_7,7,0.5758154392242432,540,470,0.9,
2EQ17003,0000_모듈러카바_8,8,0.4499613046646118,268,550,0.6,
2EQ17003,3780_전원스위치_9,9,0.7555747032165527,784,202,0.6,
2EQ17003,V242_카바라이트_10,10,0.7737237811088562,416,598,0.6,
2EQ17003,V242_카바라이트_11,11,0.7694664597511292,722,140,0.6,
2EQ17003,3779_압판스토퍼_12,12,0.5594609379768372,254,606,0.9,
2EQ17003,3779_압판스토퍼_14,14,0.7105280756950378,210,174,0.6,
2EQ17004,C551_토너라벨_1,1,0.29670971632003784,580,364,0.6,
2EQ17004,B793_Canon각인_2,2,0.5371098518371582,104,240,1.05,
2EQ17004,6416_2206N명판_3,3,0.43677014112472534,226,352,1.2,
2EQ17004,3102_현상가압라벨_4,4,0.5793242454528809,622,618,0.6,
2EQ17004,3699_레버피스_4,4,0.5269162058830261,698,592,0.6,
2EQ17004,1525_▲▲▲라벨_5,5,0.9237005710601807,228,460,0.6,
2EQ17004,2917_코마_6,6,0.8695986270904541,908,566,0.6,
2EQ17004,1525_▲▲▲라벨_7,7,0.5575786828994751,494,568,0.6,
2EQ17004,0000_모듈러카바_8,8,0.42859527468681335,296,512,0.6,
2EQ17004,3780_전원스위치_9,9,0.7553721070289612,784,202,0.6,
2EQ17004,V242_카바라이트_10,10,0.7806897163391113,432,602,0.6,
2EQ17004,V242_카바라이트_11,11,0.7657178044319153,570,650,0.6,
2EQ17004,3779_압판스토퍼_12,12,0.5887788534164429,468,210,0.9,
2EQ17004,3779_압판스토퍼_14,14,0.7460907101631165,238,192,0.6,
2EQ17005,C551_토너라벨_1,1,0.32377538084983826,458,334,0.75,
2EQ17005,B793_Canon각인_2,2,0.5546305775642395,44,412,1.05,
2EQ17005,6416_2206N명판_3,3,0.40913504362106323,706,650,0.6,
2EQ17005,3102_현상가압라벨_4,4,0.6815930604934692,588,26,0.6,
2EQ17005,3699_레버피스_4,4,0.6644828915596008,594,28,0.6,
2EQ17005,1525_▲▲▲라벨_5,5,0.9222763776779175,812,232,0.6,
2EQ17005,2917_코마_6,6,0.8785207271575928,886,574,0.6,
2EQ17005,1525_▲▲▲라벨_7,7,0.5279474854469299,550,536,0.75,
2EQ17005,0000_모듈러카바_8,8,0.4700438678264618,262,492,0.6,
2EQ17005,3780_전원스위치_9,9,0.7576209902763367,784,202,0.6,
2EQ17005,V242_카바라이트_10,10,0.7816437482833862,436,594,0.6,
2EQ17005,V242_카바라이트_11,11,0.7807036638259888,568,664,0.6,
2EQ17005,3779_압판스토퍼_12,12,0.5600280165672302,530,260,0.9,
2EQ17005,3779_압판스토퍼_14,14,0.7242353558540344,852,328,0.6,
2EQ17006,C551_토너라벨_1,1,0.3658611476421356,348,206,0.6,
2EQ17006,B793_Canon각인_2,2,0.5492960214614868,42,302,1.05,
2EQ17006,6416_2206N명판_3,3,0.4082696735858917,706,652,0.6,
2EQ17006,3102_현상가압라벨_4,4,0.6285964250564575,512,36,0.6,
2EQ17006,3699_레버피스_4,4,0.5631165504455566,522,510,0.6,
2EQ17006,1525_▲▲▲라벨_5,5,0.9118660688400269,256,490,0.6,
2EQ17006,2917_코마_6,6,0.8688048124313354,932,568,0.6,
2EQ17006,1525_▲▲▲라벨_7,7,0.5881237387657166,518,526,0.6,
2EQ17006,0000_모듈러카바_8,8,0.4788776934146881,294,578,0.6,
2EQ17006,3780_전원스위치_9,9,0.7524812817573547,784,202,0.6,
2EQ17006,V242_카바라이트_10,10,0.7806388735771179,500,606,0.6,
2EQ17006,V242_카바라이트_11,11,0.7776457071304321,540,616,0.6,
2EQ17006,3779_압판스토퍼_12,12,0.5571426153182983,222,534,0.9,
2EQ17006,3779_압판스토퍼_14,14,0.7355716228485107,506,376,0.6,
2EQ17007,C551_토너라벨_1,1,0.30803942680358887,510,326,0.6,
2EQ17007,B793_Canon각인_2,2,0.5159795880317688,52,314,1.05,
2EQ17007,6416_2206N명판_3,3,0.4291054904460907,566,290,0.6,
2EQ17007,3102_현상가압라벨_4,4,0.6254574656486511,544,32,0.6,
2EQ17007,3699_레버피스_4,4,0.5747372508049011,138,24,0.6,
2EQ17007,1525_▲▲▲라벨_5,5,0.9224154353141785,312,480,0.6,
2EQ17007,2917_코마_6,6,0.8619637489318848,930,540,0.6,
2EQ17007,1525_▲▲▲라벨_7,7,0.6101014614105225,484,596,0.75,
2EQ17007,0000_모듈러카바_8,8,0.615803062915802,276,522,0.6,
2EQ17007,3780_전원스위치_9,9,0.755500078201294,358,402,0.6,
2EQ17007,V242_카바라이트_10,10,0.7768939137458801,444,602,0.6,
2EQ17007,V242_카바라이트_11,11,0.7464190721511841,722,138,0.6,
2EQ17007,3779_압판스토퍼_12,12,0.5651183724403381,732,140,0.9,
2EQ17007,3779_압판스토퍼_14,14,0.7661148905754089,432,320,0.6,
2EQ17008,C551_토너라벨_1,1,0.33984553813934326,504,374,0.6,
2EQ17008,B793_Canon각인_2,2,0.49078530073165894,12,312,1.05,
2EQ17008,6416_2206N명판_3,3,0.4474889039993286,176,354,1.2,
2EQ17008,3102_현상가압라벨_4,4,0.5915001034736633,634,56,0.6,
2EQ17008,3699_레버피스_4,4,0.5852985382080078,136,12,0.75,
2EQ17008,1525_▲▲▲라벨_5,5,0.9195008873939514,170,476,0.6,
2EQ17008,2917_코마_6,6,0.844878613948822,906,558,0.6,
2EQ17008,1525_▲▲▲라벨_7,7,0.5700937509536743,498,576,0.6,
2EQ17008,0000_모듈러카바_8,8,0.4925597012042999,254,528,0.6,
2EQ17008,3780_전원스위치_9,9,0.7555477023124695,784,202,0.6,
2EQ17008,V242_카바라이트_10,10,0.7718908786773682,508,120,0.6,
2EQ17008,V242_카바라이트_11,11,0.7810428142547607,512,632,0.6,
2EQ17008,3779_압판스토퍼_12,12,0.5791530013084412,766,108,0.9,
2EQ17008,3779_압판스토퍼_14,14,0.7480689883232117,652,298,0.6,
2EQ17009,C551_토너라벨_1,1,0.3871332108974457,528,428,0.6,
2EQ17009,B793_Canon각인_2,2,0.5383444428443909,86,262,1.05,
2EQ17009,6416_2206N명판_3,3,0.5251018404960632,128,348,1.2,
2EQ17009,3102_현상가압라벨_4,4,0.5971812009811401,648,462,0.6,
2EQ17009,3699_레버피스_4,4,0.543679416179657,746,600,0.6,
2EQ17009,1525_▲▲▲라벨_5,5,0.9290779829025269,800,232,0.6,
2EQ17009,2917_코마_6,6,0.844566822052002,836,368,0.6,
2EQ17009,1525_▲▲▲라벨_7,7,0.5142463445663452,930,534,0.9,
2EQ17009,0000_모듈러카바_8,8,0.5150426030158997,274,430,0.6,
2EQ17009,3780_전원스위치_9,9,0.758176326751709,784,202,0.6,
2EQ17009,V242_카바라이트_10,10,0.7807586789131165,430,590,0.6,
2EQ17009,V242_카바라이트_11,11,0.7492925524711609,560,632,0.6,
2EQ17009,3779_압판스토퍼_12,12,0.547640860080719,614,662,0.9,
2EQ17009,3779_압판스토퍼_14,14,0.7530829906463623,270,204,0.6,
2EQ17010,C551_토너라벨_1,1,0.30764463543891907,610,494,0.6,
2EQ17010,B793_Canon각인_2,2,0.5991129875183105,108,322,1.05,
2EQ17010,6416_2206N명판_3,3,0.3993671238422394,4,662,0.6,
2EQ17010,3102_현상가압라벨_4,4,0.6713391542434692,764,22,0.6,
2EQ17010,3699_레버피스_4,4,0.6668320298194885,790,26,0.6,
2EQ17010,1525_▲▲▲라벨_5,5,0.9261749982833862,798,224,0.75,
2EQ17010,2917_코마_6,6,0.8552311062812805,934,562,0.6,
2EQ17010,1525_▲▲▲라벨_7,7,0.5952303409576416,650,632,0.6,
2EQ17010,0000_모듈러카바_8,8,0.6223590970039368,274,474,0.6,
2EQ17010,3780_전원스위치_9,9,0.755862295627594,784,202,0.6,
2EQ17010,V242_카바라이트_10,10,0.7851012945175171,442,586,0.6,
2EQ17010,V242_카바라이트_11,11,0.7879579067230225,570,658,0.6,
2EQ17010,3779_압판스토퍼_12,12,0.5794212818145752,926,304,0.9,
2EQ17010,3779_압판스토퍼_14,14,0.7496164441108704,530,360,0.75,
2EQ17011,C551_토너라벨_1,1,0.3548623025417328,460,360,0.6,
2EQ17011,B793_Canon각인_2,2,0.5117891430854797,58,336,1.05,
2EQ17011,6416_2206N명판_3,3,0.42877209186553955,248,344,1.2,
2EQ17011,3102_현상가압라벨_4,4,0.608144223690033,560,64,0.6,
2EQ17011,3699_레버피스_4,4,0.5588919520378113,188,24,0.6,
2EQ17011,1525_▲▲▲라벨_5,5,0.9263947606086731,146,236,0.6,
2EQ17011,2917_코마_6,6,0.8546568751335144,740,566,0.6,
2EQ17011,1525_▲▲▲라벨_7,7,0.5726285576820374,502,536,0.6,
2EQ17011,0000_모듈러카바_8,8,0.659368097782135,296,528,0.6,
2EQ17011,3780_전원스위치_9,9,0.7519594430923462,784,202,0.6,
2EQ17011,V242_카바라이트_10,10,0.7644133567810059,434,588,0.6,
2EQ17011,V242_카바라이트_11,11,0.7828353643417358,528,634,0.6,
2EQ17011,3779_압판스토퍼_12,12,0.5807756781578064,810,54,0.9,
2EQ17011,3779_압판스토퍼_14,14,0.7499637603759766,366,462,0.6,
2EQ17012,C551_토너라벨_1,1,0.32090431451797485,412,366,0.6,
2EQ17012,B793_Canon각인_2,2,0.6069905161857605,90,272,1.05,
2EQ17012,6416_2206N명판_3,3,0.4247700870037079,558,278,0.75,
2EQ17012,3102_현상가압라벨_4,4,0.6197250485420227,574,84,0.6,
2EQ17012,3699_레버피스_4,4,0.619687020778656,204,34,0.6,
2EQ17012,1525_▲▲▲라벨_5,5,0.9135063886642456,812,230,0.6,
2EQ17012,2917_코마_6,6,0.8762134313583374,924,564,0.6,
2EQ17012,1525_▲▲▲라벨_7,7,0.5304121375083923,536,536,0.6,
2EQ17012,0000_모듈러카바_8,8,0.5644961595535278,274,498,0.6,
2EQ17012,3780_전원스위치_9,9,0.7580021619796753,784,202,0.6,
2EQ17012,V242_카바라이트_10,10,0.7838699817657471,488,134,0.6,
2EQ17012,V242_카바라이트_11,11,0.7776899933815002,564,646,0.6,
2EQ17012,3779_압판스토퍼_12,12,0.5930708646774292,830,50,0.9,
2EQ17012,3779_압판스토퍼_14,14,0.7490899562835693,914,312,0.6,
2EQ17013,C551_토너라벨_1,1,0.3088781535625458,430,322,0.6,
2EQ17013,B793_Canon각인_2,2,0.5717618465423584,56,356,1.05,
2EQ17013,6416_2206N명판_3,3,0.41929832100868225,234,388,1.2,
2EQ17013,3102_현상가압라벨_4,4,0.6564330458641052,592,28,0.6,
2EQ17013,3699_레버피스_4,4,0.6075063347816467,236,22,0.9,
2EQ17013,1525_▲▲▲라벨_5,5,0.9177923202514648,814,230,0.6,
2EQ17013,2917_코마_6,6,0.8393539786338806,710,166,0.6,
2EQ17013,1525_▲▲▲라벨_7,7,0.5367723107337952,650,554,0.75,
2EQ17013,0000_모듈러카바_8,8,0.46862080693244934,702,538,0.6,
2EQ17013,3780_전원스위치_9,9,0.7488988041877747,786,202,0.6,
2EQ17013,V242_카바라이트_10,10,0.7780595421791077,442,584,0.6,
2EQ17013,V242_카바라이트_11,11,0.7727874517440796,722,140,0.6,
2EQ17013,3779_압판스토퍼_12,12,0.6008171439170837,190,500,0.9,
2EQ17013,3779_압판스토퍼_14,14,0.755281925201416,946,286,0.6,
2EQ17014,C551_토너라벨_1,1,0.38596630096435547,434,262,0.6,
2EQ17014,B793_Canon각인_2,2,0.48918232321739197,90,334,1.05,
2EQ17014,6416_2206N명판_3,3,0.4115752875804901,710,652,0.6,
2EQ17014,3102_현상가압라벨_4,4,0.6254580616950989,510,12,0.6,
2EQ17014,3699_레버피스_4,4,0.5952005982398987,148,26,0.75,
2EQ17014,1525_▲▲▲라벨_5,5,0.9201484322547913,810,230,0.6,
2EQ17014,2917_코마_6,6,0.8534940481185913,922,604,0.6,
2EQ17014,1525_▲▲▲라벨_7,7,0.5872822403907776,512,514,0.75,
2EQ17014,0000_모듈러카바_8,8,0.5294883251190186,312,524,0.6,
2EQ17014,3780_전원스위치_9,9,0.7546124458312988,784,202,0.6,
2EQ17014,V242_카바라이트_10,10,0.7604847550392151,488,134,0.6,
2EQ17014,V242_카바라이트_11,11,0.7272860407829285,560,652,0.6,
2EQ17014,3779_압판스토퍼_12,12,0.5856813788414001,838,42,0.9,
2EQ17014,3779_압판스토퍼_14,14,0.7687608003616333,904,284,0.6,
2EQ17015,C551_토너라벨_1,1,0.30817911028862,540,370,0.6,
2EQ17015,B793_Canon각인_2,2,0.5494354367256165,28,298,1.05,
2EQ17015,6416_2206N명판_3,3,0.4720401167869568,228,384,1.2,
2EQ17015,3102_현상가압라벨_4,4,0.6132348775863647,620,80,0.6,
2EQ17015,3699_레버피스_4,4,0.6108047962188721,520,0,0.6,
2EQ17015,1525_▲▲▲라벨_5,5,0.9258725047111511,104,444,0.75,
2EQ17015,2917_코마_6,6,0.8667877316474915,886,556,0.6,
2EQ17015,1525_▲▲▲라벨_7,7,0.5495597124099731,710,702,0.9,
2EQ17015,0000_모듈러카바_8,8,0.46416565775871277,274,470,0.6,
2EQ17015,3780_전원스위치_9,9,0.760387122631073,784,202,0.6,
2EQ17015,V242_카바라이트_10,10,0.7757728099822998,428,606,0.6,
2EQ17015,V242_카바라이트_11,11,0.7818799018859863,568,650,0.6,
2EQ17015,3779_압판스토퍼_12,12,0.5825162529945374,504,196,0.9,
2EQ17015,3779_압판스토퍼_14,14,0.7579061388969421,898,248,0.6,
2EQ17016,C551_토너라벨_1,1,0.4036667048931122,528,310,0.6,
2EQ17016,B793_Canon각인_2,2,0.5476325750350952,36,246,1.05,
2EQ17016,6416_2206N명판_3,3,0.44070175290107727,278,380,1.2,
2EQ17016,3102_현상가압라벨_4,4,0.6353177428245544,668,294,0.6,
2EQ17016,3699_레버피스_4,4,0.6023147106170654,198,26,0.6,
2EQ17016,1525_▲▲▲라벨_5,5,0.9208663105964661,802,230,0.6,
2EQ17016,2917_코마_6,6,0.8579732775688171,220,182,0.6,
2EQ17016,1525_▲▲▲라벨_7,7,0.5789739489555359,516,556,0.75,
2EQ17016,0000_모듈러카바_8,8,0.4778018295764923,288,532,0.6,
2EQ17016,3780_전원스위치_9,9,0.7557229399681091,784,202,0.6,
2EQ17016,V242_카바라이트_10,10,0.7731390595436096,438,592,0.6,
2EQ17016,V242_카바라이트_11,11,0.769197940826416,496,628,0.6,
2EQ17016,3779_압판스토퍼_12,12,0.5865346193313599,246,510,0.9,
2EQ17016,3779_압판스토퍼_14,14,0.7660027742385864,298,342,0.6,
2EQ17017,C551_토너라벨_1,1,0.31193697452545166,108,648,0.75,
2EQ17017,B793_Canon각인_2,2,0.547034502029419,40,354,1.05,
2EQ17017,6416_2206N명판_3,3,0.43475639820098877,528,306,0.75,
2EQ17017,3102_현상가압라벨_4,4,0.6539251208305359,512,46,0.9,
2EQ17017,3699_레버피스_4,4,0.6419223546981812,614,76,0.6,
2EQ17017,1525_▲▲▲라벨_5,5,0.9224932789802551,796,226,0.75,
2EQ17017,2917_코마_6,6,0.8429895043373108,710,186,0.6,
2EQ17017,1525_▲▲▲라벨_7,7,0.5391404032707214,518,564,0.75,
2EQ17017,0000_모듈러카바_8,8,0.5016562938690186,318,512,0.6,
2EQ17017,3780_전원스위치_9,9,0.7547807693481445,784,202,0.6,
2EQ17017,V242_카바라이트_10,10,0.7799738049507141,442,596,0.6,
2EQ17017,V242_카바라이트_11,11,0.7673413753509521,564,646,0.6,
2EQ17017,3779_압판스토퍼_12,12,0.5776053667068481,778,228,0.6,
2EQ17017,3779_압판스토퍼_14,14,0.7648068070411682,358,370,0.6,
2EQ17018,C551_토너라벨_1,1,0.3328208327293396,428,386,0.6,
2EQ17018,B793_Canon각인_2,2,0.5455014109611511,74,258,1.05,
2EQ17018,6416_2206N명판_3,3,0.5210410952568054,168,398,1.2,
2EQ17018,3102_현상가압라벨_4,4,0.6205588579177856,698,276,0.6,
2EQ17018,3699_레버피스_4,4,0.5525031089782715,330,196,0.6,
2EQ17018,1525_▲▲▲라벨_5,5,0.9252618551254272,154,424,0.6,
2EQ17018,2917_코마_6,6,0.8342015743255615,558,522,0.6,
2EQ17018,1525_▲▲▲라벨_7,7,0.5868285894393921,914,660,0.75,
2EQ17018,0000_모듈러카바_8,8,0.5823479294776917,264,524,0.6,
2EQ17018,3780_전원스위치_9,9,0.7572546601295471,784,202,0.6,
2EQ17018,V242_카바라이트_10,10,0.7837932109832764,424,594,0.6,
2EQ17018,V242_카바라이트_11,11,0.7579156160354614,724,142,0.6,
2EQ17018,3779_압판스토퍼_12,12,0.5683620572090149,918,264,0.9,
2EQ17018,3779_압판스토퍼_14,14,0.743914008140564,302,432,0.6,
2EQ17019,C551_토너라벨_1,1,0.32095590233802795,534,320,0.6,
2EQ17019,B793_Canon각인_2,2,0.5454525351524353,24,328,1.05,
2EQ17019,6416_2206N명판_3,3,0.4110368490219116,704,652,0.6,
2EQ17019,3102_현상가압라벨_4,4,0.6810348629951477,594,6,0.6,
2EQ17019,3699_레버피스_4,4,0.6811935305595398,596,8,0.6,
2EQ17019,1525_▲▲▲라벨_5,5,0.9325188994407654,798,228,0.6,
2EQ17019,2917_코마_6,6,0.8585783243179321,926,582,0.6,
2EQ17019,1525_▲▲▲라벨_7,7,0.6218081712722778,582,538,0.9,
2EQ17019,0000_모듈러카바_8,8,0.5220071077346802,272,528,0.6,
2EQ17019,3780_전원스위치_9,9,0.7514594793319702,784,202,0.6,
2EQ17019,V242_카바라이트_10,10,0.7809755802154541,440,606,0.6,
2EQ17019,V242_카바라이트_11,11,0.7705175280570984,564,654,0.6,
2EQ17019,3779_압판스토퍼_12,12,0.5991138815879822,456,220,0.9,
2EQ17019,3779_압판스토퍼_14,14,0.7632260322570801,358,424,0.6,
2EQ17020,C551_토너라벨_1,1,0.3184056878089905,556,372,0.6,
2EQ17020,B793_Canon각인_2,2,0.500214159488678,32,316,1.05,
2EQ17020,6416_2206N명판_3,3,0.4580950438976288,392,406,1.2,
2EQ17020,3102_현상가압라벨_4,4,0.7104977369308472,526,8,0.6,
2EQ17020,3699_레버피스_4,4,0.7179599404335022,504,12,0.6,
2EQ17020,1525_▲▲▲라벨_5,5,0.9173782467842102,812,230,0.6,
2EQ17020,2917_코마_6,6,0.866534948348999,928,564,0.6,
2EQ17020,1525_▲▲▲라벨_7,7,0.5140334367752075,702,674,0.9,
2EQ17020,0000_모듈러카바_8,8,0.5371336936950684,314,498,0.6,
2EQ17020,3780_전원스위치_9,9,0.7522693872451782,784,204,0.6,
2EQ17020,V242_카바라이트_10,10,0.7743788361549377,430,594,0.6,
2EQ17020,V242_카바라이트_11,11,0.7766148447990417,560,642,0.6,
2EQ17020,3779_압판스토퍼_12,12,0.5526994466781616,210,494,0.9,
2EQ17020,3779_압판스토퍼_14,14,0.744414210319519,228,186,0.6,
2EQ17021,C551_토너라벨_1,1,0.3283454179763794,496,298,0.6,
2EQ17021,B793_Canon각인_2,2,0.5534989237785339,24,334,1.05,
2EQ17021,6416_2206N명판_3,3,0.44839879870414734,226,298,1.2,
2EQ17021,3102_현상가압라벨_4,4,0.6926529407501221,518,18,0.6,
2EQ17021,3699_레버피스_4,4,0.6715295314788818,494,22,0.6,
2EQ17021,1525_▲▲▲라벨_5,5,0.9251477718353271,260,472,0.6,
2EQ17021,2917_코마_6,6,0.8739783763885498,862,538,0.6,
2EQ17021,1525_▲▲▲라벨_7,7,0.5658600330352783,490,578,0.75,
2EQ17021,0000_모듈러카바_8,8,0.44959524273872375,312,588,0.6,
2EQ17021,3780_전원스위치_9,9,0.7564783096313477,784,202,0.6,
2EQ17021,V242_카바라이트_10,10,0.7776204347610474,440,604,0.6,
2EQ17021,V242_카바라이트_11,11,0.7796149253845215,510,634,0.6,
2EQ17021,3779_압판스토퍼_12,12,0.5535642504692078,344,158,0.9,
2EQ17021,3779_압판스토퍼_14,14,0.7488345503807068,210,168,0.6,
2EQ17022,C551_토너라벨_1,1,0.3517574071884155,406,420,0.6,
2EQ17022,B793_Canon각인_2,2,0.5914832353591919,122,330,1.05,
2EQ17022,6416_2206N명판_3,3,0.4344324767589569,180,446,1.2,
2EQ17022,3102_현상가압라벨_4,4,0.6133565306663513,670,60,0.6,
2EQ17022,3699_레버피스_4,4,0.6066262722015381,764,8,0.75,
2EQ17022,1525_▲▲▲라벨_5,5,0.9278855323791504,322,378,0.6,
2EQ17022,2917_코마_6,6,0.872154712677002,526,496,0.6,
2EQ17022,1525_▲▲▲라벨_7,7,0.6085027456283569,602,554,0.9,
2EQ17022,0000_모듈러카바_8,8,0.46298688650131226,304,464,0.6,
2EQ17022,3780_전원스위치_9,9,0.7583110928535461,784,202,0.6,
2EQ17022,V242_카바라이트_10,10,0.786116898059845,424,594,0.6,
2EQ17022,V242_카바라이트_11,11,0.7895224690437317,518,650,0.6,
2EQ17022,3779_압판스토퍼_12,12,0.5848299264907837,800,64,0.9,
2EQ17022,3779_압판스토퍼_14,14,0.7484267950057983,520,172,0.75,
2EQ17023,C551_토너라벨_1,1,0.30340686440467834,148,228,0.6,
2EQ17023,B793_Canon각인_2,2,0.4783550500869751,16,302,1.05,
2EQ17023,6416_2206N명판_3,3,0.4479353129863739,90,424,1.2,
2EQ17023,3102_현상가압라벨_4,4,0.585673987865448,570,14,0.6,
2EQ17023,3699_레버피스_4,4,0.545911431312561,860,46,0.6,
2EQ17023,1525_▲▲▲라벨_5,5,0.9259862899780273,196,484,0.6,
2EQ17023,2917_코마_6,6,0.8522925972938538,738,540,0.6,
2EQ17023,1525_▲▲▲라벨_7,7,0.525259792804718,476,564,0.6,
2EQ17023,0000_모듈러카바_8,8,0.5416415929794312,280,524,0.6,
2EQ17023,3780_전원스위치_9,9,0.7554316520690918,784,202,0.6,
2EQ17023,V242_카바라이트_10,10,0.7770664691925049,440,586,0.6,
2EQ17023,V242_카바라이트_11,11,0.7740904688835144,560,644,0.6,
2EQ17023,3779_압판스토퍼_12,12,0.5771705508232117,758,102,0.9,
2EQ17023,3779_압판스토퍼_14,14,0.7671136260032654,512,352,0.6,
2EQ17024,C551_토너라벨_1,1,0.3165872097015381,148,228,0.6,
2EQ17024,B793_Canon각인_2,2,0.5450810790061951,0,332,1.05,
2EQ17024,6416_2206N명판_3,3,0.43001049757003784,136,356,1.2,
2EQ17024,3102_현상가압라벨_4,4,0.600042462348938,596,18,0.6,
2EQ17024,3699_레버피스_4,4,0.6193479299545288,398,198,0.6,
2EQ17024,1525_▲▲▲라벨_5,5,0.9230942726135254,214,474,0.6,
2EQ17024,2917_코마_6,6,0.8488117456436157,720,50,0.6,
2EQ17024,1525_▲▲▲라벨_7,7,0.5427117347717285,472,478,0.6,
2EQ17024,0000_모듈러카바_8,8,0.4852960705757141,286,528,0.6,
2EQ17024,3780_전원스위치_9,9,0.7492483854293823,784,202,0.6,
2EQ17024,V242_카바라이트_10,10,0.7785472869873047,480,138,0.6,
2EQ17024,V242_카바라이트_11,11,0.7904915809631348,560,646,0.6,
2EQ17024,3779_압판스토퍼_12,12,0.5655609369277954,232,514,0.9,
2EQ17024,3779_압판스토퍼_14,14,0.7519902586936951,454,358,0.6,
2EQ17025,C551_토너라벨_1,1,0.3174112141132355,442,360,0.6,
2EQ17025,B793_Canon각인_2,2,0.4508349597454071,94,292,1.05,
2EQ17025,6416_2206N명판_3,3,0.42746472358703613,594,282,0.75,
2EQ17025,3102_현상가압라벨_4,4,0.6212408542633057,584,84,0.6,
2EQ17025,3699_레버피스_4,4,0.6383457183837891,214,26,0.6,
2EQ17025,1525_▲▲▲라벨_5,5,0.9208294749259949,814,230,0.6,
2EQ17025,2917_코마_6,6,0.8625594973564148,906,574,0.6,
2EQ17025,1525_▲▲▲라벨_7,7,0.5640901327133179,532,544,0.9,
2EQ17025,0000_모듈러카바_8,8,0.5467960238456726,356,476,0.6,
2EQ17025,3780_전원스위치_9,9,0.7532407641410828,784,202,0.6,
2EQ17025,V242_카바라이트_10,10,0.7795177102088928,436,594,0.6,
2EQ17025,V242_카바라이트_11,11,0.7667087316513062,556,646,0.6,
2EQ17025,3779_압판스토퍼_12,12,0.5670285224914551,192,490,0.9,
2EQ17025,3779_압판스토퍼_14,14,0.7310610413551331,670,156,0.6,
2EQ17026,C551_토너라벨_1,1,0.34966716170310974,486,372,0.6,
2EQ17026,B793_Canon각인_2,2,0.5498993396759033,62,390,1.05,
2EQ17026,6416_2206N명판_3,3,0.4499449133872986,142,378,1.2,
2EQ17026,3102_현상가압라벨_4,4,0.6453449726104736,678,32,0.6,
2EQ17026,3699_레버피스_4,4,0.5454074740409851,348,490,1.2,
2EQ17026,1525_▲▲▲라벨_5,5,0.9158068895339966,262,386,0.6,
2EQ17026,2917_코마_6,6,0.8563648462295532,240,106,0.6,
2EQ17026,1525_▲▲▲라벨_7,7,0.5321869254112244,566,530,0.6,
2EQ17026,0000_모듈러카바_8,8,0.5416145324707031,390,488,0.6,
2EQ17026,3780_전원스위치_9,9,0.7555215954780579,782,202,0.6,
2EQ17026,V242_카바라이트_10,10,0.7905945181846619,482,144,0.6,
2EQ17026,V242_카바라이트_11,11,0.7795048952102661,520,588,0.6,
2EQ17026,3779_압판스토퍼_12,12,0.6011859774589539,914,276,0.9,
2EQ17026,3779_압판스토퍼_14,14,0.7242414951324463,210,184,0.75,
2EQ17027,C551_토너라벨_1,1,0.3023354709148407,146,228,0.6,
2EQ17027,B793_Canon각인_2,2,0.48333948850631714,10,324,1.05,
2EQ17027,6416_2206N명판_3,3,0.4351887106895447,564,308,0.6,
2EQ17027,3102_현상가압라벨_4,4,0.6077721118927002,552,48,0.6,
2EQ17027,3699_레버피스_4,4,0.5621585845947266,572,14,0.6,
2EQ17027,1525_▲▲▲라벨_5,5,0.9328641891479492,170,568,0.6,
2EQ17027,2917_코마_6,6,0.8687441349029541,914,598,0.6,
2EQ17027,1525_▲▲▲라벨_7,7,0.5508257150650024,622,40,1.05,
2EQ17027,0000_모듈러카바_8,8,0.4881247878074646,294,512,0.6,
2EQ17027,3780_전원스위치_9,9,0.751410186290741,784,202,0.6,
2EQ17027,V242_카바라이트_10,10,0.7755920886993408,444,608,0.6,
2EQ17027,V242_카바라이트_11,11,0.7732921242713928,562,652,0.6,
2EQ17027,3779_압판스토퍼_12,12,0.5746219754219055,366,178,0.9,
2EQ17027,3779_압판스토퍼_14,14,0.7483624219894409,300,340,0.75,
2EQ17028,C551_토너라벨_1,1,0.32011646032333374,552,364,0.6,
2EQ17028,B793_Canon각인_2,2,0.5532997250556946,0,360,1.05,
2EQ17028,6416_2206N명판_3,3,0.4453361928462982,278,364,1.2,
2EQ17028,3102_현상가압라벨_4,4,0.6401399374008179,612,34,0.6,
2EQ17028,3699_레버피스_4,4,0.6448326110839844,616,36,0.6,
2EQ17028,1525_▲▲▲라벨_5,5,0.9121842384338379,256,462,0.6,
2EQ17028,2917_코마_6,6,0.8669372797012329,698,142,0.6,
2EQ17028,1525_▲▲▲라벨_7,7,0.5887097716331482,532,686,0.9,
2EQ17028,0000_모듈러카바_8,8,0.43572473526000977,288,546,0.6,
2EQ17028,3780_전원스위치_9,9,0.7574693560600281,784,202,0.6,
2EQ17028,V242_카바라이트_10,10,0.7764065861701965,438,604,0.6,
2EQ17028,V242_카바라이트_11,11,0.776636004447937,722,142,0.6,
2EQ17028,3779_압판스토퍼_12,12,0.5761117935180664,178,454,0.9,
2EQ17028,3779_압판스토퍼_14,14,0.7446538209915161,240,190,0.6,
2EQ17029,C551_토너라벨_1,1,0.31528618931770325,224,108,1.05,
2EQ17029,B793_Canon각인_2,2,0.548297107219696,26,302,1.05,
2EQ17029,6416_2206N명판_3,3,0.460496723651886,234,316,1.2,
2EQ17029,3102_현상가압라벨_4,4,0.6413986086845398,468,2,0.75,
2EQ17029,3699_레버피스_4,4,0.6182761788368225,486,18,0.6,
2EQ17029,1525_▲▲▲라벨_5,5,0.9291605949401855,140,228,0.75,
2EQ17029,2917_코마_6,6,0.8438571095466614,856,558,0.6,
2EQ17029,1525_▲▲▲라벨_7,7,0.5324516296386719,466,510,0.6,
2EQ17029,0000_모듈러카바_8,8,0.4354995787143707,316,538,0.6,
2EQ17029,3780_전원스위치_9,9,0.7572249174118042,786,202,0.6,
2EQ17029,V242_카바라이트_10,10,0.7759963870048523,444,592,0.6,
2EQ17029,V242_카바라이트_11,11,0.7512306571006775,724,132,0.6,
2EQ17029,3779_압판스토퍼_12,12,0.5468339920043945,366,34,0.9,
2EQ17029,3779_압판스토퍼_14,14,0.758821427822113,210,174,0.75,
2EQ17030,C551_토너라벨_1,1,0.32912105321884155,296,82,1.05,
2EQ17030,B793_Canon각인_2,2,0.5948091149330139,82,362,1.05,
2EQ17030,6416_2206N명판_3,3,0.44943591952323914,238,362,1.2,
2EQ17030,3102_현상가압라벨_4,4,0.6327199339866638,662,96,0.6,
2EQ17030,3699_레버피스_4,4,0.664465606212616,662,0,0.6,
2EQ17030,1525_▲▲▲라벨_5,5,0.9173194766044617,814,228,0.6,
2EQ17030,2917_코마_6,6,0.8620210886001587,930,572,0.6,
2EQ17030,1525_▲▲▲라벨_7,7,0.5326290130615234,502,508,0.75,
2EQ17030,0000_모듈러카바_8,8,0.4783584475517273,262,486,0.6,
2EQ17030,3780_전원스위치_9,9,0.7543905377388,784,202,0.6,
2EQ17030,V242_카바라이트_10,10,0.766787588596344,430,592,0.6,
2EQ17030,V242_카바라이트_11,11,0.7720608115196228,562,656,0.6,
2EQ17030,3779_압판스토퍼_12,12,0.5618412494659424,202,496,0.9,
2EQ17030,3779_압판스토퍼_14,14,0.756817638874054,220,176,0.6,
2EQ17031,C551_토너라벨_1,1,0.36050835251808167,306,332,0.6,
2EQ17031,B793_Canon각인_2,2,0.494833767414093,44,340,1.05,
2EQ17031,6416_2206N명판_3,3,0.42317086458206177,180,488,1.2,
2EQ17031,3102_현상가압라벨_4,4,0.6475937962532043,666,0,0.6,
2EQ17031,3699_레버피스_4,4,0.6050856709480286,898,178,0.6,
2EQ17031,1525_▲▲▲라벨_5,5,0.9261611700057983,210,470,0.6,
2EQ17031,2917_코마_6,6,0.8689747452735901,908,556,0.6,
2EQ17031,1525_▲▲▲라벨_7,7,0.616279125213623,534,464,0.75,
2EQ17031,0000_모듈러카바_8,8,0.41093766689300537,246,482,0.6,
2EQ17031,3780_전원스위치_9,9,0.7554864883422852,784,202,0.6,
2EQ17031,V242_카바라이트_10,10,0.7653269171714783,432,600,0.6,
2EQ17031,V242_카바라이트_11,11,0.7642645835876465,724,618,0.6,
2EQ17031,3779_압판스토퍼_12,12,0.580108106136322,762,114,0.9,
2EQ17031,3779_압판스토퍼_14,14,0.7526281476020813,614,294,0.6,
2EQ17032,C551_토너라벨_1,1,0.2964099049568176,148,228,0.6,
2EQ17032,B793_Canon각인_2,2,0.5337463021278381,8,388,1.05,
2EQ17032,6416_2206N명판_3,3,0.43486255407333374,570,272,0.6,
2EQ17032,3102_현상가압라벨_4,4,0.6709428429603577,446,0,0.6,
2EQ17032,3699_레버피스_4,4,0.6056659817695618,430,4,0.6,
2EQ17032,1525_▲▲▲라벨_5,5,0.9197802543640137,250,478,0.6,
2EQ17032,2917_코마_6,6,0.8680295944213867,938,562,0.6,
2EQ17032,1525_▲▲▲라벨_7,7,0.5519961714744568,514,576,0.75,
2EQ17032,0000_모듈러카바_8,8,0.4412689507007599,300,508,0.6,
2EQ17032,3780_전원스위치_9,9,0.7512580752372742,784,202,0.6,
2EQ17032,V242_카바라이트_10,10,0.7727129459381104,494,136,0.6,
2EQ17032,V242_카바라이트_11,11,0.780562698841095,496,652,0.6,
2EQ17032,3779_압판스토퍼_12,12,0.5464333295822144,268,502,0.9,
2EQ17032,3779_압판스토퍼_14,14,0.7480777502059937,348,368,0.6,
2EQ17033,C551_토너라벨_1,1,0.40719127655029297,626,332,0.6,
2EQ17033,B793_Canon각인_2,2,0.5286481976509094,92,428,1.05,
2EQ17033,6416_2206N명판_3,3,0.401048481464386,730,666,0.6,
2EQ17033,3102_현상가압라벨_4,4,0.6084221601486206,804,18,0.6,
2EQ17033,3699_레버피스_4,4,0.5779608488082886,368,486,1.2,
2EQ17033,1525_▲▲▲라벨_5,5,0.9185982942581177,154,240,0.6,
2EQ17033,2917_코마_6,6,0.8598290085792542,638,242,0.6,
2EQ17033,1525_▲▲▲라벨_7,7,0.5235965847969055,488,168,0.9,
2EQ17033,0000_모듈러카바_8,8,0.46978068351745605,208,474,0.6,
2EQ17033,3780_전원스위치_9,9,0.7378020286560059,782,202,0.6,
2EQ17033,V242_카바라이트_10,10,0.7850353121757507,470,454,0.6,
2EQ17033,V242_카바라이트_11,11,0.7624334096908569,660,488,0.6,
2EQ17033,3779_압판스토퍼_12,12,0.7028589248657227,812,384,0.75,
2EQ17033,3779_압판스토퍼_14,14,0.7370532155036926,430,280,0.75,
2EQ17034,C551_토너라벨_1,1,0.3088429570198059,148,228,0.6,
2EQ17034,B793_Canon각인_2,2,0.5504223108291626,10,308,1.05,
2EQ17034,6416_2206N명판_3,3,0.42582669854164124,118,356,1.2,
2EQ17034,3102_현상가압라벨_4,4,0.6078571677207947,416,106,0.6,
2EQ17034,3699_레버피스_4,4,0.6239533424377441,682,40,0.6,
2EQ17034,1525_▲▲▲라벨_5,5,0.9200642704963684,808,232,0.6,
2EQ17034,2917_코마_6,6,0.8511844277381897,928,556,0.6,
2EQ17034,1525_▲▲▲라벨_7,7,0.5435740351676941,352,526,0.9,
2EQ17034,0000_모듈러카바_8,8,0.4091808497905731,322,576,0.6,
2EQ17034,3780_전원스위치_9,9,0.7540944218635559,784,202,0.6,
2EQ17034,V242_카바라이트_10,10,0.7798359990119934,440,600,0.6,
2EQ17034,V242_카바라이트_11,11,0.789116382598877,528,660,0.6,
2EQ17034,3779_압판스토퍼_12,12,0.5679660439491272,838,498,0.9,
2EQ17034,3779_압판스토퍼_14,14,0.7346801161766052,360,414,0.6,
2EQ17035,C551_토너라벨_1,1,0.3375604450702667,486,482,0.6,
2EQ17035,B793_Canon각인_2,2,0.5399754643440247,48,402,1.05,
2EQ17035,6416_2206N명판_3,3,0.46969354152679443,192,482,1.2,
2EQ17035,3102_현상가압라벨_4,4,0.6702704429626465,694,62,0.6,
2EQ17035,3699_레버피스_4,4,0.633854866027832,598,36,0.9,
2EQ17035,1525_▲▲▲라벨_5,5,0.9166386723518372,280,316,0.75,
2EQ17035,2917_코마_6,6,0.8498980402946472,480,540,0.6,
2EQ17035,1525_▲▲▲라벨_7,7,0.5356038808822632,196,192,0.75,
2EQ17035,0000_모듈러카바_8,8,0.6659998297691345,390,478,0.6,
2EQ17035,3780_전원스위치_9,9,0.7516554594039917,784,202,0.6,
2EQ17035,V242_카바라이트_10,10,0.7895057797431946,410,604,0.6,
2EQ17035,V242_카바라이트_11,11,0.7611792683601379,720,138,0.6,
2EQ17035,3779_압판스토퍼_12,12,0.5011202096939087,186,504,0.9,
2EQ17035,3779_압판스토퍼_14,14,0.7545690536499023,464,336,0.6,
2EQ17036,C551_토너라벨_1,1,0.3433936834335327,452,250,0.6,
2EQ17036,B793_Canon각인_2,2,0.5629889369010925,52,330,1.05,
2EQ17036,6416_2206N명판_3,3,0.4400578439235687,576,302,0.6,
2EQ17036,3102_현상가압라벨_4,4,0.6043636202812195,546,46,0.6,
2EQ17036,3699_레버피스_4,4,0.618911862373352,150,28,0.6,
2EQ17036,1525_▲▲▲라벨_5,5,0.921461284160614,294,460,0.6,
2EQ17036,2917_코마_6,6,0.8667773008346558,844,560,0.6,
2EQ17036,1525_▲▲▲라벨_7,7,0.5551738739013672,582,536,0.6,
2EQ17036,0000_모듈러카바_8,8,0.41164588928222656,244,494,0.6,
2EQ17036,3780_전원스위치_9,9,0.754203736782074,784,202,0.6,
2EQ17036,V242_카바라이트_10,10,0.7750400900840759,436,596,0.6,
2EQ17036,V242_카바라이트_11,11,0.7705811858177185,566,642,0.6,
2EQ17036,3779_압판스토퍼_12,12,0.5541536211967468,806,204,0.6,
2EQ17036,3779_압판스토퍼_14,14,0.7537400126457214,212,176,0.6,
2EQ17037,C551_토너라벨_1,1,0.3597586452960968,526,394,0.6,
2EQ17037,B793_Canon각인_2,2,0.5105195641517639,52,368,1.05,
2EQ17037,6416_2206N명판_3,3,0.42789530754089355,104,396,1.2,
2EQ17037,3102_현상가압라벨_4,4,0.6348810791969299,644,0,0.6,
2EQ17037,3699_레버피스_4,4,0.5471919775009155,686,372,0.6,
2EQ17037,1525_▲▲▲라벨_5,5,0.9250714182853699,796,224,0.75,
2EQ17037,2917_코마_6,6,0.8308979272842407,868,598,0.6,
2EQ17037,1525_▲▲▲라벨_7,7,0.5965625047683716,492,520,0.9,
2EQ17037,0000_모듈러카바_8,8,0.6208057999610901,272,500,0.6,
2EQ17037,3780_전원스위치_9,9,0.75676029920578,784,202,0.6,
2EQ17037,V242_카바라이트_10,10,0.7766991257667542,480,126,0.6,
2EQ17037,V242_카바라이트_11,11,0.7701192498207092,564,652,0.6,
2EQ17037,3779_압판스토퍼_12,12,0.5577933192253113,104,604,0.9,
2EQ17037,3779_압판스토퍼_14,14,0.7605478763580322,608,224,0.75,
2EQ17038,C551_토너라벨_1,1,0.3398921489715576,580,336,0.6,
2EQ17038,B793_Canon각인_2,2,0.4753813147544861,2,300,1.05,
2EQ17038,6416_2206N명판_3,3,0.4093501567840576,238,346,1.2,
2EQ17038,3102_현상가압라벨_4,4,0.5932186245918274,562,76,0.6,
2EQ17038,3699_레버피스_4,4,0.6170082092285156,186,24,0.6,
2EQ17038,1525_▲▲▲라벨_5,5,0.9198933839797974,370,442,0.75,
2EQ17038,2917_코마_6,6,0.8480467200279236,914,564,0.6,
2EQ17038,1525_▲▲▲라벨_7,7,0.5723247528076172,492,578,0.75,
2EQ17038,0000_모듈러카바_8,8,0.49880093336105347,308,500,0.6,
2EQ17038,3780_전원스위치_9,9,0.7574383020401001,784,202,0.6,
2EQ17038,V242_카바라이트_10,10,0.7942980527877808,486,134,0.6,
2EQ17038,V242_카바라이트_11,11,0.7756651043891907,504,644,0.6,
2EQ17038,3779_압판스토퍼_12,12,0.5448305010795593,500,66,0.9,
2EQ17038,3779_압판스토퍼_14,14,0.7194041013717651,862,442,0.6,
2EQ17039,C551_토너라벨_1,1,0.347468763589859,534,494,0.6,
2EQ17039,B793_Canon각인_2,2,0.515929102897644,26,432,1.05,
2EQ17039,6416_2206N명판_3,3,0.4764326810836792,158,442,1.2,
2EQ17039,3102_현상가압라벨_4,4,0.6338420510292053,760,346,0.6,
2EQ17039,3699_레버피스_4,4,0.5471755266189575,370,160,0.6,
2EQ17039,1525_▲▲▲라벨_5,5,0.922654390335083,298,420,0.75,
2EQ17039,2917_코마_6,6,0.8463783264160156,644,20,0.6,
2EQ17039,1525_▲▲▲라벨_7,7,0.5338163375854492,416,158,0.9,
2EQ17039,0000_모듈러카바_8,8,0.549240231513977,304,588,0.6,
2EQ17039,3780_전원스위치_9,9,0.7570498585700989,784,202,0.6,
2EQ17039,V242_카바라이트_10,10,0.7658950090408325,440,596,0.6,
2EQ17039,V242_카바라이트_11,11,0.7497767806053162,572,662,0.6,
2EQ17039,3779_압판스토퍼_12,12,0.6010650992393494,194,532,0.9,
2EQ17039,3779_압판스토퍼_14,14,0.7675973773002625,494,450,0.6,
2EQ17040,C551_토너라벨_1,1,0.3258812725543976,406,320,0.6,
2EQ17040,B793_Canon각인_2,2,0.4584868550300598,20,356,1.05,
2EQ17040,6416_2206N명판_3,3,0.45776474475860596,212,332,1.2,
2EQ17040,3102_현상가압라벨_4,4,0.6342200636863708,594,84,0.6,
2EQ17040,3699_레버피스_4,4,0.6241564750671387,218,12,0.75,
2EQ17040,1525_▲▲▲라벨_5,5,0.9286354780197144,360,448,0.75,
2EQ17040,2917_코마_6,6,0.8685420751571655,906,544,0.6,
2EQ17040,1525_▲▲▲라벨_7,7,0.5395867228507996,602,556,0.75,
2EQ17040,0000_모듈러카바_8,8,0.4867439866065979,288,430,0.6,
2EQ17040,3780_전원스위치_9,9,0.7535784244537354,784,202,0.6,
2EQ17040,V242_카바라이트_10,10,0.7748655080795288,452,584,0.6,
2EQ17040,V242_카바라이트_11,11,0.787511944770813,558,656,0.6,
2EQ17040,3779_압판스토퍼_12,12,0.5919340252876282,320,170,0.9,
2EQ17040,3779_압판스토퍼_14,14,0.7471874952316284,616,222,0.6,
2EQ17041,C551_토너라벨_1,1,0.3291098177433014,416,330,0.6,
2EQ17041,B793_Canon각인_2,2,0.48536917567253113,86,322,1.05,
2EQ17041,6416_2206N명판_3,3,0.44583868980407715,270,266,1.2,
2EQ17041,3102_현상가압라벨_4,4,0.6824932098388672,628,22,0.6,
2EQ17041,3699_레버피스_4,4,0.6559131741523743,628,24,0.6,
2EQ17041,1525_▲▲▲라벨_5,5,0.9270643591880798,216,492,0.75,
2EQ17041,2917_코마_6,6,0.8702360391616821,698,146,0.6,
2EQ17041,1525_▲▲▲라벨_7,7,0.570571780204773,244,492,0.6,
2EQ17041,0000_모듈러카바_8,8,0.559550940990448,294,468,0.6,
2EQ17041,3780_전원스위치_9,9,0.7506644129753113,784,202,0.6,
2EQ17041,V242_카바라이트_10,10,0.7833623886108398,720,148,0.6,
2EQ17041,V242_카바라이트_11,11,0.7712024450302124,508,642,0.6,
2EQ17041,3779_압판스토퍼_12,12,0.5784260034561157,190,482,0.9,
2EQ17041,3779_압판스토퍼_14,14,0.7559229135513306,514,246,0.6,
2EQ17042,C551_토너라벨_1,1,0.321672648191452,152,232,0.6,
2EQ17042,B793_Canon각인_2,2,0.48247918486595154,40,398,1.05,
2EQ17042,6416_2206N명판_3,3,0.4340047240257263,188,274,1.2,
2EQ17042,3102_현상가압라벨_4,4,0.6710865497589111,656,6,0.75,
2EQ17042,3699_레버피스_4,4,0.6825709939002991,698,22,0.6,
2EQ17042,1525_▲▲▲라벨_5,5,0.9180644154548645,800,230,0.6,
2EQ17042,2917_코마_6,6,0.8657359480857849,920,568,0.6,
2EQ17042,1525_▲▲▲라벨_7,7,0.5592703223228455,318,510,0.6,
2EQ17042,0000_모듈러카바_8,8,0.5066497325897217,420,488,0.6,
2EQ17042,3780_전원스위치_9,9,0.7560755610466003,226,334,0.6,
2EQ17042,V242_카바라이트_10,10,0.7892934083938599,426,592,0.6,
2EQ17042,V242_카바라이트_11,11,0.7612763047218323,566,648,0.6,
2EQ17042,3779_압판스토퍼_12,12,0.5761980414390564,182,468,0.9,
2EQ17042,3779_압판스토퍼_14,14,0.750201940536499,374,402,0.6,
2EQ17043,C551_토너라벨_1,1,0.33411481976509094,564,338,0.6,
2EQ17043,B793_Canon각인_2,2,0.5562527775764465,38,352,1.05,
2EQ17043,6416_2206N명판_3,3,0.4870801866054535,246,338,1.2,
2EQ17043,3102_현상가압라벨_4,4,0.6594175696372986,456,6,0.6,
2EQ17043,3699_레버피스_4,4,0.6169238686561584,452,10,0.6,
2EQ17043,1525_▲▲▲라벨_5,5,0.9248984456062317,158,236,0.6,
2EQ17043,2917_코마_6,6,0.8690821528434753,938,570,0.6,
2EQ17043,1525_▲▲▲라벨_7,7,0.5421205163002014,474,604,0.6,
2EQ17043,0000_모듈러카바_8,8,0.5758777856826782,306,514,0.6,
2EQ17043,3780_전원스위치_9,9,0.7499926090240479,784,202,0.6,
2EQ17043,V242_카바라이트_10,10,0.7781180739402771,436,600,0.6,
2EQ17043,V242_카바라이트_11,11,0.7698026895523071,520,620,0.6,
2EQ17043,3779_압판스토퍼_12,12,0.579481303691864,286,164,0.9,
2EQ17043,3779_압판스토퍼_14,14,0.7478652596473694,548,200,0.6,
2EQ17044,C551_토너라벨_1,1,0.3780762851238251,420,322,0.6,
2EQ17044,B793_Canon각인_2,2,0.5668349266052246,76,356,1.05,
2EQ17044,6416_2206N명판_3,3,0.4030347764492035,44,220,0.6,
2EQ17044,3102_현상가압라벨_4,4,0.5786617994308472,638,682,0.6,
2EQ17044,3699_레버피스_4,4,0.5655995607376099,348,466,1.2,
2EQ17044,1525_▲▲▲라벨_5,5,0.9246063828468323,800,228,0.6,
2EQ17044,2917_코마_6,6,0.8509275913238525,166,586,0.6,
2EQ17044,1525_▲▲▲라벨_7,7,0.5288755297660828,408,478,0.9,
2EQ17044,0000_모듈러카바_8,8,0.5324424505233765,312,516,0.6,
2EQ17044,3780_전원스위치_9,9,0.7558645009994507,784,202,0.6,
2EQ17044,V242_카바라이트_10,10,0.7552183270454407,484,128,0.6,
2EQ17044,V242_카바라이트_11,11,0.7805517315864563,568,656,0.6,
2EQ17044,3779_압판스토퍼_12,12,0.5592885613441467,382,104,0.9,
2EQ17044,3779_압판스토퍼_14,14,0.7316344976425171,676,48,0.75,
2EQ17045,C551_토너라벨_1,1,0.34258192777633667,218,138,1.05,
2EQ17045,B793_Canon각인_2,2,0.5645456314086914,84,420,1.05,
2EQ17045,6416_2206N명판_3,3,0.49554353952407837,78,286,1.2,
2EQ17045,3102_현상가압라벨_4,4,0.6314350962638855,720,178,0.6,
2EQ17045,3699_레버피스_4,4,0.5669215321540833,558,320,0.6,
2EQ17045,1525_▲▲▲라벨_5,5,0.9343985915184021,174,462,0.75,
2EQ17045,2917_코마_6,6,0.8395629525184631,924,544,0.6,
2EQ17045,1525_▲▲▲라벨_7,7,0.5710197687149048,492,592,0.6,
2EQ17045,0000_모듈러카바_8,8,0.6223343014717102,328,492,0.6,
2EQ17045,3780_전원스위치_9,9,0.7534582018852234,342,368,0.6,
2EQ17045,V242_카바라이트_10,10,0.7636635899543762,424,600,0.6,
2EQ17045,V242_카바라이트_11,11,0.7354776263237,568,640,0.6,
2EQ17045,3779_압판스토퍼_12,12,0.6006203293800354,448,220,0.9,
2EQ17045,3779_압판스토퍼_14,14,0.7594190835952759,486,328,0.6,
2EQ17046,C551_토너라벨_1,1,0.34632572531700134,526,340,0.6,
2EQ17046,B793_Canon각인_2,2,0.5505815148353577,32,302,1.05,
2EQ17046,6416_2206N명판_3,3,0.5569093823432922,220,462,1.2,
2EQ17046,3102_현상가압라벨_4,4,0.6137936115264893,544,554,0.6,
2EQ17046,3699_레버피스_4,4,0.5819827318191528,744,40,0.75,
2EQ17046,1525_▲▲▲라벨_5,5,0.9276661276817322,266,456,0.6,
2EQ17046,2917_코마_6,6,0.8619682192802429,788,556,0.6,
2EQ17046,1525_▲▲▲라벨_7,7,0.5667380094528198,460,52,0.9,
2EQ17046,0000_모듈러카바_8,8,0.49005889892578125,294,502,0.6,
2EQ17046,3780_전원스위치_9,9,0.7543637156486511,784,202,0.6,
2EQ17046,V242_카바라이트_10,10,0.7753047347068787,438,596,0.6,
2EQ17046,V242_카바라이트_11,11,0.7416133284568787,726,618,0.6,
2EQ17046,3779_압판스토퍼_12,12,0.5734689831733704,296,168,0.9,
2EQ17046,3779_압판스토퍼_14,14,0.7371636033058167,546,334,0.6,
2EQ17047,C551_토너라벨_1,1,0.391484797000885,540,392,0.6,
2EQ17047,B793_Canon각인_2,2,0.5580133199691772,28,336,1.05,
2EQ17047,6416_2206N명판_3,3,0.45171159505844116,192,298,1.2,
2EQ17047,3102_현상가압라벨_4,4,0.645875096321106,596,16,0.6,
2EQ17047,3699_레버피스_4,4,0.5324724912643433,278,182,0.6,
2EQ17047,1525_▲▲▲라벨_5,5,0.9288704991340637,600,20,0.6,
2EQ17047,2917_코마_6,6,0.835761308670044,654,500,0.6,
2EQ17047,1525_▲▲▲라벨_7,7,0.5487179160118103,568,606,0.75,
2EQ17047,0000_모듈러카바_8,8,0.5443463325500488,348,566,0.6,
2EQ17047,3780_전원스위치_9,9,0.7488371729850769,784,202,0.6,
2EQ17047,V242_카바라이트_10,10,0.7686170339584351,484,128,0.6,
2EQ17047,V242_카바라이트_11,11,0.7406964302062988,724,138,0.6,
2EQ17047,3779_압판스토퍼_12,12,0.6153503060340881,734,68,0.9,
2EQ17047,3779_압판스토퍼_14,14,0.770757257938385,926,248,0.75,
2EQ17048,C551_토너라벨_1,1,0.3405727744102478,532,446,0.6,
2EQ17048,B793_Canon각인_2,2,0.5702210068702698,72,340,1.05,
2EQ17048,6416_2206N명판_3,3,0.45051485300064087,174,396,1.2,
2EQ17048,3102_현상가압라벨_4,4,0.6427179574966431,670,46,0.6,
2EQ17048,3699_레버피스_4,4,0.5796852707862854,356,486,1.2,
2EQ17048,1525_▲▲▲라벨_5,5,0.9162793755531311,154,236,0.6,
2EQ17048,2917_코마_6,6,0.851073145866394,424,544,0.6,
2EQ17048,1525_▲▲▲라벨_7,7,0.5295547246932983,608,576,0.6,
2EQ17048,0000_모듈러카바_8,8,0.6342123746871948,176,452,0.6,
2EQ17048,3780_전원스위치_9,9,0.7603919506072998,786,202,0.6,
2EQ17048,V242_카바라이트_10,10,0.7745296955108643,426,600,0.6,
2EQ17048,V242_카바라이트_11,11,0.7707065939903259,502,654,0.6,
2EQ17048,3779_압판스토퍼_12,12,0.6033138036727905,928,290,0.9,
2EQ17048,3779_압판스토퍼_14,14,0.7566853165626526,346,444,0.6,
2EQ17049,C551_토너라벨_1,1,0.3766641914844513,86,244,1.2,
2EQ17049,B793_Canon각인_2,2,0.5277954339981079,52,296,1.05,
2EQ17049,6416_2206N명판_3,3,0.5562228560447693,142,428,1.2,
2EQ17049,3102_현상가압라벨_4,4,0.6253836750984192,658,68,0.6,
2EQ17049,3699_레버피스_4,4,0.5773996114730835,686,38,0.6,
2EQ17049,1525_▲▲▲라벨_5,5,0.9311352968215942,802,228,0.6,
2EQ17049,2917_코마_6,6,0.8697667717933655,934,550,0.6,
2EQ17049,1525_▲▲▲라벨_7,7,0.5954942107200623,564,544,0.9,
2EQ17049,0000_모듈러카바_8,8,0.3974337577819824,180,528,0.6,
2EQ17049,3780_전원스위치_9,9,0.7516130208969116,784,202,0.6,
2EQ17049,V242_카바라이트_10,10,0.7920382022857666,502,132,0.6,
2EQ17049,V242_카바라이트_11,11,0.7749643921852112,722,152,0.6,
2EQ17049,3779_압판스토퍼_12,12,0.5676093697547913,302,164,0.9,
2EQ17049,3779_압판스토퍼_14,14,0.7309187054634094,224,182,0.6,
2EQ17050,C551_토너라벨_1,1,0.36095935106277466,750,94,0.75,
2EQ17050,B793_Canon각인_2,2,0.5704891085624695,176,320,1.05,
2EQ17050,6416_2206N명판_3,3,0.501659631729126,152,378,1.2,
2EQ17050,3102_현상가압라벨_4,4,0.6085635423660278,706,274,0.6,
2EQ17050,3699_레버피스_4,4,0.5785983800888062,374,486,1.2,
2EQ17050,1525_▲▲▲라벨_5,5,0.9317116737365723,812,230,0.6,
2EQ17050,2917_코마_6,6,0.8630372881889343,916,544,0.6,
2EQ17050,1525_▲▲▲라벨_7,7,0.534329354763031,548,534,0.6,
2EQ17050,0000_모듈러카바_8,8,0.5393960475921631,266,498,0.6,
2EQ17050,3780_전원스위치_9,9,0.7539266347885132,786,202,0.6,
2EQ17050,V242_카바라이트_10,10,0.7468348741531372,442,596,0.6,
2EQ17050,V242_카바라이트_11,11,0.7766698002815247,554,646,0.6,
2EQ17050,3779_압판스토퍼_12,12,0.5740514993667603,772,90,0.9,
2EQ17050,3779_압판스토퍼_14,14,0.7500746846199036,226,180,0.75,
2EQ17051,C551_토너라벨_1,1,0.329312264919281,536,338,0.6,
2EQ17051,B793_Canon각인_2,2,0.5509181618690491,22,330,1.05,
2EQ17051,6416_2206N명판_3,3,0.4516068398952484,254,340,1.2,
2EQ17051,3102_현상가압라벨_4,4,0.6081368327140808,588,48,0.6,
2EQ17051,3699_레버피스_4,4,0.6060577630996704,148,32,0.6,
2EQ17051,1525_▲▲▲라벨_5,5,0.9210250377655029,806,230,0.6,
2EQ17051,2917_코마_6,6,0.8560433983802795,0,614,0.6,
2EQ17051,1525_▲▲▲라벨_7,7,0.5731484889984131,642,464,0.6,
2EQ17051,0000_모듈러카바_8,8,0.5880395174026489,308,520,0.6,
2EQ17051,3780_전원스위치_9,9,0.7482272386550903,784,202,0.6,
2EQ17051,V242_카바라이트_10,10,0.7588925957679749,428,598,0.6,
2EQ17051,V242_카바라이트_11,11,0.7657700181007385,510,638,0.6,
2EQ17051,3779_압판스토퍼_12,12,0.5761797428131104,812,66,0.9,
2EQ17051,3779_압판스토퍼_14,14,0.73517906665802,532,336,0.75,
2EQ17052,C551_토너라벨_1,1,0.33546459674835205,12,206,0.6,
2EQ17052,B793_Canon각인_2,2,0.3843306303024292,18,360,0.9,
2EQ17052,6416_2206N명판_3,3,0.48390862345695496,210,356,1.2,
2EQ17052,3102_현상가압라벨_4,4,0.6538347005844116,520,28,0.9,
2EQ17052,3699_레버피스_4,4,0.6629710793495178,542,58,0.6,
2EQ17052,1525_▲▲▲라벨_5,5,0.9252210855484009,798,228,0.6,
2EQ17052,2917_코마_6,6,0.8401057720184326,850,314,0.6,
2EQ17052,1525_▲▲▲라벨_7,7,0.5987526178359985,548,122,0.6,
2EQ17052,0000_모듈러카바_8,8,0.6142363548278809,324,550,0.6,
2EQ17052,3780_전원스위치_9,9,0.7473023533821106,784,202,0.6,
2EQ17052,V242_카바라이트_10,10,0.7770509123802185,480,152,0.6,
2EQ17052,V242_카바라이트_11,11,0.7198461294174194,724,142,0.6,
2EQ17052,3779_압판스토퍼_12,12,0.5963553190231323,474,182,0.9,
2EQ17052,3779_압판스토퍼_14,14,0.7709470987319946,616,326,0.6,
2EQ17053,C551_토너라벨_1,1,0.3395383656024933,210,194,1.05,
2EQ17053,B793_Canon각인_2,2,0.5100589990615845,32,372,1.05,
2EQ17053,6416_2206N명판_3,3,0.47130700945854187,228,318,1.2,
2EQ17053,3102_현상가압라벨_4,4,0.6024718284606934,558,66,0.6,
2EQ17053,3699_레버피스_4,4,0.5973008275032043,500,0,0.6,
2EQ17053,1525_▲▲▲라벨_5,5,0.9223870635032654,248,472,0.6,
2EQ17053,2917_코마_6,6,0.858547568321228,712,180,0.6,
2EQ17053,1525_▲▲▲라벨_7,7,0.564106822013855,678,358,0.9,
2EQ17053,0000_모듈러카바_8,8,0.44555941224098206,282,446,0.6,
2EQ17053,3780_전원스위치_9,9,0.7559118270874023,786,202,0.6,
2EQ17053,V242_카바라이트_10,10,0.7800236344337463,422,594,0.6,
2EQ17053,V242_카바라이트_11,11,0.7436551451683044,542,666,0.6,
2EQ17053,3779_압판스토퍼_12,12,0.6042675971984863,494,210,0.9,
2EQ17053,3779_압판스토퍼_14,14,0.7396805882453918,494,344,0.6,
2EQ17054,C551_토너라벨_1,1,0.35756587982177734,594,450,0.6,
2EQ17054,B793_Canon각인_2,2,0.5644657611846924,64,330,1.05,
2EQ17054,6416_2206N명판_3,3,0.4439779818058014,150,456,1.2,
2EQ17054,3102_현상가압라벨_4,4,0.6414041519165039,678,32,0.6,
2EQ17054,3699_레버피스_4,4,0.5912582278251648,360,486,1.05,
2EQ17054,1525_▲▲▲라벨_5,5,0.9392615556716919,16,482,0.6,
2EQ17054,2917_코마_6,6,0.8396945595741272,18,268,0.6,
2EQ17054,1525_▲▲▲라벨_7,7,0.5528354048728943,666,546,0.6,
2EQ17054,0000_모듈러카바_8,8,0.5051091909408569,222,414,0.6,
2EQ17054,3780_전원스위치_9,9,0.741106390953064,364,436,0.6,
2EQ17054,V242_카바라이트_10,10,0.7696223855018616,500,138,0.6,
2EQ17054,V242_카바라이트_11,11,0.7101312279701233,564,654,0.6,
2EQ17054,3779_압판스토퍼_12,12,0.6880249381065369,752,414,0.9,
2EQ17054,3779_압판스토퍼_14,14,0.7383818626403809,170,626,0.6,
2EQ17055,C551_토너라벨_1,1,0.332283616065979,600,392,0.6,
2EQ17055,B793_Canon각인_2,2,0.5796093344688416,130,312,1.05,
2EQ17055,6416_2206N명판_3,3,0.4197162389755249,112,438,1.2,
2EQ17055,3102_현상가압라벨_4,4,0.5896778106689453,682,46,0.6,
2EQ17055,3699_레버피스_4,4,0.5895342826843262,352,482,1.2,
2EQ17055,1525_▲▲▲라벨_5,5,0.9320973753929138,654,80,0.6,
2EQ17055,2917_코마_6,6,0.8485815525054932,754,414,0.6,
2EQ17055,1525_▲▲▲라벨_7,7,0.599817156791687,714,206,0.9,
2EQ17055,0000_모듈러카바_8,8,0.5382757186889648,204,402,0.6,
2EQ17055,3780_전원스위치_9,9,0.7462069988250732,234,438,0.6,
2EQ17055,V242_카바라이트_10,10,0.7888051271438599,480,592,0.6,
2EQ17055,V242_카바라이트_11,11,0.751485288143158,566,646,0.6,
2EQ17055,3779_압판스토퍼_12,12,0.7496894598007202,710,376,0.6,
2EQ17055,3779_압판스토퍼_14,14,0.7539770603179932,302,276,0.6,
2EQ17056,C551_토너라벨_1,1,0.2999023497104645,516,324,0.6,
2EQ17056,B793_Canon각인_2,2,0.5671946406364441,58,348,1.05,
2EQ17056,6416_2206N명판_3,3,0.4122178256511688,704,652,0.6,
2EQ17056,3102_현상가압라벨_4,4,0.7016575336456299,438,6,0.6,
2EQ17056,3699_레버피스_4,4,0.6580873131752014,416,12,0.6,
2EQ17056,1525_▲▲▲라벨_5,5,0.9284517168998718,200,464,0.6,
2EQ17056,2917_코마_6,6,0.8415628671646118,566,556,0.6,
2EQ17056,1525_▲▲▲라벨_7,7,0.6096881031990051,490,572,0.75,
2EQ17056,0000_모듈러카바_8,8,0.5206851363182068,294,490,0.6,
2EQ17056,3780_전원스위치_9,9,0.7578156590461731,786,202,0.6,
2EQ17056,V242_카바라이트_10,10,0.7764589190483093,428,602,0.6,
2EQ17056,V242_카바라이트_11,11,0.7698609232902527,722,616,0.6,
2EQ17056,3779_압판스토퍼_12,12,0.5797247290611267,88,604,0.9,
2EQ17056,3779_압판스토퍼_14,14,0.7508426308631897,162,524,0.6,
2EQ17057,C551_토너라벨_1,1,0.3561067283153534,566,304,0.6,
2EQ17057,B793_Canon각인_2,2,0.5253782868385315,122,338,1.05,
2EQ17057,6416_2206N명판_3,3,0.40439993143081665,706,652,0.6,
2EQ17057,3102_현상가압라벨_4,4,0.6080266237258911,552,2,0.6,
2EQ17057,3699_레버피스_4,4,0.5947636365890503,752,42,0.6,
2EQ17057,1525_▲▲▲라벨_5,5,0.9169695973396301,232,486,0.6,
2EQ17057,2917_코마_6,6,0.8427374362945557,912,600,0.6,
2EQ17057,1525_▲▲▲라벨_7,7,0.5934606790542603,540,554,0.9,
2EQ17057,0000_모듈러카바_8,8,0.4428180158138275,248,498,0.6,
2EQ17057,3780_전원스위치_9,9,0.7555405497550964,786,202,0.6,
2EQ17057,V242_카바라이트_10,10,0.7803993225097656,438,606,0.6,
2EQ17057,V242_카바라이트_11,11,0.7970724701881409,510,646,0.6,
2EQ17057,3779_압판스토퍼_12,12,0.6266114115715027,672,200,0.6,
2EQ17057,3779_압판스토퍼_14,14,0.7371876835823059,298,328,0.6,
2EQ17058,C551_토너라벨_1,1,0.3506375849246979,584,476,0.6,
2EQ17058,B793_Canon각인_2,2,0.5283942222595215,56,254,1.05,
2EQ17058,6416_2206N명판_3,3,0.49420222640037537,184,384,1.2,
2EQ17058,3102_현상가압라벨_4,4,0.6549422144889832,678,46,0.6,
2EQ17058,3699_레버피스_4,4,0.5748521685600281,360,486,1.2,
2EQ17058,1525_▲▲▲라벨_5,5,0.9214308857917786,154,230,0.6,
2EQ17058,2917_코마_6,6,0.8733986616134644,304,136,0.6,
2EQ17058,1525_▲▲▲라벨_7,7,0.5436513423919678,530,560,0.9,
2EQ17058,0000_모듈러카바_8,8,0.5348260998725891,264,490,0.6,
2EQ17058,3780_전원스위치_9,9,0.7520530819892883,784,202,0.6,
2EQ17058,V242_카바라이트_10,10,0.7796038389205933,444,584,0.6,
2EQ17058,V242_카바라이트_11,11,0.7700036764144897,506,646,0.6,
2EQ17058,3779_압판스토퍼_12,12,0.4976649582386017,104,604,0.9,
2EQ17058,3779_압판스토퍼_14,14,0.7081734538078308,180,106,0.6,
2EQ17059,C551_토너라벨_1,1,0.3252834379673004,434,514,0.6,
2EQ17059,B793_Canon각인_2,2,0.3816516399383545,312,566,0.6,
2EQ17059,6416_2206N명판_3,3,0.43448442220687866,550,364,0.6,
2EQ17059,3102_현상가압라벨_4,4,0.6724666357040405,600,66,0.6,
2EQ17059,3699_레버피스_4,4,0.6172657012939453,220,50,0.75,
2EQ17059,1525_▲▲▲라벨_5,5,0.9199851155281067,256,460,0.75,
2EQ17059,2917_코마_6,6,0.8657526969909668,914,552,0.6,
2EQ17059,1525_▲▲▲라벨_7,7,0.6113793253898621,552,500,0.9,
2EQ17059,0000_모듈러카바_8,8,0.4797900319099426,284,546,0.6,
2EQ17059,3780_전원스위치_9,9,0.7580571174621582,784,202,0.6,
2EQ17059,V242_카바라이트_10,10,0.7824526429176331,482,132,0.6,
2EQ17059,V242_카바라이트_11,11,0.7505407929420471,528,652,0.6,
2EQ17059,3779_압판스토퍼_12,12,0.5760286450386047,322,170,0.9,
2EQ17059,3779_압판스토퍼_14,14,0.7662814259529114,354,416,0.6,
2EQ17060,C551_토너라벨_1,1,0.32927802205085754,116,242,0.9,
2EQ17060,B793_Canon각인_2,2,0.6020058393478394,116,334,1.05,
2EQ17060,6416_2206N명판_3,3,0.5393919944763184,122,416,1.2,
2EQ17060,3102_현상가압라벨_4,4,0.6421836018562317,656,8,0.6,
2EQ17060,3699_레버피스_4,4,0.569789707660675,522,236,0.6,
2EQ17060,1525_▲▲▲라벨_5,5,0.9281738996505737,2,588,0.75,
2EQ17060,2917_코마_6,6,0.8587773442268372,748,402,0.6,
2EQ17060,1525_▲▲▲라벨_7,7,0.5129202604293823,186,202,0.9,
2EQ17060,0000_모듈러카바_8,8,0.48208707571029663,286,526,0.6,
2EQ17060,3780_전원스위치_9,9,0.7517200112342834,784,202,0.6,
2EQ17060,V242_카바라이트_10,10,0.7549851536750793,484,150,0.6,
2EQ17060,V242_카바라이트_11,11,0.7836809754371643,518,632,0.6,
2EQ17060,3779_압판스토퍼_12,12,0.5734864473342896,810,52,0.9,
2EQ17060,3779_압판스토퍼_14,14,0.7514191269874573,222,188,0.75,
2EQ17061,C551_토너라벨_1,1,0.3958294689655304,484,304,0.6,
2EQ17061,B793_Canon각인_2,2,0.5120757222175598,140,256,1.05,
2EQ17061,6416_2206N명판_3,3,0.4928869903087616,220,346,1.2,
2EQ17061,3102_현상가압라벨_4,4,0.6405047178268433,684,0,0.75,
2EQ17061,3699_레버피스_4,4,0.6597816944122314,722,16,0.6,
2EQ17061,1525_▲▲▲라벨_5,5,0.9293672442436218,798,224,0.75,
2EQ17061,2917_코마_6,6,0.8691502213478088,918,540,0.6,
2EQ17061,1525_▲▲▲라벨_7,7,0.5863671898841858,502,496,0.75,
2EQ17061,0000_모듈러카바_8,8,0.5025291442871094,240,520,0.6,
2EQ17061,3780_전원스위치_9,9,0.7528499960899353,784,202,0.6,
2EQ17061,V242_카바라이트_10,10,0.784929096698761,444,594,0.6,
2EQ17061,V242_카바라이트_11,11,0.7673997282981873,564,644,0.6,
2EQ17061,3779_압판스토퍼_12,12,0.5906208753585815,446,222,0.9,
2EQ17061,3779_압판스토퍼_14,14,0.7375990748405457,236,202,0.6,
2EQ17062,C551_토너라벨_1,1,0.313892662525177,148,230,0.6,
2EQ17062,B793_Canon각인_2,2,0.396992027759552,30,332,1.05,
2EQ17062,6416_2206N명판_3,3,0.4900816082954407,194,362,1.2,
2EQ17062,3102_현상가압라벨_4,4,0.6760551333427429,688,22,0.6,
2EQ17062,3699_레버피스_4,4,0.6631516218185425,682,26,0.6,
2EQ17062,1525_▲▲▲라벨_5,5,0.9263567328453064,218,450,0.6,
2EQ17062,2917_코마_6,6,0.8717717528343201,926,542,0.6,
2EQ17062,1525_▲▲▲라벨_7,7,0.6051969528198242,468,546,0.75,
2EQ17062,0000_모듈러카바_8,8,0.5047001242637634,246,468,0.6,
2EQ17062,3780_전원스위치_9,9,0.7517082095146179,784,202,0.6,
2EQ17062,V242_카바라이트_10,10,0.7845207452774048,432,604,0.6,
2EQ17062,V242_카바라이트_11,11,0.7997136116027832,518,658,0.6,
2EQ17062,3779_압판스토퍼_12,12,0.5534288287162781,0,634,0.9,
2EQ17062,3779_압판스토퍼_14,14,0.7512204647064209,592,176,0.6,
2EQ17063,C551_토너라벨_1,1,0.31988126039505005,500,344,0.6,
2EQ17063,B793_Canon각인_2,2,0.47752729058265686,90,300,1.05,
2EQ17063,6416_2206N명판_3,3,0.4599185883998871,226,354,1.2,
2EQ17063,3102_현상가압라벨_4,4,0.6231407523155212,582,106,0.6,
2EQ17063,3699_레버피스_4,4,0.6637261509895325,590,20,0.6,
2EQ17063,1525_▲▲▲라벨_5,5,0.9304467439651489,140,226,0.75,
2EQ17063,2917_코마_6,6,0.8589195609092712,936,582,0.6,
2EQ17063,1525_▲▲▲라벨_7,7,0.6059122085571289,450,592,0.75,
2EQ17063,0000_모듈러카바_8,8,0.5454005599021912,272,488,0.6,
2EQ17063,3780_전원스위치_9,9,0.7551782727241516,784,202,0.6,
2EQ17063,V242_카바라이트_10,10,0.7811471819877625,434,588,0.6,
2EQ17063,V242_카바라이트_11,11,0.8006515502929688,550,648,0.6,
2EQ17063,3779_압판스토퍼_12,12,0.5586345791816711,402,88,0.9,
2EQ17063,3779_압판스토퍼_14,14,0.7369564771652222,222,184,0.75,
2EQ17064,C551_토너라벨_1,1,0.3355046212673187,210,90,1.2,
2EQ17064,B793_Canon각인_2,2,0.5941401720046997,40,248,1.05,
2EQ17064,6416_2206N명판_3,3,0.4630444347858429,228,352,1.2,
2EQ17064,3102_현상가압라벨_4,4,0.6347504258155823,668,96,0.6,
2EQ17064,3699_레버피스_4,4,0.620917797088623,580,2,0.6,
2EQ17064,1525_▲▲▲라벨_5,5,0.9275674819946289,320,440,0.75,
2EQ17064,2917_코마_6,6,0.8455232381820679,846,554,0.6,
2EQ17064,1525_▲▲▲라벨_7,7,0.6196757555007935,524,582,0.9,
2EQ17064,0000_모듈러카바_8,8,0.5997310876846313,332,520,0.6,
2EQ17064,3780_전원스위치_9,9,0.7553680539131165,784,202,0.6,
2EQ17064,V242_카바라이트_10,10,0.7792449593544006,416,602,0.6,
2EQ17064,V242_카바라이트_11,11,0.7812648415565491,508,632,0.6,
2EQ17064,3779_압판스토퍼_12,12,0.6073855757713318,472,256,0.9,
2EQ17064,3779_압판스토퍼_14,14,0.7643871307373047,346,360,0.75,
2EQ17065,C551_토너라벨_1,1,0.3836689591407776,374,150,0.9,
2EQ17065,B793_Canon각인_2,2,0.43944260478019714,28,300,1.05,
2EQ17065,6416_2206N명판_3,3,0.4483732581138611,610,332,0.6,
2EQ17065,3102_현상가압라벨_4,4,0.6621074080467224,680,0,0.6,
2EQ17065,3699_레버피스_4,4,0.6592881679534912,692,0,0.6,
2EQ17065,1525_▲▲▲라벨_5,5,0.9289183616638184,798,224,0.75,
2EQ17065,2917_코마_6,6,0.839530885219574,938,562,0.6,
2EQ17065,1525_▲▲▲라벨_7,7,0.6100139617919922,468,334,0.6,
2EQ17065,0000_모듈러카바_8,8,0.6864014267921448,216,574,0.6,
2EQ17065,3780_전원스위치_9,9,0.7640731334686279,234,420,0.6,
2EQ17065,V242_카바라이트_10,10,0.7742432951927185,428,580,0.6,
2EQ17065,V242_카바라이트_11,11,0.7479146122932434,726,622,0.6,
2EQ17065,3779_압판스토퍼_12,12,0.6018770933151245,630,152,0.9,
2EQ17065,3779_압판스토퍼_14,14,0.7532467246055603,212,180,0.6,
2EQ17066,C551_토너라벨_1,1,0.3872235119342804,622,458,0.6,
2EQ17066,B793_Canon각인_2,2,0.5312224626541138,94,234,1.05,
2EQ17066,6416_2206N명판_3,3,0.4432976245880127,134,460,1.2,
2EQ17066,3102_현상가압라벨_4,4,0.6254274249076843,808,322,0.6,
2EQ17066,3699_레버피스_4,4,0.5634884834289551,370,492,1.2,
2EQ17066,1525_▲▲▲라벨_5,5,0.9202287793159485,798,226,0.75,
2EQ17066,2917_코마_6,6,0.8447302579879761,912,534,0.6,
2EQ17066,1525_▲▲▲라벨_7,7,0.6020444631576538,518,560,0.75,
2EQ17066,0000_모듈러카바_8,8,0.5622820258140564,198,530,0.6,
2EQ17066,3780_전원스위치_9,9,0.7549653053283691,784,202,0.6,
2EQ17066,V242_카바라이트_10,10,0.7876564860343933,480,136,0.6,
2EQ17066,V242_카바라이트_11,11,0.7795163989067078,500,648,0.6,
2EQ17066,3779_압판스토퍼_12,12,0.5503846406936646,106,604,0.9,
2EQ17066,3779_압판스토퍼_14,14,0.7630610466003418,318,360,0.6,
2EQ17067,C551_토너라벨_1,1,0.33564239740371704,514,470,0.6,
2EQ17067,B793_Canon각인_2,2,0.5944026708602905,72,250,1.05,
2EQ17067,6416_2206N명판_3,3,0.4885543882846832,182,416,1.2,
2EQ17067,3102_현상가압라벨_4,4,0.6297532916069031,670,32,0.6,
2EQ17067,3699_레버피스_4,4,0.565633237361908,374,486,1.2,
2EQ17067,1525_▲▲▲라벨_5,5,0.9260509610176086,162,232,0.6,
2EQ17067,2917_코마_6,6,0.8415750861167908,796,216,0.6,
2EQ17067,1525_▲▲▲라벨_7,7,0.5274879336357117,570,100,0.9,
2EQ17067,0000_모듈러카바_8,8,0.5483649969100952,218,434,0.6,
2EQ17067,3780_전원스위치_9,9,0.7556509375572205,784,202,0.6,
2EQ17067,V242_카바라이트_10,10,0.777065098285675,414,600,0.6,
2EQ17067,V242_카바라이트_11,11,0.7717859745025635,718,614,0.6,
2EQ17067,3779_압판스토퍼_12,12,0.5625889301300049,712,168,0.9,
2EQ17067,3779_압판스토퍼_14,14,0.7522464394569397,516,368,0.6,
2EQ17068,C551_토너라벨_1,1,0.3757733106613159,636,336,0.6,
2EQ17068,B793_Canon각인_2,2,0.5055246949195862,98,252,1.05,
2EQ17068,6416_2206N명판_3,3,0.4907967448234558,316,450,1.2,
2EQ17068,3102_현상가압라벨_4,4,0.614101231098175,682,32,0.6,
2EQ17068,3699_레버피스_4,4,0.5994663238525391,374,174,0.75,
2EQ17068,1525_▲▲▲라벨_5,5,0.9252198338508606,168,374,0.6,
2EQ17068,2917_코마_6,6,0.8493948578834534,192,48,0.6,
2EQ17068,1525_▲▲▲라벨_7,7,0.5244700908660889,732,502,0.6,
2EQ17068,0000_모듈러카바_8,8,0.4405902326107025,288,490,0.6,
2EQ17068,3780_전원스위치_9,9,0.7545282244682312,786,202,0.6,
2EQ17068,V242_카바라이트_10,10,0.7814731597900391,486,140,0.6,
2EQ17068,V242_카바라이트_11,11,0.7806074023246765,574,658,0.6,
2EQ17068,3779_압판스토퍼_12,12,0.588237464427948,344,164,0.9,
2EQ17068,3779_압판스토퍼_14,14,0.7490049600601196,494,368,0.6,
2EQ17069,C551_토너라벨_1,1,0.32740768790245056,558,288,0.6,
2EQ17069,B793_Canon각인_2,2,0.5521832704544067,50,324,1.05,
2EQ17069,6416_2206N명판_3,3,0.49739527702331543,178,432,1.2,
2EQ17069,3102_현상가압라벨_4,4,0.5868422389030457,786,16,0.6,
2EQ17069,3699_레버피스_4,4,0.5759941339492798,792,18,0.6,
2EQ17069,1525_▲▲▲라벨_5,5,0.9177675247192383,812,230,0.6,
2EQ17069,2917_코마_6,6,0.8777205348014832,682,202,0.6,
2EQ17069,1525_▲▲▲라벨_7,7,0.5864477157592773,576,570,0.9,
2EQ17069,0000_모듈러카바_8,8,0.5088689923286438,278,454,0.6,
2EQ17069,3780_전원스위치_9,9,0.7538803219795227,784,202,0.6,
2EQ17069,V242_카바라이트_10,10,0.7767295837402344,426,600,0.6,
2EQ17069,V242_카바라이트_11,11,0.7674172520637512,570,646,0.6,
2EQ17069,3779_압판스토퍼_12,12,0.5875186324119568,826,54,0.9,
2EQ17069,3779_압판스토퍼_14,14,0.7471122741699219,224,182,0.75,
2EQ17070,C551_토너라벨_1,1,0.3299911916255951,552,302,0.6,
2EQ17070,B793_Canon각인_2,2,0.5312098860740662,32,324,1.05,
2EQ17070,6416_2206N명판_3,3,0.3991091847419739,166,422,1.2,
2EQ17070,3102_현상가압라벨_4,4,0.6257912516593933,712,270,0.6,
2EQ17070,3699_레버피스_4,4,0.5549594163894653,318,186,0.6,
2EQ17070,1525_▲▲▲라벨_5,5,0.9273215532302856,154,228,0.75,
2EQ17070,2917_코마_6,6,0.8601929545402527,548,508,0.6,
2EQ17070,1525_▲▲▲라벨_7,7,0.5448458790779114,742,204,0.6,
2EQ17070,0000_모듈러카바_8,8,0.5057441592216492,204,496,0.6,
2EQ17070,3780_전원스위치_9,9,0.7488695383071899,782,202,0.6,
2EQ17070,V242_카바라이트_10,10,0.7837809920310974,436,594,0.6,
2EQ17070,V242_카바라이트_11,11,0.7861433625221252,506,644,0.6,
2EQ17070,3779_압판스토퍼_12,12,0.6130332946777344,116,466,0.9,
2EQ17070,3779_압판스토퍼_14,14,0.7530350685119629,918,310,0.75,
2EQ17071,C551_토너라벨_1,1,0.31964582204818726,598,394,0.75,
2EQ17071,B793_Canon각인_2,2,0.5291315913200378,46,372,1.05,
2EQ17071,6416_2206N명판_3,3,0.44881048798561096,182,476,1.2,
2EQ17071,3102_현상가압라벨_4,4,0.6472345590591431,766,4,0.6,
2EQ17071,3699_레버피스_4,4,0.6213386654853821,776,68,0.6,
2EQ17071,1525_▲▲▲라벨_5,5,0.9160555601119995,494,148,0.6,
2EQ17071,2917_코마_6,6,0.8540650010108948,262,178,0.6,
2EQ17071,1525_▲▲▲라벨_7,7,0.5584772825241089,738,220,0.6,
2EQ17071,0000_모듈러카바_8,8,0.5099889636039734,286,470,0.6,
2EQ17071,3780_전원스위치_9,9,0.7455028295516968,786,202,0.6,
2EQ17071,V242_카바라이트_10,10,0.7804498076438904,490,122,0.6,
2EQ17071,V242_카바라이트_11,11,0.7699487209320068,718,616,0.6,
2EQ17071,3779_압판스토퍼_12,12,0.5542883276939392,496,258,0.9,
2EQ17071,3779_압판스토퍼_14,14,0.7493076920509338,214,184,0.6,
2EQ17072,C551_토너라벨_1,1,0.3054387867450714,522,440,0.6,
2EQ17072,B793_Canon각인_2,2,0.4792926013469696,18,304,1.05,
2EQ17072,6416_2206N명판_3,3,0.4331788718700409,582,308,0.6,
2EQ17072,3102_현상가압라벨_4,4,0.6284094452857971,494,18,0.6,
2EQ17072,3699_레버피스_4,4,0.63914954662323,228,20,0.75,
2EQ17072,1525_▲▲▲라벨_5,5,0.9206939339637756,218,464,0.75,
2EQ17072,2917_코마_6,6,0.8684936165809631,918,564,0.6,
2EQ17072,1525_▲▲▲라벨_7,7,0.5832354426383972,564,62,0.75,
2EQ17072,0000_모듈러카바_8,8,0.5059483647346497,300,482,0.6,
2EQ17072,3780_전원스위치_9,9,0.7554066777229309,784,202,0.6,
2EQ17072,V242_카바라이트_10,10,0.7866371273994446,484,136,0.6,
2EQ17072,V242_카바라이트_11,11,0.7590883374214172,544,640,0.6,
2EQ17072,3779_압판스토퍼_12,12,0.5937949419021606,450,222,0.9,
2EQ17072,3779_압판스토퍼_14,14,0.7290495038032532,214,178,0.6,
2EQ17073,C551_토너라벨_1,1,0.34786272048950195,552,288,0.6,
2EQ17073,B793_Canon각인_2,2,0.5505863428115845,54,314,1.05,
2EQ17073,6416_2206N명판_3,3,0.4107584059238434,90,432,1.2,
2EQ17073,3102_현상가압라벨_4,4,0.609988808631897,666,22,0.6,
2EQ17073,3699_레버피스_4,4,0.5579893589019775,196,542,0.6,
2EQ17073,1525_▲▲▲라벨_5,5,0.9297575950622559,154,230,0.6,
2EQ17073,2917_코마_6,6,0.8459917902946472,796,220,0.6,
2EQ17073,1525_▲▲▲라벨_7,7,0.590491533279419,698,222,0.6,
2EQ17073,0000_모듈러카바_8,8,0.6380584836006165,250,480,0.6,
2EQ17073,3780_전원스위치_9,9,0.7484443783760071,784,202,0.6,
2EQ17073,V242_카바라이트_10,10,0.7653301358222961,480,126,0.6,
2EQ17073,V242_카바라이트_11,11,0.7938677072525024,720,614,0.6,
2EQ17073,3779_압판스토퍼_12,12,0.5911332368850708,916,296,0.9,
2EQ17073,3779_압판스토퍼_14,14,0.7568134069442749,466,174,0.75,
2EQ17074,C551_토너라벨_1,1,0.3236798644065857,512,356,0.6,
2EQ17074,B793_Canon각인_2,2,0.5704728364944458,74,302,1.05,
2EQ17074,6416_2206N명판_3,3,0.47521162033081055,168,338,1.2,
2EQ17074,3102_현상가압라벨_4,4,0.6282059550285339,538,18,0.6,
2EQ17074,3699_레버피스_4,4,0.6341729760169983,152,24,0.75,
2EQ17074,1525_▲▲▲라벨_5,5,0.9222661852836609,214,470,0.75,
2EQ17074,2917_코마_6,6,0.863063395023346,904,568,0.6,
2EQ17074,1525_▲▲▲라벨_7,7,0.5191842317581177,924,682,0.9,
2EQ17074,0000_모듈러카바_8,8,0.5786550045013428,286,502,0.6,
2EQ17074,3780_전원스위치_9,9,0.751947820186615,784,202,0.6,
2EQ17074,V242_카바라이트_10,10,0.7824313640594482,490,132,0.6,
2EQ17074,V242_카바라이트_11,11,0.7717040777206421,726,618,0.6,
2EQ17074,3779_압판스토퍼_12,12,0.5036153197288513,182,488,0.9,
2EQ17074,3779_압판스토퍼_14,14,0.7551046013832092,238,194,0.6,
2EQ17075,C551_토너라벨_1,1,0.3492250144481659,566,356,0.6,
2EQ17075,B793_Canon각인_2,2,0.6012489795684814,102,306,1.05,
2EQ17075,6416_2206N명판_3,3,0.47730520367622375,162,396,1.2,
2EQ17075,3102_현상가압라벨_4,4,0.6002463102340698,182,586,0.6,
2EQ17075,3699_레버피스_4,4,0.5666826367378235,360,476,1.2,
2EQ17075,1525_▲▲▲라벨_5,5,0.9288609623908997,22,582,0.6,
2EQ17075,2917_코마_6,6,0.8453718423843384,876,240,0.6,
2EQ17075,1525_▲▲▲라벨_7,7,0.5622063875198364,706,218,0.6,
2EQ17075,0000_모듈러카바_8,8,0.4713805019855499,284,488,0.6,
2EQ17075,3780_전원스위치_9,9,0.7480460405349731,294,368,0.6,
2EQ17075,V242_카바라이트_10,10,0.7910192608833313,488,130,0.6,
2EQ17075,V242_카바라이트_11,11,0.7532894015312195,564,666,0.6,
2EQ17075,3779_압판스토퍼_12,12,0.6341117024421692,344,274,0.9,
2EQ17075,3779_압판스토퍼_14,14,0.7648902535438538,42,344,0.6,
2EQ17076,C551_토너라벨_1,1,0.3214764893054962,110,648,0.75,
2EQ17076,B793_Canon각인_2,2,0.4246023893356323,74,292,0.9,
2EQ17076,6416_2206N명판_3,3,0.41103821992874146,696,652,0.6,
2EQ17076,3102_현상가압라벨_4,4,0.6107416749000549,548,84,0.6,
2EQ17076,3699_레버피스_4,4,0.6476572155952454,212,24,0.6,
2EQ17076,1525_▲▲▲라벨_5,5,0.910581111907959,248,474,0.6,
2EQ17076,2917_코마_6,6,0.8747445940971375,796,558,0.6,
2EQ17076,1525_▲▲▲라벨_7,7,0.5159084796905518,490,522,0.6,
2EQ17076,0000_모듈러카바_8,8,0.4843112826347351,260,438,0.6,
2EQ17076,3780_전원스위치_9,9,0.7554816007614136,784,202,0.6,
2EQ17076,V242_카바라이트_10,10,0.7819178104400635,444,608,0.6,
2EQ17076,V242_카바라이트_11,11,0.7366323471069336,720,606,0.6,
2EQ17076,3779_압판스토퍼_12,12,0.527485728263855,588,22,0.9,
2EQ17076,3779_압판스토퍼_14,14,0.7611870169639587,528,182,0.6,
2EQ17077,C551_토너라벨_1,1,0.3336058557033539,516,388,0.6,
2EQ17077,B793_Canon각인_2,2,0.5483036041259766,40,274,1.05,
2EQ17077,6416_2206N명판_3,3,0.4972935616970062,250,276,1.2,
2EQ17077,3102_현상가압라벨_4,4,0.5798689126968384,626,624,0.6,
2EQ17077,3699_레버피스_4,4,0.560311496257782,430,456,0.6,
2EQ17077,1525_▲▲▲라벨_5,5,0.9167430996894836,316,420,0.6,
2EQ17077,2917_코마_6,6,0.8408491015434265,790,578,0.6,
2EQ17077,1525_▲▲▲라벨_7,7,0.5740505456924438,546,492,0.75,
2EQ17077,0000_모듈러카바_8,8,0.4964519441127777,322,516,0.6,
2EQ17077,3780_전원스위치_9,9,0.7573093175888062,784,202,0.6,
2EQ17077,V242_카바라이트_10,10,0.7899118065834045,506,126,0.6,
2EQ17077,V242_카바라이트_11,11,0.774222195148468,722,148,0.6,
2EQ17077,3779_압판스토퍼_12,12,0.5851483345031738,422,232,0.9,
2EQ17077,3779_압판스토퍼_14,14,0.7644203901290894,354,416,0.6,
2EQ17078,C551_토너라벨_1,1,0.35456180572509766,566,398,0.6,
2EQ17078,B793_Canon각인_2,2,0.5145316123962402,0,234,1.05,
2EQ17078,6416_2206N명판_3,3,0.4019835293292999,204,576,1.2,
2EQ17078,3102_현상가압라벨_4,4,0.6384106278419495,660,86,0.6,
2EQ17078,3699_레버피스_4,4,0.561237633228302,538,288,0.6,
2EQ17078,1525_▲▲▲라벨_5,5,0.9346784353256226,800,230,0.6,
2EQ17078,2917_코마_6,6,0.8666576147079468,696,146,0.6,
2EQ17078,1525_▲▲▲라벨_7,7,0.5103060007095337,336,512,0.6,
2EQ17078,0000_모듈러카바_8,8,0.45108112692832947,256,514,0.6,
2EQ17078,3780_전원스위치_9,9,0.7571948766708374,784,202,0.6,
2EQ17078,V242_카바라이트_10,10,0.7862299084663391,448,590,0.6,
2EQ17078,V242_카바라이트_11,11,0.7766186594963074,720,616,0.6,
2EQ17078,3779_압판스토퍼_12,12,0.5954961776733398,520,296,0.9,
2EQ17078,3779_압판스토퍼_14,14,0.7618173360824585,518,160,0.75,
2EQ17079,C551_토너라벨_1,1,0.33496275544166565,420,438,0.6,
2EQ17079,B793_Canon각인_2,2,0.5290111303329468,14,276,1.05,
2EQ17079,6416_2206N명판_3,3,0.48132237792015076,262,320,1.2,
2EQ17079,3102_현상가압라벨_4,4,0.6954470276832581,502,16,0.6,
2EQ17079,3699_레버피스_4,4,0.6683176159858704,480,20,0.6,
2EQ17079,1525_▲▲▲라벨_5,5,0.922812283039093,232,472,0.75,
2EQ17079,2917_코마_6,6,0.8630771040916443,808,564,0.6,
2EQ17079,1525_▲▲▲라벨_7,7,0.590477466583252,488,498,0.9,
2EQ17079,0000_모듈러카바_8,8,0.5258181691169739,252,496,0.6,
2EQ17079,3780_전원스위치_9,9,0.7568076848983765,784,202,0.6,
2EQ17079,V242_카바라이트_10,10,0.7849903702735901,434,600,0.6,
2EQ17079,V242_카바라이트_11,11,0.7948982119560242,554,660,0.6,
2EQ17079,3779_압판스토퍼_12,12,0.5998754501342773,558,248,0.9,
2EQ17079,3779_압판스토퍼_14,14,0.7560967803001404,212,180,0.6,
2EQ17080,C551_토너라벨_1,1,0.3630773723125458,538,294,0.6,
2EQ17080,B793_Canon각인_2,2,0.5816977620124817,70,314,1.05,
2EQ17080,6416_2206N명판_3,3,0.4879816770553589,106,476,1.2,
2EQ17080,3102_현상가압라벨_4,4,0.5966306328773499,156,610,0.6,
2EQ17080,3699_레버피스_4,4,0.5746233463287354,338,150,0.6,
2EQ17080,1525_▲▲▲라벨_5,5,0.912803590297699,142,238,0.75,
2EQ17080,2917_코마_6,6,0.8522244691848755,322,166,0.6,
2EQ17080,1525_▲▲▲라벨_7,7,0.5296956896781921,736,198,0.6,
2EQ17080,0000_모듈러카바_8,8,0.519238293170929,182,462,0.6,
2EQ17080,3780_전원스위치_9,9,0.7719496488571167,334,386,0.6,
2EQ17080,V242_카바라이트_10,10,0.788174033164978,412,596,0.6,
2EQ17080,V242_카바라이트_11,11,0.7616856694221497,562,666,0.6,
2EQ17080,3779_압판스토퍼_12,12,0.6193276643753052,374,342,0.9,
2EQ17080,3779_압판스토퍼_14,14,0.749715268611908,566,292,0.6,
2EQ17081,C551_토너라벨_1,1,0.35261255502700806,624,328,0.6,
2EQ17081,B793_Canon각인_2,2,0.4517197608947754,2,242,1.05,
2EQ17081,6416_2206N명판_3,3,0.42848050594329834,140,468,1.2,
2EQ17081,3102_현상가압라벨_4,4,0.6273276209831238,626,462,0.6,
2EQ17081,3699_레버피스_4,4,0.5535993576049805,722,424,0.6,
2EQ17081,1525_▲▲▲라벨_5,5,0.9240025877952576,154,420,0.6,
2EQ17081,2917_코마_6,6,0.8566885590553284,302,550,0.6,
2EQ17081,1525_▲▲▲라벨_7,7,0.5759844779968262,540,520,0.9,
2EQ17081,0000_모듈러카바_8,8,0.4540175497531891,288,492,0.6,
2EQ17081,3780_전원스위치_9,9,0.7543314695358276,784,204,0.6,
2EQ17081,V242_카바라이트_10,10,0.7947646975517273,718,144,0.6,
2EQ17081,V242_카바라이트_11,11,0.7337489724159241,524,620,0.6,
2EQ17081,3779_압판스토퍼_12,12,0.537153422832489,258,148,0.9,
2EQ17081,3779_압판스토퍼_14,14,0.7557308673858643,224,180,0.75,
2EQ17082,C551_토너라벨_1,1,0.30822810530662537,422,236,0.6,
2EQ17082,B793_Canon각인_2,2,0.5568918585777283,44,280,1.05,
2EQ17082,6416_2206N명판_3,3,0.41563519835472107,320,352,1.2,
2EQ17082,3102_현상가압라벨_4,4,0.6201625466346741,660,92,0.6,
2EQ17082,3699_레버피스_4,4,0.6537920236587524,174,30,0.6,
2EQ17082,1525_▲▲▲라벨_5,5,0.925024151802063,246,482,0.6,
2EQ17082,2917_코마_6,6,0.8317822217941284,34,354,0.6,
2EQ17082,1525_▲▲▲라벨_7,7,0.5219295024871826,496,482,0.9,
2EQ17082,0000_모듈러카바_8,8,0.6502416133880615,258,512,0.6,
2EQ17082,3780_전원스위치_9,9,0.7554295063018799,784,202,0.6,
2EQ17082,V242_카바라이트_10,10,0.7825537919998169,422,608,0.6,
2EQ17082,V242_카바라이트_11,11,0.798646867275238,514,662,0.6,
2EQ17082,3779_압판스토퍼_12,12,0.591618537902832,394,204,0.9,
2EQ17082,3779_압판스토퍼_14,14,0.753534734249115,512,312,0.75,
2EQ17083,C551_토너라벨_1,1,0.3741972744464874,616,354,0.6,
2EQ17083,B793_Canon각인_2,2,0.45199838280677795,134,370,1.05,
2EQ17083,6416_2206N명판_3,3,0.526914119720459,174,388,1.2,
2EQ17083,3102_현상가압라벨_4,4,0.6216806173324585,766,52,0.6,
2EQ17083,3699_레버피스_4,4,0.5531383156776428,788,32,0.6,
2EQ17083,1525_▲▲▲라벨_5,5,0.9298264980316162,162,230,0.6,
2EQ17083,2917_코마_6,6,0.8412478566169739,250,668,0.6,
2EQ17083,1525_▲▲▲라벨_7,7,0.5325844287872314,428,126,0.9,
2EQ17083,0000_모듈러카바_8,8,0.4602848291397095,242,480,0.6,
2EQ17083,3780_전원스위치_9,9,0.7578378915786743,784,202,0.6,
2EQ17083,V242_카바라이트_10,10,0.7917566299438477,482,144,0.6,
2EQ17083,V242_카바라이트_11,11,0.7763076424598694,560,648,0.6,
2EQ17083,3779_압판스토퍼_12,12,0.5716379880905151,252,538,0.9,
2EQ17083,3779_압판스토퍼_14,14,0.7702908515930176,358,378,0.6,
2EQ17084,C551_토너라벨_1,1,0.34107840061187744,568,408,0.6,
2EQ17084,B793_Canon각인_2,2,0.5533610582351685,4,374,1.05,
2EQ17084,6416_2206N명판_3,3,0.4191146492958069,564,334,0.75,
2EQ17084,3102_현상가압라벨_4,4,0.5967437028884888,570,78,0.6,
2EQ17084,3699_레버피스_4,4,0.6280730962753296,162,32,0.6,
2EQ17084,1525_▲▲▲라벨_5,5,0.9212794303894043,806,232,0.6,
2EQ17084,2917_코마_6,6,0.8605962991714478,932,552,0.6,
2EQ17084,1525_▲▲▲라벨_7,7,0.566956102848053,510,490,0.75,
2EQ17084,0000_모듈러카바_8,8,0.5134683847427368,324,534,0.6,
2EQ17084,3780_전원스위치_9,9,0.7524428367614746,786,202,0.6,
2EQ17084,V242_카바라이트_10,10,0.7667087912559509,482,126,0.6,
2EQ17084,V242_카바라이트_11,11,0.7761903405189514,500,638,0.6,
2EQ17084,3779_압판스토퍼_12,12,0.6004334092140198,456,262,0.9,
2EQ17084,3779_압판스토퍼_14,14,0.7567071914672852,302,350,0.6,
2EQ17085,C551_토너라벨_1,1,0.3486088514328003,436,344,0.6,
2EQ17085,B793_Canon각인_2,2,0.5398951768875122,18,292,1.05,
2EQ17085,6416_2206N명판_3,3,0.4668373763561249,212,536,1.2,
2EQ17085,3102_현상가압라벨_4,4,0.6266812682151794,708,290,0.6,
2EQ17085,3699_레버피스_4,4,0.5715197324752808,802,2,0.6,
2EQ17085,1525_▲▲▲라벨_5,5,0.9338974356651306,162,238,0.6,
2EQ17085,2917_코마_6,6,0.8703573942184448,690,146,0.6,
2EQ17085,1525_▲▲▲라벨_7,7,0.5698350071907043,514,540,0.9,
2EQ17085,0000_모듈러카바_8,8,0.4812123775482178,196,512,0.6,
2EQ17085,3780_전원스위치_9,9,0.7597455382347107,786,202,0.6,
2EQ17085,V242_카바라이트_10,10,0.7872183918952942,432,604,0.6,
2EQ17085,V242_카바라이트_11,11,0.767845094203949,722,614,0.6,
2EQ17085,3779_압판스토퍼_12,12,0.5781516432762146,342,192,0.9,
2EQ17085,3779_압판스토퍼_14,14,0.743191123008728,716,268,0.6,
2EQ17086,C551_토너라벨_1,1,0.32864174246788025,278,226,1.05,
2EQ17086,B793_Canon각인_2,2,0.5561902523040771,138,280,1.05,
2EQ17086,6416_2206N명판_3,3,0.4110138714313507,702,652,0.6,
2EQ17086,3102_현상가압라벨_4,4,0.6509865522384644,500,12,0.6,
2EQ17086,3699_레버피스_4,4,0.6528221368789673,708,0,0.6,
2EQ17086,1525_▲▲▲라벨_5,5,0.925826370716095,800,228,0.6,
2EQ17086,2917_코마_6,6,0.8498746752738953,682,322,0.6,
2EQ17086,1525_▲▲▲라벨_7,7,0.5374221205711365,546,550,0.75,
2EQ17086,0000_모듈러카바_8,8,0.4809669852256775,246,544,0.6,
2EQ17086,3780_전원스위치_9,9,0.7540271282196045,784,202,0.6,
2EQ17086,V242_카바라이트_10,10,0.7790372371673584,480,124,0.6,
2EQ17086,V242_카바라이트_11,11,0.770348310470581,562,650,0.6,
2EQ17086,3779_압판스토퍼_12,12,0.5173473358154297,112,504,0.9,
2EQ17086,3779_압판스토퍼_14,14,0.7655847668647766,358,358,0.6,
2EQ17087,C551_토너라벨_1,1,0.3248024880886078,504,638,0.6,
2EQ17087,B793_Canon각인_2,2,0.48380985856056213,22,346,1.05,
2EQ17087,6416_2206N명판_3,3,0.5414301156997681,242,382,1.2,
2EQ17087,3102_현상가압라벨_4,4,0.673076868057251,688,26,0.6,
2EQ17087,3699_레버피스_4,4,0.6757914423942566,692,30,0.6,
2EQ17087,1525_▲▲▲라벨_5,5,0.9100684523582458,206,458,0.6,
2EQ17087,2917_코마_6,6,0.8624944686889648,702,188,0.6,
2EQ17087,1525_▲▲▲라벨_7,7,0.5830203294754028,520,578,0.75,
2EQ17087,0000_모듈러카바_8,8,0.5354058146476746,276,514,0.6,
2EQ17087,3780_전원스위치_9,9,0.751936137676239,784,202,0.6,
2EQ17087,V242_카바라이트_10,10,0.781791090965271,436,606,0.6,
2EQ17087,V242_카바라이트_11,11,0.7788032293319702,722,146,0.6,
2EQ17087,3779_압판스토퍼_12,12,0.5980792045593262,806,54,0.9,
2EQ17087,3779_압판스토퍼_14,14,0.7696197032928467,362,402,0.6,
2EQ17088,C551_토너라벨_1,1,0.34264370799064636,608,416,0.6,
2EQ17088,B793_Canon각인_2,2,0.46778059005737305,28,304,1.05,
2EQ17088,6416_2206N명판_3,3,0.46287015080451965,122,416,1.2,
2EQ17088,3102_현상가압라벨_4,4,0.5772144794464111,644,694,0.6,
2EQ17088,3699_레버피스_4,4,0.5875812768936157,360,472,1.2,
2EQ17088,1525_▲▲▲라벨_5,5,0.9243549108505249,140,228,0.75,
2EQ17088,2917_코마_6,6,0.849441409111023,890,566,0.6,
2EQ17088,1525_▲▲▲라벨_7,7,0.5535520315170288,242,120,0.6,
2EQ17088,0000_모듈러카바_8,8,0.5049757361412048,288,516,0.6,
2EQ17088,3780_전원스위치_9,9,0.7462247014045715,788,202,0.6,
2EQ17088,V242_카바라이트_10,10,0.7717854380607605,438,594,0.6,
2EQ17088,V242_카바라이트_11,11,0.7180517315864563,724,142,0.6,
2EQ17088,3779_압판스토퍼_12,12,0.5823514461517334,814,52,0.9,
2EQ17088,3779_압판스토퍼_14,14,0.7542807459831238,902,234,0.6,
2EQ17089,C551_토너라벨_1,1,0.3487389385700226,506,470,0.6,
2EQ17089,B793_Canon각인_2,2,0.6146801114082336,158,362,0.9,
2EQ17089,6416_2206N명판_3,3,0.48782631754875183,104,378,1.2,
2EQ17089,3102_현상가압라벨_4,4,0.6389188170433044,664,0,0.6,
2EQ17089,3699_레버피스_4,4,0.5634500980377197,348,458,1.2,
2EQ17089,1525_▲▲▲라벨_5,5,0.9265235066413879,802,236,0.6,
2EQ17089,2917_코마_6,6,0.8413946032524109,454,526,0.6,
2EQ17089,1525_▲▲▲라벨_7,7,0.5143641829490662,354,482,0.9,
2EQ17089,0000_모듈러카바_8,8,0.47902336716651917,240,520,0.6,
2EQ17089,3780_전원스위치_9,9,0.7510523200035095,784,204,0.6,
2EQ17089,V242_카바라이트_10,10,0.7895333766937256,426,590,0.6,
2EQ17089,V242_카바라이트_11,11,0.7357551455497742,566,678,0.6,
2EQ17089,3779_압판스토퍼_12,12,0.616773784160614,340,382,0.9,
2EQ17089,3779_압판스토퍼_14,14,0.7146832942962646,510,130,0.6,
2EQ17090,C551_토너라벨_1,1,0.38152822852134705,474,336,0.6,
2EQ17090,B793_Canon각인_2,2,0.5676631927490234,66,392,1.05,
2EQ17090,6416_2206N명판_3,3,0.4969237446784973,236,430,1.2,
2EQ17090,3102_현상가압라벨_4,4,0.5985068082809448,706,272,0.6,
2EQ17090,3699_레버피스_4,4,0.5589321851730347,364,482,1.2,
2EQ17090,1525_▲▲▲라벨_5,5,0.9277848601341248,134,426,0.6,
2EQ17090,2917_코마_6,6,0.8650244474411011,522,522,0.6,
2EQ17090,1525_▲▲▲라벨_7,7,0.6214019656181335,494,594,0.6,
2EQ17090,0000_모듈러카바_8,8,0.5696255564689636,254,474,0.6,
2EQ17090,3780_전원스위치_9,9,0.7589592933654785,786,202,0.6,
2EQ17090,V242_카바라이트_10,10,0.7761427760124207,444,594,0.6,
2EQ17090,V242_카바라이트_11,11,0.7759082913398743,508,632,0.6,
2EQ17090,3779_압판스토퍼_12,12,0.5798555612564087,842,30,0.9,
2EQ17090,3779_압판스토퍼_14,14,0.7574151754379272,478,300,0.6,
2EQ17091,C551_토너라벨_1,1,0.3723771274089813,406,268,0.6,
2EQ17091,B793_Canon각인_2,2,0.5527361035346985,20,364,1.05,
2EQ17091,6416_2206N명판_3,3,0.40005970001220703,710,654,0.6,
2EQ17091,3102_현상가압라벨_4,4,0.6102187633514404,714,274,0.6,
2EQ17091,3699_레버피스_4,4,0.5536375045776367,440,486,0.6,
2EQ17091,1525_▲▲▲라벨_5,5,0.9232615232467651,208,418,0.6,
2EQ17091,2917_코마_6,6,0.8739511370658875,410,128,0.6,
2EQ17091,1525_▲▲▲라벨_7,7,0.5230482220649719,320,44,0.9,
2EQ17091,0000_모듈러카바_8,8,0.43163061141967773,300,542,0.6,
2EQ17091,3780_전원스위치_9,9,0.7572010159492493,788,202,0.6,
2EQ17091,V242_카바라이트_10,10,0.7667434811592102,488,118,0.6,
2EQ17091,V242_카바라이트_11,11,0.7274577021598816,556,660,0.6,
2EQ17091,3779_압판스토퍼_12,12,0.598116397857666,832,38,0.9,
2EQ17091,3779_압판스토퍼_14,14,0.7740134596824646,542,296,0.6,
2EQ17092,C551_토너라벨_1,1,0.32836025953292847,494,378,0.6,
2EQ17092,B793_Canon각인_2,2,0.5486332178115845,40,320,1.05,
2EQ17092,6416_2206N명판_3,3,0.4614221155643463,182,248,1.2,
2EQ17092,3102_현상가압라벨_4,4,0.6315971612930298,624,88,0.6,
2EQ17092,3699_레버피스_4,4,0.6100081205368042,246,24,0.6,
2EQ17092,1525_▲▲▲라벨_5,5,0.9297183752059937,140,226,0.75,
2EQ17092,2917_코마_6,6,0.8576878905296326,930,532,0.6,
2EQ17092,1525_▲▲▲라벨_7,7,0.5413578152656555,514,544,0.75,
2EQ17092,0000_모듈러카바_8,8,0.5171453356742859,304,528,0.6,
2EQ17092,3780_전원스위치_9,9,0.7572953104972839,788,202,0.6,
2EQ17092,V242_카바라이트_10,10,0.7799302339553833,480,146,0.6,
2EQ17092,V242_카바라이트_11,11,0.754498302936554,498,658,0.6,
2EQ17092,3779_압판스토퍼_12,12,0.5874143242835999,254,134,0.9,
2EQ17092,3779_압판스토퍼_14,14,0.7568652033805847,214,174,0.75,
2EQ17093,C551_토너라벨_1,1,0.3480494022369385,532,460,0.6,
2EQ17093,B793_Canon각인_2,2,0.5426127314567566,110,420,1.05,
2EQ17093,6416_2206N명판_3,3,0.4551319181919098,136,414,1.2,
2EQ17093,3102_현상가압라벨_4,4,0.6135284304618835,702,240,0.6,
2EQ17093,3699_레버피스_4,4,0.5874253511428833,364,462,1.2,
2EQ17093,1525_▲▲▲라벨_5,5,0.9306535124778748,8,592,0.6,
2EQ17093,2917_코마_6,6,0.8387361764907837,434,558,0.6,
2EQ17093,1525_▲▲▲라벨_7,7,0.570774495601654,946,662,0.6,
2EQ17093,0000_모듈러카바_8,8,0.5083144307136536,294,558,0.6,
2EQ17093,3780_전원스위치_9,9,0.7577766180038452,788,204,0.6,
2EQ17093,V242_카바라이트_10,10,0.7790055274963379,442,592,0.6,
2EQ17093,V242_카바라이트_11,11,0.786672830581665,720,616,0.6,
2EQ17093,3779_압판스토퍼_12,12,0.5956161618232727,814,56,0.9,
2EQ17093,3779_압판스토퍼_14,14,0.7440324425697327,498,282,0.6,
2EQ17094,C551_토너라벨_1,1,0.33507010340690613,256,102,1.2,
2EQ17094,B793_Canon각인_2,2,0.4513525664806366,46,302,1.05,
2EQ17094,6416_2206N명판_3,3,0.4096340835094452,704,652,0.6,
2EQ17094,3102_현상가압라벨_4,4,0.6578154563903809,556,10,0.6,
2EQ17094,3699_레버피스_4,4,0.6345009803771973,524,16,0.6,
2EQ17094,1525_▲▲▲라벨_5,5,0.9225726127624512,800,230,0.6,
2EQ17094,2917_코마_6,6,0.8579253554344177,858,568,0.6,
2EQ17094,1525_▲▲▲라벨_7,7,0.5313581824302673,504,512,0.6,
2EQ17094,0000_모듈러카바_8,8,0.5048443078994751,242,534,0.6,
2EQ17094,3780_전원스위치_9,9,0.7506304979324341,786,202,0.6,
2EQ17094,V242_카바라이트_10,10,0.7808545827865601,430,598,0.6,
2EQ17094,V242_카바라이트_11,11,0.7675869464874268,720,616,0.6,
2EQ17094,3779_압판스토퍼_12,12,0.5942662358283997,460,270,0.9,
2EQ17094,3779_압판스토퍼_14,14,0.7429707646369934,660,192,0.6,
2EQ17095,C551_토너라벨_1,1,0.34435057640075684,538,328,0.6,
2EQ17095,B793_Canon각인_2,2,0.5094060897827148,26,344,1.05,
2EQ17095,6416_2206N명판_3,3,0.48975977301597595,150,378,1.2,
2EQ17095,3102_현상가압라벨_4,4,0.600947916507721,800,0,0.6,
2EQ17095,3699_레버피스_4,4,0.5667614936828613,806,0,0.6,
2EQ17095,1525_▲▲▲라벨_5,5,0.9270433783531189,248,398,0.6,
2EQ17095,2917_코마_6,6,0.877453625202179,424,88,0.6,
2EQ17095,1525_▲▲▲라벨_7,7,0.5548998713493347,294,232,0.9,
2EQ17095,0000_모듈러카바_8,8,0.6673093438148499,318,526,0.6,
2EQ17095,3780_전원스위치_9,9,0.755549967288971,786,202,0.6,
2EQ17095,V242_카바라이트_10,10,0.7819314002990723,482,142,0.6,
2EQ17095,V242_카바라이트_11,11,0.7963328957557678,508,646,0.6,
2EQ17095,3779_압판스토퍼_12,12,0.5762782096862793,814,66,0.9,
2EQ17095,3779_압판스토퍼_14,14,0.7667115926742554,142,456,0.6,
2EQ17096,C551_토너라벨_1,1,0.32125550508499146,614,346,0.6,
2EQ17096,B793_Canon각인_2,2,0.5788620710372925,84,270,1.05,
2EQ17096,6416_2206N명판_3,3,0.40606117248535156,710,652,0.6,
2EQ17096,3102_현상가압라벨_4,4,0.6383748650550842,676,26,0.6,
2EQ17096,3699_레버피스_4,4,0.5971532464027405,200,26,0.6,
2EQ17096,1525_▲▲▲라벨_5,5,0.91440749168396,144,232,0.6,
2EQ17096,2917_코마_6,6,0.8378738164901733,910,548,0.6,
2EQ17096,1525_▲▲▲라벨_7,7,0.558448851108551,534,530,0.6,
2EQ17096,0000_모듈러카바_8,8,0.5080769062042236,284,522,0.6,
2EQ17096,3780_전원스위치_9,9,0.7560648322105408,788,202,0.6,
2EQ17096,V242_카바라이트_10,10,0.7771122455596924,432,594,0.6,
2EQ17096,V242_카바라이트_11,11,0.7731680870056152,512,638,0.6,
2EQ17096,3779_압판스토퍼_12,12,0.5575279593467712,240,514,0.9,
2EQ17096,3779_압판스토퍼_14,14,0.7564188241958618,212,176,0.75,
2EQ17097,C551_토너라벨_1,1,0.330863893032074,556,386,0.6,
2EQ17097,B793_Canon각인_2,2,0.5900031328201294,48,356,1.05,
2EQ17097,6416_2206N명판_3,3,0.4332677721977234,228,504,1.2,
2EQ17097,3102_현상가압라벨_4,4,0.6185879707336426,708,66,0.6,
2EQ17097,3699_레버피스_4,4,0.6086162328720093,506,38,0.9,
2EQ17097,1525_▲▲▲라벨_5,5,0.9314849376678467,800,230,0.6,
2EQ17097,2917_코마_6,6,0.8617015480995178,938,554,0.6,
2EQ17097,1525_▲▲▲라벨_7,7,0.5622416734695435,382,370,0.6,
2EQ17097,0000_모듈러카바_8,8,0.47512903809547424,268,498,0.6,
2EQ17097,3780_전원스위치_9,9,0.7580239176750183,786,202,0.6,
2EQ17097,V242_카바라이트_10,10,0.7829576730728149,494,130,0.6,
2EQ17097,V242_카바라이트_11,11,0.7915409207344055,506,638,0.6,
2EQ17097,3779_압판스토퍼_12,12,0.5525185465812683,244,512,0.9,
2EQ17097,3779_압판스토퍼_14,14,0.7498264908790588,512,514,0.6,
2EQ17098,C551_토너라벨_1,1,0.4074140787124634,546,330,0.6,
2EQ17098,B793_Canon각인_2,2,0.5048184990882874,80,360,1.05,
2EQ17098,6416_2206N명판_3,3,0.4050714075565338,732,666,0.6,
2EQ17098,3102_현상가압라벨_4,4,0.6291482448577881,834,286,0.6,
2EQ17098,3699_레버피스_4,4,0.5650726556777954,370,466,1.2,
2EQ17098,1525_▲▲▲라벨_5,5,0.9263823628425598,214,412,0.6,
2EQ17098,2917_코마_6,6,0.860051155090332,806,334,0.6,
2EQ17098,1525_▲▲▲라벨_7,7,0.5510440468788147,166,218,0.9,
2EQ17098,0000_모듈러카바_8,8,0.47937002778053284,232,462,0.6,
2EQ17098,3780_전원스위치_9,9,0.7582926154136658,788,202,0.6,
2EQ17098,V242_카바라이트_10,10,0.7805606126785278,434,586,0.6,
2EQ17098,V242_카바라이트_11,11,0.7591553926467896,718,612,0.6,
2EQ17098,3779_압판스토퍼_12,12,0.5730132460594177,918,334,0.9,
2EQ17098,3779_압판스토퍼_14,14,0.7380107641220093,340,340,0.75,
