product,part,step,score,x,y,scale,angle
2EQ16144,1525_▲▲▲라벨_5,5,0.9264306426048279,358,448,0.75,0.0
2EQ16144,3780_전원스위치_9,9,0.7718770503997803,286,374,0.75,8.0
2EQ16144,2917_코마_6,6,0.8589743375778198,686,162,0.5,0.0
2EQ16144,3779_압판스토퍼_14,14,0.7343254685401917,480,306,0.5,8.0
2EQ16144,V242_카바라이트_10,10,0.7863729000091553,500,138,0.5,0.0
2EQ16145,1525_▲▲▲라벨_5,5,0.9304550886154175,412,436,0.75,0.0
2EQ16145,3780_전원스위치_9,9,0.7680484652519226,786,210,0.5,0.0
2EQ16145,2917_코마_6,6,0.8603301048278809,932,546,0.5,0.0
2EQ16145,3779_압판스토퍼_14,14,0.755763828754425,210,176,0.5,8.0
2EQ16145,V242_카바라이트_10,10,0.7754830121994019,454,612,0.5,0.0
2EQ16146,1525_▲▲▲라벨_5,5,0.9218107461929321,814,234,0.5,0.0
2EQ16146,3780_전원스위치_9,9,0.7718110680580139,258,510,0.5,0.0
2EQ16146,2917_코마_6,6,0.8753694295883179,722,174,0.5,0.0
2EQ16146,3779_압판스토퍼_14,14,0.757888913154602,376,412,0.75,0.0
2EQ16146,V242_카바라이트_10,10,0.7479448318481445,488,136,0.5,0.0
2EQ16147,1525_▲▲▲라벨_5,5,0.9325729012489319,796,226,0.75,0.0
2EQ16147,3780_전원스위치_9,9,0.7681679725646973,786,210,0.5,0.0
2EQ16147,2917_코마_6,6,0.8505396842956543,72,594,0.5,0.0
2EQ16147,3779_압판스토퍼_14,14,0.735088050365448,484,350,0.5,8.0
2EQ16147,V242_카바라이트_10,10,0.7801350355148315,460,604,0.5,0.0
2EQ16148,1525_▲▲▲라벨_5,5,0.9301630854606628,164,238,0.5,0.0
2EQ16148,3780_전원스위치_9,9,0.7667126655578613,786,208,0.5,0.0
2EQ16148,2917_코마_6,6,0.8593304753303528,924,564,0.5,0.0
2EQ16148,3779_압판스토퍼_14,14,0.7532130479812622,530,226,0.75,0.0
2EQ16148,V242_카바라이트_10,10,0.7778980135917664,490,138,0.5,0.0
2EQ16149,1525_▲▲▲라벨_5,5,0.9270027279853821,96,432,0.75,0.0
2EQ16149,3780_전원스위치_9,9,0.7692903280258179,786,210,0.5,0.0
2EQ16149,2917_코마_6,6,0.8534364104270935,952,558,0.5,0.0
2EQ16149,3779_압판스토퍼_14,14,0.746052622795105,350,318,0.75,0.0
2EQ16149,V242_카바라이트_10,10,0.7789891958236694,444,604,0.5,0.0
2EQ16150,1525_▲▲▲라벨_5,5,0.9273368120193481,196,450,0.75,0.0
2EQ16150,3780_전원스위치_9,9,0.7661089897155762,784,210,0.5,0.0
2EQ16150,2917_코마_6,6,0.8577921390533447,686,556,0.5,0.0
2EQ16150,3779_압판스토퍼_14,14,0.7544573545455933,566,346,0.5,8.0
2EQ16150,V242_카바라이트_10,10,0.7769387364387512,432,604,0.5,0.0
2EQ16151,1525_▲▲▲라벨_5,5,0.9353476166725159,602,26,0.5,0.0
2EQ16151,3780_전원스위치_9,9,0.7684193253517151,786,210,0.5,0.0
2EQ16151,2917_코마_6,6,0.844487726688385,786,572,0.5,-8.0
2EQ16151,3779_압판스토퍼_14,14,0.7555717825889587,218,178,0.5,8.0
2EQ16151,V242_카바라이트_10,10,0.7772547006607056,444,606,0.5,0.0
2EQ16152,1525_▲▲▲라벨_5,5,0.9273932576179504,822,232,0.5,0.0
2EQ16152,3780_전원스위치_9,9,0.7662056684494019,786,210,0.5,0.0
2EQ16152,2917_코마_6,6,0.8845977783203125,910,562,0.5,0.0
2EQ16152,3779_압판스토퍼_14,14,0.7626707553863525,122,538,0.5,8.0
2EQ16152,V242_카바라이트_10,10,0.7790650725364685,446,600,0.5,0.0
2EQ16153,1525_▲▲▲라벨_5,5,0.9269970059394836,210,486,0.5,0.0
2EQ16153,3780_전원스위치_9,9,0.760287344455719,786,210,0.5,0.0
2EQ16153,2917_코마_6,6,0.8737508654594421,696,202,0.5,0.0
2EQ16153,3779_압판스토퍼_14,14,0.7547882795333862,560,368,0.5,8.0
2EQ16153,V242_카바라이트_10,10,0.7747663855552673,458,586,0.5,0.0
2EQ16154,1525_▲▲▲라벨_5,5,0.9269512295722961,234,478,0.5,0.0
2EQ16154,3780_전원스위치_9,9,0.7648234963417053,786,208,0.5,0.0
2EQ16154,2917_코마_6,6,0.8656878471374512,920,552,0.5,0.0
2EQ16154,3779_압판스토퍼_14,14,0.7672402858734131,394,388,0.75,0.0
2EQ16154,V242_카바라이트_10,10,0.7771878242492676,456,610,0.5,0.0
2EQ16155,1525_▲▲▲라벨_5,5,0.9187414646148682,150,430,0.5,0.0
2EQ16155,3780_전원스위치_9,9,0.7623790502548218,786,210,0.5,0.0
2EQ16155,2917_코마_6,6,0.8694087266921997,944,554,0.5,0.0
2EQ16155,3779_압판스토퍼_14,14,0.7452191114425659,368,378,0.75,0.0
2EQ16155,V242_카바라이트_10,10,0.7763246893882751,464,604,0.5,0.0
2EQ16156,1525_▲▲▲라벨_5,5,0.9288163185119629,822,234,0.5,0.0
2EQ16156,3780_전원스위치_9,9,0.7659955620765686,786,210,0.5,0.0
2EQ16156,2917_코마_6,6,0.8682494759559631,706,144,0.5,0.0
2EQ16156,3779_압판스토퍼_14,14,0.739812970161438,554,368,0.5,8.0
2EQ16156,V242_카바라이트_10,10,0.7772829532623291,438,600,0.5,0.0
2EQ16157,1525_▲▲▲라벨_5,5,0.925349771976471,798,228,0.75,0.0
2EQ16157,3780_전원스위치_9,9,0.7690427899360657,786,210,0.5,0.0
2EQ16157,2917_코마_6,6,0.8734584450721741,718,210,0.5,0.0
2EQ16157,3779_압판스토퍼_14,14,0.7566074728965759,566,264,0.75,0.0
2EQ16157,V242_카바라이트_10,10,0.7742813229560852,492,140,0.5,0.0
2EQ16158,1525_▲▲▲라벨_5,5,0.9242196083068848,164,236,0.5,0.0
2EQ16158,3780_전원스위치_9,9,0.7622712850570679,784,210,0.5,0.0
2EQ16158,2917_코마_6,6,0.8657341003417969,942,556,0.5,0.0
2EQ16158,3779_압판스토퍼_14,14,0.7542092204093933,232,190,0.5,8.0
2EQ16158,V242_카바라이트_10,10,0.7681608200073242,506,132,0.5,0.0
2EQ16159,1525_▲▲▲라벨_5,5,0.9304892420768738,796,224,0.75,0.0
2EQ16159,3780_전원스위치_9,9,0.7651847004890442,784,210,0.5,0.0
2EQ16159,2917_코마_6,6,0.8562772870063782,94,594,0.5,0.0
2EQ16159,3779_압판스토퍼_14,14,0.751991868019104,352,332,0.75,0.0
2EQ16159,V242_카바라이트_10,10,0.7764073014259338,448,592,0.5,0.0
2EQ16161,1525_▲▲▲라벨_5,5,0.9284628033638,822,230,0.5,0.0
2EQ16161,3780_전원스위치_9,9,0.7579125165939331,786,210,0.5,0.0
2EQ16161,2917_코마_6,6,0.867041289806366,716,162,0.5,0.0
2EQ16161,3779_압판스토퍼_14,14,0.7529308795928955,500,396,0.5,8.0
2EQ16161,V242_카바라이트_10,10,0.7801347374916077,462,610,0.5,0.0
2EQ16162,1525_▲▲▲라벨_5,5,0.9219987392425537,192,450,0.75,0.0
2EQ16162,3780_전원스위치_9,9,0.7656370401382446,784,210,0.5,0.0
2EQ16162,2917_코마_6,6,0.8627027869224548,926,572,0.5,0.0
2EQ16162,3779_압판스토퍼_14,14,0.7558370232582092,430,138,0.75,0.0
2EQ16162,V242_카바라이트_10,10,0.7808129191398621,444,604,0.5,0.0
2EQ16163,1525_▲▲▲라벨_5,5,0.9313629269599915,162,234,0.5,0.0
2EQ16163,3780_전원스위치_9,9,0.7585985660552979,278,484,0.5,0.0
2EQ16163,2917_코마_6,6,0.8661977052688599,682,156,0.5,0.0
2EQ16163,3779_압판스토퍼_14,14,0.7432807683944702,530,342,0.5,8.0
2EQ16163,V242_카바라이트_10,10,0.7723732590675354,516,124,0.5,0.0
2EQ16164,1525_▲▲▲라벨_5,5,0.9286945462226868,90,442,0.75,0.0
2EQ16164,3780_전원스위치_9,9,0.7716026306152344,786,210,0.5,0.0
2EQ16164,2917_코마_6,6,0.8628090023994446,698,200,0.5,0.0
2EQ16164,3779_압판스토퍼_14,14,0.7518397569656372,234,184,0.75,0.0
2EQ16164,V242_카바라이트_10,10,0.7719271779060364,452,610,0.5,0.0
2EQ16165,1525_▲▲▲라벨_5,5,0.9221261143684387,264,436,0.75,0.0
2EQ16165,3780_전원스위치_9,9,0.7686887383460999,786,210,0.5,0.0
2EQ16165,2917_코마_6,6,0.854951024055481,94,594,0.5,0.0
2EQ16165,3779_압판스토퍼_14,14,0.7396296858787537,816,274,0.75,0.0
2EQ16165,V242_카바라이트_10,10,0.7768811583518982,454,600,0.5,0.0
2EQ16166,1525_▲▲▲라벨_5,5,0.9321389198303223,604,28,0.5,0.0
2EQ16166,3780_전원스위치_9,9,0.7628422379493713,786,210,0.5,0.0
2EQ16166,2917_코마_6,6,0.8611583709716797,944,574,0.5,0.0
2EQ16166,3779_압판스토퍼_14,14,0.7517721652984619,554,204,0.75,0.0
2EQ16166,V242_카바라이트_10,10,0.7767339944839478,442,604,0.5,0.0
2EQ16167,1525_▲▲▲라벨_5,5,0.9403554201126099,50,476,0.5,0.0
2EQ16167,3780_전원스위치_9,9,0.7680073380470276,786,210,0.5,0.0
2EQ16167,2917_코마_6,6,0.851059079170227,646,534,0.5,0.0
2EQ16167,3779_압판스토퍼_14,14,0.7514435648918152,364,394,0.75,0.0
2EQ16167,V242_카바라이트_10,10,0.7655520439147949,508,130,0.5,0.0
2EQ16168,1525_▲▲▲라벨_5,5,0.9201467633247375,216,470,0.5,0.0
2EQ16168,3780_전원스위치_9,9,0.7703360319137573,786,210,0.5,0.0
2EQ16168,2917_코마_6,6,0.8776121735572815,914,534,0.5,0.0
2EQ16168,3779_압판스토퍼_14,14,0.7604578137397766,464,362,0.5,8.0
2EQ16168,V242_카바라이트_10,10,0.7724558115005493,452,598,0.5,0.0
2EQ16169,1525_▲▲▲라벨_5,5,0.9225481152534485,250,472,0.5,0.0
2EQ16169,3780_전원스위치_9,9,0.7687151432037354,784,210,0.5,0.0
2EQ16169,2917_코마_6,6,0.8807540535926819,894,550,0.5,0.0
2EQ16169,3779_압판스토퍼_14,14,0.7453939914703369,580,398,0.5,8.0
2EQ16169,V242_카바라이트_10,10,0.7884567379951477,506,136,0.5,0.0
2EQ16170,1525_▲▲▲라벨_5,5,0.9187110066413879,212,476,0.5,0.0
2EQ16170,3780_전원스위치_9,9,0.7669457793235779,786,210,0.5,0.0
2EQ16170,2917_코마_6,6,0.8571696281433105,904,562,0.5,0.0
2EQ16170,3779_압판스토퍼_14,14,0.7721640467643738,526,474,0.75,0.0
2EQ16170,V242_카바라이트_10,10,0.7718011140823364,448,602,0.5,0.0
2EQ16171,1525_▲▲▲라벨_5,5,0.9330252408981323,822,234,0.5,0.0
2EQ16171,3780_전원스위치_9,9,0.7695066928863525,784,210,0.5,0.0
2EQ16171,2917_코마_6,6,0.851375937461853,236,192,0.5,0.0
2EQ16171,3779_압판스토퍼_14,14,0.7523624897003174,574,256,0.75,0.0
2EQ16171,V242_카바라이트_10,10,0.7807541489601135,446,606,0.5,0.0
2EQ16172,1525_▲▲▲라벨_5,5,0.936855673789978,2,584,0.5,0.0
2EQ16172,3780_전원스위치_9,9,0.7668207883834839,786,210,0.5,0.0
2EQ16172,2917_코마_6,6,0.8688545823097229,704,194,0.5,0.0
2EQ16172,3779_압판스토퍼_14,14,0.7360720038414001,520,298,0.5,8.0
2EQ16172,V242_카바라이트_10,10,0.7757105231285095,504,132,0.5,0.0
2EQ16173,1525_▲▲▲라벨_5,5,0.9214379787445068,820,232,0.5,0.0
2EQ16173,3780_전원스위치_9,9,0.7676084041595459,786,210,0.5,0.0
2EQ16173,2917_코마_6,6,0.8598670363426208,684,154,0.5,0.0
2EQ16173,3779_압판스토퍼_14,14,0.7464128732681274,602,278,0.75,0.0
2EQ16173,V242_카바라이트_10,10,0.7855271697044373,366,330,0.5,0.0
2EQ16174,1525_▲▲▲라벨_5,5,0.9158779978752136,276,614,0.75,0.0
2EQ16174,3780_전원스위치_9,9,0.7708956003189087,786,210,0.5,0.0
2EQ16174,2917_코마_6,6,0.8587349057197571,952,560,0.5,0.0
2EQ16174,3779_압판스토퍼_14,14,0.7544867992401123,488,316,0.5,8.0
2EQ16174,V242_카바라이트_10,10,0.7792235016822815,378,328,0.5,0.0
2EQ16175,1525_▲▲▲라벨_5,5,0.9306888580322266,174,474,0.5,0.0
2EQ16175,3780_전원스위치_9,9,0.7637492418289185,784,210,0.5,0.0
2EQ16175,2917_코마_6,6,0.8704022169113159,806,556,0.5,0.0
2EQ16175,3779_압판스토퍼_14,14,0.7567463517189026,378,418,0.75,0.0
2EQ16175,V242_카바라이트_10,10,0.7733781337738037,466,596,0.5,0.0
2EQ16176,1525_▲▲▲라벨_5,5,0.9338022470474243,162,238,0.5,0.0
2EQ16176,3780_전원스위치_9,9,0.7652872800827026,786,210,0.5,0.0
2EQ16176,2917_코마_6,6,0.8570430874824524,946,536,0.5,0.0
2EQ16176,3779_압판스토퍼_14,14,0.7518829107284546,512,414,0.5,8.0
2EQ16176,V242_카바라이트_10,10,0.7741669416427612,500,130,0.5,0.0
2EQ16177,1525_▲▲▲라벨_5,5,0.9308443069458008,820,236,0.5,0.0
2EQ16177,3780_전원스위치_9,9,0.7671434283256531,786,210,0.5,0.0
2EQ16177,2917_코마_6,6,0.8700656890869141,712,558,0.5,-8.0
2EQ16177,3779_압판스토퍼_14,14,0.7548804879188538,482,352,0.5,8.0
2EQ16177,V242_카바라이트_10,10,0.782126784324646,512,126,0.5,0.0
2EQ16178,1525_▲▲▲라벨_5,5,0.9171687364578247,796,226,0.75,0.0
2EQ16178,3780_전원스위치_9,9,0.7648800611495972,786,210,0.5,0.0
2EQ16178,2917_코마_6,6,0.8698099255561829,856,542,0.5,0.0
2EQ16178,3779_압판스토퍼_14,14,0.7777621746063232,210,158,0.75,0.0
2EQ16178,V242_카바라이트_10,10,0.7813472747802734,450,606,0.5,0.0
2EQ16179,1525_▲▲▲라벨_5,5,0.9285224080085754,822,234,0.5,0.0
2EQ16179,3780_전원스위치_9,9,0.7658907175064087,786,210,0.5,0.0
2EQ16179,2917_코마_6,6,0.8556939959526062,722,172,0.5,0.0
2EQ16179,3779_압판스토퍼_14,14,0.7648910880088806,376,366,0.75,0.0
2EQ16179,V242_카바라이트_10,10,0.7779733538627625,440,602,0.5,0.0
2EQ16180,1525_▲▲▲라벨_5,5,0.9465690851211548,162,234,0.5,0.0
2EQ16180,3780_전원스위치_9,9,0.764819324016571,786,210,0.5,0.0
2EQ16180,2917_코마_6,6,0.8723050355911255,944,566,0.5,0.0
2EQ16180,3779_압판스토퍼_14,14,0.7667297720909119,530,228,0.75,0.0
2EQ16180,V242_카바라이트_10,10,0.7803338766098022,440,612,0.5,0.0
2EQ16181,1525_▲▲▲라벨_5,5,0.9263138175010681,50,586,0.5,0.0
2EQ16181,3780_전원스위치_9,9,0.7621501088142395,786,210,0.5,0.0
2EQ16181,2917_코마_6,6,0.8389700055122375,392,162,0.5,0.0
2EQ16181,3779_압판스토퍼_14,14,0.7652959823608398,350,398,0.75,0.0
2EQ16181,V242_카바라이트_10,10,0.7801130414009094,448,604,0.5,0.0
2EQ16182,1525_▲▲▲라벨_5,5,0.9191688895225525,796,224,0.75,0.0
2EQ16182,3780_전원스위치_9,9,0.7662459015846252,786,210,0.5,0.0
2EQ16182,2917_코마_6,6,0.8690007925033569,950,546,0.5,0.0
2EQ16182,3779_압판스토퍼_14,14,0.7576082944869995,220,188,0.75,0.0
2EQ16182,V242_카바라이트_10,10,0.7870671153068542,490,126,0.5,0.0
2EQ16183,1525_▲▲▲라벨_5,5,0.9235511422157288,822,236,0.5,0.0
2EQ16183,3780_전원스위치_9,9,0.7696505188941956,786,210,0.5,0.0
2EQ16183,2917_코마_6,6,0.8691610097885132,936,574,0.5,0.0
2EQ16183,3779_압판스토퍼_14,14,0.7572608590126038,522,368,0.5,8.0
2EQ16183,V242_카바라이트_10,10,0.7834638357162476,442,610,0.5,0.0
2EQ16184,1525_▲▲▲라벨_5,5,0.9203966856002808,824,232,0.5,0.0
2EQ16184,3780_전원스위치_9,9,0.7680927515029907,786,210,0.5,0.0
2EQ16184,2917_코마_6,6,0.8554295301437378,236,202,0.5,0.0
2EQ16184,3779_압판스토퍼_14,14,0.7444695234298706,226,176,0.75,0.0
2EQ16184,V242_카바라이트_10,10,0.7824862599372864,448,606,0.5,0.0
2EQ16185,1525_▲▲▲라벨_5,5,0.9215967655181885,798,230,0.5,0.0
2EQ16185,3780_전원스위치_9,9,0.7685794830322266,786,210,0.5,0.0
2EQ16185,2917_코마_6,6,0.8671636581420898,680,158,0.5,0.0
2EQ16185,3779_압판스토퍼_14,14,0.7613198757171631,532,444,0.5,8.0
2EQ16185,V242_카바라이트_10,10,0.7703299522399902,494,146,0.5,0.0
2EQ16186,1525_▲▲▲라벨_5,5,0.9249616861343384,822,234,0.5,0.0
2EQ16186,3780_전원스위치_9,9,0.7683616280555725,786,210,0.5,0.0
2EQ16186,2917_코마_6,6,0.878926157951355,858,554,0.5,0.0
2EQ16186,3779_압판스토퍼_14,14,0.7506994009017944,210,176,0.5,8.0
2EQ16186,V242_카바라이트_10,10,0.7774817943572998,452,600,0.5,0.0
2EQ16187,1525_▲▲▲라벨_5,5,0.9290438890457153,722,268,0.5,0.0
2EQ16187,3780_전원스위치_9,9,0.7670506238937378,786,210,0.5,0.0
2EQ16187,2917_코마_6,6,0.8638554811477661,266,154,0.5,0.0
2EQ16187,3779_압판스토퍼_14,14,0.7713750004768372,580,284,0.75,0.0
2EQ16187,V242_카바라이트_10,10,0.7739427089691162,442,604,0.5,0.0
2EQ16188,1525_▲▲▲라벨_5,5,0.9276429414749146,822,234,0.5,0.0
2EQ16188,3780_전원스위치_9,9,0.7624331712722778,786,210,0.5,0.0
2EQ16188,2917_코마_6,6,0.8752512335777283,924,548,0.5,0.0
2EQ16188,3779_압판스토퍼_14,14,0.752369225025177,336,390,0.75,0.0
2EQ16188,V242_카바라이트_10,10,0.7828813195228577,446,604,0.5,0.0
2EQ16189,1525_▲▲▲라벨_5,5,0.9271535277366638,162,236,0.5,0.0
2EQ16189,3780_전원스위치_9,9,0.767828643321991,786,210,0.5,0.0
2EQ16189,2917_코마_6,6,0.8725186586380005,846,558,0.5,0.0
2EQ16189,3779_압판스토퍼_14,14,0.7669807076454163,500,314,0.5,8.0
2EQ16189,V242_카바라이트_10,10,0.7790997624397278,448,592,0.5,0.0
2EQ16190,1525_▲▲▲라벨_5,5,0.9160608053207397,246,470,0.5,0.0
2EQ16190,3780_전원스위치_9,9,0.7651423215866089,784,210,0.5,0.0
2EQ16190,2917_코마_6,6,0.8574131727218628,942,612,0.5,0.0
2EQ16190,3779_압판스토퍼_14,14,0.7451448440551758,552,376,0.5,8.0
2EQ16190,V242_카바라이트_10,10,0.7764071822166443,464,608,0.5,0.0
2EQ16191,1525_▲▲▲라벨_5,5,0.922824501991272,796,224,0.75,0.0
2EQ16191,3780_전원스위치_9,9,0.7610282301902771,786,210,0.5,0.0
2EQ16191,2917_코마_6,6,0.8585063219070435,38,600,0.5,0.0
2EQ16191,3779_압판스토퍼_14,14,0.767910897731781,530,266,0.5,8.0
2EQ16191,V242_카바라이트_10,10,0.7863317728042603,504,136,0.5,0.0
2EQ16192,1525_▲▲▲라벨_5,5,0.930380642414093,796,224,0.75,0.0
2EQ16192,3780_전원스위치_9,9,0.7671377658843994,786,210,0.5,0.0
2EQ16192,2917_코마_6,6,0.8589646220207214,712,200,0.5,0.0
2EQ16192,3779_압판스토퍼_14,14,0.7563102841377258,472,150,0.75,0.0
2EQ16192,V242_카바라이트_10,10,0.7742748260498047,452,600,0.5,0.0
2EQ16193,1525_▲▲▲라벨_5,5,0.9207398295402527,800,226,0.75,0.0
2EQ16193,3780_전원스위치_9,9,0.7680037617683411,786,210,0.5,0.0
2EQ16193,2917_코마_6,6,0.8820187449455261,698,180,0.5,0.0
2EQ16193,3779_압판스토퍼_14,14,0.7529123425483704,366,322,0.75,0.0
2EQ16193,V242_카바라이트_10,10,0.7747972011566162,450,606,0.5,0.0
2EQ16194,1525_▲▲▲라벨_5,5,0.925701916217804,822,230,0.5,0.0
2EQ16194,3780_전원스위치_9,9,0.7678603529930115,784,210,0.5,0.0
2EQ16194,2917_코마_6,6,0.8757551312446594,692,154,0.5,0.0
2EQ16194,3779_압판스토퍼_14,14,0.7471794486045837,224,184,0.75,0.0
2EQ16194,V242_카바라이트_10,10,0.7796636819839478,380,328,0.5,0.0
2EQ16195,1525_▲▲▲라벨_5,5,0.9343079924583435,484,562,0.5,-8.0
2EQ16195,3780_전원스위치_9,9,0.7663264870643616,786,210,0.5,0.0
2EQ16195,2917_코마_6,6,0.8615294098854065,926,606,0.5,0.0
2EQ16195,3779_압판스토퍼_14,14,0.7542707324028015,368,384,0.75,0.0
2EQ16195,V242_카바라이트_10,10,0.7761297225952148,446,590,0.5,0.0
2EQ16196,1525_▲▲▲라벨_5,5,0.9251092076301575,822,230,0.5,0.0
2EQ16196,3780_전원스위치_9,9,0.7533761262893677,786,210,0.5,0.0
2EQ16196,2917_코마_6,6,0.8678754568099976,904,548,0.5,0.0
2EQ16196,3779_압판스토퍼_14,14,0.738507091999054,228,190,0.75,0.0
2EQ16196,V242_카바라이트_10,10,0.7832049131393433,452,602,0.5,0.0
2EQ16197,1525_▲▲▲라벨_5,5,0.9377919435501099,164,238,0.5,0.0
2EQ16197,3780_전원스위치_9,9,0.7627717852592468,786,210,0.5,0.0
2EQ16197,2917_코마_6,6,0.8468244671821594,288,176,0.5,0.0
2EQ16197,3779_압판스토퍼_14,14,0.7561365365982056,490,486,0.5,8.0
2EQ16197,V242_카바라이트_10,10,0.7759026885032654,506,132,0.5,0.0
2EQ16198,1525_▲▲▲라벨_5,5,0.9234338998794556,798,224,0.75,0.0
2EQ16198,3780_전원스위치_9,9,0.7629362344741821,786,208,0.5,0.0
2EQ16198,2917_코마_6,6,0.866693913936615,936,566,0.5,0.0
2EQ16198,3779_압판스토퍼_14,14,0.7476210594177246,602,254,0.75,0.0
2EQ16198,V242_카바라이트_10,10,0.7731297612190247,510,124,0.5,0.0
2EQ16199,1525_▲▲▲라벨_5,5,0.936568021774292,164,236,0.5,0.0
2EQ16199,3780_전원스위치_9,9,0.7681859731674194,786,210,0.5,0.0
2EQ16199,2917_코마_6,6,0.8703950643539429,942,560,0.5,0.0
2EQ16199,3779_압판스토퍼_14,14,0.7415424585342407,662,4,0.75,0.0
2EQ16199,V242_카바라이트_10,10,0.7808207869529724,504,130,0.5,0.0
2EQ16200,1525_▲▲▲라벨_5,5,0.920348584651947,162,234,0.5,0.0
2EQ16200,3780_전원스위치_9,9,0.7688456177711487,786,208,0.5,0.0
2EQ16200,2917_코마_6,6,0.8668635487556458,710,196,0.5,0.0
2EQ16200,3779_압판스토퍼_14,14,0.7662010192871094,428,128,0.75,0.0
2EQ16200,V242_카바라이트_10,10,0.7720419764518738,500,136,0.5,0.0
2EQ16201,1525_▲▲▲라벨_5,5,0.9336081147193909,820,236,0.5,0.0
2EQ16201,3780_전원스위치_9,9,0.7648163437843323,786,208,0.5,0.0
2EQ16201,2917_코마_6,6,0.8706123232841492,818,538,0.5,0.0
2EQ16201,3779_압판스토퍼_14,14,0.7634732723236084,522,214,0.75,0.0
2EQ16201,V242_카바라이트_10,10,0.7790819406509399,450,604,0.5,0.0
2EQ16202,1525_▲▲▲라벨_5,5,0.9305660128593445,164,234,0.5,0.0
2EQ16202,3780_전원스위치_9,9,0.7602445483207703,786,210,0.5,0.0
2EQ16202,2917_코마_6,6,0.8741605877876282,702,150,0.5,0.0
2EQ16202,3779_압판스토퍼_14,14,0.7689127922058105,388,408,0.75,0.0
2EQ16202,V242_카바라이트_10,10,0.7813576459884644,452,612,0.5,0.0
2EQ16203,1525_▲▲▲라벨_5,5,0.9218976497650146,56,582,0.5,8.0
2EQ16203,3780_전원스위치_9,9,0.7659497857093811,786,210,0.5,0.0
2EQ16203,2917_코마_6,6,0.8718125224113464,874,560,0.5,0.0
2EQ16203,3779_압판스토퍼_14,14,0.7660928964614868,366,378,0.75,0.0
2EQ16203,V242_카바라이트_10,10,0.77492356300354,452,592,0.5,0.0
2EQ16204,1525_▲▲▲라벨_5,5,0.9208545684814453,806,234,0.5,0.0
2EQ16204,3780_전원스위치_9,9,0.7679093480110168,786,210,0.5,0.0
2EQ16204,2917_코마_6,6,0.8490567803382874,650,328,0.5,8.0
2EQ16204,3779_압판스토퍼_14,14,0.7561019062995911,370,364,0.75,0.0
2EQ16204,V242_카바라이트_10,10,0.7775371074676514,450,598,0.5,0.0
2EQ16205,1525_▲▲▲라벨_5,5,0.9298427700996399,822,230,0.5,0.0
2EQ16205,3780_전원스위치_9,9,0.7643932104110718,786,210,0.5,0.0
2EQ16205,2917_코마_6,6,0.8665613532066345,904,554,0.5,0.0
2EQ16205,3779_압판스토퍼_14,14,0.7590095400810242,362,456,0.75,0.0
2EQ16205,V242_카바라이트_10,10,0.7799844741821289,450,596,0.5,0.0
2EQ16206,1525_▲▲▲라벨_5,5,0.9256815314292908,172,474,0.5,0.0
2EQ16206,3780_전원스위치_9,9,0.7660826444625854,786,210,0.5,0.0
2EQ16206,2917_코마_6,6,0.8730036020278931,946,570,0.5,0.0
2EQ16206,3779_압판스토퍼_14,14,0.7664464116096497,462,310,0.5,8.0
2EQ16206,V242_카바라이트_10,10,0.7763996124267578,440,606,0.5,0.0
2EQ16207,1525_▲▲▲라벨_5,5,0.9253420233726501,822,232,0.5,0.0
2EQ16207,3780_전원스위치_9,9,0.767299473285675,786,210,0.5,0.0
2EQ16207,2917_코마_6,6,0.8337608575820923,180,588,0.5,0.0
2EQ16207,3779_압판스토퍼_14,14,0.7313836216926575,246,202,0.75,0.0
2EQ16207,V242_카바라이트_10,10,0.7722811698913574,492,142,0.5,0.0
2EQ16208,1525_▲▲▲라벨_5,5,0.9302862286567688,144,556,0.5,0.0
2EQ16208,3780_전원스위치_9,9,0.7694106698036194,786,210,0.5,0.0
2EQ16208,2917_코마_6,6,0.8684618473052979,948,556,0.5,0.0
2EQ16208,3779_압판스토퍼_14,14,0.7528656721115112,498,448,0.5,8.0
2EQ16208,V242_카바라이트_10,10,0.7796998023986816,454,594,0.5,0.0
2EQ16209,1525_▲▲▲라벨_5,5,0.9278002977371216,810,232,0.5,0.0
2EQ16209,3780_전원스위치_9,9,0.7676271200180054,786,208,0.5,0.0
2EQ16209,2917_코마_6,6,0.8835724592208862,702,164,0.5,0.0
2EQ16209,3779_압판스토퍼_14,14,0.7549842000007629,470,354,0.5,8.0
2EQ16209,V242_카바라이트_10,10,0.7774212956428528,454,596,0.5,0.0
2EQ16210,1525_▲▲▲라벨_5,5,0.9272192120552063,820,232,0.5,0.0
2EQ16210,3780_전원스위치_9,9,0.7665807604789734,786,210,0.5,0.0
2EQ16210,2917_코마_6,6,0.8384261131286621,952,548,0.5,0.0
2EQ16210,3779_압판스토퍼_14,14,0.7350830435752869,228,178,0.75,0.0
2EQ16210,V242_카바라이트_10,10,0.7808631658554077,450,614,0.5,0.0
2EQ16211,1525_▲▲▲라벨_5,5,0.9246001243591309,146,470,0.5,0.0
2EQ16211,3780_전원스위치_9,9,0.7667038440704346,786,210,0.5,0.0
2EQ16211,2917_코마_6,6,0.8458844423294067,694,192,0.5,0.0
2EQ16211,3779_압판스토퍼_14,14,0.7512115240097046,390,380,0.75,0.0
2EQ16211,V242_카바라이트_10,10,0.780457079410553,448,598,0.5,0.0
2EQ16212,1525_▲▲▲라벨_5,5,0.9202497601509094,182,468,0.5,0.0
2EQ16212,3780_전원스위치_9,9,0.7668072581291199,786,210,0.5,0.0
2EQ16212,2917_코마_6,6,0.8818715810775757,886,542,0.5,0.0
2EQ16212,3779_압판스토퍼_14,14,0.7349762916564941,210,178,0.5,8.0
2EQ16212,V242_카바라이트_10,10,0.7806438207626343,500,122,0.5,0.0
2EQ16213,1525_▲▲▲라벨_5,5,0.9227833151817322,232,466,0.5,0.0
2EQ16213,3780_전원스위치_9,9,0.7655742764472961,786,210,0.5,0.0
2EQ16213,2917_코마_6,6,0.8894132971763611,654,132,0.5,0.0
2EQ16213,3779_압판스토퍼_14,14,0.7403619885444641,570,202,0.75,0.0
2EQ16213,V242_카바라이트_10,10,0.7805066108703613,458,606,0.5,0.0
2EQ16214,1525_▲▲▲라벨_5,5,0.9247560501098633,310,436,0.75,0.0
2EQ16214,3780_전원스위치_9,9,0.7677419781684875,786,210,0.5,0.0
2EQ16214,2917_코마_6,6,0.8741925954818726,924,538,0.5,0.0
2EQ16214,3779_압판스토퍼_14,14,0.7512956857681274,498,328,0.5,8.0
2EQ16214,V242_카바라이트_10,10,0.7784929275512695,492,138,0.5,0.0
2EQ16215,1525_▲▲▲라벨_5,5,0.9206315279006958,200,486,0.75,0.0
2EQ16215,3780_전원스위치_9,9,0.759619951248169,786,210,0.5,0.0
2EQ16215,2917_코마_6,6,0.8614780902862549,944,588,0.5,0.0
2EQ16215,3779_압판스토퍼_14,14,0.7629162669181824,492,314,0.5,8.0
2EQ16215,V242_카바라이트_10,10,0.7787971496582031,444,604,0.5,0.0
2EQ16216,1525_▲▲▲라벨_5,5,0.9229064583778381,638,62,0.5,0.0
2EQ16216,3780_전원스위치_9,9,0.7604836225509644,784,208,0.5,0.0
2EQ16216,2917_코마_6,6,0.8580982685089111,260,128,0.5,0.0
2EQ16216,3779_압판스토퍼_14,14,0.7645659446716309,500,376,0.75,-8.0
2EQ16216,V242_카바라이트_10,10,0.7799211740493774,494,124,0.5,0.0
2EQ16217,1525_▲▲▲라벨_5,5,0.9296607375144958,820,232,0.5,0.0
2EQ16217,3780_전원스위치_9,9,0.765841007232666,786,210,0.5,0.0
2EQ16217,2917_코마_6,6,0.8722488284111023,886,568,0.5,0.0
2EQ16217,3779_압판스토퍼_14,14,0.7455770373344421,370,374,0.75,0.0
2EQ16217,V242_카바라이트_10,10,0.7725017666816711,500,136,0.5,0.0
2EQ16218,1525_▲▲▲라벨_5,5,0.9298564791679382,796,226,0.75,0.0
2EQ16218,3780_전원스위치_9,9,0.7658717632293701,786,210,0.5,0.0
2EQ16218,2917_코마_6,6,0.8719851970672607,918,558,0.5,0.0
2EQ16218,3779_압판스토퍼_14,14,0.7504580020904541,954,262,0.75,0.0
2EQ16218,V242_카바라이트_10,10,0.7759658694267273,446,586,0.5,0.0
2EQ16219,1525_▲▲▲라벨_5,5,0.9331710934638977,368,436,0.75,0.0
2EQ16219,3780_전원스위치_9,9,0.7720052599906921,786,210,0.5,0.0
2EQ16219,2917_코마_6,6,0.8653049468994141,944,530,0.5,0.0
2EQ16219,3779_압판스토퍼_14,14,0.7481716871261597,598,228,0.75,0.0
2EQ16219,V242_카바라이트_10,10,0.7749894261360168,502,130,0.5,0.0
2EQ16220,1525_▲▲▲라벨_5,5,0.923197329044342,92,452,0.5,0.0
2EQ16220,3780_전원스위치_9,9,0.7631316781044006,786,210,0.5,0.0
2EQ16220,2917_코마_6,6,0.8768762350082397,720,166,0.5,0.0
2EQ16220,3779_압판스토퍼_14,14,0.7609243392944336,230,178,0.75,0.0
2EQ16220,V242_카바라이트_10,10,0.7696114182472229,452,602,0.5,0.0
2EQ16221,1525_▲▲▲라벨_5,5,0.9222797751426697,12,600,0.5,0.0
2EQ16221,3780_전원스위치_9,9,0.7649132609367371,786,210,0.5,0.0
2EQ16221,2917_코마_6,6,0.8801504969596863,936,550,0.5,0.0
2EQ16221,3779_압판스토퍼_14,14,0.7550439238548279,522,452,0.5,8.0
2EQ16221,V242_카바라이트_10,10,0.7752709984779358,498,132,0.5,0.0
2EQ16222,1525_▲▲▲라벨_5,5,0.9214373826980591,260,416,0.75,0.0
2EQ16222,3780_전원스위치_9,9,0.7633688449859619,786,210,0.5,0.0
2EQ16222,2917_코마_6,6,0.8499959707260132,224,594,0.5,0.0
2EQ16222,3779_압판스토퍼_14,14,0.772752046585083,462,262,0.5,8.0
2EQ16222,V242_카바라이트_10,10,0.7777383923530579,496,132,0.5,0.0
2EQ16223,1525_▲▲▲라벨_5,5,0.9324886798858643,164,546,0.5,8.0
2EQ16223,3780_전원스위치_9,9,0.7569602727890015,788,210,0.5,0.0
2EQ16223,2917_코마_6,6,0.8495684862136841,106,392,0.5,0.0
2EQ16223,3779_압판스토퍼_14,14,0.7597684264183044,278,322,0.75,0.0
2EQ16223,V242_카바라이트_10,10,0.7690293192863464,506,128,0.5,0.0
2EQ16224,1525_▲▲▲라벨_5,5,0.9214410781860352,196,478,0.5,0.0
2EQ16224,3780_전원스위치_9,9,0.7683543562889099,786,210,0.5,0.0
2EQ16224,2917_코마_6,6,0.8562334775924683,720,194,0.5,0.0
2EQ16224,3779_압판스토퍼_14,14,0.7571132183074951,620,298,0.75,0.0
2EQ16224,V242_카바라이트_10,10,0.7876817584037781,510,134,0.5,0.0
2EQ16225,1525_▲▲▲라벨_5,5,0.9208181500434875,238,470,0.5,0.0
2EQ16225,3780_전원스위치_9,9,0.7552924156188965,786,210,0.5,0.0
2EQ16225,2917_코마_6,6,0.8703867793083191,922,544,0.5,0.0
2EQ16225,3779_압판스토퍼_14,14,0.7527576088905334,354,350,0.75,0.0
2EQ16225,V242_카바라이트_10,10,0.7404659986495972,504,124,0.5,0.0
2EQ16226,1525_▲▲▲라벨_5,5,0.9261634349822998,254,454,0.75,0.0
2EQ16226,3780_전원스위치_9,9,0.7638380527496338,786,210,0.5,0.0
2EQ16226,2917_코마_6,6,0.8650665283203125,742,558,0.5,0.0
2EQ16226,3779_압판스토퍼_14,14,0.7531723380088806,558,366,0.5,8.0
2EQ16226,V242_카바라이트_10,10,0.7698488831520081,436,596,0.5,0.0
2EQ16227,1525_▲▲▲라벨_5,5,0.9275394082069397,28,598,0.5,0.0
2EQ16227,3780_전원스위치_9,9,0.7676041126251221,786,210,0.5,0.0
2EQ16227,2917_코마_6,6,0.8556133508682251,948,558,0.5,0.0
2EQ16227,3779_압판스토퍼_14,14,0.745380163192749,326,412,0.75,0.0
2EQ16227,V242_카바라이트_10,10,0.7758142352104187,442,610,0.5,0.0
2EQ16228,1525_▲▲▲라벨_5,5,0.9320600628852844,824,230,0.5,0.0
2EQ16228,3780_전원스위치_9,9,0.7657472491264343,786,210,0.5,0.0
2EQ16228,2917_코마_6,6,0.8483424782752991,912,614,0.5,0.0
2EQ16228,3779_압판스토퍼_14,14,0.7570368051528931,226,182,0.75,0.0
2EQ16228,V242_카바라이트_10,10,0.777556836605072,450,602,0.5,0.0
2EQ16229,1525_▲▲▲라벨_5,5,0.9314440488815308,822,234,0.5,0.0
2EQ16229,3780_전원스위치_9,9,0.7654023766517639,786,210,0.5,0.0
2EQ16229,2917_코마_6,6,0.862608790397644,232,584,0.5,0.0
2EQ16229,3779_압판스토퍼_14,14,0.7635220289230347,516,332,0.75,0.0
2EQ16229,V242_카바라이트_10,10,0.7853254675865173,424,596,0.5,0.0
2EQ16230,1525_▲▲▲라벨_5,5,0.9418384432792664,172,244,0.5,0.0
2EQ16230,3780_전원스위치_9,9,0.7680123448371887,786,210,0.5,0.0
2EQ16230,2917_코마_6,6,0.8616426587104797,808,220,0.5,0.0
2EQ16230,3779_압판스토퍼_14,14,0.7522534728050232,850,48,0.5,-8.0
2EQ16230,V242_카바라이트_10,10,0.7721197009086609,440,600,0.5,0.0
2EQ16231,1525_▲▲▲라벨_5,5,0.9260597229003906,164,236,0.5,0.0
2EQ16231,3780_전원스위치_9,9,0.7672908902168274,786,210,0.5,0.0
2EQ16231,2917_코마_6,6,0.8649633526802063,914,534,0.5,0.0
2EQ16231,3779_압판스토퍼_14,14,0.7487386465072632,440,236,0.75,0.0
2EQ16231,V242_카바라이트_10,10,0.78095543384552,452,602,0.5,0.0
2EQ16232,1525_▲▲▲라벨_5,5,0.9263833165168762,816,234,0.5,0.0
2EQ16232,3780_전원스위치_9,9,0.7621861100196838,306,338,0.5,0.0
2EQ16232,2917_코마_6,6,0.8560556173324585,466,518,0.5,0.0
2EQ16232,3779_압판스토퍼_14,14,0.7167423367500305,840,596,0.75,0.0
2EQ16232,V242_카바라이트_10,10,0.7683212757110596,458,598,0.5,0.0
2EQ16233,1525_▲▲▲라벨_5,5,0.931582510471344,162,236,0.5,0.0
2EQ16233,3780_전원스위치_9,9,0.7643024325370789,258,308,0.5,0.0
2EQ16233,2917_코마_6,6,0.8556034564971924,410,174,0.5,0.0
2EQ16233,3779_압판스토퍼_14,14,0.7207146286964417,334,544,0.75,0.0
2EQ16233,V242_카바라이트_10,10,0.7932816743850708,416,630,0.5,0.0
2EQ16234,1525_▲▲▲라벨_5,5,0.9278380870819092,224,464,0.75,0.0
2EQ16234,3780_전원스위치_9,9,0.7648806571960449,784,210,0.5,0.0
2EQ16234,2917_코마_6,6,0.8708103895187378,946,546,0.5,0.0
2EQ16234,3779_압판스토퍼_14,14,0.7226158380508423,226,178,0.75,8.0
2EQ16234,V242_카바라이트_10,10,0.7875709533691406,494,134,0.5,0.0
2EQ16235,1525_▲▲▲라벨_5,5,0.9035108089447021,0,590,0.5,0.0
2EQ16235,3780_전원스위치_9,9,0.7643699049949646,784,210,0.5,0.0
2EQ16235,2917_코마_6,6,0.8464808464050293,492,522,0.5,0.0
2EQ16235,3779_압판스토퍼_14,14,0.7199465036392212,538,486,0.5,8.0
2EQ16235,V242_카바라이트_10,10,0.7692412734031677,490,132,0.5,0.0
2EQ16236,1525_▲▲▲라벨_5,5,0.9210724234580994,820,230,0.5,0.0
2EQ16236,3780_전원스위치_9,9,0.7643446922302246,784,210,0.5,0.0
2EQ16236,2917_코마_6,6,0.8461239337921143,232,596,0.5,0.0
2EQ16236,3779_압판스토퍼_14,14,0.7381852865219116,502,382,0.75,0.0
2EQ16236,V242_카바라이트_10,10,0.7839996218681335,368,332,0.5,0.0
2EQ16237,1525_▲▲▲라벨_5,5,0.9272235631942749,796,224,0.75,0.0
2EQ16237,3780_전원스위치_9,9,0.7677901387214661,786,210,0.5,0.0
2EQ16237,2917_코마_6,6,0.853753387928009,858,558,0.5,0.0
2EQ16237,3779_압판스토퍼_14,14,0.7472708225250244,510,290,0.5,8.0
2EQ16237,V242_카바라이트_10,10,0.7783223390579224,442,598,0.5,0.0
2EQ16238,1525_▲▲▲라벨_5,5,0.9192148447036743,196,460,0.5,0.0
2EQ16238,3780_전원스위치_9,9,0.7673396468162537,786,210,0.5,0.0
2EQ16238,2917_코마_6,6,0.858198881149292,722,186,0.5,0.0
2EQ16238,3779_압판스토퍼_14,14,0.7518084049224854,384,338,0.75,0.0
2EQ16238,V242_카바라이트_10,10,0.7718347907066345,492,124,0.5,0.0
2EQ16239,1525_▲▲▲라벨_5,5,0.9194771647453308,790,224,0.75,0.0
2EQ16239,3780_전원스위치_9,9,0.7690023183822632,784,210,0.5,0.0
2EQ16239,2917_코마_6,6,0.8629202842712402,946,578,0.5,0.0
2EQ16239,3779_압판스토퍼_14,14,0.7589966654777527,262,264,0.75,0.0
2EQ16239,V242_카바라이트_10,10,0.7840803861618042,504,126,0.5,0.0
2EQ16240,1525_▲▲▲라벨_5,5,0.9146539568901062,794,234,0.5,0.0
2EQ16240,3780_전원스위치_9,9,0.7664293646812439,784,210,0.5,0.0
2EQ16240,2917_코마_6,6,0.8638402819633484,706,180,0.5,0.0
2EQ16240,3779_압판스토퍼_14,14,0.773613452911377,550,310,0.5,8.0
2EQ16240,V242_카바라이트_10,10,0.7758218050003052,442,600,0.5,0.0
2EQ16241,1525_▲▲▲라벨_5,5,0.943392276763916,162,242,0.5,0.0
2EQ16241,3780_전원스위치_9,9,0.758997917175293,786,210,0.5,0.0
2EQ16241,2917_코마_6,6,0.8532811403274536,940,548,0.5,0.0
2EQ16241,3779_압판스토퍼_14,14,0.7605584263801575,222,176,0.75,0.0
2EQ16241,V242_카바라이트_10,10,0.7854514718055725,500,132,0.5,0.0
2EQ16242,1525_▲▲▲라벨_5,5,0.9260796904563904,796,222,0.75,0.0
2EQ16242,3780_전원스위치_9,9,0.7666221857070923,786,210,0.5,0.0
2EQ16242,2917_코마_6,6,0.8632068037986755,948,544,0.5,0.0
2EQ16242,3779_압판스토퍼_14,14,0.7564781904220581,370,404,0.75,0.0
2EQ16242,V242_카바라이트_10,10,0.7836595773696899,498,136,0.5,0.0
2EQ16243,1525_▲▲▲라벨_5,5,0.9236723184585571,194,464,0.5,0.0
2EQ16243,3780_전원스위치_9,9,0.7677910327911377,784,210,0.5,0.0
2EQ16243,2917_코마_6,6,0.8714417815208435,808,564,0.5,0.0
2EQ16243,3779_압판스토퍼_14,14,0.6928920149803162,576,334,0.5,8.0
2EQ16243,V242_카바라이트_10,10,0.7811852097511292,514,130,0.5,0.0
2EQ16244,1525_▲▲▲라벨_5,5,0.9262054562568665,162,236,0.5,0.0
2EQ16244,3780_전원스위치_9,9,0.7644962668418884,786,210,0.5,0.0
2EQ16244,2917_코마_6,6,0.8595006465911865,836,548,0.5,0.0
2EQ16244,3779_압판스토퍼_14,14,0.7644127011299133,456,314,0.5,8.0
2EQ16244,V242_카바라이트_10,10,0.7772717475891113,442,600,0.5,0.0
2EQ16245,1525_▲▲▲라벨_5,5,0.9244267344474792,798,232,0.5,0.0
2EQ16245,3780_전원스위치_9,9,0.7662489414215088,310,438,0.5,0.0
2EQ16245,2917_코마_6,6,0.8609945774078369,910,542,0.5,0.0
2EQ16245,3779_압판스토퍼_14,14,0.7657833099365234,538,244,0.75,0.0
2EQ16245,V242_카바라이트_10,10,0.7673352360725403,494,130,0.5,0.0
2EQ16246,1525_▲▲▲라벨_5,5,0.9284601807594299,798,226,0.75,0.0
2EQ16246,3780_전원스위치_9,9,0.7635859847068787,786,210,0.5,0.0
2EQ16246,2917_코마_6,6,0.8637898564338684,684,174,0.5,0.0
2EQ16246,3779_압판스토퍼_14,14,0.7545419931411743,320,326,0.75,0.0
2EQ16246,V242_카바라이트_10,10,0.7746738195419312,492,124,0.5,0.0
2EQ16247,1525_▲▲▲라벨_5,5,0.9403185248374939,4,580,0.5,0.0
2EQ16247,3780_전원스위치_9,9,0.765467643737793,786,210,0.5,0.0
2EQ16247,2917_코마_6,6,0.86479651927948,892,544,0.5,0.0
2EQ16247,3779_압판스토퍼_14,14,0.7483682632446289,472,244,0.75,0.0
2EQ16247,V242_카바라이트_10,10,0.7928934693336487,606,34,0.5,0.0
2EQ16248,1525_▲▲▲라벨_5,5,0.9278254508972168,176,462,0.5,0.0
2EQ16248,3780_전원스위치_9,9,0.7730997204780579,786,210,0.5,0.0
2EQ16248,2917_코마_6,6,0.8675302863121033,236,192,0.5,0.0
2EQ16248,3779_압판스토퍼_14,14,0.7436836957931519,214,176,0.75,0.0
2EQ16248,V242_카바라이트_10,10,0.7816402316093445,446,600,0.5,0.0
2EQ16249,1525_▲▲▲라벨_5,5,0.9243274927139282,166,230,0.5,0.0
2EQ16249,3780_전원스위치_9,9,0.7711038589477539,354,410,0.5,0.0
2EQ16249,2917_코마_6,6,0.867779016494751,472,518,0.5,0.0
2EQ16249,3779_압판스토퍼_14,14,0.7459796667098999,310,264,0.5,8.0
2EQ16249,V242_카바라이트_10,10,0.7917106747627258,368,344,0.5,0.0
2EQ16250,1525_▲▲▲라벨_5,5,0.9186907410621643,798,224,0.75,0.0
2EQ16250,3780_전원스위치_9,9,0.7643172144889832,788,208,0.5,0.0
2EQ16250,2917_코마_6,6,0.8525442481040955,100,592,0.5,0.0
2EQ16250,3779_압판스토퍼_14,14,0.7610341310501099,212,172,0.75,0.0
2EQ16250,V242_카바라이트_10,10,0.7728396058082581,460,596,0.5,0.0
2EQ16251,1525_▲▲▲라벨_5,5,0.9192095994949341,166,232,0.5,0.0
2EQ16251,3780_전원스위치_9,9,0.7697072625160217,786,210,0.5,0.0
2EQ16251,2917_코마_6,6,0.8605657815933228,620,388,0.5,0.0
2EQ16251,3779_압판스토퍼_14,14,0.7252002358436584,514,442,0.5,8.0
2EQ16251,V242_카바라이트_10,10,0.7855162024497986,462,454,0.5,8.0
2EQ16252,1525_▲▲▲라벨_5,5,0.9262888431549072,22,590,0.5,8.0
2EQ16252,3780_전원스위치_9,9,0.7673164010047913,786,210,0.5,0.0
2EQ16252,2917_코마_6,6,0.8645820021629333,938,542,0.5,0.0
2EQ16252,3779_압판스토퍼_14,14,0.7522931098937988,282,316,0.75,0.0
2EQ16252,V242_카바라이트_10,10,0.7807673811912537,490,126,0.5,0.0
2EQ16253,1525_▲▲▲라벨_5,5,0.9263486266136169,172,474,0.75,0.0
2EQ16253,3780_전원스위치_9,9,0.7639045715332031,340,428,0.5,0.0
2EQ16253,2917_코마_6,6,0.8614790439605713,952,546,0.5,0.0
2EQ16253,3779_압판스토퍼_14,14,0.7590288519859314,494,316,0.5,8.0
2EQ16253,V242_카바라이트_10,10,0.7551964521408081,464,596,0.5,0.0
2EQ16254,1525_▲▲▲라벨_5,5,0.9292963147163391,170,232,0.5,0.0
2EQ16254,3780_전원스위치_9,9,0.7653855681419373,784,210,0.5,0.0
2EQ16254,2917_코마_6,6,0.8775725960731506,456,116,0.5,0.0
2EQ16254,3779_압판스토퍼_14,14,0.7508500814437866,470,324,0.5,8.0
2EQ16254,V242_카바라이트_10,10,0.7791860699653625,502,126,0.5,0.0
2EQ16255,1525_▲▲▲라벨_5,5,0.9308223724365234,164,238,0.5,0.0
2EQ16255,3780_전원스위치_9,9,0.7624443173408508,304,506,0.5,0.0
2EQ16255,2917_코마_6,6,0.8649232387542725,940,582,0.5,0.0
2EQ16255,3779_압판스토퍼_14,14,0.76655113697052,558,380,0.5,8.0
2EQ16255,V242_카바라이트_10,10,0.7765573859214783,374,334,0.5,0.0
2EQ16256,1525_▲▲▲라벨_5,5,0.9355095028877258,164,238,0.5,0.0
2EQ16256,3780_전원스위치_9,9,0.7705007791519165,786,210,0.5,0.0
2EQ16256,2917_코마_6,6,0.8650450110435486,250,184,0.5,0.0
2EQ16256,3779_압판스토퍼_14,14,0.7515696287155151,362,380,0.75,0.0
2EQ16256,V242_카바라이트_10,10,0.7943264842033386,498,142,0.5,0.0
2EQ16257,1525_▲▲▲라벨_5,5,0.9417152404785156,162,246,0.5,0.0
2EQ16257,3780_전원스위치_9,9,0.7612999677658081,784,208,0.5,0.0
2EQ16257,2917_코마_6,6,0.8718029260635376,328,146,0.5,0.0
2EQ16257,3779_압판스토퍼_14,14,0.7499984502792358,790,104,0.5,-8.0
2EQ16257,V242_카바라이트_10,10,0.7634517550468445,490,130,0.5,0.0
2EQ16258,1525_▲▲▲라벨_5,5,0.9270039200782776,54,556,0.5,0.0
2EQ16258,3780_전원스위치_9,9,0.7641488909721375,786,208,0.5,0.0
2EQ16258,2917_코마_6,6,0.8783324956893921,720,182,0.5,0.0
2EQ16258,3779_압판스토퍼_14,14,0.7692362070083618,374,424,0.75,0.0
2EQ16258,V242_카바라이트_10,10,0.7741355895996094,452,600,0.5,0.0
2EQ16259,1525_▲▲▲라벨_5,5,0.9326810240745544,166,238,0.5,0.0
2EQ16259,3780_전원스위치_9,9,0.7659008502960205,278,522,0.5,0.0
2EQ16259,2917_코마_6,6,0.8744692206382751,698,200,0.5,0.0
2EQ16259,3779_압판스토퍼_14,14,0.7648022770881653,368,334,0.75,0.0
2EQ16259,V242_카바라이트_10,10,0.7652879953384399,368,326,0.5,0.0
2EQ16260,1525_▲▲▲라벨_5,5,0.9261901378631592,164,236,0.5,0.0
2EQ16260,3780_전원스위치_9,9,0.7657591700553894,786,210,0.5,0.0
2EQ16260,2917_코마_6,6,0.865849494934082,938,542,0.5,0.0
2EQ16260,3779_압판스토퍼_14,14,0.7375314235687256,250,204,0.75,0.0
2EQ16260,V242_카바라이트_10,10,0.7757699489593506,462,602,0.5,0.0
2EQ16261,1525_▲▲▲라벨_5,5,0.9301127195358276,820,232,0.5,0.0
2EQ16261,3780_전원스위치_9,9,0.7683595418930054,786,210,0.5,0.0
2EQ16261,2917_코마_6,6,0.8643830418586731,938,558,0.5,0.0
2EQ16261,3779_압판스토퍼_14,14,0.7667568325996399,502,344,0.5,8.0
2EQ16261,V242_카바라이트_10,10,0.7797451615333557,446,608,0.5,0.0
2EQ16262,1525_▲▲▲라벨_5,5,0.926031231880188,164,234,0.5,0.0
2EQ16262,3780_전원스위치_9,9,0.7671842575073242,786,210,0.5,0.0
2EQ16262,2917_코마_6,6,0.8646364212036133,890,594,0.5,0.0
2EQ16262,3779_압판스토퍼_14,14,0.7482531070709229,458,198,0.75,0.0
2EQ16262,V242_카바라이트_10,10,0.766017735004425,448,592,0.5,0.0
2EQ16263,1525_▲▲▲라벨_5,5,0.9250174164772034,268,420,0.5,0.0
2EQ16263,3780_전원스위치_9,9,0.7692158222198486,478,468,0.5,0.0
2EQ16263,2917_코마_6,6,0.8250457048416138,14,584,0.5,0.0
2EQ16263,3779_압판스토퍼_14,14,0.7278353571891785,756,620,0.5,8.0
2EQ16263,V242_카바라이트_10,10,0.7919251322746277,360,350,0.5,0.0
2EQ16264,1525_▲▲▲라벨_5,5,0.9422104954719543,164,236,0.5,0.0
2EQ16264,3780_전원스위치_9,9,0.762454092502594,324,400,0.5,0.0
2EQ16264,2917_코마_6,6,0.8761625289916992,480,320,0.5,0.0
2EQ16264,3779_압판스토퍼_14,14,0.7532569169998169,466,340,0.75,0.0
2EQ16264,V242_카바라이트_10,10,0.7712717056274414,492,122,0.5,0.0
2EQ16265,1525_▲▲▲라벨_5,5,0.9207841753959656,214,466,0.5,0.0
2EQ16265,3780_전원스위치_9,9,0.7673696875572205,786,210,0.5,0.0
2EQ16265,2917_코마_6,6,0.8558557033538818,236,186,0.5,0.0
2EQ16265,3779_압판스토퍼_14,14,0.7567630410194397,314,360,0.75,0.0
2EQ16265,V242_카바라이트_10,10,0.7825003862380981,444,606,0.5,0.0
2EQ16266,1525_▲▲▲라벨_5,5,0.9253981113433838,338,308,0.5,0.0
2EQ16266,3780_전원스위치_9,9,0.767164945602417,786,208,0.5,0.0
2EQ16266,2917_코마_6,6,0.8644443154335022,702,146,0.5,0.0
2EQ16266,3779_압판스토퍼_14,14,0.748354971408844,234,190,0.75,0.0
2EQ16266,V242_카바라이트_10,10,0.7784374356269836,494,134,0.5,0.0
2EQ16267,1525_▲▲▲라벨_5,5,0.9281537532806396,796,222,0.75,0.0
2EQ16267,3780_전원스위치_9,9,0.7641802430152893,786,208,0.5,0.0
2EQ16267,2917_코마_6,6,0.8676108717918396,830,556,0.5,0.0
2EQ16267,3779_압판스토퍼_14,14,0.7595173716545105,458,328,0.5,8.0
2EQ16267,V242_카바라이트_10,10,0.7809574007987976,454,596,0.5,0.0
2EQ16268,1525_▲▲▲라벨_5,5,0.9374104142189026,162,236,0.5,0.0
2EQ16268,3780_전원스위치_9,9,0.7727946639060974,292,482,0.5,0.0
2EQ16268,2917_코마_6,6,0.8667516708374023,714,162,0.5,0.0
2EQ16268,3779_압판스토퍼_14,14,0.7537896633148193,548,190,0.75,0.0
2EQ16268,V242_카바라이트_10,10,0.7810007929801941,450,592,0.5,0.0
2EQ16269,1525_▲▲▲라벨_5,5,0.9371040463447571,162,230,0.5,0.0
2EQ16269,3780_전원스위치_9,9,0.7667381763458252,786,208,0.5,0.0
2EQ16269,2917_코마_6,6,0.8538415431976318,448,524,0.5,0.0
2EQ16269,3779_압판스토퍼_14,14,0.7562913298606873,376,356,0.75,0.0
2EQ16269,V242_카바라이트_10,10,0.7840716242790222,452,596,0.5,0.0
2EQ16270,1525_▲▲▲라벨_5,5,0.9211945533752441,164,238,0.5,0.0
2EQ16270,3780_전원스위치_9,9,0.752974808216095,784,210,0.5,0.0
2EQ16270,2917_코마_6,6,0.8627695441246033,170,516,0.5,0.0
2EQ16270,3779_압판스토퍼_14,14,0.7477546334266663,448,458,0.5,8.0
2EQ16270,V242_카바라이트_10,10,0.784014880657196,420,638,0.5,0.0
2EQ16271,1525_▲▲▲라벨_5,5,0.9256665706634521,252,412,0.75,0.0
2EQ16271,3780_전원스위치_9,9,0.7541719079017639,784,210,0.5,0.0
2EQ16271,2917_코마_6,6,0.8557159900665283,38,598,0.5,0.0
2EQ16271,3779_압판스토퍼_14,14,0.7456979155540466,482,210,0.75,0.0
2EQ16271,V242_카바라이트_10,10,0.7812342643737793,502,162,0.5,0.0
2EQ16272,1525_▲▲▲라벨_5,5,0.9201371073722839,824,234,0.5,0.0
2EQ16272,3780_전원스위치_9,9,0.7662639617919922,786,210,0.5,0.0
2EQ16272,2917_코마_6,6,0.8763657808303833,690,162,0.5,0.0
2EQ16272,3779_압판스토퍼_14,14,0.7515878677368164,510,330,0.5,8.0
2EQ16272,V242_카바라이트_10,10,0.7709084749221802,502,134,0.5,0.0
2EQ16273,1525_▲▲▲라벨_5,5,0.9235566258430481,158,458,0.5,0.0
2EQ16273,3780_전원스위치_9,9,0.7677007913589478,786,210,0.5,0.0
2EQ16273,2917_코마_6,6,0.8497300744056702,602,356,0.5,0.0
2EQ16273,3779_압판스토퍼_14,14,0.7462618350982666,482,354,0.5,8.0
2EQ16273,V242_카바라이트_10,10,0.7832027077674866,454,606,0.5,0.0
2EQ16274,1525_▲▲▲라벨_5,5,0.9278675317764282,818,234,0.5,0.0
2EQ16274,3780_전원스위치_9,9,0.7656476497650146,786,210,0.5,0.0
2EQ16274,2917_코마_6,6,0.8636296391487122,952,540,0.5,0.0
2EQ16274,3779_압판스토퍼_14,14,0.7536422610282898,354,324,0.75,0.0
2EQ16274,V242_카바라이트_10,10,0.7771560549736023,442,596,0.5,0.0
2EQ16275,1525_▲▲▲라벨_5,5,0.9227777123451233,138,244,0.5,0.0
2EQ16275,3780_전원스위치_9,9,0.7638270854949951,786,210,0.5,0.0
2EQ16275,2917_코마_6,6,0.8505759239196777,490,542,0.5,0.0
2EQ16275,3779_압판스토퍼_14,14,0.7631410956382751,368,408,0.75,0.0
2EQ16275,V242_카바라이트_10,10,0.7800050973892212,446,606,0.5,0.0
2EQ16276,1525_▲▲▲라벨_5,5,0.9194546341896057,0,582,0.75,0.0
2EQ16276,3780_전원스위치_9,9,0.7612680792808533,786,210,0.5,0.0
2EQ16276,2917_코마_6,6,0.8597404956817627,910,350,0.5,0.0
2EQ16276,3779_압판스토퍼_14,14,0.730564296245575,540,342,0.5,8.0
2EQ16276,V242_카바라이트_10,10,0.7822099328041077,146,322,0.5,0.0
2EQ16277,1525_▲▲▲라벨_5,5,0.9296533465385437,162,234,0.5,0.0
2EQ16277,3780_전원스위치_9,9,0.7678346037864685,338,498,0.5,0.0
2EQ16277,2917_코마_6,6,0.8598756790161133,434,6,0.5,0.0
2EQ16277,3779_압판스토퍼_14,14,0.7423439621925354,438,382,0.5,8.0
2EQ16277,V242_카바라이트_10,10,0.7582288384437561,494,128,0.5,0.0
2EQ16278,1525_▲▲▲라벨_5,5,0.9334296584129333,140,226,0.75,0.0
2EQ16278,3780_전원스위치_9,9,0.7669845819473267,784,210,0.5,0.0
2EQ16278,2917_코마_6,6,0.8732178211212158,286,138,0.5,0.0
2EQ16278,3779_압판스토퍼_14,14,0.7508136630058289,508,220,0.75,0.0
2EQ16278,V242_카바라이트_10,10,0.7768682837486267,506,128,0.5,0.0
2EQ16279,1525_▲▲▲라벨_5,5,0.9318128824234009,796,224,0.75,0.0
2EQ16279,3780_전원스위치_9,9,0.767797589302063,786,210,0.5,0.0
2EQ16279,2917_코마_6,6,0.874460756778717,864,552,0.5,0.0
2EQ16279,3779_압판스토퍼_14,14,0.7447481155395508,226,188,0.5,8.0
2EQ16279,V242_카바라이트_10,10,0.7870031595230103,440,606,0.5,0.0
2EQ16280,1525_▲▲▲라벨_5,5,0.9282719492912292,822,232,0.5,0.0
2EQ16280,3780_전원스위치_9,9,0.7659796476364136,786,208,0.5,0.0
2EQ16280,2917_코마_6,6,0.860657274723053,748,566,0.5,0.0
2EQ16280,3779_압판스토퍼_14,14,0.7489044666290283,220,180,0.75,0.0
2EQ16280,V242_카바라이트_10,10,0.7768985629081726,444,598,0.5,0.0
2EQ16281,1525_▲▲▲라벨_5,5,0.9313727617263794,796,226,0.75,0.0
2EQ16281,3780_전원스위치_9,9,0.7634477019309998,786,208,0.5,0.0
2EQ16281,2917_코마_6,6,0.8666144013404846,702,550,0.5,0.0
2EQ16281,3779_압판스토퍼_14,14,0.7603785991668701,434,332,0.5,8.0
2EQ16281,V242_카바라이트_10,10,0.7766046524047852,454,604,0.5,0.0
2EQ16282,1525_▲▲▲라벨_5,5,0.9283479452133179,822,230,0.5,0.0
2EQ16282,3780_전원스위치_9,9,0.7680503129959106,786,210,0.5,0.0
2EQ16282,2917_코마_6,6,0.8813239932060242,874,572,0.5,0.0
2EQ16282,3779_압판스토퍼_14,14,0.749232828617096,394,386,0.75,0.0
2EQ16282,V242_카바라이트_10,10,0.7752865552902222,446,590,0.5,0.0
2EQ16283,1525_▲▲▲라벨_5,5,0.922433614730835,796,228,0.75,0.0
2EQ16283,3780_전원스위치_9,9,0.7649950981140137,786,210,0.5,0.0
2EQ16283,2917_코마_6,6,0.87229323387146,852,558,0.5,0.0
2EQ16283,3779_압판스토퍼_14,14,0.7719399333000183,610,302,0.75,0.0
2EQ16283,V242_카바라이트_10,10,0.7850403785705566,450,600,0.5,0.0
2EQ16284,1525_▲▲▲라벨_5,5,0.920666515827179,260,476,0.5,0.0
2EQ16284,3780_전원스위치_9,9,0.7645443677902222,786,210,0.5,0.0
2EQ16284,2917_코마_6,6,0.850844144821167,952,560,0.5,0.0
2EQ16284,3779_압판스토퍼_14,14,0.7527359127998352,482,388,0.5,8.0
2EQ16284,V242_카바라이트_10,10,0.7714382410049438,454,602,0.5,0.0
2EQ16285,1525_▲▲▲라벨_5,5,0.9298017621040344,168,234,0.5,0.0
2EQ16285,3780_전원스위치_9,9,0.7614479064941406,784,210,0.5,0.0
2EQ16285,2917_코마_6,6,0.8753748536109924,498,520,0.5,0.0
2EQ16285,3779_압판스토퍼_14,14,0.7566471695899963,218,176,0.5,8.0
2EQ16285,V242_카바라이트_10,10,0.7769368290901184,452,602,0.5,0.0
2EQ16286,1525_▲▲▲라벨_5,5,0.9245630502700806,266,480,0.5,0.0
2EQ16286,3780_전원스위치_9,9,0.765312910079956,786,210,0.5,0.0
2EQ16286,2917_코마_6,6,0.8699444532394409,720,190,0.5,0.0
2EQ16286,3779_압판스토퍼_14,14,0.7665463089942932,370,418,0.75,0.0
2EQ16286,V242_카바라이트_10,10,0.7813860177993774,438,602,0.5,0.0
2EQ16287,1525_▲▲▲라벨_5,5,0.9261708855628967,198,472,0.5,0.0
2EQ16287,3780_전원스위치_9,9,0.7624059319496155,786,210,0.5,0.0
2EQ16287,2917_코마_6,6,0.8751899003982544,896,542,0.5,0.0
2EQ16287,3779_압판스토퍼_14,14,0.7605450749397278,590,272,0.75,0.0
2EQ16287,V242_카바라이트_10,10,0.7790341377258301,444,600,0.5,0.0
2EQ16288,1525_▲▲▲라벨_5,5,0.9290473461151123,820,236,0.5,0.0
2EQ16288,3780_전원스위치_9,9,0.7627171277999878,786,210,0.5,0.0
2EQ16288,2917_코마_6,6,0.8800163865089417,240,42,0.5,0.0
2EQ16288,3779_압판스토퍼_14,14,0.7647212743759155,478,318,0.5,8.0
2EQ16288,V242_카바라이트_10,10,0.7758150696754456,384,322,0.5,0.0
2EQ16289,1525_▲▲▲라벨_5,5,0.9213650822639465,162,236,0.5,0.0
2EQ16289,3780_전원스위치_9,9,0.7652139663696289,784,208,0.5,0.0
2EQ16289,2917_코마_6,6,0.8746055960655212,890,550,0.5,0.0
2EQ16289,3779_압판스토퍼_14,14,0.731468915939331,214,176,0.5,8.0
2EQ16289,V242_카바라이트_10,10,0.7830145359039307,506,130,0.5,0.0
2EQ16290,1525_▲▲▲라벨_5,5,0.9285971522331238,822,234,0.5,0.0
2EQ16290,3780_전원스위치_9,9,0.7642556428909302,786,210,0.5,0.0
2EQ16290,2917_코마_6,6,0.859244704246521,932,600,0.5,0.0
2EQ16290,3779_압판스토퍼_14,14,0.7473777532577515,526,334,0.5,8.0
2EQ16290,V242_카바라이트_10,10,0.7772353887557983,436,602,0.5,0.0
2EQ16291,1525_▲▲▲라벨_5,5,0.9188619256019592,374,438,0.75,0.0
2EQ16291,3780_전원스위치_9,9,0.7662761211395264,786,210,0.5,0.0
2EQ16291,2917_코마_6,6,0.8547667860984802,236,198,0.5,0.0
2EQ16291,3779_압판스토퍼_14,14,0.7567315697669983,582,224,0.75,0.0
2EQ16291,V242_카바라이트_10,10,0.7874831557273865,494,136,0.5,0.0
2EQ16292,1525_▲▲▲라벨_5,5,0.907637894153595,376,428,0.5,0.0
2EQ16292,3780_전원스위치_9,9,0.7666361331939697,784,210,0.5,0.0
2EQ16292,2917_코마_6,6,0.8465611338615417,910,594,0.5,0.0
2EQ16292,3779_압판스토퍼_14,14,0.7454334497451782,234,180,0.75,0.0
2EQ16292,V242_카바라이트_10,10,0.7755957245826721,496,146,0.5,0.0
2EQ16293,1525_▲▲▲라벨_5,5,0.9245421886444092,794,228,0.75,0.0
2EQ16293,3780_전원스위치_9,9,0.7667353749275208,784,208,0.5,0.0
2EQ16293,2917_코마_6,6,0.8590158224105835,748,550,0.5,0.0
2EQ16293,3779_압판스토퍼_14,14,0.7533935308456421,744,66,0.75,8.0
2EQ16293,V242_카바라이트_10,10,0.7877066135406494,500,138,0.5,0.0
2EQ16294,1525_▲▲▲라벨_5,5,0.9146069884300232,388,444,0.5,0.0
2EQ16294,3780_전원스위치_9,9,0.7504315972328186,782,210,0.5,0.0
2EQ16294,2917_코마_6,6,0.8617469072341919,700,148,0.5,0.0
2EQ16294,3779_압판스토퍼_14,14,0.7372205257415771,598,236,0.75,0.0
2EQ16294,V242_카바라이트_10,10,0.76628178358078,372,326,0.5,0.0
2EQ16295,1525_▲▲▲라벨_5,5,0.9293107986450195,822,232,0.5,0.0
2EQ16295,3780_전원스위치_9,9,0.7676106691360474,784,210,0.5,0.0
2EQ16295,2917_코마_6,6,0.8518446087837219,722,192,0.5,0.0
2EQ16295,3779_압판스토퍼_14,14,0.7542803287506104,228,180,0.75,0.0
2EQ16295,V242_카바라이트_10,10,0.776988685131073,444,602,0.5,0.0
2EQ16296,1525_▲▲▲라벨_5,5,0.9265562295913696,118,490,0.5,0.0
2EQ16296,3780_전원스위치_9,9,0.751555860042572,316,476,0.5,0.0
2EQ16296,2917_코마_6,6,0.8661485910415649,756,550,0.5,0.0
2EQ16296,3779_압판스토퍼_14,14,0.7672971487045288,474,300,0.5,8.0
2EQ16296,V242_카바라이트_10,10,0.766478955745697,492,138,0.5,0.0
2EQ16297,1525_▲▲▲라벨_5,5,0.9232050180435181,178,462,0.75,0.0
2EQ16297,3780_전원스위치_9,9,0.7646634578704834,784,210,0.5,0.0
2EQ16297,2917_코마_6,6,0.8538148999214172,404,548,0.5,0.0
2EQ16297,3779_압판스토퍼_14,14,0.7638339400291443,358,390,0.75,0.0
2EQ16297,V242_카바라이트_10,10,0.7827156782150269,446,606,0.5,0.0
2EQ16298,1525_▲▲▲라벨_5,5,0.9171304702758789,796,226,0.75,0.0
2EQ16298,3780_전원스위치_9,9,0.7607681751251221,784,210,0.5,0.0
2EQ16298,2917_코마_6,6,0.8704454898834229,944,560,0.5,0.0
2EQ16298,3779_압판스토퍼_14,14,0.7427926063537598,492,356,0.5,8.0
2EQ16298,V242_카바라이트_10,10,0.7808093428611755,442,604,0.5,0.0
2EQ16299,1525_▲▲▲라벨_5,5,0.9271511435508728,796,224,0.75,0.0
2EQ16299,3780_전원스위치_9,9,0.7689082622528076,186,434,0.75,0.0
2EQ16299,2917_코마_6,6,0.8799585700035095,936,564,0.5,0.0
2EQ16299,3779_압판스토퍼_14,14,0.7685366272926331,546,250,0.75,0.0
2EQ16299,V242_카바라이트_10,10,0.7766070365905762,454,608,0.5,0.0
2EQ16300,1525_▲▲▲라벨_5,5,0.9434098601341248,170,242,0.5,0.0
2EQ16300,3780_전원스위치_9,9,0.7674660682678223,786,210,0.5,0.0
2EQ16300,2917_코마_6,6,0.851571261882782,516,538,0.5,0.0
2EQ16300,3779_압판스토퍼_14,14,0.7127177119255066,482,358,0.5,8.0
2EQ16300,V242_카바라이트_10,10,0.7735104560852051,422,598,0.5,0.0
2EQ16301,1525_▲▲▲라벨_5,5,0.9224423170089722,160,240,0.5,0.0
2EQ16301,3780_전원스위치_9,9,0.7685464024543762,786,210,0.5,0.0
2EQ16301,2917_코마_6,6,0.8769405484199524,194,696,0.5,0.0
2EQ16301,3779_압판스토퍼_14,14,0.7530747056007385,476,314,0.75,0.0
2EQ16301,V242_카바라이트_10,10,0.7647412419319153,448,600,0.5,0.0
2EQ16302,1525_▲▲▲라벨_5,5,0.9240007400512695,0,584,0.75,0.0
2EQ16302,3780_전원스위치_9,9,0.7455843687057495,784,210,0.5,0.0
2EQ16302,2917_코마_6,6,0.8676918148994446,564,532,0.5,0.0
2EQ16302,3779_압판스토퍼_14,14,0.7615393400192261,474,302,0.5,8.0
2EQ16302,V242_카바라이트_10,10,0.7750515341758728,660,266,0.5,8.0
2EQ16303,1525_▲▲▲라벨_5,5,0.9353312253952026,162,238,0.5,0.0
2EQ16303,3780_전원스위치_9,9,0.7667233943939209,786,210,0.5,0.0
2EQ16303,2917_코마_6,6,0.8768033981323242,902,564,0.5,0.0
2EQ16303,3779_압판스토퍼_14,14,0.7390124201774597,238,200,0.75,0.0
2EQ16303,V242_카바라이트_10,10,0.7760426998138428,440,608,0.5,0.0
2EQ16304,1525_▲▲▲라벨_5,5,0.9223781824111938,166,238,0.5,0.0
2EQ16304,3780_전원스위치_9,9,0.766888439655304,786,210,0.5,0.0
2EQ16304,2917_코마_6,6,0.8665189743041992,684,166,0.5,0.0
2EQ16304,3779_압판스토퍼_14,14,0.7646951675415039,588,272,0.75,0.0
2EQ16304,V242_카바라이트_10,10,0.7782347202301025,490,132,0.5,0.0
2EQ16305,1525_▲▲▲라벨_5,5,0.9218555688858032,150,576,0.5,0.0
2EQ16305,3780_전원스위치_9,9,0.764076292514801,786,210,0.5,0.0
2EQ16305,2917_코마_6,6,0.8781548142433167,696,170,0.5,0.0
2EQ16305,3779_압판스토퍼_14,14,0.7517801523208618,226,182,0.75,0.0
2EQ16305,V242_카바라이트_10,10,0.77461177110672,446,602,0.5,0.0
2EQ16306,1525_▲▲▲라벨_5,5,0.9269083738327026,170,476,0.75,0.0
2EQ16306,3780_전원스위치_9,9,0.7662815451622009,786,210,0.5,0.0
2EQ16306,2917_코마_6,6,0.8822419047355652,716,178,0.5,0.0
2EQ16306,3779_압판스토퍼_14,14,0.7515670657157898,374,364,0.75,0.0
2EQ16306,V242_카바라이트_10,10,0.7859794497489929,442,614,0.5,0.0
2EQ16307,1525_▲▲▲라벨_5,5,0.9332366585731506,164,238,0.5,0.0
2EQ16307,3780_전원스위치_9,9,0.7653287053108215,786,208,0.5,0.0
2EQ16307,2917_코마_6,6,0.8730708956718445,908,554,0.5,0.0
2EQ16307,3779_압판스토퍼_14,14,0.7432382106781006,498,296,0.5,8.0
2EQ16307,V242_카바라이트_10,10,0.7785902619361877,446,600,0.5,0.0
2EQ16308,1525_▲▲▲라벨_5,5,0.9239293336868286,134,492,0.75,0.0
2EQ16308,3780_전원스위치_9,9,0.7683342695236206,786,210,0.5,0.0
2EQ16308,2917_코마_6,6,0.8618031144142151,928,548,0.5,0.0
2EQ16308,3779_압판스토퍼_14,14,0.7496192455291748,222,182,0.75,0.0
2EQ16308,V242_카바라이트_10,10,0.7828269004821777,448,598,0.5,0.0
2EQ16309,1525_▲▲▲라벨_5,5,0.9244451522827148,820,232,0.5,0.0
2EQ16309,3780_전원스위치_9,9,0.7552075982093811,300,470,0.5,0.0
2EQ16309,2917_코마_6,6,0.8599036335945129,942,570,0.5,0.0
2EQ16309,3779_압판스토퍼_14,14,0.7524989247322083,350,392,0.75,0.0
2EQ16309,V242_카바라이트_10,10,0.7642584443092346,374,338,0.5,0.0
2EQ16310,1525_▲▲▲라벨_5,5,0.9223051071166992,822,232,0.5,0.0
2EQ16310,3780_전원스위치_9,9,0.7674530744552612,784,210,0.5,0.0
2EQ16310,2917_코마_6,6,0.878756046295166,710,174,0.5,0.0
2EQ16310,3779_압판스토퍼_14,14,0.7525030970573425,552,330,0.5,8.0
2EQ16310,V242_카바라이트_10,10,0.7715223431587219,438,606,0.5,0.0
2EQ16311,1525_▲▲▲라벨_5,5,0.9256572723388672,162,234,0.5,0.0
2EQ16311,3780_전원스위치_9,9,0.7677143812179565,786,210,0.5,0.0
2EQ16311,2917_코마_6,6,0.8598358631134033,946,612,0.5,0.0
2EQ16311,3779_압판스토퍼_14,14,0.7605272531509399,474,364,0.5,8.0
2EQ16311,V242_카바라이트_10,10,0.7831870317459106,440,610,0.5,0.0
2EQ16312,1525_▲▲▲라벨_5,5,0.9300205111503601,130,550,0.5,0.0
2EQ16312,3780_전원스위치_9,9,0.769164502620697,784,210,0.5,0.0
2EQ16312,2917_코마_6,6,0.8496341705322266,70,604,0.5,0.0
2EQ16312,3779_압판스토퍼_14,14,0.7337583303451538,506,382,0.75,0.0
2EQ16312,V242_카바라이트_10,10,0.7708279490470886,444,606,0.5,0.0
2EQ16313,1525_▲▲▲라벨_5,5,0.9229109883308411,306,500,0.75,0.0
2EQ16313,3780_전원스위치_9,9,0.75726717710495,318,488,0.5,0.0
2EQ16313,2917_코마_6,6,0.8650475144386292,844,554,0.5,0.0
2EQ16313,3779_압판스토퍼_14,14,0.7534013390541077,350,416,0.75,0.0
2EQ16313,V242_카바라이트_10,10,0.775191068649292,368,334,0.5,0.0
2EQ16314,1525_▲▲▲라벨_5,5,0.9210731983184814,216,472,0.5,0.0
2EQ16314,3780_전원스위치_9,9,0.7683746814727783,784,210,0.5,0.0
2EQ16314,2917_코마_6,6,0.8573789596557617,902,550,0.5,0.0
2EQ16314,3779_압판스토퍼_14,14,0.7558982372283936,230,184,0.75,0.0
2EQ16314,V242_카바라이트_10,10,0.7745972275733948,454,608,0.5,0.0
2EQ16315,1525_▲▲▲라벨_5,5,0.9320191740989685,794,224,0.75,0.0
2EQ16315,3780_전원스위치_9,9,0.7694521546363831,784,210,0.5,0.0
2EQ16315,2917_코마_6,6,0.8767303824424744,926,582,0.5,0.0
2EQ16315,3779_압판스토퍼_14,14,0.7519544959068298,558,436,0.5,8.0
2EQ16315,V242_카바라이트_10,10,0.7747467756271362,448,598,0.5,0.0
2EQ16316,1525_▲▲▲라벨_5,5,0.9271379113197327,212,470,0.75,0.0
2EQ16316,3780_전원스위치_9,9,0.7663247585296631,786,210,0.5,0.0
2EQ16316,2917_코마_6,6,0.8573060631752014,708,200,0.5,0.0
2EQ16316,3779_압판스토퍼_14,14,0.7352689504623413,286,236,0.75,0.0
2EQ16316,V242_카바라이트_10,10,0.7739056944847107,448,608,0.5,0.0
2EQ16317,1525_▲▲▲라벨_5,5,0.9242826700210571,230,472,0.5,0.0
2EQ16317,3780_전원스위치_9,9,0.7674535512924194,784,210,0.5,0.0
2EQ16317,2917_코마_6,6,0.8738122582435608,678,174,0.5,0.0
2EQ16317,3779_압판스토퍼_14,14,0.724743127822876,218,172,0.75,0.0
2EQ16317,V242_카바라이트_10,10,0.7825350165367126,492,138,0.5,0.0
2EQ16318,1525_▲▲▲라벨_5,5,0.9294718503952026,58,458,0.75,0.0
2EQ16318,3780_전원스위치_9,9,0.7679305076599121,784,210,0.5,0.0
2EQ16318,2917_코마_6,6,0.8567125797271729,798,566,0.5,0.0
2EQ16318,3779_압판스토퍼_14,14,0.7286717891693115,492,342,0.75,8.0
2EQ16318,V242_카바라이트_10,10,0.7763305306434631,496,136,0.5,0.0
2EQ16319,1525_▲▲▲라벨_5,5,0.9272741079330444,74,588,0.75,0.0
2EQ16319,3780_전원스위치_9,9,0.762414276599884,784,208,0.5,0.0
2EQ16319,2917_코마_6,6,0.8793135285377502,676,382,0.5,0.0
2EQ16319,3779_압판스토퍼_14,14,0.7244583368301392,222,176,0.5,8.0
2EQ16319,V242_카바라이트_10,10,0.7909376621246338,430,608,0.5,0.0
2EQ16320,1525_▲▲▲라벨_5,5,0.9243823885917664,172,486,0.75,0.0
2EQ16320,3780_전원스위치_9,9,0.7679592967033386,786,210,0.5,0.0
2EQ16320,2917_코마_6,6,0.8675605654716492,942,556,0.5,0.0
2EQ16320,3779_압판스토퍼_14,14,0.7693405151367188,544,276,0.5,8.0
2EQ16320,V242_카바라이트_10,10,0.7775000333786011,444,606,0.5,0.0
2EQ16321,1525_▲▲▲라벨_5,5,0.9298834800720215,794,224,0.75,0.0
2EQ16321,3780_전원스위치_9,9,0.7649808526039124,784,210,0.5,0.0
2EQ16321,2917_코마_6,6,0.8523582816123962,934,604,0.5,0.0
2EQ16321,3779_압판스토퍼_14,14,0.7675852179527283,382,350,0.75,0.0
2EQ16321,V242_카바라이트_10,10,0.779356837272644,446,602,0.5,0.0
2EQ16322,1525_▲▲▲라벨_5,5,0.9266455769538879,44,580,0.75,0.0
2EQ16322,3780_전원스위치_9,9,0.7683358192443848,786,210,0.5,0.0
2EQ16322,2917_코마_6,6,0.8606555461883545,800,370,0.5,0.0
2EQ16322,3779_압판스토퍼_14,14,0.7591123580932617,210,174,0.75,0.0
2EQ16322,V242_카바라이트_10,10,0.7874410152435303,462,618,0.5,0.0
2EQ16323,1525_▲▲▲라벨_5,5,0.9323337078094482,628,50,0.5,0.0
2EQ16323,3780_전원스위치_9,9,0.7579609155654907,470,386,0.5,0.0
2EQ16323,2917_코마_6,6,0.8615002632141113,700,402,0.5,0.0
2EQ16323,3779_압판스토퍼_14,14,0.7506439089775085,312,348,0.75,0.0
2EQ16323,V242_카바라이트_10,10,0.7808718681335449,452,606,0.5,0.0
2EQ16324,1525_▲▲▲라벨_5,5,0.927110493183136,354,456,0.75,0.0
2EQ16324,3780_전원스위치_9,9,0.7603085041046143,784,210,0.5,0.0
2EQ16324,2917_코마_6,6,0.8531799912452698,920,616,0.5,0.0
2EQ16324,3779_압판스토퍼_14,14,0.7668972015380859,506,314,0.5,8.0
2EQ16324,V242_카바라이트_10,10,0.775910496711731,440,596,0.5,0.0
2EQ16325,1525_▲▲▲라벨_5,5,0.922812819480896,292,412,0.75,0.0
2EQ16325,3780_전원스위치_9,9,0.7625197172164917,784,210,0.5,0.0
2EQ16325,2917_코마_6,6,0.8466824889183044,708,412,0.5,0.0
2EQ16325,3779_압판스토퍼_14,14,0.7636069059371948,560,190,0.75,0.0
2EQ16325,V242_카바라이트_10,10,0.7789570689201355,364,332,0.5,0.0
2EQ16326,1525_▲▲▲라벨_5,5,0.9273092150688171,162,236,0.5,0.0
2EQ16326,3780_전원스위치_9,9,0.7679910659790039,784,210,0.5,0.0
2EQ16326,2917_코마_6,6,0.8763301372528076,892,548,0.5,0.0
2EQ16326,3779_압판스토퍼_14,14,0.7389909029006958,226,188,0.75,0.0
2EQ16326,V242_카바라이트_10,10,0.7732612490653992,444,606,0.5,0.0
2EQ16327,1525_▲▲▲라벨_5,5,0.9259596467018127,162,466,0.5,0.0
2EQ16327,3780_전원스위치_9,9,0.7678320407867432,784,210,0.5,0.0
2EQ16327,2917_코마_6,6,0.8636895418167114,948,556,0.5,0.0
2EQ16327,3779_압판스토퍼_14,14,0.7548848986625671,460,326,0.5,8.0
2EQ16327,V242_카바라이트_10,10,0.7782694101333618,454,604,0.5,0.0
2EQ16328,1525_▲▲▲라벨_5,5,0.9200887084007263,824,230,0.5,0.0
2EQ16328,3780_전원스위치_9,9,0.7668286561965942,786,210,0.5,0.0
2EQ16328,2917_코마_6,6,0.8573594689369202,934,602,0.5,0.0
2EQ16328,3779_압판스토퍼_14,14,0.7764735817909241,910,240,0.75,0.0
2EQ16328,V242_카바라이트_10,10,0.7795588970184326,460,606,0.5,0.0
2EQ16329,1525_▲▲▲라벨_5,5,0.9362912178039551,174,244,0.5,0.0
2EQ16329,3780_전원스위치_9,9,0.7648993730545044,786,210,0.5,0.0
2EQ16329,2917_코마_6,6,0.8482316732406616,858,576,0.5,0.0
2EQ16329,3779_압판스토퍼_14,14,0.7267016768455505,434,442,0.5,8.0
2EQ16329,V242_카바라이트_10,10,0.7808622717857361,490,132,0.5,0.0
2EQ16330,1525_▲▲▲라벨_5,5,0.9276078939437866,162,236,0.5,0.0
2EQ16330,3780_전원스위치_9,9,0.765998125076294,786,210,0.5,0.0
2EQ16330,2917_코마_6,6,0.8648837804794312,892,382,0.5,0.0
2EQ16330,3779_압판스토퍼_14,14,0.7496049404144287,476,318,0.5,8.0
2EQ16330,V242_카바라이트_10,10,0.7738296389579773,448,590,0.5,0.0
2EQ16331,1525_▲▲▲라벨_5,5,0.9265007972717285,314,486,0.5,0.0
2EQ16331,3780_전원스위치_9,9,0.7680386900901794,786,210,0.5,0.0
2EQ16331,2917_코마_6,6,0.856549859046936,654,570,0.5,0.0
2EQ16331,3779_압판스토퍼_14,14,0.7678357362747192,382,402,0.75,0.0
2EQ16331,V242_카바라이트_10,10,0.7803618311882019,460,608,0.5,0.0
2EQ16332,1525_▲▲▲라벨_5,5,0.917328953742981,212,470,0.5,0.0
2EQ16332,3780_전원스위치_9,9,0.7642655372619629,786,210,0.5,0.0
2EQ16332,2917_코마_6,6,0.8608611226081848,948,592,0.5,0.0
2EQ16332,3779_압판스토퍼_14,14,0.7476787567138672,396,376,0.75,0.0
2EQ16332,V242_카바라이트_10,10,0.7849255800247192,500,130,0.5,0.0
2EQ16333,1525_▲▲▲라벨_5,5,0.9412984251976013,4,592,0.5,8.0
2EQ16333,3780_전원스위치_9,9,0.7680022120475769,786,210,0.5,0.0
2EQ16333,2917_코마_6,6,0.856345534324646,84,598,0.5,0.0
2EQ16333,3779_압판스토퍼_14,14,0.7529942393302917,480,354,0.5,8.0
2EQ16333,V242_카바라이트_10,10,0.7780393958091736,454,592,0.5,0.0
2EQ16334,1525_▲▲▲라벨_5,5,0.9280931949615479,162,238,0.5,0.0
2EQ16334,3780_전원스위치_9,9,0.7620400190353394,782,212,0.5,0.0
2EQ16334,2917_코마_6,6,0.851708173751831,792,410,0.5,0.0
2EQ16334,3779_압판스토퍼_14,14,0.7459869980812073,526,366,0.5,8.0
2EQ16334,V242_카바라이트_10,10,0.7894421815872192,360,336,0.5,0.0
2EQ16335,1525_▲▲▲라벨_5,5,0.9275573492050171,796,224,0.75,0.0
2EQ16335,3780_전원스위치_9,9,0.7643579244613647,784,210,0.5,0.0
2EQ16335,2917_코마_6,6,0.8738417625427246,922,570,0.5,0.0
2EQ16335,3779_압판스토퍼_14,14,0.7717960476875305,580,234,0.75,0.0
2EQ16335,V242_카바라이트_10,10,0.7796003818511963,490,140,0.5,0.0
2EQ16336,1525_▲▲▲라벨_5,5,0.924797773361206,162,238,0.5,0.0
2EQ16336,3780_전원스위치_9,9,0.7591904401779175,786,210,0.5,0.0
2EQ16336,2917_코마_6,6,0.8580507040023804,904,602,0.5,0.0
2EQ16336,3779_압판스토퍼_14,14,0.7531401515007019,472,296,0.5,8.0
2EQ16336,V242_카바라이트_10,10,0.7776972651481628,462,608,0.5,0.0
2EQ16337,1525_▲▲▲라벨_5,5,0.9140337705612183,18,590,0.75,0.0
2EQ16337,3780_전원스위치_9,9,0.7661938667297363,784,210,0.5,0.0
2EQ16337,2917_코마_6,6,0.8596805334091187,450,520,0.5,0.0
2EQ16337,3779_압판스토퍼_14,14,0.744037389755249,234,190,0.5,8.0
2EQ16337,V242_카바라이트_10,10,0.7744765877723694,444,592,0.5,0.0
2EQ16338,1525_▲▲▲라벨_5,5,0.9288595914840698,818,232,0.5,0.0
2EQ16338,3780_전원스위치_9,9,0.7612289786338806,784,210,0.5,0.0
2EQ16338,2917_코마_6,6,0.85333251953125,878,604,0.5,0.0
2EQ16338,3779_압판스토퍼_14,14,0.758617639541626,482,312,0.5,8.0
2EQ16338,V242_카바라이트_10,10,0.7760987281799316,460,618,0.5,0.0
2EQ16339,1525_▲▲▲라벨_5,5,0.9202147126197815,260,402,0.5,0.0
2EQ16339,3780_전원스위치_9,9,0.766533613204956,784,210,0.5,0.0
2EQ16339,2917_코마_6,6,0.8723464608192444,692,416,0.5,0.0
2EQ16339,3779_압판스토퍼_14,14,0.7574012875556946,376,354,0.75,0.0
2EQ16339,V242_카바라이트_10,10,0.7463400959968567,486,138,0.5,0.0
2EQ16340,1525_▲▲▲라벨_5,5,0.9240397214889526,820,234,0.5,0.0
2EQ16340,3780_전원스위치_9,9,0.7658623456954956,786,210,0.5,0.0
2EQ16340,2917_코마_6,6,0.8736084699630737,942,552,0.5,0.0
2EQ16340,3779_압판스토퍼_14,14,0.7511979341506958,218,180,0.75,0.0
2EQ16340,V242_카바라이트_10,10,0.779241681098938,500,126,0.5,0.0
2EQ16341,1525_▲▲▲라벨_5,5,0.9280940890312195,4,628,0.5,0.0
2EQ16341,3780_전원스위치_9,9,0.7616679668426514,786,210,0.5,0.0
2EQ16341,2917_코마_6,6,0.8600358963012695,920,606,0.5,0.0
2EQ16341,3779_압판스토퍼_14,14,0.7519095540046692,796,474,0.5,8.0
2EQ16341,V242_카바라이트_10,10,0.7773011326789856,502,134,0.5,0.0
2EQ16342,1525_▲▲▲라벨_5,5,0.9222142696380615,156,420,0.75,0.0
2EQ16342,3780_전원스위치_9,9,0.7613295912742615,786,210,0.5,0.0
2EQ16342,2917_코마_6,6,0.8705302476882935,658,112,0.5,0.0
2EQ16342,3779_압판스토퍼_14,14,0.7641516923904419,502,192,0.75,0.0
2EQ16342,V242_카바라이트_10,10,0.7801737785339355,496,134,0.5,0.0
2EQ16343,1525_▲▲▲라벨_5,5,0.9208532571792603,796,224,0.75,0.0
2EQ16343,3780_전원스위치_9,9,0.7682105898857117,786,208,0.5,0.0
2EQ16343,2917_코마_6,6,0.8496228456497192,22,616,0.5,0.0
2EQ16343,3779_압판스토퍼_14,14,0.7431153655052185,276,310,0.75,0.0
2EQ16343,V242_카바라이트_10,10,0.782011091709137,446,600,0.5,0.0
2EQ16344,1525_▲▲▲라벨_5,5,0.9340416193008423,822,230,0.5,0.0
2EQ16344,3780_전원스위치_9,9,0.7653059363365173,360,484,0.5,0.0
2EQ16344,2917_코마_6,6,0.8669388294219971,862,566,0.5,0.0
2EQ16344,3779_압판스토퍼_14,14,0.753805935382843,362,330,0.75,0.0
2EQ16344,V242_카바라이트_10,10,0.7561169862747192,468,598,0.5,0.0
2EQ16345,1525_▲▲▲라벨_5,5,0.9281670451164246,66,572,0.75,0.0
2EQ16345,3780_전원스위치_9,9,0.7678260207176208,786,210,0.5,0.0
2EQ16345,2917_코마_6,6,0.8614668846130371,580,136,0.5,0.0
2EQ16345,3779_압판스토퍼_14,14,0.7336273193359375,222,180,0.75,0.0
2EQ16345,V242_카바라이트_10,10,0.7780038118362427,444,602,0.5,0.0
2EQ16346,1525_▲▲▲라벨_5,5,0.9248850345611572,198,470,0.75,0.0
2EQ16346,3780_전원스위치_9,9,0.7620598077774048,786,208,0.5,0.0
2EQ16346,2917_코마_6,6,0.8592442274093628,930,602,0.5,0.0
2EQ16346,3779_압판스토퍼_14,14,0.7480354309082031,504,354,0.5,8.0
2EQ16346,V242_카바라이트_10,10,0.7643095850944519,446,596,0.5,0.0
2EQ16347,1525_▲▲▲라벨_5,5,0.9315541386604309,824,232,0.5,0.0
2EQ16347,3780_전원스위치_9,9,0.7627918124198914,786,208,0.5,0.0
2EQ16347,2917_코마_6,6,0.8421464562416077,292,634,0.5,0.0
2EQ16347,3779_압판스토퍼_14,14,0.7477683424949646,534,278,0.75,0.0
2EQ16347,V242_카바라이트_10,10,0.7731025815010071,490,130,0.5,0.0
2EQ16348,1525_▲▲▲라벨_5,5,0.9253618121147156,796,226,0.75,0.0
2EQ16348,3780_전원스위치_9,9,0.7636718153953552,786,210,0.5,0.0
2EQ16348,2917_코마_6,6,0.8752084374427795,912,592,0.5,0.0
2EQ16348,3779_압판스토퍼_14,14,0.7572000622749329,462,352,0.5,8.0
2EQ16348,V242_카바라이트_10,10,0.7808550596237183,474,604,0.5,0.0
2EQ16349,1525_▲▲▲라벨_5,5,0.9319972395896912,170,246,0.5,0.0
2EQ16349,3780_전원스위치_9,9,0.7651407718658447,786,210,0.5,0.0
2EQ16349,2917_코마_6,6,0.8562678098678589,468,538,0.5,0.0
2EQ16349,3779_압판스토퍼_14,14,0.7466366291046143,210,180,0.5,8.0
2EQ16349,V242_카바라이트_10,10,0.7621428370475769,490,134,0.5,0.0
2EQ16350,1525_▲▲▲라벨_5,5,0.9204561114311218,170,488,0.75,0.0
2EQ16350,3780_전원스위치_9,9,0.7594020366668701,786,210,0.5,0.0
2EQ16350,2917_코마_6,6,0.8569592237472534,946,562,0.5,0.0
2EQ16350,3779_압판스토퍼_14,14,0.7506841421127319,554,208,0.75,0.0
2EQ16350,V242_카바라이트_10,10,0.7807002067565918,494,134,0.5,0.0
2EQ16351,1525_▲▲▲라벨_5,5,0.923513650894165,796,228,0.75,0.0
2EQ16351,3780_전원스위치_9,9,0.7651599049568176,784,210,0.5,0.0
2EQ16351,2917_코마_6,6,0.863122820854187,916,602,0.5,0.0
2EQ16351,3779_압판스토퍼_14,14,0.7647223472595215,504,338,0.5,8.0
2EQ16351,V242_카바라이트_10,10,0.7718752026557922,438,598,0.5,0.0
2EQ16352,1525_▲▲▲라벨_5,5,0.9296568632125854,162,246,0.5,0.0
2EQ16352,3780_전원스위치_9,9,0.7664342522621155,310,450,0.5,0.0
2EQ16352,2917_코마_6,6,0.8568648099899292,162,228,0.5,0.0
2EQ16352,3779_압판스토퍼_14,14,0.7479774355888367,220,174,0.75,0.0
2EQ16352,V242_카바라이트_10,10,0.7802605628967285,492,140,0.5,0.0
2EQ16353,1525_▲▲▲라벨_5,5,0.92444908618927,162,240,0.5,0.0
2EQ16353,3780_전원스위치_9,9,0.7606489658355713,784,210,0.5,0.0
2EQ16353,2917_코마_6,6,0.8660129904747009,940,528,0.5,0.0
2EQ16353,3779_압판스토퍼_14,14,0.7554362416267395,366,372,0.75,0.0
2EQ16353,V242_카바라이트_10,10,0.7762771248817444,442,604,0.5,0.0
2EQ16354,1525_▲▲▲라벨_5,5,0.9221653938293457,796,226,0.75,0.0
2EQ16354,3780_전원스위치_9,9,0.7614901661872864,784,210,0.5,0.0
2EQ16354,2917_코마_6,6,0.8609940409660339,236,194,0.5,0.0
2EQ16354,3779_압판스토퍼_14,14,0.7621963024139404,548,442,0.5,8.0
2EQ16354,V242_카바라이트_10,10,0.7882153987884521,502,132,0.5,0.0
2EQ16355,1525_▲▲▲라벨_5,5,0.9282360076904297,822,232,0.5,0.0
2EQ16355,3780_전원스위치_9,9,0.7646631598472595,786,210,0.5,0.0
2EQ16355,2917_코마_6,6,0.8666756749153137,944,580,0.5,0.0
2EQ16355,3779_압판스토퍼_14,14,0.7672062516212463,486,314,0.5,8.0
2EQ16355,V242_카바라이트_10,10,0.762630045413971,508,134,0.5,0.0
2EQ16356,1525_▲▲▲라벨_5,5,0.9319874048233032,164,238,0.5,0.0
2EQ16356,3780_전원스위치_9,9,0.7662619948387146,784,210,0.5,0.0
2EQ16356,2917_코마_6,6,0.8723706603050232,830,548,0.5,0.0
2EQ16356,3779_압판스토퍼_14,14,0.7626581192016602,500,322,0.75,0.0
2EQ16356,V242_카바라이트_10,10,0.7803888916969299,448,610,0.5,0.0
2EQ16357,1525_▲▲▲라벨_5,5,0.9278592467308044,822,232,0.5,0.0
2EQ16357,3780_전원스위치_9,9,0.7616526484489441,784,210,0.5,0.0
2EQ16357,2917_코마_6,6,0.8481277823448181,48,392,0.5,0.0
2EQ16357,3779_압판스토퍼_14,14,0.757480263710022,572,224,0.75,0.0
2EQ16357,V242_카바라이트_10,10,0.7789077758789062,500,136,0.5,0.0
2EQ16358,1525_▲▲▲라벨_5,5,0.925582766532898,818,232,0.5,0.0
2EQ16358,3780_전원스위치_9,9,0.7671201229095459,282,510,0.5,0.0
2EQ16358,2917_코마_6,6,0.8805321455001831,884,554,0.5,0.0
2EQ16358,3779_압판스토퍼_14,14,0.7483819723129272,230,180,0.75,0.0
2EQ16358,V242_카바라이트_10,10,0.7844331860542297,526,132,0.5,0.0
2EQ16359,1525_▲▲▲라벨_5,5,0.9228641390800476,162,234,0.5,0.0
2EQ16359,3780_전원스위치_9,9,0.7681127190589905,786,210,0.5,0.0
2EQ16359,2917_코마_6,6,0.85335373878479,928,616,0.5,0.0
2EQ16359,3779_압판스토퍼_14,14,0.7548406720161438,486,182,0.75,0.0
2EQ16359,V242_카바라이트_10,10,0.7823565602302551,494,142,0.5,0.0
2EQ16360,1525_▲▲▲라벨_5,5,0.9395103454589844,164,244,0.5,0.0
2EQ16360,3780_전원스위치_9,9,0.7652777433395386,784,210,0.5,0.0
2EQ16360,2917_코마_6,6,0.8565598726272583,640,518,0.5,0.0
2EQ16360,3779_압판스토퍼_14,14,0.7547497749328613,456,172,0.75,0.0
2EQ16360,V242_카바라이트_10,10,0.7792611718177795,500,140,0.5,0.0
2EQ16361,1525_▲▲▲라벨_5,5,0.9215883612632751,202,474,0.5,0.0
2EQ16361,3780_전원스위치_9,9,0.768631637096405,784,210,0.5,0.0
2EQ16361,2917_코마_6,6,0.8624511361122131,716,200,0.5,0.0
2EQ16361,3779_압판스토퍼_14,14,0.7392058372497559,232,198,0.75,0.0
2EQ16361,V242_카바라이트_10,10,0.7803502678871155,498,132,0.5,0.0
2EQ16362,1525_▲▲▲라벨_5,5,0.9284494519233704,0,596,0.75,0.0
2EQ16362,3780_전원스위치_9,9,0.7632608413696289,784,210,0.5,0.0
2EQ16362,2917_코마_6,6,0.8689714670181274,902,544,0.5,0.0
2EQ16362,3779_압판스토퍼_14,14,0.7290211319923401,250,254,0.75,0.0
2EQ16362,V242_카바라이트_10,10,0.7443695068359375,500,126,0.5,0.0
2EQ16363,1525_▲▲▲라벨_5,5,0.9243618845939636,196,468,0.75,0.0
2EQ16363,3780_전원스위치_9,9,0.7611835598945618,786,210,0.5,0.0
2EQ16363,2917_코마_6,6,0.8794269561767578,934,536,0.5,0.0
2EQ16363,3779_압판스토퍼_14,14,0.7589775919914246,560,218,0.75,0.0
2EQ16363,V242_카바라이트_10,10,0.7831873297691345,508,130,0.5,0.0
2EQ16364,1525_▲▲▲라벨_5,5,0.9272712469100952,824,234,0.5,0.0
2EQ16364,3780_전원스위치_9,9,0.7656129002571106,784,210,0.5,0.0
2EQ16364,2917_코마_6,6,0.8664829730987549,716,180,0.5,0.0
2EQ16364,3779_압판스토퍼_14,14,0.7586981654167175,240,190,0.75,0.0
2EQ16364,V242_카바라이트_10,10,0.7917643785476685,514,136,0.5,0.0
2EQ16365,1525_▲▲▲라벨_5,5,0.9297285676002502,2,602,0.75,0.0
2EQ16365,3780_전원스위치_9,9,0.764254629611969,786,210,0.5,0.0
2EQ16365,2917_코마_6,6,0.8643372654914856,188,688,0.5,0.0
2EQ16365,3779_압판스토퍼_14,14,0.7524714469909668,226,188,0.75,0.0
2EQ16365,V242_카바라이트_10,10,0.7799813151359558,372,324,0.5,0.0
2EQ16366,1525_▲▲▲라벨_5,5,0.927776038646698,820,232,0.5,0.0
2EQ16366,3780_전원스위치_9,9,0.7596346139907837,784,208,0.5,0.0
2EQ16366,2917_코마_6,6,0.8721498847007751,706,176,0.5,0.0
2EQ16366,3779_압판스토퍼_14,14,0.762831449508667,480,310,0.5,8.0
2EQ16366,V242_카바라이트_10,10,0.7844470143318176,504,132,0.5,0.0
2EQ16367,1525_▲▲▲라벨_5,5,0.9281879663467407,126,458,0.5,0.0
2EQ16367,3780_전원스위치_9,9,0.7664817571640015,784,210,0.5,0.0
2EQ16367,2917_코마_6,6,0.8811085820198059,928,566,0.5,0.0
2EQ16367,3779_압판스토퍼_14,14,0.7632706165313721,556,272,0.5,8.0
2EQ16367,V242_카바라이트_10,10,0.7773404121398926,442,602,0.5,0.0
2EQ16368,1525_▲▲▲라벨_5,5,0.9249287247657776,822,232,0.5,0.0
2EQ16368,3780_전원스위치_9,9,0.7693513035774231,268,496,0.5,0.0
2EQ16368,2917_코마_6,6,0.8705309629440308,940,562,0.5,0.0
2EQ16368,3779_압판스토퍼_14,14,0.7573755383491516,218,176,0.75,0.0
2EQ16368,V242_카바라이트_10,10,0.7927040457725525,514,134,0.5,0.0
2EQ16369,1525_▲▲▲라벨_5,5,0.9191622734069824,214,456,0.5,0.0
2EQ16369,3780_전원스위치_9,9,0.7613152861595154,786,210,0.5,0.0
2EQ16369,2917_코마_6,6,0.8635463118553162,928,592,0.5,0.0
2EQ16369,3779_압판스토퍼_14,14,0.7156304121017456,232,194,0.75,0.0
2EQ16369,V242_카바라이트_10,10,0.7825707197189331,490,140,0.5,0.0
2EQ16370,1525_▲▲▲라벨_5,5,0.920894980430603,118,430,0.75,0.0
2EQ16370,3780_전원스위치_9,9,0.7603186964988708,786,210,0.5,0.0
2EQ16370,2917_코마_6,6,0.8672590255737305,948,566,0.5,0.0
2EQ16370,3779_압판스토퍼_14,14,0.7331567406654358,234,252,0.75,0.0
2EQ16370,V242_카바라이트_10,10,0.7860460877418518,506,132,0.5,0.0
2EQ16371,1525_▲▲▲라벨_5,5,0.9179250597953796,260,466,0.5,0.0
2EQ16371,3780_전원스위치_9,9,0.7619977593421936,784,210,0.5,0.0
2EQ16371,2917_코마_6,6,0.87496417760849,920,552,0.5,0.0
2EQ16371,3779_압판스토퍼_14,14,0.7502909898757935,322,338,0.75,0.0
2EQ16371,V242_카바라이트_10,10,0.7760314345359802,492,140,0.5,0.0
2EQ16372,1525_▲▲▲라벨_5,5,0.9269888401031494,820,234,0.5,0.0
2EQ16372,3780_전원스위치_9,9,0.7656087875366211,784,210,0.5,0.0
2EQ16372,2917_코마_6,6,0.8806605339050293,926,548,0.5,0.0
2EQ16372,3779_압판스토퍼_14,14,0.7357471585273743,232,192,0.75,0.0
2EQ16372,V242_카바라이트_10,10,0.7738694548606873,498,134,0.5,0.0
2EQ16373,1525_▲▲▲라벨_5,5,0.9267743229866028,222,462,0.75,0.0
2EQ16373,3780_전원스위치_9,9,0.7662328481674194,786,210,0.5,0.0
2EQ16373,2917_코마_6,6,0.8825041055679321,940,546,0.5,0.0
2EQ16373,3779_압판스토퍼_14,14,0.7360461354255676,236,190,0.75,0.0
2EQ16373,V242_카바라이트_10,10,0.7780499458312988,508,128,0.5,0.0
2EQ16374,1525_▲▲▲라벨_5,5,0.9223169088363647,216,480,0.5,0.0
2EQ16374,3780_전원스위치_9,9,0.7631238102912903,786,210,0.5,0.0
2EQ16374,2917_코마_6,6,0.8686777949333191,948,564,0.5,0.0
2EQ16374,3779_압판스토퍼_14,14,0.7498393058776855,510,320,0.5,8.0
2EQ16374,V242_카바라이트_10,10,0.7795761823654175,498,134,0.5,0.0
2EQ16375,1525_▲▲▲라벨_5,5,0.9250205755233765,820,234,0.5,0.0
2EQ16375,3780_전원스위치_9,9,0.7714244723320007,786,210,0.5,0.0
2EQ16375,2917_코마_6,6,0.8318211436271667,812,490,0.5,-8.0
2EQ16375,3779_압판스토퍼_14,14,0.7388675212860107,214,180,0.5,8.0
2EQ16375,V242_카바라이트_10,10,0.7889866828918457,512,136,0.5,0.0
2EQ16376,1525_▲▲▲라벨_5,5,0.9221216440200806,146,466,0.75,0.0
2EQ16376,3780_전원스위치_9,9,0.7656160593032837,786,210,0.5,0.0
2EQ16376,2917_코마_6,6,0.857201099395752,72,600,0.5,0.0
2EQ16376,3779_압판스토퍼_14,14,0.7583582997322083,530,502,0.5,8.0
2EQ16376,V242_카바라이트_10,10,0.7727947235107422,382,328,0.5,0.0
2EQ16377,1525_▲▲▲라벨_5,5,0.9299288392066956,16,586,0.5,0.0
2EQ16377,3780_전원스위치_9,9,0.7649345397949219,786,210,0.5,0.0
2EQ16377,2917_코마_6,6,0.8625639081001282,950,562,0.5,0.0
2EQ16377,3779_압판스토퍼_14,14,0.7635474801063538,218,178,0.75,0.0
2EQ16377,V242_카바라이트_10,10,0.783979594707489,492,128,0.5,0.0
2EQ16378,1525_▲▲▲라벨_5,5,0.9239595532417297,216,474,0.5,0.0
2EQ16378,3780_전원스위치_9,9,0.7631292343139648,786,210,0.5,0.0
2EQ16378,2917_코마_6,6,0.8756547570228577,896,546,0.5,0.0
2EQ16378,3779_압판스토퍼_14,14,0.746665894985199,500,344,0.75,0.0
2EQ16378,V242_카바라이트_10,10,0.7708017230033875,514,126,0.5,0.0
2EQ16379,1525_▲▲▲라벨_5,5,0.9301659464836121,796,224,0.75,0.0
2EQ16379,3780_전원스위치_9,9,0.7640646696090698,290,454,0.5,0.0
2EQ16379,2917_코마_6,6,0.8746566772460938,916,554,0.5,0.0
2EQ16379,3779_압판스토퍼_14,14,0.7555766105651855,388,184,0.75,0.0
2EQ16379,V242_카바라이트_10,10,0.7766020894050598,506,132,0.5,0.0
2EQ16380,1525_▲▲▲라벨_5,5,0.9255538582801819,820,234,0.5,0.0
2EQ16380,3780_전원스위치_9,9,0.760814905166626,784,210,0.5,0.0
2EQ16380,2917_코마_6,6,0.8619043827056885,688,166,0.5,0.0
2EQ16380,3779_압판스토퍼_14,14,0.7308744788169861,212,174,0.5,8.0
2EQ16380,V242_카바라이트_10,10,0.7732035517692566,450,594,0.5,0.0
2EQ16381,1525_▲▲▲라벨_5,5,0.9232758283615112,824,234,0.5,0.0
2EQ16381,3780_전원스위치_9,9,0.758338212966919,786,208,0.5,0.0
2EQ16381,2917_코마_6,6,0.8693251013755798,944,612,0.5,0.0
2EQ16381,3779_압판스토퍼_14,14,0.7554205060005188,356,376,0.75,0.0
2EQ16381,V242_카바라이트_10,10,0.7868452668190002,506,138,0.5,0.0
2EQ16382,1525_▲▲▲라벨_5,5,0.9275726079940796,164,468,0.75,0.0
2EQ16382,3780_전원스위치_9,9,0.7614198923110962,786,208,0.5,0.0
2EQ16382,2917_코마_6,6,0.8650399446487427,914,584,0.5,0.0
2EQ16382,3779_압판스토퍼_14,14,0.7444663047790527,510,412,0.5,8.0
2EQ16382,V242_카바라이트_10,10,0.7739687561988831,508,134,0.5,0.0
2EQ16383,1525_▲▲▲라벨_5,5,0.9297486543655396,822,234,0.5,0.0
2EQ16383,3780_전원스위치_9,9,0.7652103304862976,786,210,0.5,0.0
2EQ16383,2917_코마_6,6,0.8796548843383789,936,568,0.5,0.0
2EQ16383,3779_압판스토퍼_14,14,0.7685827016830444,334,354,0.75,0.0
2EQ16383,V242_카바라이트_10,10,0.7904526591300964,500,128,0.5,0.0
2EQ16384,1525_▲▲▲라벨_5,5,0.9213567972183228,796,226,0.75,0.0
2EQ16384,3780_전원스위치_9,9,0.7633131742477417,784,210,0.5,0.0
2EQ16384,2917_코마_6,6,0.8687252402305603,932,568,0.5,0.0
2EQ16384,3779_압판스토퍼_14,14,0.7572547793388367,482,264,0.5,8.0
2EQ16384,V242_카바라이트_10,10,0.7888913750648499,502,142,0.5,0.0
2EQ16385,1525_▲▲▲라벨_5,5,0.9324837923049927,162,234,0.5,0.0
2EQ16385,3780_전원스위치_9,9,0.7611861824989319,784,210,0.5,0.0
2EQ16385,2917_코마_6,6,0.8483009934425354,890,586,0.5,0.0
2EQ16385,3779_압판스토퍼_14,14,0.7496444582939148,212,170,0.75,0.0
2EQ16385,V242_카바라이트_10,10,0.786225438117981,498,138,0.5,0.0
2EQ16386,1525_▲▲▲라벨_5,5,0.9337852597236633,820,230,0.5,0.0
2EQ16386,3780_전원스위치_9,9,0.7583372592926025,786,208,0.5,0.0
2EQ16386,2917_코마_6,6,0.8641861081123352,944,566,0.5,0.0
2EQ16386,3779_압판스토퍼_14,14,0.7508214712142944,366,314,0.75,0.0
2EQ16386,V242_카바라이트_10,10,0.7798429131507874,492,136,0.5,0.0
2EQ16387,1525_▲▲▲라벨_5,5,0.9275995492935181,824,234,0.5,0.0
2EQ16387,3780_전원스위치_9,9,0.7286350727081299,122,208,0.5,0.0
2EQ16387,2917_코마_6,6,0.867275059223175,504,540,0.5,0.0
2EQ16387,3779_압판스토퍼_14,14,0.7372268438339233,234,180,0.75,0.0
2EQ16387,V242_카바라이트_10,10,0.7822375297546387,370,324,0.5,0.0
2EQ16388,1525_▲▲▲라벨_5,5,0.9331300258636475,164,236,0.5,0.0
2EQ16388,3780_전원스위치_9,9,0.7591981887817383,784,208,0.5,0.0
2EQ16388,2917_코마_6,6,0.8549127578735352,950,564,0.5,0.0
2EQ16388,3779_압판스토퍼_14,14,0.7597277760505676,248,230,0.75,0.0
2EQ16388,V242_카바라이트_10,10,0.7784141898155212,508,134,0.5,0.0
2EQ16389,1525_▲▲▲라벨_5,5,0.9237306118011475,188,470,0.5,0.0
2EQ16389,3780_전원스위치_9,9,0.7635505795478821,786,210,0.5,0.0
2EQ16389,2917_코마_6,6,0.8578465580940247,920,584,0.5,0.0
2EQ16389,3779_압판스토퍼_14,14,0.7661396265029907,374,432,0.75,0.0
2EQ16389,V242_카바라이트_10,10,0.7765088677406311,444,598,0.5,0.0
2EQ16390,1525_▲▲▲라벨_5,5,0.923301637172699,200,472,0.5,0.0
2EQ16390,3780_전원스위치_9,9,0.7586410641670227,786,210,0.5,0.0
2EQ16390,2917_코마_6,6,0.8744915723800659,672,156,0.5,0.0
2EQ16390,3779_압판스토퍼_14,14,0.7507913112640381,454,416,0.5,8.0
2EQ16390,V242_카바라이트_10,10,0.7784944176673889,508,136,0.5,0.0
2EQ16391,1525_▲▲▲라벨_5,5,0.9299477934837341,820,232,0.5,0.0
2EQ16391,3780_전원스위치_9,9,0.7659505009651184,784,210,0.5,0.0
2EQ16391,2917_코마_6,6,0.861405611038208,912,554,0.5,0.0
2EQ16391,3779_압판스토퍼_14,14,0.7416766881942749,348,322,0.75,0.0
2EQ16391,V242_카바라이트_10,10,0.7728725075721741,444,602,0.5,0.0
2EQ16392,1525_▲▲▲라벨_5,5,0.9254598617553711,822,234,0.5,0.0
2EQ16392,3780_전원스위치_9,9,0.7643600702285767,784,210,0.5,0.0
2EQ16392,2917_코마_6,6,0.8567123413085938,952,546,0.5,0.0
2EQ16392,3779_압판스토퍼_14,14,0.7375487685203552,230,196,0.5,8.0
2EQ16392,V242_카바라이트_10,10,0.7799561023712158,512,136,0.5,0.0
2EQ16393,1525_▲▲▲라벨_5,5,0.9180158376693726,256,452,0.5,0.0
2EQ16393,3780_전원스위치_9,9,0.7634443044662476,784,210,0.5,0.0
2EQ16393,2917_코마_6,6,0.8627793192863464,910,598,0.5,0.0
2EQ16393,3779_압판스토퍼_14,14,0.7274702787399292,494,60,0.75,0.0
2EQ16393,V242_카바라이트_10,10,0.7881692051887512,510,134,0.5,0.0
2EQ16394,1525_▲▲▲라벨_5,5,0.9250606298446655,822,232,0.5,0.0
2EQ16394,3780_전원스위치_9,9,0.7624462246894836,784,210,0.5,0.0
2EQ16394,2917_코마_6,6,0.8599868416786194,942,584,0.5,0.0
2EQ16394,3779_압판스토퍼_14,14,0.7487719655036926,904,292,0.75,0.0
2EQ16394,V242_카바라이트_10,10,0.7789438962936401,506,138,0.5,0.0
2EQ16395,1525_▲▲▲라벨_5,5,0.9186447858810425,824,232,0.5,0.0
2EQ16395,3780_전원스위치_9,9,0.7659069895744324,786,210,0.5,0.0
2EQ16395,2917_코마_6,6,0.8753249049186707,930,566,0.5,0.0
2EQ16395,3779_압판스토퍼_14,14,0.7443145513534546,238,184,0.75,0.0
2EQ16395,V242_카바라이트_10,10,0.7858558297157288,516,132,0.5,0.0
2EQ16396,1525_▲▲▲라벨_5,5,0.9241010546684265,162,236,0.5,0.0
2EQ16396,3780_전원스위치_9,9,0.7647054195404053,784,210,0.5,0.0
2EQ16396,2917_코마_6,6,0.8748844861984253,952,562,0.5,0.0
2EQ16396,3779_압판스토퍼_14,14,0.7565109133720398,220,176,0.75,0.0
2EQ16396,V242_카바라이트_10,10,0.7892830967903137,500,132,0.5,0.0
2EQ16397,1525_▲▲▲라벨_5,5,0.9269822835922241,796,228,0.75,0.0
2EQ16397,3780_전원스위치_9,9,0.7694280743598938,784,210,0.5,0.0
2EQ16397,2917_코마_6,6,0.854904294013977,952,550,0.5,0.0
2EQ16397,3779_압판스토퍼_14,14,0.7396027445793152,494,358,0.5,8.0
2EQ16397,V242_카바라이트_10,10,0.7796821594238281,514,128,0.5,0.0
2EQ16398,1525_▲▲▲라벨_5,5,0.9266865253448486,178,236,0.5,0.0
2EQ16398,3780_전원스위치_9,9,0.7562517523765564,784,210,0.5,0.0
2EQ16398,2917_코마_6,6,0.8745974898338318,242,546,0.5,0.0
2EQ16398,3779_압판스토퍼_14,14,0.7539593577384949,506,284,0.5,8.0
2EQ16398,V242_카바라이트_10,10,0.7812770009040833,490,132,0.5,0.0
2EQ16399,1525_▲▲▲라벨_5,5,0.9221597909927368,230,466,0.5,0.0
2EQ16399,3780_전원스위치_9,9,0.7668283581733704,784,210,0.5,0.0
2EQ16399,2917_코마_6,6,0.8563295006752014,714,160,0.5,0.0
2EQ16399,3779_압판스토퍼_14,14,0.7163636684417725,210,178,0.5,-8.0
2EQ16399,V242_카바라이트_10,10,0.7757166624069214,498,134,0.5,0.0
2EQ16400,1525_▲▲▲라벨_5,5,0.9231351017951965,88,490,0.5,0.0
2EQ16400,3780_전원스위치_9,9,0.7657737731933594,784,210,0.5,0.0
2EQ16400,2917_코마_6,6,0.8789334297180176,922,548,0.5,0.0
2EQ16400,3779_압판스토퍼_14,14,0.7527983784675598,214,178,0.75,0.0
2EQ16400,V242_카바라이트_10,10,0.7800418734550476,504,132,0.5,0.0
2EQ16401,1525_▲▲▲라벨_5,5,0.9207844734191895,796,226,0.75,0.0
2EQ16401,3780_전원스위치_9,9,0.7657358646392822,786,210,0.5,0.0
2EQ16401,2917_코마_6,6,0.8772050142288208,944,548,0.5,0.0
2EQ16401,3779_압판스토퍼_14,14,0.7581813931465149,478,322,0.5,8.0
2EQ16401,V242_카바라이트_10,10,0.7810792326927185,498,134,0.5,0.0
2EQ16402,1525_▲▲▲라벨_5,5,0.9284915924072266,424,444,0.75,0.0
2EQ16402,3780_전원스위치_9,9,0.7624733448028564,784,210,0.5,0.0
2EQ16402,2917_코마_6,6,0.861816942691803,938,596,0.5,0.0
2EQ16402,3779_압판스토퍼_14,14,0.7405283451080322,210,172,0.75,0.0
2EQ16402,V242_카바라이트_10,10,0.7869910001754761,506,138,0.5,0.0
2EQ16403,1525_▲▲▲라벨_5,5,0.9207273125648499,822,234,0.5,0.0
2EQ16403,3780_전원스위치_9,9,0.7607836127281189,786,208,0.5,0.0
2EQ16403,2917_코마_6,6,0.8676143884658813,858,542,0.5,0.0
2EQ16403,3779_압판스토퍼_14,14,0.7342724800109863,222,180,0.75,0.0
2EQ16403,V242_카바라이트_10,10,0.7745106220245361,492,138,0.5,0.0
2EQ16404,1525_▲▲▲라벨_5,5,0.9299846887588501,820,234,0.5,0.0
2EQ16404,3780_전원스위치_9,9,0.7660321593284607,786,210,0.5,0.0
2EQ16404,2917_코마_6,6,0.8732450008392334,950,584,0.5,0.0
2EQ16404,3779_압판스토퍼_14,14,0.7190086245536804,730,14,0.75,8.0
2EQ16404,V242_카바라이트_10,10,0.7842066884040833,496,142,0.5,0.0
2EQ16405,1525_▲▲▲라벨_5,5,0.9258407950401306,316,472,0.75,0.0
2EQ16405,3780_전원스위치_9,9,0.7660461664199829,784,210,0.5,0.0
2EQ16405,2917_코마_6,6,0.8695703744888306,890,540,0.5,0.0
2EQ16405,3779_압판스토퍼_14,14,0.7672688961029053,576,230,0.75,0.0
2EQ16405,V242_카바라이트_10,10,0.7765198945999146,448,604,0.5,0.0
2EQ16406,1525_▲▲▲라벨_5,5,0.9180324077606201,166,242,0.5,0.0
2EQ16406,3780_전원스위치_9,9,0.7642070651054382,786,210,0.5,0.0
2EQ16406,2917_코마_6,6,0.865473210811615,234,196,0.5,0.0
2EQ16406,3779_압판스토퍼_14,14,0.7506791949272156,370,374,0.75,0.0
2EQ16406,V242_카바라이트_10,10,0.7806363105773926,498,130,0.5,0.0
2EQ16407,1525_▲▲▲라벨_5,5,0.9276613593101501,796,224,0.75,0.0
2EQ16407,3780_전원스위치_9,9,0.7598878741264343,786,208,0.5,0.0
2EQ16407,2917_코마_6,6,0.8491376042366028,224,200,0.5,0.0
2EQ16407,3779_압판스토퍼_14,14,0.7357751727104187,208,180,0.5,8.0
2EQ16407,V242_카바라이트_10,10,0.7793879508972168,508,134,0.5,0.0
2EQ16408,1525_▲▲▲라벨_5,5,0.9265472292900085,822,232,0.5,0.0
2EQ16408,3780_전원스위치_9,9,0.7636280059814453,786,210,0.5,0.0
2EQ16408,2917_코마_6,6,0.8727145195007324,950,572,0.5,0.0
2EQ16408,3779_압판스토퍼_14,14,0.7527737617492676,466,280,0.5,8.0
2EQ16408,V242_카바라이트_10,10,0.7703607082366943,492,138,0.5,0.0
2EQ16409,1525_▲▲▲라벨_5,5,0.9291442036628723,820,230,0.5,0.0
2EQ16409,3780_전원스위치_9,9,0.7631503939628601,786,210,0.5,0.0
2EQ16409,2917_코마_6,6,0.8717207312583923,948,546,0.5,0.0
2EQ16409,3779_압판스토퍼_14,14,0.7449077367782593,522,362,0.75,0.0
2EQ16409,V242_카바라이트_10,10,0.7723663449287415,498,140,0.5,0.0
2EQ16410,1525_▲▲▲라벨_5,5,0.9334185719490051,164,230,0.5,0.0
2EQ16410,3780_전원스위치_9,9,0.7596418261528015,292,520,0.5,0.0
2EQ16410,2917_코마_6,6,0.8643019199371338,690,394,0.5,0.0
2EQ16410,3779_압판스토퍼_14,14,0.7562967538833618,368,416,0.75,0.0
2EQ16410,V242_카바라이트_10,10,0.7772647738456726,496,140,0.5,0.0
2EQ16411,1525_▲▲▲라벨_5,5,0.9261010885238647,822,232,0.5,0.0
2EQ16411,3780_전원스위치_9,9,0.7661945223808289,786,208,0.5,0.0
2EQ16411,2917_코마_6,6,0.861632227897644,236,196,0.5,0.0
2EQ16411,3779_압판스토퍼_14,14,0.761466920375824,346,372,0.75,0.0
2EQ16411,V242_카바라이트_10,10,0.7798149585723877,516,130,0.5,0.0
2EQ16412,1525_▲▲▲라벨_5,5,0.9245145320892334,212,470,0.75,0.0
2EQ16412,3780_전원스위치_9,9,0.7672966122627258,784,208,0.5,0.0
2EQ16412,2917_코마_6,6,0.8759122490882874,830,540,0.5,0.0
2EQ16412,3779_압판스토퍼_14,14,0.7301701307296753,580,168,0.75,0.0
2EQ16412,V242_카바라이트_10,10,0.7753391265869141,372,330,0.5,0.0
2EQ16413,1525_▲▲▲라벨_5,5,0.9288495779037476,164,238,0.5,0.0
2EQ16413,3780_전원스위치_9,9,0.76459139585495,786,210,0.5,0.0
2EQ16413,2917_코마_6,6,0.8787975907325745,902,568,0.5,0.0
2EQ16413,3779_압판스토퍼_14,14,0.760409414768219,576,198,0.75,0.0
2EQ16413,V242_카바라이트_10,10,0.7707573771476746,492,142,0.5,0.0
2EQ16414,1525_▲▲▲라벨_5,5,0.9327577352523804,44,578,0.5,8.0
2EQ16414,3780_전원스위치_9,9,0.7652636766433716,786,210,0.5,0.0
2EQ16414,2917_코마_6,6,0.8659539222717285,720,196,0.5,0.0
2EQ16414,3779_압판스토퍼_14,14,0.7498482465744019,214,176,0.75,0.0
2EQ16414,V242_카바라이트_10,10,0.7787168622016907,508,132,0.5,0.0
2EQ16415,1525_▲▲▲라벨_5,5,0.9218376278877258,822,234,0.5,0.0
2EQ16415,3780_전원스위치_9,9,0.7631272673606873,786,208,0.5,0.0
2EQ16415,2917_코마_6,6,0.8715765476226807,924,554,0.5,0.0
2EQ16415,3779_압판스토퍼_14,14,0.7520831227302551,568,312,0.75,0.0
2EQ16415,V242_카바라이트_10,10,0.7810986638069153,494,140,0.5,0.0
2EQ16416,1525_▲▲▲라벨_5,5,0.9306217432022095,176,474,0.5,0.0
2EQ16416,3780_전원스위치_9,9,0.7669426202774048,786,210,0.5,0.0
2EQ16416,2917_코마_6,6,0.8611797094345093,868,568,0.5,0.0
2EQ16416,3779_압판스토퍼_14,14,0.7643930315971375,376,390,0.75,0.0
2EQ16416,V242_카바라이트_10,10,0.7802690863609314,512,132,0.5,0.0
2EQ16417,1525_▲▲▲라벨_5,5,0.9296193718910217,162,238,0.5,0.0
2EQ16417,3780_전원스위치_9,9,0.7623805999755859,784,210,0.5,0.0
2EQ16417,2917_코마_6,6,0.865576982498169,896,582,0.5,0.0
2EQ16417,3779_압판스토퍼_14,14,0.7354450225830078,222,632,0.5,8.0
2EQ16417,V242_카바라이트_10,10,0.7760359048843384,448,606,0.5,0.0
2EQ16418,1525_▲▲▲라벨_5,5,0.926037609577179,796,228,0.75,0.0
2EQ16418,3780_전원스위치_9,9,0.7651689052581787,786,210,0.5,0.0
2EQ16418,2917_코마_6,6,0.8697815537452698,948,576,0.5,0.0
2EQ16418,3779_압판스토퍼_14,14,0.749599039554596,224,182,0.75,0.0
2EQ16418,V242_카바라이트_10,10,0.7784484028816223,450,602,0.5,0.0
2EQ16419,1525_▲▲▲라벨_5,5,0.9282158613204956,800,230,0.75,0.0
2EQ16419,3780_전원스위치_9,9,0.7649058103561401,784,210,0.5,0.0
2EQ16419,2917_코마_6,6,0.8750175833702087,714,174,0.5,0.0
2EQ16419,3779_압판스토퍼_14,14,0.7551180720329285,938,274,0.75,0.0
2EQ16419,V242_카바라이트_10,10,0.7829503417015076,496,138,0.5,0.0
2EQ16420,1525_▲▲▲라벨_5,5,0.9251433610916138,160,236,0.5,0.0
2EQ16420,3780_전원스위치_9,9,0.7654109597206116,784,210,0.5,0.0
2EQ16420,2917_코마_6,6,0.8585207462310791,708,190,0.5,0.0
2EQ16420,3779_압판스토퍼_14,14,0.752202033996582,354,336,0.75,0.0
2EQ16420,V242_카바라이트_10,10,0.775261640548706,452,608,0.5,0.0
2EQ16421,1525_▲▲▲라벨_5,5,0.9295102953910828,258,420,0.5,0.0
2EQ16421,3780_전원스위치_9,9,0.7556130290031433,784,208,0.5,0.0
2EQ16421,2917_코마_6,6,0.8567293882369995,190,588,0.5,0.0
2EQ16421,3779_압판스토퍼_14,14,0.7250118255615234,12,334,0.75,0.0
2EQ16421,V242_카바라이트_10,10,0.7895314693450928,528,164,0.5,0.0
2EQ16422,1525_▲▲▲라벨_5,5,0.9276293516159058,824,234,0.5,0.0
2EQ16422,3780_전원스위치_9,9,0.7634421586990356,786,210,0.5,0.0
2EQ16422,2917_코마_6,6,0.8397815227508545,870,586,0.5,0.0
2EQ16422,3779_압판스토퍼_14,14,0.7495387196540833,450,302,0.5,8.0
2EQ16422,V242_카바라이트_10,10,0.7828875184059143,500,136,0.5,0.0
2EQ16423,1525_▲▲▲라벨_5,5,0.9207006096839905,98,598,0.75,0.0
2EQ16423,3780_전원스위치_9,9,0.7664587497711182,786,210,0.5,0.0
2EQ16423,2917_코마_6,6,0.8691921830177307,806,408,0.5,0.0
2EQ16423,3779_압판스토퍼_14,14,0.7109314203262329,278,202,0.75,0.0
2EQ16423,V242_카바라이트_10,10,0.7905785441398621,500,128,0.5,0.0
2EQ16424,1525_▲▲▲라벨_5,5,0.9368503093719482,162,242,0.5,0.0
2EQ16424,3780_전원스위치_9,9,0.7643508911132812,786,210,0.5,0.0
2EQ16424,2917_코마_6,6,0.8601632118225098,444,58,0.5,0.0
2EQ16424,3779_압판스토퍼_14,14,0.7772165536880493,858,40,0.5,-8.0
2EQ16424,V242_카바라이트_10,10,0.7821269631385803,492,142,0.5,0.0
2EQ16425,1525_▲▲▲라벨_5,5,0.9263539910316467,188,480,0.5,0.0
2EQ16425,3780_전원스위치_9,9,0.7619438767433167,784,208,0.5,0.0
2EQ16425,2917_코마_6,6,0.8654787540435791,878,540,0.5,0.0
2EQ16425,3779_압판스토퍼_14,14,0.733833372592926,524,410,0.5,8.0
2EQ16425,V242_카바라이트_10,10,0.7816794514656067,490,132,0.5,0.0
2EQ16426,1525_▲▲▲라벨_5,5,0.9292517900466919,796,228,0.75,0.0
2EQ16426,3780_전원스위치_9,9,0.7646254897117615,784,210,0.5,0.0
2EQ16426,2917_코마_6,6,0.8540339469909668,232,194,0.5,0.0
2EQ16426,3779_압판스토퍼_14,14,0.7533848285675049,370,348,0.75,0.0
2EQ16426,V242_카바라이트_10,10,0.7781646847724915,730,152,0.5,0.0
2EQ16427,1525_▲▲▲라벨_5,5,0.9173251986503601,820,234,0.5,0.0
2EQ16427,3780_전원스위치_9,9,0.7696276307106018,784,210,0.5,0.0
2EQ16427,2917_코마_6,6,0.8763700723648071,950,562,0.5,0.0
2EQ16427,3779_압판스토퍼_14,14,0.759568452835083,214,176,0.75,0.0
2EQ16427,V242_카바라이트_10,10,0.766977846622467,502,132,0.5,0.0
2EQ16428,1525_▲▲▲라벨_5,5,0.9383931159973145,144,546,0.5,0.0
2EQ16428,3780_전원스위치_9,9,0.765601396560669,784,210,0.5,0.0
2EQ16428,2917_코마_6,6,0.8535574078559875,936,546,0.5,0.0
2EQ16428,3779_압판스토퍼_14,14,0.7562369108200073,474,332,0.5,8.0
2EQ16428,V242_카바라이트_10,10,0.7712023854255676,446,612,0.5,0.0
2EQ16429,1525_▲▲▲라벨_5,5,0.9262388944625854,158,470,0.5,0.0
2EQ16429,3780_전원스위치_9,9,0.7681665420532227,784,210,0.5,0.0
2EQ16429,2917_코마_6,6,0.8799278736114502,950,558,0.5,0.0
2EQ16429,3779_압판스토퍼_14,14,0.7394436597824097,168,628,0.5,8.0
2EQ16429,V242_카바라이트_10,10,0.7799960970878601,510,136,0.5,0.0
2EQ16430,1525_▲▲▲라벨_5,5,0.9290598630905151,68,580,0.5,0.0
2EQ16430,3780_전원스위치_9,9,0.7678245902061462,784,210,0.5,0.0
2EQ16430,2917_코마_6,6,0.8551744222640991,938,584,0.5,0.0
2EQ16430,3779_압판스토퍼_14,14,0.7584389448165894,374,352,0.75,0.0
2EQ16430,V242_카바라이트_10,10,0.769295334815979,448,614,0.5,0.0
2EQ16431,1525_▲▲▲라벨_5,5,0.9345120787620544,166,238,0.5,0.0
2EQ16431,3780_전원스위치_9,9,0.7592179775238037,784,208,0.5,0.0
2EQ16431,2917_코마_6,6,0.8347843885421753,138,586,0.5,0.0
2EQ16431,3779_압판스토퍼_14,14,0.7508077621459961,912,250,0.75,0.0
2EQ16431,V242_카바라이트_10,10,0.7612701654434204,514,124,0.5,0.0
2EQ16432,1525_▲▲▲라벨_5,5,0.9257555603981018,188,452,0.75,0.0
2EQ16432,3780_전원스위치_9,9,0.763558030128479,786,210,0.5,0.0
2EQ16432,2917_코마_6,6,0.8773683309555054,904,554,0.5,0.0
2EQ16432,3779_압판스토퍼_14,14,0.7692785263061523,566,254,0.75,0.0
2EQ16432,V242_카바라이트_10,10,0.7763263583183289,498,128,0.5,0.0
2EQ16433,1525_▲▲▲라벨_5,5,0.9299818277359009,164,238,0.5,0.0
2EQ16433,3780_전원스위치_9,9,0.7663536071777344,786,210,0.5,0.0
2EQ16433,2917_코마_6,6,0.8729055523872375,906,552,0.5,0.0
2EQ16433,3779_압판스토퍼_14,14,0.7682957649230957,532,304,0.5,8.0
2EQ16433,V242_카바라이트_10,10,0.7825288772583008,444,606,0.5,0.0
2EQ16434,1525_▲▲▲라벨_5,5,0.921412467956543,208,478,0.5,0.0
2EQ16434,3780_전원스위치_9,9,0.7675953507423401,786,210,0.5,0.0
2EQ16434,2917_코마_6,6,0.8468425273895264,0,612,0.5,0.0
2EQ16434,3779_압판스토퍼_14,14,0.755068838596344,218,182,0.5,8.0
2EQ16434,V242_카바라이트_10,10,0.7802186608314514,514,136,0.5,0.0
2EQ16435,1525_▲▲▲라벨_5,5,0.929084062576294,32,590,0.5,8.0
2EQ16435,3780_전원스위치_9,9,0.7687472105026245,786,210,0.5,0.0
2EQ16435,2917_코마_6,6,0.8787149786949158,926,562,0.5,0.0
2EQ16435,3779_압판스토퍼_14,14,0.7682225108146667,538,200,0.75,0.0
2EQ16435,V242_카바라이트_10,10,0.7795315384864807,432,606,0.5,0.0
2EQ16436,1525_▲▲▲라벨_5,5,0.9211304187774658,8,598,0.5,0.0
2EQ16436,3780_전원스위치_9,9,0.768268346786499,786,210,0.5,0.0
2EQ16436,2917_코마_6,6,0.8419181704521179,864,384,0.5,0.0
2EQ16436,3779_압판스토퍼_14,14,0.7476696968078613,212,176,0.75,0.0
2EQ16436,V242_카바라이트_10,10,0.7874722480773926,494,140,0.5,0.0
2EQ16437,1525_▲▲▲라벨_5,5,0.9285863041877747,822,234,0.5,0.0
2EQ16437,3780_전원스위치_9,9,0.7665494680404663,786,210,0.5,0.0
2EQ16437,2917_코마_6,6,0.8752104640007019,944,568,0.5,0.0
2EQ16437,3779_압판스토퍼_14,14,0.7550888061523438,218,182,0.75,0.0
2EQ16437,V242_카바라이트_10,10,0.7749746441841125,438,592,0.5,0.0
2EQ16438,1525_▲▲▲라벨_5,5,0.9255303144454956,820,236,0.5,0.0
2EQ16438,3780_전원스위치_9,9,0.7664639949798584,786,210,0.5,0.0
2EQ16438,2917_코마_6,6,0.8644160032272339,674,156,0.5,0.0
2EQ16438,3779_압판스토퍼_14,14,0.7709698677062988,394,370,0.5,8.0
2EQ16438,V242_카바라이트_10,10,0.7779152989387512,500,130,0.5,0.0
2EQ16439,1525_▲▲▲라벨_5,5,0.9283176064491272,162,240,0.5,0.0
2EQ16439,3780_전원스위치_9,9,0.7679117918014526,786,210,0.5,0.0
2EQ16439,2917_코마_6,6,0.8764932751655579,606,12,0.5,0.0
2EQ16439,3779_압판스토퍼_14,14,0.7635115385055542,236,188,0.75,0.0
2EQ16439,V242_카바라이트_10,10,0.7685133814811707,446,594,0.5,0.0
2EQ16440,1525_▲▲▲라벨_5,5,0.9264689683914185,820,232,0.5,0.0
2EQ16440,3780_전원스위치_9,9,0.7676324844360352,786,210,0.5,0.0
2EQ16440,2917_코마_6,6,0.8754175305366516,944,556,0.5,0.0
2EQ16440,3779_압판스토퍼_14,14,0.754791796207428,468,428,0.5,8.0
2EQ16440,V242_카바라이트_10,10,0.7827827334403992,444,608,0.5,0.0
2EQ16441,1525_▲▲▲라벨_5,5,0.9226137399673462,212,474,0.5,0.0
2EQ16441,3780_전원스위치_9,9,0.7625364065170288,786,210,0.5,0.0
2EQ16441,2917_코마_6,6,0.8743736147880554,952,550,0.5,0.0
2EQ16441,3779_압판스토퍼_14,14,0.7342501878738403,446,418,0.5,8.0
2EQ16441,V242_카바라이트_10,10,0.7809264659881592,458,608,0.5,0.0
2EQ16442,1525_▲▲▲라벨_5,5,0.9237023591995239,796,226,0.75,0.0
2EQ16442,3780_전원스위치_9,9,0.7629275918006897,786,210,0.5,0.0
2EQ16442,2917_코마_6,6,0.8524176478385925,900,602,0.5,0.0
2EQ16442,3779_압판스토퍼_14,14,0.7594760656356812,214,176,0.75,0.0
2EQ16442,V242_카바라이트_10,10,0.761375904083252,496,130,0.5,0.0
2EQ16443,1525_▲▲▲라벨_5,5,0.9215864539146423,232,468,0.5,0.0
2EQ16443,3780_전원스위치_9,9,0.7672085762023926,786,210,0.5,0.0
2EQ16443,2917_코마_6,6,0.8596493601799011,874,600,0.5,0.0
2EQ16443,3779_압판스토퍼_14,14,0.7330369353294373,552,180,0.75,0.0
2EQ16443,V242_카바라이트_10,10,0.7654826045036316,502,140,0.5,0.0
2EQ16444,1525_▲▲▲라벨_5,5,0.9268937110900879,796,226,0.75,0.0
2EQ16444,3780_전원스위치_9,9,0.7625269889831543,786,210,0.5,0.0
2EQ16444,2917_코마_6,6,0.8733658194541931,922,554,0.5,0.0
2EQ16444,3779_압판스토퍼_14,14,0.7455486059188843,216,176,0.75,0.0
2EQ16444,V242_카바라이트_10,10,0.7736008763313293,492,128,0.5,0.0
2EQ16445,1525_▲▲▲라벨_5,5,0.9267860651016235,166,456,0.75,0.0
2EQ16445,3780_전원스위치_9,9,0.7637341022491455,786,210,0.5,0.0
2EQ16445,2917_코마_6,6,0.8488889932632446,924,564,0.5,0.0
2EQ16445,3779_압판스토퍼_14,14,0.75397789478302,90,400,0.75,0.0
2EQ16445,V242_카바라이트_10,10,0.7774995565414429,442,610,0.5,0.0
2EQ16446,1525_▲▲▲라벨_5,5,0.9283404350280762,820,234,0.5,0.0
2EQ16446,3780_전원스위치_9,9,0.7666255831718445,786,210,0.5,0.0
2EQ16446,2917_코마_6,6,0.8508774638175964,946,606,0.5,0.0
2EQ16446,3779_압판스토퍼_14,14,0.769407331943512,558,346,0.5,8.0
2EQ16446,V242_카바라이트_10,10,0.7737687230110168,446,606,0.5,0.0
2EQ16447,1525_▲▲▲라벨_5,5,0.9237273335456848,140,306,0.5,0.0
2EQ16447,3780_전원스위치_9,9,0.7622570395469666,786,210,0.5,0.0
2EQ16447,2917_코마_6,6,0.8726057410240173,414,196,0.5,0.0
2EQ16447,3779_압판스토퍼_14,14,0.7562172412872314,930,232,0.75,0.0
2EQ16447,V242_카바라이트_10,10,0.7807424068450928,460,604,0.5,0.0
2EQ16448,1525_▲▲▲라벨_5,5,0.9299952983856201,798,226,0.75,0.0
2EQ16448,3780_전원스위치_9,9,0.7650728225708008,786,210,0.5,0.0
2EQ16448,2917_코마_6,6,0.8752803206443787,950,550,0.5,0.0
2EQ16448,3779_압판스토퍼_14,14,0.7541142702102661,532,386,0.75,0.0
2EQ16448,V242_카바라이트_10,10,0.7741819024085999,446,602,0.5,0.0
2EQ16449,1525_▲▲▲라벨_5,5,0.9269901514053345,822,234,0.5,0.0
2EQ16449,3780_전원스위치_9,9,0.7668030858039856,786,210,0.5,0.0
2EQ16449,2917_코마_6,6,0.8812809586524963,880,570,0.5,0.0
2EQ16449,3779_압판스토퍼_14,14,0.7641554474830627,368,432,0.75,0.0
2EQ16449,V242_카바라이트_10,10,0.7777085900306702,504,136,0.5,0.0
2EQ16450,1525_▲▲▲라벨_5,5,0.9444138407707214,88,548,0.5,0.0
2EQ16450,3780_전원스위치_9,9,0.7638968229293823,786,210,0.5,0.0
2EQ16450,2917_코마_6,6,0.8673775792121887,872,558,0.5,0.0
2EQ16450,3779_압판스토퍼_14,14,0.7667070627212524,628,186,0.5,8.0
2EQ16450,V242_카바라이트_10,10,0.7707679867744446,448,598,0.5,0.0
2EQ16451,1525_▲▲▲라벨_5,5,0.9235560297966003,242,490,0.5,0.0
2EQ16451,3780_전원스위치_9,9,0.7643705010414124,786,210,0.5,0.0
2EQ16451,2917_코마_6,6,0.8573538661003113,922,536,0.5,0.0
2EQ16451,3779_압판스토퍼_14,14,0.7512024641036987,486,304,0.5,8.0
2EQ16451,V242_카바라이트_10,10,0.7796483039855957,448,604,0.5,0.0
2EQ16452,1525_▲▲▲라벨_5,5,0.927615761756897,176,464,0.75,0.0
2EQ16452,3780_전원스위치_9,9,0.764580488204956,786,210,0.5,0.0
2EQ16452,2917_코마_6,6,0.8616001009941101,932,564,0.5,0.0
2EQ16452,3779_압판스토퍼_14,14,0.7680749297142029,376,450,0.75,0.0
2EQ16452,V242_카바라이트_10,10,0.7828565835952759,502,134,0.5,0.0
2EQ16453,1525_▲▲▲라벨_5,5,0.9257781505584717,796,224,0.75,0.0
2EQ16453,3780_전원스위치_9,9,0.7666135430335999,786,210,0.5,0.0
2EQ16453,2917_코마_6,6,0.8483681082725525,910,592,0.5,0.0
2EQ16453,3779_압판스토퍼_14,14,0.7766669988632202,772,124,0.5,-8.0
2EQ16453,V242_카바라이트_10,10,0.7759014964103699,464,594,0.5,0.0
2EQ16454,1525_▲▲▲라벨_5,5,0.9215916991233826,192,458,0.75,0.0
2EQ16454,3780_전원스위치_9,9,0.762378990650177,786,210,0.5,0.0
2EQ16454,2917_코마_6,6,0.8832563161849976,894,554,0.5,0.0
2EQ16454,3779_압판스토퍼_14,14,0.7606678605079651,508,214,0.75,0.0
2EQ16454,V242_카바라이트_10,10,0.7686768770217896,490,150,0.5,0.0
2EQ16455,1525_▲▲▲라벨_5,5,0.9299764037132263,0,588,0.5,0.0
2EQ16455,3780_전원스위치_9,9,0.7620077729225159,786,210,0.5,0.0
2EQ16455,2917_코마_6,6,0.8834197521209717,894,554,0.5,0.0
2EQ16455,3779_압판스토퍼_14,14,0.7636853456497192,938,250,0.75,0.0
2EQ16455,V242_카바라이트_10,10,0.7715619206428528,508,136,0.5,0.0
2EQ16456,1525_▲▲▲라벨_5,5,0.9234912395477295,818,236,0.5,0.0
2EQ16456,3780_전원스위치_9,9,0.7687580585479736,782,210,0.5,0.0
2EQ16456,2917_코마_6,6,0.8743911385536194,916,560,0.5,0.0
2EQ16456,3779_압판스토퍼_14,14,0.7646750807762146,210,172,0.75,0.0
2EQ16456,V242_카바라이트_10,10,0.7868353724479675,508,140,0.5,0.0
2EQ16457,1525_▲▲▲라벨_5,5,0.9244678020477295,220,472,0.5,0.0
2EQ16457,3780_전원스위치_9,9,0.7641876339912415,786,210,0.5,0.0
2EQ16457,2917_코마_6,6,0.8591931462287903,934,564,0.5,0.0
2EQ16457,3779_압판스토퍼_14,14,0.7325538396835327,280,318,0.75,0.0
2EQ16457,V242_카바라이트_10,10,0.7762867212295532,442,610,0.5,0.0
2EQ16458,1525_▲▲▲라벨_5,5,0.9252320528030396,822,234,0.5,0.0
2EQ16458,3780_전원스위치_9,9,0.7521814703941345,786,210,0.5,0.0
2EQ16458,2917_코마_6,6,0.8691544532775879,134,28,0.5,0.0
2EQ16458,3779_압판스토퍼_14,14,0.7360849976539612,668,376,0.75,8.0
2EQ16458,V242_카바라이트_10,10,0.7799306511878967,436,596,0.5,0.0
2EQ16459,1525_▲▲▲라벨_5,5,0.9233420491218567,798,228,0.75,0.0
2EQ16459,3780_전원스위치_9,9,0.7692884802818298,786,210,0.5,0.0
2EQ16459,2917_코마_6,6,0.8590999841690063,942,564,0.5,0.0
2EQ16459,3779_압판스토퍼_14,14,0.7461816668510437,154,94,0.5,8.0
2EQ16459,V242_카바라이트_10,10,0.7497219443321228,456,592,0.5,0.0
2EQ16460,1525_▲▲▲라벨_5,5,0.9260518550872803,214,496,0.75,0.0
2EQ16460,3780_전원스위치_9,9,0.7668929696083069,786,210,0.5,0.0
2EQ16460,2917_코마_6,6,0.8451374173164368,702,200,0.5,0.0
2EQ16460,3779_압판스토퍼_14,14,0.7550784945487976,696,6,0.75,0.0
2EQ16460,V242_카바라이트_10,10,0.7820563912391663,492,144,0.5,0.0
2EQ16461,1525_▲▲▲라벨_5,5,0.9290964603424072,796,226,0.75,0.0
2EQ16461,3780_전원스위치_9,9,0.7659111022949219,786,210,0.5,0.0
2EQ16461,2917_코마_6,6,0.8623167276382446,924,608,0.5,0.0
2EQ16461,3779_압판스토퍼_14,14,0.7519339323043823,362,356,0.75,0.0
2EQ16461,V242_카바라이트_10,10,0.7729081511497498,452,598,0.5,0.0
2EQ16462,1525_▲▲▲라벨_5,5,0.9221777319908142,822,230,0.5,0.0
2EQ16462,3780_전원스위치_9,9,0.7692587375640869,786,210,0.5,0.0
2EQ16462,2917_코마_6,6,0.857032299041748,846,590,0.5,0.0
2EQ16462,3779_압판스토퍼_14,14,0.7530487775802612,220,178,0.75,0.0
2EQ16462,V242_카바라이트_10,10,0.7764087915420532,432,606,0.5,0.0
2EQ16463,1525_▲▲▲라벨_5,5,0.9291707873344421,160,478,0.75,0.0
2EQ16463,3780_전원스위치_9,9,0.7648919224739075,786,210,0.5,0.0
2EQ16463,2917_코마_6,6,0.8798534274101257,934,564,0.5,0.0
2EQ16463,3779_압판스토퍼_14,14,0.7572439908981323,514,390,0.5,8.0
2EQ16463,V242_카바라이트_10,10,0.7521709203720093,508,138,0.5,0.0
2EQ16464,1525_▲▲▲라벨_5,5,0.9244389533996582,28,580,0.5,8.0
2EQ16464,3780_전원스위치_9,9,0.7670553922653198,784,210,0.5,0.0
2EQ16464,2917_코마_6,6,0.8681456446647644,722,180,0.5,0.0
2EQ16464,3779_압판스토퍼_14,14,0.760210394859314,398,396,0.5,8.0
2EQ16464,V242_카바라이트_10,10,0.7738242745399475,504,138,0.5,0.0
2EQ16465,1525_▲▲▲라벨_5,5,0.9288681745529175,820,232,0.5,0.0
2EQ16465,3780_전원스위치_9,9,0.767210066318512,786,210,0.5,0.0
2EQ16465,2917_코마_6,6,0.8442713618278503,638,172,0.5,0.0
2EQ16465,3779_압판스토퍼_14,14,0.7528948783874512,346,378,0.75,0.0
2EQ16465,V242_카바라이트_10,10,0.7890399694442749,508,146,0.5,0.0
2EQ16466,1525_▲▲▲라벨_5,5,0.9249393939971924,796,224,0.75,0.0
2EQ16466,3780_전원스위치_9,9,0.7670660614967346,786,210,0.5,0.0
2EQ16466,2917_코마_6,6,0.8723909854888916,674,554,0.5,0.0
2EQ16466,3779_압판스토퍼_14,14,0.758949875831604,398,434,0.75,0.0
2EQ16466,V242_카바라이트_10,10,0.7820436358451843,446,608,0.5,0.0
2EQ16467,1525_▲▲▲라벨_5,5,0.9195032715797424,138,224,0.75,0.0
2EQ16467,3780_전원스위치_9,9,0.7694131135940552,786,210,0.5,0.0
2EQ16467,2917_코마_6,6,0.8534344434738159,696,124,0.5,0.0
2EQ16467,3779_압판스토퍼_14,14,0.759261965751648,232,184,0.75,0.0
2EQ16467,V242_카바라이트_10,10,0.791877031326294,508,146,0.5,0.0
2EQ16468,1525_▲▲▲라벨_5,5,0.924381673336029,820,234,0.5,0.0
2EQ16468,3780_전원스위치_9,9,0.7583506107330322,784,210,0.5,0.0
2EQ16468,2917_코마_6,6,0.8622646331787109,560,162,0.5,0.0
2EQ16468,3779_압판스토퍼_14,14,0.7359158992767334,482,222,0.75,0.0
2EQ16468,V242_카바라이트_10,10,0.7892159819602966,504,144,0.5,0.0
2EQ16469,1525_▲▲▲라벨_5,5,0.9215136766433716,798,228,0.75,0.0
2EQ16469,3780_전원스위치_9,9,0.7465471625328064,114,476,0.5,0.0
2EQ16469,2917_코마_6,6,0.8615896701812744,806,594,0.5,0.0
2EQ16469,3779_압판스토퍼_14,14,0.7257525324821472,216,170,0.75,0.0
2EQ16469,V242_카바라이트_10,10,0.7763192653656006,498,128,0.5,0.0
2EQ16470,1525_▲▲▲라벨_5,5,0.9302597641944885,164,238,0.5,0.0
2EQ16470,3780_전원스위치_9,9,0.7660370469093323,786,210,0.5,0.0
2EQ16470,2917_코마_6,6,0.8860427737236023,912,542,0.5,0.0
2EQ16470,3779_압판스토퍼_14,14,0.7610235810279846,378,378,0.75,0.0
2EQ16470,V242_카바라이트_10,10,0.7758125066757202,490,138,0.5,0.0
2EQ16471,1525_▲▲▲라벨_5,5,0.9201321601867676,208,470,0.5,0.0
2EQ16471,3780_전원스위치_9,9,0.7653278708457947,786,210,0.5,0.0
2EQ16471,2917_코마_6,6,0.873097836971283,946,542,0.5,0.0
2EQ16471,3779_압판스토퍼_14,14,0.7310004830360413,214,180,0.75,0.0
2EQ16471,V242_카바라이트_10,10,0.7725213766098022,446,600,0.5,0.0
2EQ16472,1525_▲▲▲라벨_5,5,0.9308913946151733,436,440,0.75,0.0
2EQ16472,3780_전원스위치_9,9,0.7678014636039734,784,210,0.5,0.0
2EQ16472,2917_코마_6,6,0.8696394562721252,948,548,0.5,0.0
2EQ16472,3779_압판스토퍼_14,14,0.7531288266181946,808,40,0.5,-8.0
2EQ16472,V242_카바라이트_10,10,0.7752847671508789,438,606,0.5,0.0
2EQ16473,1525_▲▲▲라벨_5,5,0.9242098331451416,212,468,0.5,0.0
2EQ16473,3780_전원스위치_9,9,0.7640758752822876,782,210,0.5,0.0
2EQ16473,2917_코마_6,6,0.8515303730964661,932,600,0.5,-8.0
2EQ16473,3779_압판스토퍼_14,14,0.7513425350189209,224,176,0.75,0.0
2EQ16473,V242_카바라이트_10,10,0.7826158404350281,446,612,0.5,0.0
2EQ16474,1525_▲▲▲라벨_5,5,0.9269736409187317,792,226,0.75,0.0
2EQ16474,3780_전원스위치_9,9,0.7667281031608582,782,210,0.5,0.0
2EQ16474,2917_코마_6,6,0.8598769903182983,878,614,0.5,0.0
2EQ16474,3779_압판스토퍼_14,14,0.758681058883667,378,342,0.75,0.0
2EQ16474,V242_카바라이트_10,10,0.776069700717926,488,142,0.5,0.0
2EQ16475,1525_▲▲▲라벨_5,5,0.9269617795944214,160,234,0.5,0.0
2EQ16475,3780_전원스위치_9,9,0.7584558129310608,784,210,0.5,0.0
2EQ16475,2917_코마_6,6,0.8478683233261108,952,616,0.5,0.0
2EQ16475,3779_압판스토퍼_14,14,0.7723687291145325,510,350,0.5,8.0
2EQ16475,V242_카바라이트_10,10,0.7754531502723694,436,610,0.5,0.0
2EQ16476,1525_▲▲▲라벨_5,5,0.9349172711372375,162,236,0.5,0.0
2EQ16476,3780_전원스위치_9,9,0.7664850950241089,782,210,0.5,0.0
2EQ16476,2917_코마_6,6,0.862054169178009,872,588,0.5,0.0
2EQ16476,3779_압판스토퍼_14,14,0.7447904944419861,356,348,0.75,0.0
2EQ16476,V242_카바라이트_10,10,0.7764564752578735,510,126,0.5,0.0
2EQ16477,1525_▲▲▲라벨_5,5,0.9293912649154663,204,468,0.75,0.0
2EQ16477,3780_전원스위치_9,9,0.7674095034599304,782,210,0.5,0.0
2EQ16477,2917_코마_6,6,0.8762073516845703,940,572,0.5,0.0
2EQ16477,3779_압판스토퍼_14,14,0.7460938096046448,244,190,0.75,0.0
2EQ16477,V242_카바라이트_10,10,0.778053879737854,544,124,0.5,0.0
2EQ16478,1525_▲▲▲라벨_5,5,0.9327250123023987,162,232,0.5,0.0
2EQ16478,3780_전원스위치_9,9,0.7681176662445068,782,210,0.5,0.0
2EQ16478,2917_코마_6,6,0.8616054058074951,672,358,0.5,0.0
2EQ16478,3779_압판스토퍼_14,14,0.7751258611679077,212,178,0.75,0.0
2EQ16478,V242_카바라이트_10,10,0.7879847884178162,496,130,0.5,0.0
2EQ16479,1525_▲▲▲라벨_5,5,0.9234874248504639,248,402,0.5,0.0
2EQ16479,3780_전원스위치_9,9,0.7711125016212463,784,210,0.5,0.0
2EQ16479,2917_코마_6,6,0.8765681385993958,400,104,0.5,0.0
2EQ16479,3779_압판스토퍼_14,14,0.7381389141082764,502,392,0.5,8.0
2EQ16479,V242_카바라이트_10,10,0.7804206609725952,446,598,0.5,0.0
2EQ16480,1525_▲▲▲라벨_5,5,0.9239424467086792,820,236,0.5,0.0
2EQ16480,3780_전원스위치_9,9,0.7646965384483337,784,210,0.5,0.0
2EQ16480,2917_코마_6,6,0.8691423535346985,704,154,0.5,0.0
2EQ16480,3779_압판스토퍼_14,14,0.7573800683021545,358,378,0.75,0.0
2EQ16480,V242_카바라이트_10,10,0.7742836475372314,504,136,0.5,0.0
2EQ16481,1525_▲▲▲라벨_5,5,0.9263697862625122,820,234,0.5,0.0
2EQ16481,3780_전원스위치_9,9,0.7640184164047241,784,210,0.5,0.0
2EQ16481,2917_코마_6,6,0.8772968649864197,952,550,0.5,0.0
2EQ16481,3779_압판스토퍼_14,14,0.7194104790687561,210,168,0.5,8.0
2EQ16481,V242_카바라이트_10,10,0.7714850902557373,444,608,0.5,0.0
2EQ16482,1525_▲▲▲라벨_5,5,0.9275527000427246,794,226,0.75,0.0
2EQ16482,3780_전원스위치_9,9,0.7682092785835266,784,210,0.5,0.0
2EQ16482,2917_코마_6,6,0.8801189661026001,894,542,0.5,0.0
2EQ16482,3779_압판스토퍼_14,14,0.7731786370277405,334,354,0.75,0.0
2EQ16482,V242_카바라이트_10,10,0.7736409902572632,490,138,0.5,0.0
2EQ16483,1525_▲▲▲라벨_5,5,0.9194059371948242,794,224,0.75,0.0
2EQ16483,3780_전원스위치_9,9,0.7647715210914612,784,210,0.5,0.0
2EQ16483,2917_코마_6,6,0.8591465353965759,922,580,0.5,0.0
2EQ16483,3779_압판스토퍼_14,14,0.7356333136558533,572,212,0.75,0.0
2EQ16483,V242_카바라이트_10,10,0.777779221534729,442,600,0.5,0.0
2EQ16484,1525_▲▲▲라벨_5,5,0.9296655058860779,162,242,0.5,0.0
2EQ16484,3780_전원스위치_9,9,0.7684351205825806,784,210,0.5,0.0
2EQ16484,2917_코마_6,6,0.8662376403808594,820,542,0.5,0.0
2EQ16484,3779_압판스토퍼_14,14,0.7525749206542969,304,346,0.75,0.0
2EQ16484,V242_카바라이트_10,10,0.7774945497512817,504,134,0.5,0.0
2EQ16485,1525_▲▲▲라벨_5,5,0.9192646145820618,798,226,0.75,0.0
2EQ16485,3780_전원스위치_9,9,0.7655555605888367,784,210,0.5,0.0
2EQ16485,2917_코마_6,6,0.8632218837738037,952,518,0.5,0.0
2EQ16485,3779_압판스토퍼_14,14,0.7374042868614197,210,176,0.5,8.0
2EQ16485,V242_카바라이트_10,10,0.7799063920974731,502,136,0.5,0.0
2EQ16486,1525_▲▲▲라벨_5,5,0.9303662776947021,320,454,0.75,0.0
2EQ16486,3780_전원스위치_9,9,0.7663793563842773,786,210,0.5,0.0
2EQ16486,2917_코마_6,6,0.8642131686210632,928,540,0.5,0.0
2EQ16486,3779_압판스토퍼_14,14,0.7400485277175903,338,376,0.75,0.0
2EQ16486,V242_카바라이트_10,10,0.7739477753639221,440,608,0.5,0.0
2EQ16487,1525_▲▲▲라벨_5,5,0.9245748519897461,816,242,0.5,0.0
2EQ16487,3780_전원스위치_9,9,0.7639031410217285,784,210,0.5,0.0
2EQ16487,2917_코마_6,6,0.8586220145225525,654,118,0.5,0.0
2EQ16487,3779_압판스토퍼_14,14,0.7601642608642578,528,200,0.75,0.0
2EQ16487,V242_카바라이트_10,10,0.7742606997489929,454,596,0.5,0.0
2EQ16488,1525_▲▲▲라벨_5,5,0.9257388114929199,818,234,0.5,0.0
2EQ16488,3780_전원스위치_9,9,0.762801468372345,784,210,0.5,0.0
2EQ16488,2917_코마_6,6,0.8615414500236511,706,124,0.5,0.0
2EQ16488,3779_압판스토퍼_14,14,0.7462432980537415,218,176,0.75,0.0
2EQ16488,V242_카바라이트_10,10,0.769909143447876,456,608,0.5,0.0
2EQ16489,1525_▲▲▲라벨_5,5,0.9247669577598572,0,596,0.5,0.0
2EQ16489,3780_전원스위치_9,9,0.7528682947158813,784,210,0.5,0.0
2EQ16489,2917_코마_6,6,0.8606137633323669,940,534,0.5,0.0
2EQ16489,3779_압판스토퍼_14,14,0.748633623123169,324,356,0.75,0.0
2EQ16489,V242_카바라이트_10,10,0.7711489200592041,730,148,0.5,0.0
2EQ16490,1525_▲▲▲라벨_5,5,0.9310054779052734,14,584,0.75,0.0
2EQ16490,3780_전원스위치_9,9,0.759323239326477,784,210,0.5,0.0
2EQ16490,2917_코마_6,6,0.8688172101974487,700,418,0.5,0.0
2EQ16490,3779_압판스토퍼_14,14,0.7409560084342957,210,176,0.5,8.0
2EQ16490,V242_카바라이트_10,10,0.7911300659179688,500,140,0.5,0.0
2EQ16491,1525_▲▲▲라벨_5,5,0.9283508062362671,822,230,0.5,0.0
2EQ16491,3780_전원스위치_9,9,0.763207733631134,784,210,0.5,0.0
2EQ16491,2917_코마_6,6,0.8825308084487915,902,544,0.5,0.0
2EQ16491,3779_압판스토퍼_14,14,0.7564334869384766,566,220,0.75,0.0
2EQ16491,V242_카바라이트_10,10,0.7736180424690247,452,612,0.5,0.0
2EQ16492,1525_▲▲▲라벨_5,5,0.9192782044410706,160,230,0.5,0.0
2EQ16492,3780_전원스위치_9,9,0.7589614987373352,784,210,0.5,0.0
2EQ16492,2917_코마_6,6,0.8620725870132446,846,370,0.5,0.0
2EQ16492,3779_압판스토퍼_14,14,0.7290261387825012,822,12,0.75,0.0
2EQ16492,V242_카바라이트_10,10,0.7658060193061829,486,132,0.5,0.0
2EQ16493,1525_▲▲▲라벨_5,5,0.9227975606918335,818,234,0.5,0.0
2EQ16493,3780_전원스위치_9,9,0.770729660987854,784,210,0.5,0.0
2EQ16493,2917_코마_6,6,0.8712876439094543,836,564,0.5,0.0
2EQ16493,3779_압판스토퍼_14,14,0.7337308526039124,540,98,0.75,0.0
2EQ16493,V242_카바라이트_10,10,0.783054530620575,496,134,0.5,0.0
2EQ16494,1525_▲▲▲라벨_5,5,0.9216938018798828,0,592,0.75,0.0
2EQ16494,3780_전원스위치_9,9,0.7650102376937866,784,210,0.5,0.0
2EQ16494,2917_코마_6,6,0.8691468834877014,268,138,0.5,0.0
2EQ16494,3779_압판스토퍼_14,14,0.753949761390686,558,184,0.75,0.0
2EQ16494,V242_카바라이트_10,10,0.7616696357727051,494,134,0.5,0.0
2EQ16495,1525_▲▲▲라벨_5,5,0.919826090335846,200,458,0.75,0.0
2EQ16495,3780_전원스위치_9,9,0.764267086982727,784,210,0.5,0.0
2EQ16495,2917_코마_6,6,0.8782259821891785,886,552,0.5,0.0
2EQ16495,3779_압판스토퍼_14,14,0.7661348581314087,548,378,0.5,8.0
2EQ16495,V242_카바라이트_10,10,0.7641121745109558,502,132,0.5,0.0
2EQ16496,1525_▲▲▲라벨_5,5,0.9295699596405029,794,224,0.75,0.0
2EQ16496,3780_전원스위치_9,9,0.7668871283531189,784,210,0.5,0.0
2EQ16496,2917_코마_6,6,0.857083261013031,884,590,0.5,0.0
2EQ16496,3779_압판스토퍼_14,14,0.7490582466125488,218,178,0.75,0.0
2EQ16496,V242_카바라이트_10,10,0.7756668329238892,448,598,0.5,0.0
2EQ16497,1525_▲▲▲라벨_5,5,0.9342832565307617,162,234,0.5,0.0
2EQ16497,3780_전원스위치_9,9,0.7644973397254944,784,210,0.5,0.0
2EQ16497,2917_코마_6,6,0.8550445437431335,114,600,0.5,0.0
2EQ16497,3779_압판스토퍼_14,14,0.7450550198554993,338,334,0.75,0.0
2EQ16497,V242_카바라이트_10,10,0.7758030891418457,448,602,0.5,0.0
2EQ16498,1525_▲▲▲라벨_5,5,0.939225971698761,164,238,0.5,0.0
2EQ16498,3780_전원스위치_9,9,0.7607553005218506,784,210,0.5,0.0
2EQ16498,2917_코마_6,6,0.8476892113685608,802,228,0.5,0.0
2EQ16498,3779_압판스토퍼_14,14,0.7596411108970642,376,370,0.75,0.0
2EQ16498,V242_카바라이트_10,10,0.7762870192527771,442,590,0.5,0.0
2EQ16499,1525_▲▲▲라벨_5,5,0.9235149025917053,90,452,0.75,0.0
2EQ16499,3780_전원스위치_9,9,0.7643347382545471,110,554,0.5,0.0
2EQ16499,2917_코마_6,6,0.8721501231193542,600,568,0.5,0.0
2EQ16499,3779_압판스토퍼_14,14,0.7605084180831909,346,382,0.75,0.0
2EQ16499,V242_카바라이트_10,10,0.787776529788971,502,134,0.5,0.0
2EQ16500,1525_▲▲▲라벨_5,5,0.9368417859077454,166,232,0.5,0.0
2EQ16500,3780_전원스위치_9,9,0.7658326625823975,784,210,0.5,0.0
2EQ16500,2917_코마_6,6,0.8565894365310669,516,546,0.5,0.0
2EQ16500,3779_압판스토퍼_14,14,0.7606062889099121,538,182,0.75,0.0
2EQ16500,V242_카바라이트_10,10,0.784544050693512,492,142,0.5,0.0
2EQ16501,1525_▲▲▲라벨_5,5,0.9321169853210449,162,234,0.5,0.0
2EQ16501,3780_전원스위치_9,9,0.7585755586624146,782,210,0.5,0.0
2EQ16501,2917_코마_6,6,0.859541118144989,42,594,0.5,0.0
2EQ16501,3779_압판스토퍼_14,14,0.7717676758766174,454,326,0.5,8.0
2EQ16501,V242_카바라이트_10,10,0.7813978791236877,444,598,0.5,0.0
2EQ16502,1525_▲▲▲라벨_5,5,0.9204518795013428,234,400,0.75,0.0
2EQ16502,3780_전원스위치_9,9,0.7598580121994019,782,210,0.5,0.0
2EQ16502,2917_코마_6,6,0.87131667137146,398,98,0.5,0.0
2EQ16502,3779_압판스토퍼_14,14,0.7451909184455872,334,318,0.75,0.0
2EQ16502,V242_카바라이트_10,10,0.769981861114502,450,600,0.5,0.0
2EQ16503,1525_▲▲▲라벨_5,5,0.9218692183494568,376,434,0.75,0.0
2EQ16503,3780_전원스위치_9,9,0.767169177532196,784,210,0.5,0.0
2EQ16503,2917_코마_6,6,0.8779522776603699,948,548,0.5,0.0
2EQ16503,3779_압판스토퍼_14,14,0.7550241947174072,534,366,0.5,8.0
2EQ16503,V242_카바라이트_10,10,0.7704106569290161,452,598,0.5,0.0
2EQ16504,1525_▲▲▲라벨_5,5,0.9260955452919006,162,236,0.5,0.0
2EQ16504,3780_전원스위치_9,9,0.760740339756012,784,210,0.5,0.0
2EQ16504,2917_코마_6,6,0.8484622240066528,574,532,0.5,0.0
2EQ16504,3779_압판스토퍼_14,14,0.7384323477745056,480,378,0.5,8.0
2EQ16504,V242_카바라이트_10,10,0.7725701928138733,448,610,0.5,0.0
2EQ16505,1525_▲▲▲라벨_5,5,0.9181469678878784,226,428,0.5,0.0
2EQ16505,3780_전원스위치_9,9,0.7651397585868835,782,210,0.5,0.0
2EQ16505,2917_코마_6,6,0.8568711876869202,638,402,0.5,0.0
2EQ16505,3779_압판스토퍼_14,14,0.7682497501373291,476,240,0.75,0.0
2EQ16505,V242_카바라이트_10,10,0.7756604552268982,490,134,0.5,0.0
2EQ16506,1525_▲▲▲라벨_5,5,0.9223657250404358,198,382,0.5,0.0
2EQ16506,3780_전원스위치_9,9,0.7685854434967041,784,210,0.5,0.0
2EQ16506,2917_코마_6,6,0.8467652797698975,240,68,0.5,0.0
2EQ16506,3779_압판스토퍼_14,14,0.6964008808135986,844,614,0.75,0.0
2EQ16506,V242_카바라이트_10,10,0.7913729548454285,512,162,0.5,0.0
2EQ16507,1525_▲▲▲라벨_5,5,0.931128740310669,796,224,0.75,0.0
2EQ16507,3780_전원스위치_9,9,0.7658687233924866,266,482,0.5,0.0
2EQ16507,2917_코마_6,6,0.8626211881637573,948,562,0.5,0.0
2EQ16507,3779_압판스토퍼_14,14,0.7636207342147827,472,306,0.5,8.0
2EQ16507,V242_카바라이트_10,10,0.7728281617164612,496,138,0.5,0.0
2EQ16508,1525_▲▲▲라벨_5,5,0.937002956867218,166,238,0.5,0.0
2EQ16508,3780_전원스위치_9,9,0.7644417881965637,786,210,0.5,0.0
2EQ16508,2917_코마_6,6,0.8566484451293945,948,538,0.5,0.0
2EQ16508,3779_압판스토퍼_14,14,0.7506695985794067,224,178,0.75,0.0
2EQ16508,V242_카바라이트_10,10,0.7827879786491394,468,620,0.5,0.0
2EQ16509,1525_▲▲▲라벨_5,5,0.9241265058517456,210,482,0.5,0.0
2EQ16509,3780_전원스위치_9,9,0.7619205713272095,784,210,0.5,0.0
2EQ16509,2917_코마_6,6,0.8503269553184509,18,564,0.5,-8.0
2EQ16509,3779_압판스토퍼_14,14,0.7711230516433716,498,308,0.5,8.0
2EQ16509,V242_카바라이트_10,10,0.7585343718528748,456,598,0.5,0.0
2EQ16510,1525_▲▲▲라벨_5,5,0.9293004870414734,224,468,0.5,0.0
2EQ16510,3780_전원스위치_9,9,0.764566957950592,786,210,0.5,0.0
2EQ16510,2917_코마_6,6,0.8644722104072571,914,534,0.5,0.0
2EQ16510,3779_압판스토퍼_14,14,0.7650729417800903,230,184,0.75,0.0
2EQ16510,V242_카바라이트_10,10,0.7559727430343628,490,134,0.5,0.0
2EQ16511,1525_▲▲▲라벨_5,5,0.944076418876648,138,542,0.5,0.0
2EQ16511,3780_전원스위치_9,9,0.7632885575294495,784,210,0.5,0.0
2EQ16511,2917_코마_6,6,0.8560486435890198,714,140,0.5,0.0
2EQ16511,3779_압판스토퍼_14,14,0.749151349067688,384,352,0.75,0.0
2EQ16511,V242_카바라이트_10,10,0.7764571309089661,440,606,0.5,0.0
2EQ16512,1525_▲▲▲라벨_5,5,0.9337232708930969,820,232,0.5,0.0
2EQ16512,3780_전원스위치_9,9,0.743861198425293,192,588,0.5,0.0
2EQ16512,2917_코마_6,6,0.8679575324058533,944,558,0.5,0.0
2EQ16512,3779_압판스토퍼_14,14,0.7389237284660339,522,342,0.5,8.0
2EQ16512,V242_카바라이트_10,10,0.7838826179504395,504,130,0.5,0.0
2EQ16513,1525_▲▲▲라벨_5,5,0.9203428030014038,220,472,0.5,0.0
2EQ16513,3780_전원스위치_9,9,0.7718309760093689,290,452,0.5,0.0
2EQ16513,2917_코마_6,6,0.8662112951278687,612,178,0.5,0.0
2EQ16513,3779_압판스토퍼_14,14,0.7652953267097473,214,176,0.75,0.0
2EQ16513,V242_카바라이트_10,10,0.7743500471115112,514,142,0.5,0.0
2EQ16514,1525_▲▲▲라벨_5,5,0.9267495274543762,814,234,0.5,0.0
2EQ16514,3780_전원스위치_9,9,0.7650778293609619,786,210,0.5,0.0
2EQ16514,2917_코마_6,6,0.8767743706703186,926,558,0.5,0.0
2EQ16514,3779_압판스토퍼_14,14,0.756517231464386,530,432,0.5,8.0
2EQ16514,V242_카바라이트_10,10,0.7749497294425964,454,606,0.5,0.0
2EQ16515,1525_▲▲▲라벨_5,5,0.9200886487960815,162,234,0.5,0.0
2EQ16515,3780_전원스위치_9,9,0.7660681009292603,786,210,0.5,0.0
2EQ16515,2917_코마_6,6,0.8395479917526245,36,618,0.5,0.0
2EQ16515,3779_압판스토퍼_14,14,0.7463957071304321,352,354,0.75,0.0
2EQ16515,V242_카바라이트_10,10,0.775710940361023,452,602,0.5,0.0
2EQ16516,1525_▲▲▲라벨_5,5,0.9276335835456848,796,224,0.75,0.0
2EQ16516,3780_전원스위치_9,9,0.7668594121932983,786,210,0.5,0.0
2EQ16516,2917_코마_6,6,0.8721290230751038,888,552,0.5,0.0
2EQ16516,3779_압판스토퍼_14,14,0.742519736289978,232,184,0.75,0.0
2EQ16516,V242_카바라이트_10,10,0.7722627520561218,502,136,0.5,0.0
2EQ16517,1525_▲▲▲라벨_5,5,0.9192329049110413,824,232,0.5,0.0
2EQ16517,3780_전원스위치_9,9,0.7652208805084229,786,210,0.5,0.0
2EQ16517,2917_코마_6,6,0.8780973553657532,910,578,0.5,0.0
2EQ16517,3779_압판스토퍼_14,14,0.7537030577659607,372,340,0.75,0.0
2EQ16517,V242_카바라이트_10,10,0.7757454514503479,494,140,0.5,0.0
2EQ16518,1525_▲▲▲라벨_5,5,0.9208790063858032,822,234,0.5,0.0
2EQ16518,3780_전원스위치_9,9,0.7659621238708496,786,210,0.5,0.0
2EQ16518,2917_코마_6,6,0.8740058541297913,948,570,0.5,0.0
2EQ16518,3779_압판스토퍼_14,14,0.7553338408470154,350,338,0.75,0.0
2EQ16518,V242_카바라이트_10,10,0.7773574590682983,496,136,0.5,0.0
2EQ16519,1525_▲▲▲라벨_5,5,0.9210432767868042,796,226,0.75,0.0
2EQ16519,3780_전원스위치_9,9,0.7620959281921387,786,210,0.5,0.0
2EQ16519,2917_코마_6,6,0.869901180267334,946,546,0.5,0.0
2EQ16519,3779_압판스토퍼_14,14,0.7749178409576416,472,310,0.5,8.0
2EQ16519,V242_카바라이트_10,10,0.7810052037239075,442,608,0.5,0.0
2EQ16520,1525_▲▲▲라벨_5,5,0.9263116121292114,246,482,0.5,0.0
2EQ16520,3780_전원스위치_9,9,0.7591286301612854,784,210,0.5,0.0
2EQ16520,2917_코마_6,6,0.8699157238006592,952,550,0.5,0.0
2EQ16520,3779_압판스토퍼_14,14,0.7222803831100464,494,382,0.5,8.0
2EQ16520,V242_카바라이트_10,10,0.7813542485237122,510,130,0.5,0.0
2EQ16521,1525_▲▲▲라벨_5,5,0.923635721206665,252,466,0.5,0.0
2EQ16521,3780_전원스위치_9,9,0.7639269828796387,784,210,0.5,0.0
2EQ16521,2917_코마_6,6,0.8707846999168396,944,566,0.5,0.0
2EQ16521,3779_압판스토퍼_14,14,0.7525634765625,212,174,0.75,0.0
2EQ16521,V242_카바라이트_10,10,0.8061250448226929,512,138,0.5,0.0
2EQ16522,1525_▲▲▲라벨_5,5,0.9229791164398193,784,240,0.5,0.0
2EQ16522,3780_전원스위치_9,9,0.7624567151069641,784,210,0.5,0.0
2EQ16522,2917_코마_6,6,0.8660188913345337,916,540,0.5,0.0
2EQ16522,3779_압판스토퍼_14,14,0.7581565976142883,226,184,0.75,0.0
2EQ16522,V242_카바라이트_10,10,0.7745925784111023,446,610,0.5,0.0
2EQ16523,1525_▲▲▲라벨_5,5,0.9250191450119019,796,226,0.75,0.0
2EQ16523,3780_전원스위치_9,9,0.7646756172180176,786,210,0.5,0.0
2EQ16523,2917_코마_6,6,0.8582618832588196,804,560,0.5,0.0
2EQ16523,3779_압판스토퍼_14,14,0.7218074202537537,222,184,0.5,8.0
2EQ16523,V242_카바라이트_10,10,0.7750457525253296,506,134,0.5,0.0
2EQ16524,1525_▲▲▲라벨_5,5,0.9217575788497925,820,234,0.5,0.0
2EQ16524,3780_전원스위치_9,9,0.7597935199737549,784,210,0.5,0.0
2EQ16524,2917_코마_6,6,0.8752367496490479,890,540,0.5,0.0
2EQ16524,3779_압판스토퍼_14,14,0.7520724534988403,546,180,0.75,0.0
2EQ16524,V242_카바라이트_10,10,0.7862080931663513,496,130,0.5,0.0
2EQ16525,1525_▲▲▲라벨_5,5,0.9360227584838867,30,588,0.5,8.0
2EQ16525,3780_전원스위치_9,9,0.7604160904884338,784,210,0.5,0.0
2EQ16525,2917_코마_6,6,0.86716628074646,826,556,0.5,0.0
2EQ16525,3779_압판스토퍼_14,14,0.7354446053504944,564,414,0.5,8.0
2EQ16525,V242_카바라이트_10,10,0.7731900811195374,496,138,0.5,0.0
2EQ16526,1525_▲▲▲라벨_5,5,0.9294596314430237,820,232,0.5,0.0
2EQ16526,3780_전원스위치_9,9,0.7628055214881897,784,210,0.5,0.0
2EQ16526,2917_코마_6,6,0.8501006364822388,896,532,0.5,0.0
2EQ16526,3779_압판스토퍼_14,14,0.7348375916481018,494,314,0.5,8.0
2EQ16526,V242_카바라이트_10,10,0.7779882550239563,450,596,0.5,0.0
2EQ16527,1525_▲▲▲라벨_5,5,0.9295979738235474,796,224,0.75,0.0
2EQ16527,3780_전원스위치_9,9,0.7638623118400574,326,392,0.5,0.0
2EQ16527,2917_코마_6,6,0.8561997413635254,944,540,0.5,0.0
2EQ16527,3779_압판스토퍼_14,14,0.7368040680885315,514,396,0.5,8.0
2EQ16527,V242_카바라이트_10,10,0.7664157748222351,502,130,0.5,0.0
2EQ16528,1525_▲▲▲라벨_5,5,0.9292927384376526,822,232,0.5,0.0
2EQ16528,3780_전원스위치_9,9,0.7634725570678711,784,210,0.5,0.0
2EQ16528,2917_코마_6,6,0.8709256649017334,906,578,0.5,0.0
2EQ16528,3779_압판스토퍼_14,14,0.7427304983139038,668,274,0.75,0.0
2EQ16528,V242_카바라이트_10,10,0.784603476524353,512,134,0.5,0.0
2EQ16529,1525_▲▲▲라벨_5,5,0.9225305914878845,824,234,0.5,0.0
2EQ16529,3780_전원스위치_9,9,0.7651329040527344,784,210,0.5,0.0
2EQ16529,2917_코마_6,6,0.869263231754303,944,560,0.5,0.0
2EQ16529,3779_압판스토퍼_14,14,0.7439808249473572,480,350,0.5,8.0
2EQ16529,V242_카바라이트_10,10,0.7787761092185974,500,138,0.5,0.0
2EQ16530,1525_▲▲▲라벨_5,5,0.9220070838928223,796,224,0.75,0.0
2EQ16530,3780_전원스위치_9,9,0.7666741609573364,786,210,0.5,0.0
2EQ16530,2917_코마_6,6,0.8766898512840271,890,574,0.5,0.0
2EQ16530,3779_압판스토퍼_14,14,0.7677217125892639,458,174,0.75,0.0
2EQ16530,V242_카바라이트_10,10,0.7702894806861877,508,130,0.5,0.0
2EQ16531,1525_▲▲▲라벨_5,5,0.9297136068344116,162,236,0.5,0.0
2EQ16531,3780_전원스위치_9,9,0.767770528793335,784,210,0.5,0.0
2EQ16531,2917_코마_6,6,0.8733086585998535,930,578,0.5,0.0
2EQ16531,3779_압판스토퍼_14,14,0.7512462139129639,344,304,0.75,0.0
2EQ16531,V242_카바라이트_10,10,0.7750053405761719,502,140,0.5,0.0
2EQ16532,1525_▲▲▲라벨_5,5,0.9403624534606934,46,500,0.5,0.0
2EQ16532,3780_전원스위치_9,9,0.7616028189659119,784,210,0.5,0.0
2EQ16532,2917_코마_6,6,0.8539814352989197,952,592,0.5,0.0
2EQ16532,3779_압판스토퍼_14,14,0.7565986514091492,242,200,0.75,0.0
2EQ16532,V242_카바라이트_10,10,0.7820572257041931,442,612,0.5,0.0
2EQ16533,1525_▲▲▲라벨_5,5,0.9311153292655945,140,230,0.75,0.0
2EQ16533,3780_전원스위치_9,9,0.7655370235443115,280,476,0.5,0.0
2EQ16533,2917_코마_6,6,0.8566603660583496,942,532,0.5,0.0
2EQ16533,3779_압판스토퍼_14,14,0.7511864304542542,574,258,0.5,8.0
2EQ16533,V242_카바라이트_10,10,0.7748751640319824,446,604,0.5,0.0
2EQ16534,1525_▲▲▲라벨_5,5,0.9250783920288086,820,232,0.5,0.0
2EQ16534,3780_전원스위치_9,9,0.7630670666694641,784,210,0.5,0.0
2EQ16534,2917_코마_6,6,0.8608793616294861,944,572,0.5,0.0
2EQ16534,3779_압판스토퍼_14,14,0.7658048272132874,532,328,0.5,8.0
2EQ16534,V242_카바라이트_10,10,0.7767032384872437,446,606,0.5,0.0
2EQ16535,1525_▲▲▲라벨_5,5,0.9339423179626465,820,232,0.5,0.0
2EQ16535,3780_전원스위치_9,9,0.7583796977996826,784,210,0.5,0.0
2EQ16535,2917_코마_6,6,0.8620607256889343,928,552,0.5,0.0
2EQ16535,3779_압판스토퍼_14,14,0.7559213042259216,594,242,0.75,0.0
2EQ16535,V242_카바라이트_10,10,0.7812004685401917,506,128,0.5,0.0
2EQ16536,1525_▲▲▲라벨_5,5,0.9210982918739319,520,532,0.5,0.0
2EQ16536,3780_전원스위치_9,9,0.7651307582855225,784,210,0.5,0.0
2EQ16536,2917_코마_6,6,0.870434045791626,528,140,0.5,0.0
2EQ16536,3779_압판스토퍼_14,14,0.7548820376396179,390,402,0.75,0.0
2EQ16536,V242_카바라이트_10,10,0.7743356227874756,442,608,0.5,0.0
2EQ16537,1525_▲▲▲라벨_5,5,0.927523672580719,2,586,0.5,8.0
2EQ16537,3780_전원스위치_9,9,0.7625119686126709,786,210,0.5,0.0
2EQ16537,2917_코마_6,6,0.8725247383117676,918,562,0.5,0.0
2EQ16537,3779_압판스토퍼_14,14,0.7614038586616516,344,348,0.75,0.0
2EQ16537,V242_카바라이트_10,10,0.7749046683311462,456,596,0.5,0.0
2EQ16538,1525_▲▲▲라벨_5,5,0.9296075105667114,166,238,0.5,0.0
2EQ16538,3780_전원스위치_9,9,0.763940155506134,786,210,0.5,0.0
2EQ16538,2917_코마_6,6,0.8718019723892212,844,554,0.5,0.0
2EQ16538,3779_압판스토퍼_14,14,0.7585545778274536,186,448,0.75,0.0
2EQ16538,V242_카바라이트_10,10,0.7591511011123657,494,140,0.5,0.0
2EQ16539,1525_▲▲▲라벨_5,5,0.9234346151351929,820,230,0.5,0.0
2EQ16539,3780_전원스위치_9,9,0.7693880200386047,214,502,0.5,0.0
2EQ16539,2917_코마_6,6,0.8785054683685303,952,562,0.5,0.0
2EQ16539,3779_압판스토퍼_14,14,0.7595917582511902,346,346,0.75,0.0
2EQ16539,V242_카바라이트_10,10,0.7760730981826782,440,598,0.5,0.0
2EQ16540,1525_▲▲▲라벨_5,5,0.9299659729003906,820,234,0.5,0.0
2EQ16540,3780_전원스위치_9,9,0.7664844989776611,786,210,0.5,0.0
2EQ16540,2917_코마_6,6,0.8733481168746948,938,570,0.5,0.0
2EQ16540,3779_압판스토퍼_14,14,0.7446090579032898,320,352,0.75,0.0
2EQ16540,V242_카바라이트_10,10,0.7761728167533875,448,604,0.5,0.0
2EQ16541,1525_▲▲▲라벨_5,5,0.9313893914222717,818,232,0.5,0.0
2EQ16541,3780_전원스위치_9,9,0.7638778686523438,786,210,0.5,0.0
2EQ16541,2917_코마_6,6,0.8738412857055664,952,550,0.5,0.0
2EQ16541,3779_압판스토퍼_14,14,0.7671061754226685,120,542,0.75,0.0
2EQ16541,V242_카바라이트_10,10,0.7761305570602417,444,598,0.5,0.0
2EQ16542,1525_▲▲▲라벨_5,5,0.919802188873291,822,234,0.5,0.0
2EQ16542,3780_전원스위치_9,9,0.7600460648536682,784,210,0.5,0.0
2EQ16542,2917_코마_6,6,0.87237548828125,778,556,0.5,0.0
2EQ16542,3779_압판스토퍼_14,14,0.7594743371009827,400,434,0.75,0.0
2EQ16542,V242_카바라이트_10,10,0.7848518490791321,492,150,0.5,0.0
2EQ16543,1525_▲▲▲라벨_5,5,0.9249978065490723,212,474,0.75,0.0
2EQ16543,3780_전원스위치_9,9,0.7630841732025146,784,210,0.5,0.0
2EQ16543,2917_코마_6,6,0.8617070913314819,902,584,0.5,0.0
2EQ16543,3779_압판스토퍼_14,14,0.762409508228302,228,180,0.75,0.0
2EQ16543,V242_카바라이트_10,10,0.7819422483444214,514,132,0.5,0.0
2EQ16544,1525_▲▲▲라벨_5,5,0.9291378855705261,374,448,0.75,0.0
2EQ16544,3780_전원스위치_9,9,0.764906644821167,786,210,0.5,0.0
2EQ16544,2917_코마_6,6,0.8681788444519043,688,140,0.5,0.0
2EQ16544,3779_압판스토퍼_14,14,0.7336596846580505,268,202,0.75,0.0
2EQ16544,V242_카바라이트_10,10,0.7766647934913635,444,608,0.5,0.0
2EQ16545,1525_▲▲▲라벨_5,5,0.9237690567970276,820,232,0.5,0.0
2EQ16545,3780_전원스위치_9,9,0.7648536562919617,784,210,0.5,0.0
2EQ16545,2917_코마_6,6,0.8470847010612488,926,606,0.5,0.0
2EQ16545,3779_압판스토퍼_14,14,0.7504649758338928,216,180,0.75,0.0
2EQ16545,V242_카바라이트_10,10,0.7745800018310547,444,608,0.5,0.0
2EQ16546,1525_▲▲▲라벨_5,5,0.9333325028419495,72,616,0.5,0.0
2EQ16546,3780_전원스위치_9,9,0.759937584400177,784,210,0.5,0.0
2EQ16546,2917_코마_6,6,0.8769676089286804,910,560,0.5,0.0
2EQ16546,3779_압판스토퍼_14,14,0.7554790377616882,514,186,0.75,0.0
2EQ16546,V242_카바라이트_10,10,0.7685666680335999,456,598,0.5,0.0
2EQ16547,1525_▲▲▲라벨_5,5,0.9247652888298035,194,476,0.5,0.0
2EQ16547,3780_전원스위치_9,9,0.7600914239883423,784,210,0.5,0.0
2EQ16547,2917_코마_6,6,0.842586874961853,948,632,0.5,0.0
2EQ16547,3779_압판스토퍼_14,14,0.7632805109024048,210,180,0.5,8.0
2EQ16547,V242_카바라이트_10,10,0.7776771783828735,454,604,0.5,0.0
2EQ16548,1525_▲▲▲라벨_5,5,0.9288850426673889,6,588,0.5,0.0
2EQ16548,3780_전원스위치_9,9,0.7608538866043091,784,210,0.5,0.0
2EQ16548,2917_코마_6,6,0.8670706748962402,910,570,0.5,0.0
2EQ16548,3779_압판스토퍼_14,14,0.7406901717185974,524,218,0.75,0.0
2EQ16548,V242_카바라이트_10,10,0.7729189991950989,502,138,0.5,0.0
2EQ16549,1525_▲▲▲라벨_5,5,0.9303987622261047,796,226,0.75,0.0
2EQ16549,3780_전원스위치_9,9,0.7667962908744812,784,210,0.5,0.0
2EQ16549,2917_코마_6,6,0.8787928819656372,838,560,0.5,0.0
2EQ16549,3779_압판스토퍼_14,14,0.7404504418373108,590,210,0.75,0.0
2EQ16549,V242_카바라이트_10,10,0.771130383014679,508,134,0.5,0.0
2EQ16550,1525_▲▲▲라벨_5,5,0.9209906458854675,238,478,0.75,0.0
2EQ16550,3780_전원스위치_9,9,0.7627472281455994,786,210,0.5,0.0
2EQ16550,2917_코마_6,6,0.8637932538986206,504,86,0.5,0.0
2EQ16550,3779_압판스토퍼_14,14,0.745005190372467,800,56,0.5,-8.0
2EQ16550,V242_카바라이트_10,10,0.7859392166137695,502,138,0.5,0.0
2EQ16551,1525_▲▲▲라벨_5,5,0.9246526956558228,322,258,0.75,0.0
2EQ16551,3780_전원스위치_9,9,0.7639227509498596,784,210,0.5,0.0
2EQ16551,2917_코마_6,6,0.848833441734314,808,226,0.5,0.0
2EQ16551,3779_압판스토퍼_14,14,0.7498582601547241,172,630,0.5,8.0
2EQ16551,V242_카바라이트_10,10,0.7821953892707825,506,158,0.5,0.0
2EQ16552,1525_▲▲▲라벨_5,5,0.9256623387336731,130,422,0.75,0.0
2EQ16552,3780_전원스위치_9,9,0.7679613828659058,784,210,0.5,0.0
2EQ16552,2917_코마_6,6,0.8453128337860107,924,602,0.5,0.0
2EQ16552,3779_압판스토퍼_14,14,0.7530934810638428,564,230,0.75,0.0
2EQ16552,V242_카바라이트_10,10,0.7875353097915649,512,138,0.5,0.0
2EQ16553,1525_▲▲▲라벨_5,5,0.9235655665397644,804,232,0.5,0.0
2EQ16553,3780_전원스위치_9,9,0.7629378437995911,786,210,0.5,0.0
2EQ16553,2917_코마_6,6,0.8697503805160522,908,568,0.5,0.0
2EQ16553,3779_압판스토퍼_14,14,0.7708657383918762,830,60,0.5,-8.0
2EQ16553,V242_카바라이트_10,10,0.770545244216919,446,608,0.5,0.0
2EQ16554,1525_▲▲▲라벨_5,5,0.938789963722229,162,238,0.5,0.0
2EQ16554,3780_전원스위치_9,9,0.7669466733932495,784,210,0.5,0.0
2EQ16554,2917_코마_6,6,0.861489474773407,316,656,0.5,0.0
2EQ16554,3779_압판스토퍼_14,14,0.7620600461959839,514,178,0.75,0.0
2EQ16554,V242_카바라이트_10,10,0.7939803600311279,498,132,0.5,0.0
2EQ16555,1525_▲▲▲라벨_5,5,0.9211576581001282,162,238,0.5,0.0
2EQ16555,3780_전원스위치_9,9,0.7687879204750061,784,210,0.5,0.0
2EQ16555,2917_코마_6,6,0.8685328960418701,952,548,0.5,0.0
2EQ16555,3779_압판스토퍼_14,14,0.7714499235153198,820,70,0.5,-8.0
2EQ16555,V242_카바라이트_10,10,0.7834619879722595,492,130,0.5,0.0
2EQ16556,1525_▲▲▲라벨_5,5,0.9206358790397644,364,468,0.5,0.0
2EQ16556,3780_전원스위치_9,9,0.763092041015625,784,210,0.5,0.0
2EQ16556,2917_코마_6,6,0.8714825510978699,900,546,0.5,0.0
2EQ16556,3779_압판스토퍼_14,14,0.7487360239028931,538,198,0.75,0.0
2EQ16556,V242_카바라이트_10,10,0.7869585752487183,500,130,0.5,0.0
2EQ16557,1525_▲▲▲라벨_5,5,0.9331132769584656,796,226,0.75,0.0
2EQ16557,3780_전원스위치_9,9,0.7682763338088989,784,210,0.5,0.0
2EQ16557,2917_코마_6,6,0.8577682375907898,950,556,0.5,0.0
2EQ16557,3779_압판스토퍼_14,14,0.7471128702163696,466,436,0.5,8.0
2EQ16557,V242_카바라이트_10,10,0.7774600386619568,466,602,0.5,0.0
2EQ16558,1525_▲▲▲라벨_5,5,0.9213677048683167,820,230,0.5,0.0
2EQ16558,3780_전원스위치_9,9,0.7649441361427307,286,466,0.5,0.0
2EQ16558,2917_코마_6,6,0.8533120155334473,236,200,0.5,0.0
2EQ16558,3779_압판스토퍼_14,14,0.7445974349975586,212,180,0.5,8.0
2EQ16558,V242_카바라이트_10,10,0.7787017226219177,502,130,0.5,0.0
2EQ16559,1525_▲▲▲라벨_5,5,0.921211838722229,210,480,0.5,0.0
2EQ16559,3780_전원스위치_9,9,0.7601282596588135,308,468,0.5,0.0
2EQ16559,2917_코마_6,6,0.8737688660621643,948,558,0.5,0.0
2EQ16559,3779_압판스토퍼_14,14,0.7562056183815002,450,274,0.75,0.0
2EQ16559,V242_카바라이트_10,10,0.7665860652923584,510,130,0.5,0.0
2EQ16560,1525_▲▲▲라벨_5,5,0.929137647151947,198,468,0.75,0.0
2EQ16560,3780_전원스위치_9,9,0.7649734020233154,786,210,0.5,0.0
2EQ16560,2917_코마_6,6,0.8694211840629578,868,566,0.5,0.0
2EQ16560,3779_압판스토퍼_14,14,0.7194310426712036,358,390,0.75,0.0
2EQ16560,V242_카바라이트_10,10,0.781885027885437,514,132,0.5,0.0
2EQ16561,1525_▲▲▲라벨_5,5,0.9166573286056519,382,446,0.5,0.0
2EQ16561,3780_전원스위치_9,9,0.7648435831069946,786,210,0.5,0.0
2EQ16561,2917_코마_6,6,0.8617600202560425,948,612,0.5,0.0
2EQ16561,3779_압판스토퍼_14,14,0.7571941018104553,450,330,0.5,8.0
2EQ16561,V242_카바라이트_10,10,0.7751203179359436,492,136,0.5,0.0
2EQ16562,1525_▲▲▲라벨_5,5,0.9323930144309998,162,236,0.5,0.0
2EQ16562,3780_전원스위치_9,9,0.7647212147712708,786,210,0.5,0.0
2EQ16562,2917_코마_6,6,0.8488100171089172,882,598,0.5,0.0
2EQ16562,3779_압판스토퍼_14,14,0.7597718238830566,438,198,0.75,0.0
2EQ16562,V242_카바라이트_10,10,0.7816196084022522,498,148,0.5,0.0
2EQ16563,1525_▲▲▲라벨_5,5,0.9323388338088989,820,232,0.5,0.0
2EQ16563,3780_전원스위치_9,9,0.7683518528938293,784,210,0.5,0.0
2EQ16563,2917_코마_6,6,0.8746208548545837,940,554,0.5,0.0
2EQ16563,3779_압판스토퍼_14,14,0.7573466300964355,526,240,0.75,0.0
2EQ16563,V242_카바라이트_10,10,0.7787511944770813,446,604,0.5,0.0
2EQ16564,1525_▲▲▲라벨_5,5,0.9227374792098999,822,232,0.5,0.0
2EQ16564,3780_전원스위치_9,9,0.7568498849868774,786,210,0.5,0.0
2EQ16564,2917_코마_6,6,0.8424050807952881,748,68,0.5,0.0
2EQ16564,3779_압판스토퍼_14,14,0.7433025240898132,222,180,0.75,0.0
2EQ16564,V242_카바라이트_10,10,0.7788586616516113,510,132,0.5,0.0
2EQ16565,1525_▲▲▲라벨_5,5,0.9274994730949402,818,234,0.5,0.0
2EQ16565,3780_전원스위치_9,9,0.7654801607131958,786,210,0.5,0.0
2EQ16565,2917_코마_6,6,0.8768252730369568,944,546,0.5,0.0
2EQ16565,3779_압판스토퍼_14,14,0.7523437738418579,452,166,0.75,0.0
2EQ16565,V242_카바라이트_10,10,0.7733644247055054,444,606,0.5,0.0
2EQ16566,1525_▲▲▲라벨_5,5,0.9299389123916626,818,234,0.5,0.0
2EQ16566,3780_전원스위치_9,9,0.7669782638549805,784,210,0.5,0.0
2EQ16566,2917_코마_6,6,0.8683516979217529,584,560,0.5,0.0
2EQ16566,3779_압판스토퍼_14,14,0.7458060383796692,214,178,0.5,8.0
2EQ16566,V242_카바라이트_10,10,0.7820364832878113,518,134,0.5,0.0
2EQ16567,1525_▲▲▲라벨_5,5,0.9279534220695496,820,232,0.5,0.0
2EQ16567,3780_전원스위치_9,9,0.7671194672584534,784,210,0.5,0.0
2EQ16567,2917_코마_6,6,0.8509082198143005,932,558,0.5,0.0
2EQ16567,3779_압판스토퍼_14,14,0.7448039054870605,238,184,0.75,0.0
2EQ16567,V242_카바라이트_10,10,0.7692224383354187,458,618,0.5,0.0
2EQ16568,1525_▲▲▲라벨_5,5,0.9257884621620178,252,472,0.5,0.0
2EQ16568,3780_전원스위치_9,9,0.7640439867973328,784,210,0.5,0.0
2EQ16568,2917_코마_6,6,0.8491107225418091,912,598,0.5,0.0
2EQ16568,3779_압판스토퍼_14,14,0.7617841958999634,366,368,0.75,0.0
2EQ16568,V242_카바라이트_10,10,0.782495379447937,490,146,0.5,0.0
2EQ16569,1525_▲▲▲라벨_5,5,0.9231852293014526,64,586,0.5,0.0
2EQ16569,3780_전원스위치_9,9,0.7683005928993225,784,210,0.5,0.0
2EQ16569,2917_코마_6,6,0.8582757711410522,902,612,0.5,0.0
2EQ16569,3779_압판스토퍼_14,14,0.7351636290550232,212,180,0.75,0.0
2EQ16569,V242_카바라이트_10,10,0.7772917151451111,456,602,0.5,0.0
2EQ16570,1525_▲▲▲라벨_5,5,0.9314841628074646,346,456,0.75,0.0
2EQ16570,3780_전원스위치_9,9,0.7666666507720947,784,210,0.5,0.0
2EQ16570,2917_코마_6,6,0.8569102883338928,910,610,0.5,0.0
2EQ16570,3779_압판스토퍼_14,14,0.7553933262825012,398,408,0.75,0.0
2EQ16570,V242_카바라이트_10,10,0.7817551493644714,454,604,0.5,0.0
2EQ16571,1525_▲▲▲라벨_5,5,0.9276271462440491,178,466,0.75,0.0
2EQ16571,3780_전원스위치_9,9,0.7609305381774902,784,210,0.5,0.0
2EQ16571,2917_코마_6,6,0.8757573366165161,916,572,0.5,0.0
2EQ16571,3779_압판스토퍼_14,14,0.74944669008255,218,178,0.75,0.0
2EQ16571,V242_카바라이트_10,10,0.7736296653747559,494,140,0.5,0.0
2EQ16572,1525_▲▲▲라벨_5,5,0.9295141696929932,794,224,0.75,0.0
2EQ16572,3780_전원스위치_9,9,0.7638760209083557,784,210,0.5,0.0
2EQ16572,2917_코마_6,6,0.855866014957428,920,572,0.5,0.0
2EQ16572,3779_압판스토퍼_14,14,0.739463746547699,460,336,0.5,8.0
2EQ16572,V242_카바라이트_10,10,0.7785590887069702,438,616,0.5,0.0
2EQ16573,1525_▲▲▲라벨_5,5,0.9358237385749817,818,232,0.5,0.0
2EQ16573,3780_전원스위치_9,9,0.7627221941947937,312,456,0.5,0.0
2EQ16573,2917_코마_6,6,0.8734098672866821,896,538,0.5,0.0
2EQ16573,3779_압판스토퍼_14,14,0.7365788221359253,590,272,0.75,0.0
2EQ16573,V242_카바라이트_10,10,0.777550458908081,454,638,0.5,0.0
2EQ16574,1525_▲▲▲라벨_5,5,0.9285178780555725,818,232,0.5,0.0
2EQ16574,3780_전원스위치_9,9,0.7599397301673889,784,210,0.5,0.0
2EQ16574,2917_코마_6,6,0.8433873653411865,900,608,0.5,0.0
2EQ16574,3779_압판스토퍼_14,14,0.7700567245483398,416,296,0.5,8.0
2EQ16574,V242_카바라이트_10,10,0.7742770910263062,488,134,0.5,0.0
2EQ16575,1525_▲▲▲라벨_5,5,0.9261539578437805,156,478,0.75,0.0
2EQ16575,3780_전원스위치_9,9,0.7651954889297485,784,210,0.5,0.0
2EQ16575,2917_코마_6,6,0.8668878078460693,866,538,0.5,0.0
2EQ16575,3779_압판스토퍼_14,14,0.7522549033164978,456,116,0.75,0.0
2EQ16575,V242_카바라이트_10,10,0.7812145352363586,508,130,0.5,0.0
2EQ16576,1525_▲▲▲라벨_5,5,0.9240375757217407,820,232,0.5,0.0
2EQ16576,3780_전원스위치_9,9,0.7647412419319153,784,210,0.5,0.0
2EQ16576,2917_코마_6,6,0.8623719811439514,802,542,0.5,0.0
2EQ16576,3779_압판스토퍼_14,14,0.743145763874054,298,408,0.75,0.0
2EQ16576,V242_카바라이트_10,10,0.7832342982292175,434,602,0.5,0.0
2EQ16577,1525_▲▲▲라벨_5,5,0.9230138063430786,212,470,0.5,0.0
2EQ16577,3780_전원스위치_9,9,0.7686442136764526,784,210,0.5,0.0
2EQ16577,2917_코마_6,6,0.883093535900116,942,548,0.5,0.0
2EQ16577,3779_압판스토퍼_14,14,0.756840169429779,476,338,0.5,8.0
2EQ16577,V242_카바라이트_10,10,0.7764156460762024,490,144,0.5,0.0
2EQ16578,1525_▲▲▲라벨_5,5,0.9161210656166077,408,404,0.5,0.0
2EQ16578,3780_전원스위치_9,9,0.7572103142738342,786,210,0.5,0.0
2EQ16578,2917_코마_6,6,0.8756052255630493,226,696,0.5,0.0
2EQ16578,3779_압판스토퍼_14,14,0.7514194846153259,584,358,0.5,8.0
2EQ16578,V242_카바라이트_10,10,0.7773202657699585,502,146,0.5,0.0
2EQ16579,1525_▲▲▲라벨_5,5,0.9278376698493958,820,230,0.5,0.0
2EQ16579,3780_전원스위치_9,9,0.7649849653244019,784,210,0.5,0.0
2EQ16579,2917_코마_6,6,0.8628513813018799,876,594,0.5,0.0
2EQ16579,3779_압판스토퍼_14,14,0.7498877644538879,330,318,0.75,0.0
2EQ16579,V242_카바라이트_10,10,0.7752590179443359,490,142,0.5,0.0
2EQ16580,1525_▲▲▲라벨_5,5,0.9199663400650024,214,464,0.5,0.0
2EQ16580,3780_전원스위치_9,9,0.7670806646347046,784,210,0.5,0.0
2EQ16580,2917_코마_6,6,0.8584370613098145,860,556,0.5,0.0
2EQ16580,3779_압판스토퍼_14,14,0.7465980648994446,354,386,0.75,0.0
2EQ16580,V242_카바라이트_10,10,0.7799848914146423,498,132,0.5,0.0
2EQ16581,1525_▲▲▲라벨_5,5,0.9270175695419312,210,470,0.5,0.0
2EQ16581,3780_전원스위치_9,9,0.7602936625480652,786,210,0.5,0.0
2EQ16581,2917_코마_6,6,0.865516185760498,862,534,0.5,0.0
2EQ16581,3779_압판스토퍼_14,14,0.7560278177261353,544,244,0.75,0.0
2EQ16581,V242_카바라이트_10,10,0.7805609107017517,450,604,0.5,0.0
2EQ16582,1525_▲▲▲라벨_5,5,0.9242313504219055,186,410,0.5,0.0
2EQ16582,3780_전원스위치_9,9,0.7729217410087585,350,378,0.5,0.0
2EQ16582,2917_코마_6,6,0.8621282577514648,136,426,0.5,0.0
2EQ16582,3779_압판스토퍼_14,14,0.7385769486427307,210,144,1.75,8.0
2EQ16582,V242_카바라이트_10,10,0.7907182574272156,414,626,0.5,0.0
2EQ16583,1525_▲▲▲라벨_5,5,0.922058641910553,796,226,0.75,0.0
2EQ16583,3780_전원스위치_9,9,0.7612958550453186,784,210,0.5,0.0
2EQ16583,2917_코마_6,6,0.87807697057724,904,558,0.5,0.0
2EQ16583,3779_압판스토퍼_14,14,0.7515161633491516,220,174,0.75,0.0
2EQ16583,V242_카바라이트_10,10,0.7788065075874329,488,134,0.5,0.0
2EQ16584,1525_▲▲▲라벨_5,5,0.9252744913101196,58,588,0.5,0.0
2EQ16584,3780_전원스위치_9,9,0.7591271996498108,784,210,0.5,0.0
2EQ16584,2917_코마_6,6,0.8696665167808533,460,138,0.5,0.0
2EQ16584,3779_압판스토퍼_14,14,0.7591528296470642,490,262,0.75,0.0
2EQ16584,V242_카바라이트_10,10,0.7741001844406128,488,136,0.5,0.0
2EQ16585,1525_▲▲▲라벨_5,5,0.928972065448761,822,234,0.5,0.0
2EQ16585,3780_전원스위치_9,9,0.7659684419631958,784,210,0.5,0.0
2EQ16585,2917_코마_6,6,0.8681784272193909,878,546,0.5,0.0
2EQ16585,3779_압판스토퍼_14,14,0.7465238571166992,374,388,0.75,0.0
2EQ16585,V242_카바라이트_10,10,0.7797945141792297,444,608,0.5,0.0
2EQ16586,1525_▲▲▲라벨_5,5,0.9269903898239136,286,486,0.5,0.0
2EQ16586,3780_전원스위치_9,9,0.7688407897949219,784,210,0.5,0.0
2EQ16586,2917_코마_6,6,0.8700640797615051,944,580,0.5,0.0
2EQ16586,3779_압판스토퍼_14,14,0.7760196924209595,468,190,0.75,0.0
2EQ16586,V242_카바라이트_10,10,0.7771504521369934,446,590,0.5,0.0
2EQ16587,1525_▲▲▲라벨_5,5,0.9195367097854614,820,234,0.5,0.0
2EQ16587,3780_전원스위치_9,9,0.7626335620880127,784,210,0.5,0.0
2EQ16587,2917_코마_6,6,0.8812038898468018,708,148,0.5,0.0
2EQ16587,3779_압판스토퍼_14,14,0.7470650672912598,550,246,0.75,0.0
2EQ16587,V242_카바라이트_10,10,0.7839648723602295,492,140,0.5,0.0
2EQ16588,1525_▲▲▲라벨_5,5,0.9299139976501465,820,234,0.5,0.0
2EQ16588,3780_전원스위치_9,9,0.7680741548538208,784,210,0.5,0.0
2EQ16588,2917_코마_6,6,0.8741583228111267,882,558,0.5,0.0
2EQ16588,3779_압판스토퍼_14,14,0.7773755788803101,492,320,0.5,8.0
2EQ16588,V242_카바라이트_10,10,0.7894452214241028,502,136,0.5,0.0
2EQ16589,1525_▲▲▲라벨_5,5,0.9211516976356506,162,236,0.5,0.0
2EQ16589,3780_전원스위치_9,9,0.7664177417755127,786,210,0.5,0.0
2EQ16589,2917_코마_6,6,0.8807993531227112,896,538,0.5,0.0
2EQ16589,3779_압판스토퍼_14,14,0.7414783239364624,462,350,0.5,8.0
2EQ16589,V242_카바라이트_10,10,0.7767481803894043,454,614,0.5,0.0
2EQ16590,1525_▲▲▲라벨_5,5,0.9372634887695312,168,238,0.5,0.0
2EQ16590,3780_전원스위치_9,9,0.761481761932373,784,210,0.5,0.0
2EQ16590,2917_코마_6,6,0.8760772347450256,926,568,0.5,0.0
2EQ16590,3779_압판스토퍼_14,14,0.7623385787010193,332,286,0.75,0.0
2EQ16590,V242_카바라이트_10,10,0.7940865159034729,490,126,0.5,0.0
2EQ16591,1525_▲▲▲라벨_5,5,0.9260947108268738,214,462,0.5,0.0
2EQ16591,3780_전원스위치_9,9,0.7643056511878967,784,210,0.5,0.0
2EQ16591,2917_코마_6,6,0.8580521941184998,944,564,0.5,0.0
2EQ16591,3779_압판스토퍼_14,14,0.7526997327804565,470,370,0.5,8.0
2EQ16591,V242_카바라이트_10,10,0.7821250557899475,492,138,0.5,0.0
2EQ16592,1525_▲▲▲라벨_5,5,0.9248291254043579,820,232,0.5,0.0
2EQ16592,3780_전원스위치_9,9,0.7650869488716125,784,210,0.5,0.0
2EQ16592,2917_코마_6,6,0.8587310314178467,906,550,0.5,0.0
2EQ16592,3779_압판스토퍼_14,14,0.7557591199874878,384,346,0.75,0.0
2EQ16592,V242_카바라이트_10,10,0.7765287756919861,446,608,0.5,0.0
2EQ16593,1525_▲▲▲라벨_5,5,0.926347017288208,188,456,0.75,0.0
2EQ16593,3780_전원스위치_9,9,0.7658060193061829,784,210,0.5,0.0
2EQ16593,2917_코마_6,6,0.8559728264808655,914,614,0.5,0.0
2EQ16593,3779_압판스토퍼_14,14,0.7625432014465332,354,386,0.75,0.0
2EQ16593,V242_카바라이트_10,10,0.7749850749969482,492,130,0.5,0.0
2EQ16594,1525_▲▲▲라벨_5,5,0.9236473441123962,796,226,0.75,0.0
2EQ16594,3780_전원스위치_9,9,0.7621376514434814,784,210,0.5,0.0
2EQ16594,2917_코마_6,6,0.8661555051803589,952,542,0.5,0.0
2EQ16594,3779_압판스토퍼_14,14,0.7524562478065491,512,484,0.5,8.0
2EQ16594,V242_카바라이트_10,10,0.7856799364089966,448,604,0.5,0.0
2EQ16595,1525_▲▲▲라벨_5,5,0.9244551658630371,164,238,0.5,0.0
2EQ16595,3780_전원스위치_9,9,0.7668439745903015,786,210,0.5,0.0
2EQ16595,2917_코마_6,6,0.8632379174232483,948,556,0.5,0.0
2EQ16595,3779_압판스토퍼_14,14,0.7705496549606323,788,58,0.5,-8.0
2EQ16595,V242_카바라이트_10,10,0.7725642323493958,488,142,0.5,0.0
2EQ16596,1525_▲▲▲라벨_5,5,0.9274243712425232,820,234,0.5,0.0
2EQ16596,3780_전원스위치_9,9,0.7661908864974976,784,210,0.5,0.0
2EQ16596,2917_코마_6,6,0.85938560962677,936,556,0.5,0.0
2EQ16596,3779_압판스토퍼_14,14,0.7591646909713745,378,372,0.75,0.0
2EQ16596,V242_카바라이트_10,10,0.7819587588310242,444,604,0.5,0.0
2EQ16597,1525_▲▲▲라벨_5,5,0.9268251657485962,200,452,0.75,0.0
2EQ16597,3780_전원스위치_9,9,0.7617748975753784,784,210,0.5,0.0
2EQ16597,2917_코마_6,6,0.878810703754425,880,546,0.5,0.0
2EQ16597,3779_압판스토퍼_14,14,0.7493231892585754,212,182,0.5,-8.0
2EQ16597,V242_카바라이트_10,10,0.7812899351119995,500,134,0.5,0.0
2EQ16598,1525_▲▲▲라벨_5,5,0.9184634685516357,646,22,0.5,0.0
2EQ16598,3780_전원스위치_9,9,0.7643567323684692,784,210,0.5,0.0
2EQ16598,2917_코마_6,6,0.8574736714363098,808,222,0.5,0.0
2EQ16598,3779_압판스토퍼_14,14,0.7524628043174744,468,384,0.5,-8.0
2EQ16598,V242_카바라이트_10,10,0.7735130786895752,504,146,0.5,0.0
2EQ16599,1525_▲▲▲라벨_5,5,0.918061375617981,250,472,0.5,0.0
2EQ16599,3780_전원스위치_9,9,0.7603659629821777,784,210,0.5,0.0
2EQ16599,2917_코마_6,6,0.8795304298400879,946,552,0.5,0.0
2EQ16599,3779_압판스토퍼_14,14,0.7536009550094604,222,182,0.75,0.0
2EQ16599,V242_카바라이트_10,10,0.7843345999717712,498,126,0.5,0.0
2EQ16600,1525_▲▲▲라벨_5,5,0.9178078174591064,264,468,0.5,0.0
2EQ16600,3780_전원스위치_9,9,0.7604736685752869,784,210,0.5,0.0
2EQ16600,2917_코마_6,6,0.8507672548294067,596,70,0.5,0.0
2EQ16600,3779_압판스토퍼_14,14,0.7573588490486145,512,246,0.75,0.0
2EQ16600,V242_카바라이트_10,10,0.779556155204773,492,138,0.5,0.0
2EQ16601,1525_▲▲▲라벨_5,5,0.9271093010902405,190,492,0.5,0.0
2EQ16601,3780_전원스위치_9,9,0.7655419707298279,784,210,0.5,0.0
2EQ16601,2917_코마_6,6,0.8633382320404053,808,230,0.5,0.0
2EQ16601,3779_압판스토퍼_14,14,0.7553273439407349,480,350,0.5,8.0
2EQ16601,V242_카바라이트_10,10,0.7752746343612671,444,602,0.5,0.0
2EQ16602,1525_▲▲▲라벨_5,5,0.9240552186965942,390,284,0.75,0.0
2EQ16602,3780_전원스위치_9,9,0.7704241275787354,784,210,0.5,0.0
2EQ16602,2917_코마_6,6,0.8809367418289185,206,696,0.5,0.0
2EQ16602,3779_압판스토퍼_14,14,0.7620190978050232,472,342,0.5,8.0
2EQ16602,V242_카바라이트_10,10,0.777245819568634,500,126,0.5,0.0
2EQ16603,1525_▲▲▲라벨_5,5,0.9267880916595459,162,238,0.5,0.0
2EQ16603,3780_전원스위치_9,9,0.7647486329078674,784,210,0.5,0.0
2EQ16603,2917_코마_6,6,0.8612527847290039,832,374,0.5,0.0
2EQ16603,3779_압판스토퍼_14,14,0.7632758617401123,840,54,0.5,-8.0
2EQ16603,V242_카바라이트_10,10,0.7635377645492554,438,604,0.5,0.0
2EQ16604,1525_▲▲▲라벨_5,5,0.9342239499092102,170,234,0.5,0.0
2EQ16604,3780_전원스위치_9,9,0.7639487385749817,784,210,0.5,0.0
2EQ16604,2917_코마_6,6,0.8684527277946472,254,120,0.5,0.0
2EQ16604,3779_압판스토퍼_14,14,0.7695798277854919,552,196,0.5,8.0
2EQ16604,V242_카바라이트_10,10,0.7846172451972961,414,626,0.5,0.0
2EQ16605,1525_▲▲▲라벨_5,5,0.9305717945098877,214,210,0.5,0.0
2EQ16605,3780_전원스위치_9,9,0.7613587975502014,270,404,0.5,0.0
2EQ16605,2917_코마_6,6,0.8587741851806641,432,386,0.5,0.0
2EQ16605,3779_압판스토퍼_14,14,0.7376641631126404,596,642,0.75,-8.0
2EQ16605,V242_카바라이트_10,10,0.7917671799659729,410,612,0.5,0.0
2EQ16606,1525_▲▲▲라벨_5,5,0.9138551950454712,224,316,0.75,-8.0
2EQ16606,3780_전원스위치_9,9,0.7667899131774902,782,210,0.5,0.0
2EQ16606,2917_코마_6,6,0.8782133460044861,938,538,0.5,0.0
2EQ16606,3779_압판스토퍼_14,14,0.7147966623306274,398,148,0.5,8.0
2EQ16606,V242_카바라이트_10,10,0.7855099439620972,420,620,0.5,0.0
2EQ16607,1525_▲▲▲라벨_5,5,0.9213486909866333,208,474,0.5,0.0
2EQ16607,3780_전원스위치_9,9,0.7676549553871155,784,210,0.5,0.0
2EQ16607,2917_코마_6,6,0.8496602773666382,882,544,0.5,0.0
2EQ16607,3779_압판스토퍼_14,14,0.7518880367279053,476,322,0.5,8.0
2EQ16607,V242_카바라이트_10,10,0.7758774757385254,450,604,0.5,0.0
2EQ16608,1525_▲▲▲라벨_5,5,0.9291753768920898,362,292,0.5,0.0
2EQ16608,3780_전원스위치_9,9,0.7648974061012268,784,210,0.5,0.0
2EQ16608,2917_코마_6,6,0.849550187587738,670,240,0.5,0.0
2EQ16608,3779_압판스토퍼_14,14,0.6988039016723633,344,4,0.5,8.0
2EQ16608,V242_카바라이트_10,10,0.7908901572227478,510,152,0.5,0.0
2EQ16609,1525_▲▲▲라벨_5,5,0.935490071773529,166,238,0.5,0.0
2EQ16609,3780_전원스위치_9,9,0.7588669657707214,784,210,0.5,0.0
2EQ16609,2917_코마_6,6,0.8780279159545898,650,196,0.5,0.0
2EQ16609,3779_압판스토퍼_14,14,0.7551150918006897,596,276,0.75,0.0
2EQ16609,V242_카바라이트_10,10,0.7844575643539429,504,128,0.5,0.0
2EQ16610,1525_▲▲▲라벨_5,5,0.925322949886322,798,228,0.75,0.0
2EQ16610,3780_전원스위치_9,9,0.7618186473846436,784,210,0.5,0.0
2EQ16610,2917_코마_6,6,0.8401985764503479,710,206,0.5,0.0
2EQ16610,3779_압판스토퍼_14,14,0.759219229221344,216,190,0.75,0.0
2EQ16610,V242_카바라이트_10,10,0.7798978686332703,430,606,0.5,0.0
2EQ16611,1525_▲▲▲라벨_5,5,0.9370870590209961,162,238,0.5,0.0
2EQ16611,3780_전원스위치_9,9,0.7689231038093567,784,210,0.5,0.0
2EQ16611,2917_코마_6,6,0.8561270236968994,722,176,0.5,0.0
2EQ16611,3779_압판스토퍼_14,14,0.7406376004219055,540,176,0.75,0.0
2EQ16611,V242_카바라이트_10,10,0.7774844169616699,492,118,0.5,0.0
2EQ16612,1525_▲▲▲라벨_5,5,0.9284555912017822,48,582,0.5,0.0
2EQ16612,3780_전원스위치_9,9,0.7606760263442993,784,210,0.5,0.0
2EQ16612,2917_코마_6,6,0.8543466329574585,952,588,0.5,0.0
2EQ16612,3779_압판스토퍼_14,14,0.7461268901824951,210,158,0.75,0.0
2EQ16612,V242_카바라이트_10,10,0.7775744795799255,456,600,0.5,0.0
2EQ16613,1525_▲▲▲라벨_5,5,0.9263745546340942,108,444,0.75,0.0
2EQ16613,3780_전원스위치_9,9,0.7607171535491943,784,210,0.5,0.0
2EQ16613,2917_코마_6,6,0.8823859691619873,936,550,0.5,0.0
2EQ16613,3779_압판스토퍼_14,14,0.7494050860404968,376,358,0.75,0.0
2EQ16613,V242_카바라이트_10,10,0.7743659615516663,488,132,0.5,0.0
2EQ16614,1525_▲▲▲라벨_5,5,0.9165927767753601,74,578,0.5,8.0
2EQ16614,3780_전원스위치_9,9,0.7620670199394226,784,210,0.5,0.0
2EQ16614,2917_코마_6,6,0.8614441156387329,942,528,0.5,0.0
2EQ16614,3779_압판스토퍼_14,14,0.7507752180099487,252,198,0.75,0.0
2EQ16614,V242_카바라이트_10,10,0.7777476906776428,446,608,0.5,0.0
2EQ16615,1525_▲▲▲라벨_5,5,0.927764356136322,818,232,0.5,0.0
2EQ16615,3780_전원스위치_9,9,0.7673057317733765,784,210,0.5,0.0
2EQ16615,2917_코마_6,6,0.8674091696739197,720,558,0.5,0.0
2EQ16615,3779_압판스토퍼_14,14,0.7562760710716248,454,372,0.5,8.0
2EQ16615,V242_카바라이트_10,10,0.7824453711509705,492,144,0.5,0.0
2EQ16616,1525_▲▲▲라벨_5,5,0.9217021465301514,14,582,0.5,0.0
2EQ16616,3780_전원스위치_9,9,0.7695809006690979,784,210,0.5,0.0
2EQ16616,2917_코마_6,6,0.8550109267234802,492,528,0.5,0.0
2EQ16616,3779_압판스토퍼_14,14,0.7398388385772705,874,382,0.75,0.0
2EQ16616,V242_카바라이트_10,10,0.7981341481208801,504,136,0.5,0.0
2EQ16617,1525_▲▲▲라벨_5,5,0.9362984895706177,168,234,0.5,0.0
2EQ16617,3780_전원스위치_9,9,0.7653601169586182,784,210,0.5,0.0
2EQ16617,2917_코마_6,6,0.8722734451293945,620,118,0.5,0.0
2EQ16617,3779_압판스토퍼_14,14,0.7496008276939392,76,408,0.75,8.0
2EQ16617,V242_카바라이트_10,10,0.7878833413124084,422,624,0.5,0.0
2EQ16618,1525_▲▲▲라벨_5,5,0.9346221089363098,264,576,0.5,0.0
2EQ16618,3780_전원스위치_9,9,0.7590038180351257,784,210,0.5,0.0
2EQ16618,2917_코마_6,6,0.8643112778663635,884,610,0.5,0.0
2EQ16618,3779_압판스토퍼_14,14,0.7594513893127441,468,150,0.75,0.0
2EQ16618,V242_카바라이트_10,10,0.7853822112083435,494,136,0.5,0.0
2EQ16619,1525_▲▲▲라벨_5,5,0.9238223433494568,164,240,0.5,0.0
2EQ16619,3780_전원스위치_9,9,0.7660713791847229,784,210,0.5,0.0
2EQ16619,2917_코마_6,6,0.8445951342582703,792,376,0.5,0.0
2EQ16619,3779_압판스토퍼_14,14,0.7491238117218018,218,184,0.75,0.0
2EQ16619,V242_카바라이트_10,10,0.7666997909545898,500,130,0.5,0.0
2EQ16620,1525_▲▲▲라벨_5,5,0.9266678690910339,822,234,0.5,0.0
2EQ16620,3780_전원스위치_9,9,0.7565630078315735,786,210,0.5,0.0
2EQ16620,2917_코마_6,6,0.8471571803092957,952,592,0.5,0.0
2EQ16620,3779_압판스토퍼_14,14,0.754308819770813,490,438,0.5,8.0
2EQ16620,V242_카바라이트_10,10,0.7724486589431763,446,602,0.5,0.0
2EQ16621,1525_▲▲▲라벨_5,5,0.9252241849899292,448,116,0.75,0.0
2EQ16621,3780_전원스위치_9,9,0.7681378722190857,784,210,0.5,0.0
2EQ16621,2917_코마_6,6,0.8739513754844666,376,128,0.5,0.0
2EQ16621,3779_압판스토퍼_14,14,0.7522401213645935,240,188,0.75,0.0
2EQ16621,V242_카바라이트_10,10,0.7809559106826782,436,598,0.5,0.0
2EQ16622,1525_▲▲▲라벨_5,5,0.9250324368476868,798,224,0.75,0.0
2EQ16622,3780_전원스위치_9,9,0.7656196355819702,788,210,0.5,0.0
2EQ16622,2917_코마_6,6,0.8690058588981628,628,568,0.5,0.0
2EQ16622,3779_압판스토퍼_14,14,0.7772753834724426,520,278,0.5,8.0
2EQ16622,V242_카바라이트_10,10,0.7736090421676636,458,614,0.5,0.0
2EQ16623,1525_▲▲▲라벨_5,5,0.9261471033096313,824,230,0.5,0.0
2EQ16623,3780_전원스위치_9,9,0.7587233185768127,786,208,0.5,0.0
2EQ16623,2917_코마_6,6,0.8501130938529968,450,370,0.5,0.0
2EQ16623,3779_압판스토퍼_14,14,0.7401268482208252,542,360,0.5,8.0
2EQ16623,V242_카바라이트_10,10,0.7944475412368774,500,148,0.5,0.0
2EQ16624,1525_▲▲▲라벨_5,5,0.9374669790267944,172,238,0.5,0.0
2EQ16624,3780_전원스위치_9,9,0.7625046372413635,786,210,0.5,0.0
2EQ16624,2917_코마_6,6,0.8577614426612854,730,564,0.5,0.0
2EQ16624,3779_압판스토퍼_14,14,0.7532432675361633,464,488,0.5,8.0
2EQ16624,V242_카바라이트_10,10,0.7844376564025879,512,134,0.5,0.0
2EQ16625,1525_▲▲▲라벨_5,5,0.9212328195571899,162,236,0.5,0.0
2EQ16625,3780_전원스위치_9,9,0.7741078734397888,296,450,0.5,0.0
2EQ16625,2917_코마_6,6,0.8479844927787781,950,550,0.5,0.0
2EQ16625,3779_압판스토퍼_14,14,0.7630811929702759,344,368,0.75,0.0
2EQ16625,V242_카바라이트_10,10,0.7872112989425659,496,130,0.5,0.0
2EQ16626,1525_▲▲▲라벨_5,5,0.9298796057701111,822,232,0.5,0.0
2EQ16626,3780_전원스위치_9,9,0.7675806283950806,786,210,0.5,0.0
2EQ16626,2917_코마_6,6,0.8592705130577087,512,560,0.5,0.0
2EQ16626,3779_압판스토퍼_14,14,0.7238978147506714,816,324,1.25,8.0
2EQ16626,V242_카바라이트_10,10,0.789718508720398,430,598,0.5,0.0
2EQ16627,1525_▲▲▲라벨_5,5,0.9265466928482056,164,236,0.5,0.0
2EQ16627,3780_전원스위치_9,9,0.7562784552574158,240,484,0.5,0.0
2EQ16627,2917_코마_6,6,0.8696390986442566,930,570,0.5,0.0
2EQ16627,3779_압판스토퍼_14,14,0.7516804933547974,262,284,0.75,0.0
2EQ16627,V242_카바라이트_10,10,0.7739458084106445,448,592,0.5,0.0
2EQ16628,1525_▲▲▲라벨_5,5,0.9364833235740662,164,234,0.5,0.0
2EQ16628,3780_전원스위치_9,9,0.7592173218727112,346,432,0.5,0.0
2EQ16628,2917_코마_6,6,0.8581783175468445,478,652,0.5,0.0
2EQ16628,3779_압판스토퍼_14,14,0.7561469078063965,302,456,0.75,0.0
2EQ16628,V242_카바라이트_10,10,0.7811927199363708,502,150,0.5,0.0
2EQ16629,1525_▲▲▲라벨_5,5,0.9236347675323486,822,232,0.5,0.0
2EQ16629,3780_전원스위치_9,9,0.7632694244384766,786,210,0.5,0.0
2EQ16629,2917_코마_6,6,0.8611717820167542,952,568,0.5,0.0
2EQ16629,3779_압판스토퍼_14,14,0.7525545954704285,304,346,0.75,0.0
2EQ16629,V242_카바라이트_10,10,0.7823001146316528,452,608,0.5,0.0
2EQ16630,1525_▲▲▲라벨_5,5,0.926990807056427,162,236,0.5,0.0
2EQ16630,3780_전원스위치_9,9,0.7643685936927795,350,370,0.5,0.0
2EQ16630,2917_코마_6,6,0.8613293766975403,434,324,0.5,0.0
2EQ16630,3779_압판스토퍼_14,14,0.7474962472915649,480,120,0.5,8.0
2EQ16630,V242_카바라이트_10,10,0.7880438566207886,512,152,0.5,0.0
2EQ16631,1525_▲▲▲라벨_5,5,0.9251571893692017,352,382,0.5,0.0
2EQ16631,3780_전원스위치_9,9,0.7702379822731018,786,210,0.5,0.0
2EQ16631,2917_코마_6,6,0.8487709164619446,546,554,0.5,0.0
2EQ16631,3779_압판스토퍼_14,14,0.7492574453353882,398,410,0.75,0.0
2EQ16631,V242_카바라이트_10,10,0.7919961214065552,426,608,0.5,0.0
2EQ16632,1525_▲▲▲라벨_5,5,0.9285037517547607,166,238,0.5,0.0
2EQ16632,3780_전원스위치_9,9,0.763227105140686,786,210,0.5,0.0
2EQ16632,2917_코마_6,6,0.831720232963562,948,572,0.5,0.0
2EQ16632,3779_압판스토퍼_14,14,0.7647449374198914,206,618,0.5,8.0
2EQ16632,V242_카바라이트_10,10,0.786122739315033,454,612,0.5,0.0
2EQ16633,1525_▲▲▲라벨_5,5,0.9200318455696106,162,236,0.5,0.0
2EQ16633,3780_전원스위치_9,9,0.7679659724235535,786,210,0.5,0.0
2EQ16633,2917_코마_6,6,0.856689453125,740,504,0.5,0.0
2EQ16633,3779_압판스토퍼_14,14,0.7689454555511475,596,378,0.75,0.0
2EQ16633,V242_카바라이트_10,10,0.8015034794807434,506,144,0.5,0.0
2EQ16634,1525_▲▲▲라벨_5,5,0.9284118413925171,166,240,0.5,0.0
2EQ16634,3780_전원스위치_9,9,0.7655779719352722,786,210,0.5,0.0
2EQ16634,2917_코마_6,6,0.8589151501655579,568,66,0.5,0.0
2EQ16634,3779_압판스토퍼_14,14,0.7625679969787598,482,314,0.5,8.0
2EQ16634,V242_카바라이트_10,10,0.7759585380554199,438,616,0.5,0.0
2EQ16635,1525_▲▲▲라벨_5,5,0.9185828566551208,310,450,0.5,0.0
2EQ16635,3780_전원스위치_9,9,0.7645257711410522,786,210,0.5,0.0
2EQ16635,2917_코마_6,6,0.8658525943756104,866,588,0.5,0.0
2EQ16635,3779_압판스토퍼_14,14,0.7580806612968445,224,176,0.75,0.0
2EQ16635,V242_카바라이트_10,10,0.7704176306724548,502,130,0.5,0.0
2EQ16636,1525_▲▲▲라벨_5,5,0.9253904223442078,822,232,0.5,0.0
2EQ16636,3780_전원스위치_9,9,0.7644498348236084,786,208,0.5,0.0
2EQ16636,2917_코마_6,6,0.8649296164512634,948,558,0.5,0.0
2EQ16636,3779_압판스토퍼_14,14,0.7572222352027893,486,314,0.5,8.0
2EQ16636,V242_카바라이트_10,10,0.7755205631256104,446,610,0.5,0.0
2EQ16637,1525_▲▲▲라벨_5,5,0.9161170125007629,348,414,0.75,0.0
2EQ16637,3780_전원스위치_9,9,0.7702786922454834,790,210,0.5,0.0
2EQ16637,2917_코마_6,6,0.8407898545265198,554,360,0.5,0.0
2EQ16637,3779_압판스토퍼_14,14,0.7147297263145447,504,428,0.75,8.0
2EQ16637,V242_카바라이트_10,10,0.7954052686691284,500,142,0.5,0.0
2EQ16638,1525_▲▲▲라벨_5,5,0.9318058490753174,164,236,0.5,0.0
2EQ16638,3780_전원스위치_9,9,0.7668527960777283,788,210,0.5,0.0
2EQ16638,2917_코마_6,6,0.8491167426109314,952,574,0.5,0.0
2EQ16638,3779_압판스토퍼_14,14,0.7697137594223022,420,496,0.75,8.0
2EQ16638,V242_카바라이트_10,10,0.7717161774635315,460,614,0.5,0.0
2EQ16639,1525_▲▲▲라벨_5,5,0.9146848320960999,386,416,0.5,0.0
2EQ16639,3780_전원스위치_9,9,0.7654050588607788,790,210,0.5,0.0
2EQ16639,2917_코마_6,6,0.8571581840515137,752,502,0.5,0.0
2EQ16639,3779_압판스토퍼_14,14,0.7425827383995056,240,156,2.0,8.0
2EQ16639,V242_카바라이트_10,10,0.777251660823822,440,586,0.5,0.0
2EQ16640,1525_▲▲▲라벨_5,5,0.9327415227890015,166,232,0.5,0.0
2EQ16640,3780_전원스위치_9,9,0.7596812844276428,786,208,0.5,0.0
2EQ16640,2917_코마_6,6,0.8436309695243835,728,524,0.5,0.0
2EQ16640,3779_압판스토퍼_14,14,0.755699634552002,372,366,0.75,0.0
2EQ16640,V242_카바라이트_10,10,0.7867031693458557,492,144,0.5,0.0
2EQ16641,1525_▲▲▲라벨_5,5,0.920129656791687,824,230,0.5,0.0
2EQ16641,3780_전원스위치_9,9,0.7692984938621521,788,210,0.5,0.0
2EQ16641,2917_코마_6,6,0.851567804813385,772,570,0.5,-8.0
2EQ16641,3779_압판스토퍼_14,14,0.7500490546226501,530,198,0.75,0.0
2EQ16641,V242_카바라이트_10,10,0.7801761627197266,454,598,0.5,0.0
2EQ16642,1525_▲▲▲라벨_5,5,0.9283266067504883,162,234,0.5,0.0
2EQ16642,3780_전원스위치_9,9,0.764865517616272,788,210,0.5,0.0
2EQ16642,2917_코마_6,6,0.8681378960609436,908,484,0.5,0.0
2EQ16642,3779_압판스토퍼_14,14,0.7191018462181091,534,0,1.5,8.0
2EQ16642,V242_카바라이트_10,10,0.7813546061515808,434,612,0.5,0.0
2EQ16643,1525_▲▲▲라벨_5,5,0.9201875329017639,804,232,0.5,0.0
2EQ16643,3780_전원스위치_9,9,0.7646147608757019,788,210,0.5,0.0
2EQ16643,2917_코마_6,6,0.8456040024757385,766,572,0.5,0.0
2EQ16643,3779_압판스토퍼_14,14,0.7426644563674927,210,174,0.75,0.0
2EQ16643,V242_카바라이트_10,10,0.7719827890396118,444,600,0.5,0.0
2EQ16644,1525_▲▲▲라벨_5,5,0.9271411299705505,196,424,0.75,0.0
2EQ16644,3780_전원스위치_9,9,0.7665234208106995,298,428,0.5,0.0
2EQ16644,2917_코마_6,6,0.8634579181671143,366,374,0.5,0.0
2EQ16644,3779_압판스토퍼_14,14,0.7499552965164185,550,406,0.75,0.0
2EQ16644,V242_카바라이트_10,10,0.7900846600532532,508,166,0.5,0.0
2EQ16645,1525_▲▲▲라벨_5,5,0.9194640517234802,250,456,0.5,0.0
2EQ16645,3780_전원스위치_9,9,0.7664452195167542,240,480,0.5,0.0
2EQ16645,2917_코마_6,6,0.8430345058441162,22,376,0.5,0.0
2EQ16645,3779_압판스토퍼_14,14,0.7752709984779358,394,438,0.75,0.0
2EQ16645,V242_카바라이트_10,10,0.7765794396400452,446,594,0.5,0.0
2EQ16646,1525_▲▲▲라벨_5,5,0.9275350570678711,162,234,0.5,0.0
2EQ16646,3780_전원스위치_9,9,0.7582719326019287,272,478,0.5,0.0
2EQ16646,2917_코마_6,6,0.8697952628135681,726,562,0.5,0.0
2EQ16646,3779_압판스토퍼_14,14,0.7591949105262756,496,346,0.5,8.0
2EQ16646,V242_카바라이트_10,10,0.7791601419448853,492,138,0.5,0.0
2EQ16647,1525_▲▲▲라벨_5,5,0.9181109070777893,162,234,0.5,0.0
2EQ16647,3780_전원스위치_9,9,0.7531198263168335,296,380,0.5,0.0
2EQ16647,2917_코마_6,6,0.8768776059150696,924,500,0.5,0.0
2EQ16647,3779_압판스토퍼_14,14,0.7437372207641602,628,402,0.75,0.0
2EQ16647,V242_카바라이트_10,10,0.7698808908462524,428,602,0.5,0.0
2EQ16648,1525_▲▲▲라벨_5,5,0.926979124546051,162,240,0.5,0.0
2EQ16648,3780_전원스위치_9,9,0.7651628851890564,788,210,0.5,0.0
2EQ16648,2917_코마_6,6,0.8661785125732422,498,548,0.5,0.0
2EQ16648,3779_압판스토퍼_14,14,0.7552124857902527,348,380,0.75,0.0
2EQ16648,V242_카바라이트_10,10,0.7742282748222351,440,600,0.5,0.0
2EQ16649,1525_▲▲▲라벨_5,5,0.9361469149589539,164,236,0.5,0.0
2EQ16649,3780_전원스위치_9,9,0.7679365873336792,788,210,0.5,0.0
2EQ16649,2917_코마_6,6,0.8494803309440613,388,378,0.5,0.0
2EQ16649,3779_압판스토퍼_14,14,0.7624145150184631,480,378,0.5,8.0
2EQ16649,V242_카바라이트_10,10,0.758956253528595,504,134,0.5,0.0
2EQ16650,1525_▲▲▲라벨_5,5,0.923524796962738,166,232,0.5,0.0
2EQ16650,3780_전원스위치_9,9,0.7605108618736267,282,438,0.5,0.0
2EQ16650,2917_코마_6,6,0.8541269898414612,560,550,0.5,0.0
2EQ16650,3779_압판스토퍼_14,14,0.738747239112854,538,222,0.5,8.0
2EQ16650,V242_카바라이트_10,10,0.7577667832374573,476,164,0.75,0.0
2EQ16651,1525_▲▲▲라벨_5,5,0.9259499311447144,826,232,0.5,0.0
2EQ16651,3780_전원스위치_9,9,0.7658887505531311,788,210,0.5,0.0
2EQ16651,2917_코마_6,6,0.8781223893165588,700,172,0.5,0.0
2EQ16651,3779_압판스토퍼_14,14,0.7716051936149597,544,216,0.75,0.0
2EQ16651,V242_카바라이트_10,10,0.768886387348175,492,140,0.5,0.0
2EQ16652,1525_▲▲▲라벨_5,5,0.9261040687561035,798,224,0.75,0.0
2EQ16652,3780_전원스위치_9,9,0.7679334282875061,788,210,0.5,0.0
2EQ16652,2917_코마_6,6,0.8611944317817688,946,580,0.5,0.0
2EQ16652,3779_압판스토퍼_14,14,0.7593708038330078,210,178,0.5,8.0
2EQ16652,V242_카바라이트_10,10,0.7736085057258606,440,612,0.5,0.0
2EQ16653,1525_▲▲▲라벨_5,5,0.9308248162269592,798,226,0.75,0.0
2EQ16653,3780_전원스위치_9,9,0.7678167819976807,788,210,0.5,0.0
2EQ16653,2917_코마_6,6,0.8711777925491333,936,556,0.5,0.0
2EQ16653,3779_압판스토퍼_14,14,0.7319826483726501,232,198,0.75,0.0
2EQ16653,V242_카바라이트_10,10,0.7793883681297302,504,138,0.5,0.0
2EQ16654,1525_▲▲▲라벨_5,5,0.9171841144561768,394,298,0.75,0.0
2EQ16654,3780_전원스위치_9,9,0.751977801322937,788,210,0.5,0.0
2EQ16654,2917_코마_6,6,0.8340222835540771,302,372,0.5,0.0
2EQ16654,3779_압판스토퍼_14,14,0.7615200877189636,432,326,0.5,8.0
2EQ16654,V242_카바라이트_10,10,0.7870046496391296,438,600,0.5,0.0
2EQ16655,1525_▲▲▲라벨_5,5,0.9268239140510559,816,232,0.5,0.0
2EQ16655,3780_전원스위치_9,9,0.762683093547821,788,210,0.5,0.0
2EQ16655,2917_코마_6,6,0.867702066898346,944,572,0.5,0.0
2EQ16655,3779_압판스토퍼_14,14,0.7513009905815125,220,180,0.5,8.0
2EQ16655,V242_카바라이트_10,10,0.7742683291435242,448,602,0.5,0.0
2EQ16656,1525_▲▲▲라벨_5,5,0.903540849685669,396,404,0.5,0.0
2EQ16656,3780_전원스위치_9,9,0.7648940086364746,788,210,0.5,0.0
2EQ16656,2917_코마_6,6,0.8612531423568726,506,546,0.5,0.0
2EQ16656,3779_압판스토퍼_14,14,0.7453609108924866,662,362,0.75,0.0
2EQ16656,V242_카바라이트_10,10,0.7869731187820435,502,158,0.5,0.0
2EQ16657,1525_▲▲▲라벨_5,5,0.9261303544044495,824,232,0.5,0.0
2EQ16657,3780_전원스위치_9,9,0.7693792581558228,786,210,0.5,0.0
2EQ16657,2917_코마_6,6,0.8733044266700745,944,588,0.5,0.0
2EQ16657,3779_압판스토퍼_14,14,0.7560799717903137,540,200,0.75,0.0
2EQ16657,V242_카바라이트_10,10,0.7771629095077515,452,606,0.5,0.0
2EQ16658,1525_▲▲▲라벨_5,5,0.9266455173492432,208,450,0.75,0.0
2EQ16658,3780_전원스위치_9,9,0.7626005411148071,788,208,0.5,0.0
2EQ16658,2917_코마_6,6,0.8590982556343079,678,166,0.5,0.0
2EQ16658,3779_압판스토퍼_14,14,0.7509762048721313,534,210,0.75,0.0
2EQ16658,V242_카바라이트_10,10,0.7779370546340942,448,608,0.5,0.0
2EQ16659,1525_▲▲▲라벨_5,5,0.9252867102622986,824,232,0.5,0.0
2EQ16659,3780_전원스위치_9,9,0.7428523302078247,788,210,0.5,0.0
2EQ16659,2917_코마_6,6,0.8566174507141113,788,510,0.5,0.0
2EQ16659,3779_압판스토퍼_14,14,0.7167741060256958,500,286,0.5,8.0
2EQ16659,V242_카바라이트_10,10,0.7855035066604614,528,158,0.5,0.0
2EQ16660,1525_▲▲▲라벨_5,5,0.9284606575965881,162,236,0.5,0.0
2EQ16660,3780_전원스위치_9,9,0.7658191323280334,322,464,0.5,0.0
2EQ16660,2917_코마_6,6,0.8541813492774963,922,534,0.5,0.0
2EQ16660,3779_압판스토퍼_14,14,0.7657482028007507,480,322,0.5,8.0
2EQ16660,V242_카바라이트_10,10,0.7798338532447815,438,606,0.5,0.0
2EQ16661,1525_▲▲▲라벨_5,5,0.9315429925918579,166,232,0.5,0.0
2EQ16661,3780_전원스위치_9,9,0.7455102205276489,68,396,0.5,0.0
2EQ16661,2917_코마_6,6,0.844623863697052,404,616,0.5,0.0
2EQ16661,3779_압판스토퍼_14,14,0.7602171301841736,472,176,0.5,8.0
2EQ16661,V242_카바라이트_10,10,0.7964370846748352,498,154,0.5,0.0
2EQ16662,1525_▲▲▲라벨_5,5,0.9138897657394409,236,454,0.5,0.0
2EQ16662,3780_전원스위치_9,9,0.7669002413749695,788,210,0.5,0.0
2EQ16662,2917_코마_6,6,0.8725550174713135,888,574,0.5,0.0
2EQ16662,3779_압판스토퍼_14,14,0.749274492263794,646,188,0.5,8.0
2EQ16662,V242_카바라이트_10,10,0.7804058194160461,452,596,0.5,0.0
2EQ16663,1525_▲▲▲라벨_5,5,0.9227697253227234,200,414,0.75,0.0
2EQ16663,3780_전원스위치_9,9,0.7656993269920349,784,208,0.5,0.0
2EQ16663,2917_코마_6,6,0.8545622825622559,696,200,0.5,0.0
2EQ16663,3779_압판스토퍼_14,14,0.7607182264328003,214,178,0.5,8.0
2EQ16663,V242_카바라이트_10,10,0.7785606384277344,448,602,0.5,0.0
2EQ16664,1525_▲▲▲라벨_5,5,0.933954119682312,400,402,0.75,0.0
2EQ16664,3780_전원스위치_9,9,0.7498767375946045,348,396,0.5,0.0
2EQ16664,2917_코마_6,6,0.8717262744903564,874,484,0.5,0.0
2EQ16664,3779_압판스토퍼_14,14,0.739302396774292,560,364,0.75,0.0
2EQ16664,V242_카바라이트_10,10,0.7733454704284668,498,156,0.5,0.0
2EQ16665,1525_▲▲▲라벨_5,5,0.9319016933441162,796,224,0.75,0.0
2EQ16665,3780_전원스위치_9,9,0.7617263793945312,786,210,0.5,0.0
2EQ16665,2917_코마_6,6,0.8589884042739868,884,542,0.5,0.0
2EQ16665,3779_압판스토퍼_14,14,0.7702493667602539,498,220,0.5,8.0
2EQ16665,V242_카바라이트_10,10,0.7818410396575928,494,142,0.5,0.0
2EQ16666,1525_▲▲▲라벨_5,5,0.9303847551345825,164,236,0.5,0.0
2EQ16666,3780_전원스위치_9,9,0.7648581266403198,786,210,0.5,0.0
2EQ16666,2917_코마_6,6,0.8608177900314331,812,236,0.5,0.0
2EQ16666,3779_압판스토퍼_14,14,0.7560905814170837,260,266,0.75,0.0
2EQ16666,V242_카바라이트_10,10,0.7969663143157959,494,142,0.5,0.0
2EQ16667,1525_▲▲▲라벨_5,5,0.9313574433326721,164,236,0.5,0.0
2EQ16667,3780_전원스위치_9,9,0.7661052346229553,786,210,0.5,0.0
2EQ16667,2917_코마_6,6,0.8360618352890015,952,570,0.5,0.0
2EQ16667,3779_압판스토퍼_14,14,0.749976396560669,506,350,0.75,0.0
2EQ16667,V242_카바라이트_10,10,0.7762071490287781,442,612,0.5,0.0
2EQ16668,1525_▲▲▲라벨_5,5,0.9198672771453857,214,462,0.75,0.0
2EQ16668,3780_전원스위치_9,9,0.7587493658065796,786,210,0.5,0.0
2EQ16668,2917_코마_6,6,0.8473214507102966,672,552,0.5,0.0
2EQ16668,3779_압판스토퍼_14,14,0.7378614544868469,498,360,0.5,8.0
2EQ16668,V242_카바라이트_10,10,0.7888132929801941,488,144,0.5,0.0
2EQ16669,1525_▲▲▲라벨_5,5,0.9219818115234375,826,228,0.5,0.0
2EQ16669,3780_전원스위치_9,9,0.7645871043205261,786,208,0.5,0.0
2EQ16669,2917_코마_6,6,0.8698043823242188,762,68,0.5,0.0
2EQ16669,3779_압판스토퍼_14,14,0.7673467397689819,240,212,0.75,0.0
2EQ16669,V242_카바라이트_10,10,0.7762142419815063,518,166,0.5,0.0
2EQ16670,1525_▲▲▲라벨_5,5,0.9292448163032532,164,234,0.5,0.0
2EQ16670,3780_전원스위치_9,9,0.7592687606811523,786,210,0.5,0.0
2EQ16670,2917_코마_6,6,0.8647959232330322,572,288,0.5,0.0
2EQ16670,3779_압판스토퍼_14,14,0.7512161135673523,472,312,0.5,8.0
2EQ16670,V242_카바라이트_10,10,0.7808125615119934,446,600,0.5,0.0
2EQ16671,1525_▲▲▲라벨_5,5,0.9292243719100952,810,234,0.5,0.0
2EQ16671,3780_전원스위치_9,9,0.7661431431770325,786,210,0.5,0.0
2EQ16671,2917_코마_6,6,0.8587967753410339,596,602,0.5,0.0
2EQ16671,3779_압판스토퍼_14,14,0.7740670442581177,502,198,0.75,0.0
2EQ16671,V242_카바라이트_10,10,0.7733653783798218,446,594,0.5,0.0
2EQ16672,1525_▲▲▲라벨_5,5,0.924107551574707,796,226,0.75,0.0
2EQ16672,3780_전원스위치_9,9,0.7644340395927429,786,210,0.5,0.0
2EQ16672,2917_코마_6,6,0.8455389142036438,728,578,0.5,0.0
2EQ16672,3779_압판스토퍼_14,14,0.7541482448577881,362,342,0.75,0.0
2EQ16672,V242_카바라이트_10,10,0.7833636999130249,456,596,0.5,0.0
2EQ16673,1525_▲▲▲라벨_5,5,0.9343723058700562,796,224,0.75,0.0
2EQ16673,3780_전원스위치_9,9,0.7639474272727966,786,210,0.5,0.0
2EQ16673,2917_코마_6,6,0.8646173477172852,930,538,0.5,0.0
2EQ16673,3779_압판스토퍼_14,14,0.7541648745536804,492,328,0.5,8.0
2EQ16673,V242_카바라이트_10,10,0.7789978384971619,506,136,0.5,0.0
2EQ16674,1525_▲▲▲라벨_5,5,0.9230793118476868,162,230,0.5,0.0
2EQ16674,3780_전원스위치_9,9,0.7589321136474609,784,210,0.5,0.0
2EQ16674,2917_코마_6,6,0.8586503863334656,324,386,0.5,0.0
2EQ16674,3779_압판스토퍼_14,14,0.7207766175270081,340,444,0.75,0.0
2EQ16674,V242_카바라이트_10,10,0.7871925830841064,502,156,0.5,0.0
2EQ16675,1525_▲▲▲라벨_5,5,0.9277862310409546,822,234,0.5,0.0
2EQ16675,3780_전원스위치_9,9,0.761079728603363,786,208,0.5,0.0
2EQ16675,2917_코마_6,6,0.8563408851623535,952,550,0.5,0.0
2EQ16675,3779_압판스토퍼_14,14,0.7699666619300842,492,370,0.5,8.0
2EQ16675,V242_카바라이트_10,10,0.7801260352134705,502,136,0.5,0.0
2EQ16676,1525_▲▲▲라벨_5,5,0.9331406950950623,164,232,0.5,0.0
2EQ16676,3780_전원스위치_9,9,0.7634478211402893,310,414,0.5,0.0
2EQ16676,2917_코마_6,6,0.8602646589279175,316,374,0.5,0.0
2EQ16676,3779_압판스토퍼_14,14,0.7457385063171387,316,430,0.75,0.0
2EQ16676,V242_카바라이트_10,10,0.7997785806655884,506,152,0.5,0.0
2EQ16677,1525_▲▲▲라벨_5,5,0.9290617108345032,126,436,0.75,0.0
2EQ16677,3780_전원스위치_9,9,0.7677409052848816,784,210,0.5,0.0
2EQ16677,2917_코마_6,6,0.8716958165168762,934,580,0.5,0.0
2EQ16677,3779_압판스토퍼_14,14,0.7532416582107544,492,366,0.5,8.0
2EQ16677,V242_카바라이트_10,10,0.7855514883995056,508,142,0.5,0.0
2EQ16678,1525_▲▲▲라벨_5,5,0.9259748458862305,24,578,0.5,8.0
2EQ16678,3780_전원스위치_9,9,0.7637911438941956,786,208,0.5,0.0
2EQ16678,2917_코마_6,6,0.8625546097755432,948,570,0.5,0.0
2EQ16678,3779_압판스토퍼_14,14,0.7532025575637817,210,176,0.5,8.0
2EQ16678,V242_카바라이트_10,10,0.7763611674308777,510,134,0.5,0.0
2EQ16679,1525_▲▲▲라벨_5,5,0.9347357749938965,344,418,0.75,0.0
2EQ16679,3780_전원스위치_9,9,0.7631099224090576,786,210,0.5,0.0
2EQ16679,2917_코마_6,6,0.8607850670814514,874,480,0.5,0.0
2EQ16679,3779_압판스토퍼_14,14,0.7633225917816162,454,326,0.75,0.0
2EQ16679,V242_카바라이트_10,10,0.7860965132713318,430,620,0.5,0.0
2EQ16680,1525_▲▲▲라벨_5,5,0.9303527474403381,796,224,0.75,0.0
2EQ16680,3780_전원스위치_9,9,0.7646782994270325,784,208,0.5,0.0
2EQ16680,2917_코마_6,6,0.866200864315033,738,572,0.5,0.0
2EQ16680,3779_압판스토퍼_14,14,0.7324284911155701,512,426,0.5,8.0
2EQ16680,V242_카바라이트_10,10,0.7784129977226257,508,124,0.5,0.0
2EQ16681,1525_▲▲▲라벨_5,5,0.9349952936172485,162,242,0.5,0.0
2EQ16681,3780_전원스위치_9,9,0.7548338770866394,786,208,0.5,0.0
2EQ16681,2917_코마_6,6,0.8482485413551331,932,236,0.5,0.0
2EQ16681,3779_압판스토퍼_14,14,0.7650110125541687,388,510,0.5,8.0
2EQ16681,V242_카바라이트_10,10,0.7739652395248413,376,346,0.5,0.0
2EQ16682,1525_▲▲▲라벨_5,5,0.9256166815757751,824,230,0.5,0.0
2EQ16682,3780_전원스위치_9,9,0.7639002203941345,378,420,0.5,0.0
2EQ16682,2917_코마_6,6,0.8623597025871277,44,396,0.5,0.0
2EQ16682,3779_압판스토퍼_14,14,0.7558172345161438,530,156,0.75,-8.0
2EQ16682,V242_카바라이트_10,10,0.7766774892807007,518,166,0.5,0.0
2EQ16683,1525_▲▲▲라벨_5,5,0.9303432703018188,378,458,0.75,0.0
2EQ16683,3780_전원스위치_9,9,0.7666655778884888,786,210,0.5,0.0
2EQ16683,2917_코마_6,6,0.8691821694374084,792,560,0.5,0.0
2EQ16683,3779_압판스토퍼_14,14,0.7582117915153503,210,170,0.75,0.0
2EQ16683,V242_카바라이트_10,10,0.7814927101135254,464,606,0.5,0.0
2EQ16684,1525_▲▲▲라벨_5,5,0.9308330416679382,362,456,0.5,0.0
2EQ16684,3780_전원스위치_9,9,0.7653152346611023,786,210,0.5,0.0
2EQ16684,2917_코마_6,6,0.8458309769630432,190,688,0.5,0.0
2EQ16684,3779_압판스토퍼_14,14,0.7244586944580078,140,60,0.75,0.0
2EQ16684,V242_카바라이트_10,10,0.779930591583252,424,610,0.5,0.0
2EQ16685,1525_▲▲▲라벨_5,5,0.9187012910842896,796,226,0.75,0.0
2EQ16685,3780_전원스위치_9,9,0.7678603529930115,786,210,0.5,0.0
2EQ16685,2917_코마_6,6,0.8593788146972656,730,570,0.5,0.0
2EQ16685,3779_압판스토퍼_14,14,0.7525420188903809,488,344,0.5,8.0
2EQ16685,V242_카바라이트_10,10,0.7821436524391174,506,132,0.5,0.0
2EQ16686,1525_▲▲▲라벨_5,5,0.9286835789680481,162,236,0.5,0.0
2EQ16686,3780_전원스위치_9,9,0.7616878151893616,784,210,0.5,0.0
2EQ16686,2917_코마_6,6,0.8653623461723328,896,554,0.5,0.0
2EQ16686,3779_압판스토퍼_14,14,0.7337026000022888,578,418,0.5,8.0
2EQ16686,V242_카바라이트_10,10,0.7704587578773499,448,596,0.5,0.0
2EQ16687,1525_▲▲▲라벨_5,5,0.9266809225082397,820,232,0.5,0.0
2EQ16687,3780_전원스위치_9,9,0.7628335952758789,786,210,0.5,0.0
2EQ16687,2917_코마_6,6,0.869548499584198,724,578,0.5,-8.0
2EQ16687,3779_압판스토퍼_14,14,0.7588233947753906,392,390,0.5,8.0
2EQ16687,V242_카바라이트_10,10,0.7845231294631958,466,616,0.5,0.0
2EQ16688,1525_▲▲▲라벨_5,5,0.9269742965698242,190,474,0.75,0.0
2EQ16688,3780_전원스위치_9,9,0.7646809816360474,784,210,0.5,0.0
2EQ16688,2917_코마_6,6,0.8546108603477478,80,596,0.5,0.0
2EQ16688,3779_압판스토퍼_14,14,0.7590638995170593,566,370,0.5,8.0
2EQ16688,V242_카바라이트_10,10,0.7818928360939026,492,142,0.5,0.0
2EQ16689,1525_▲▲▲라벨_5,5,0.9197325706481934,542,384,0.5,0.0
2EQ16689,3780_전원스위치_9,9,0.7568122744560242,786,210,0.5,0.0
2EQ16689,2917_코마_6,6,0.8570429682731628,238,198,0.5,0.0
2EQ16689,3779_압판스토퍼_14,14,0.7571815848350525,228,188,0.75,0.0
2EQ16689,V242_카바라이트_10,10,0.7862873077392578,514,134,0.5,0.0
2EQ16690,1525_▲▲▲라벨_5,5,0.9237785339355469,796,226,0.75,0.0
2EQ16690,3780_전원스위치_9,9,0.760862410068512,786,210,0.5,0.0
2EQ16690,2917_코마_6,6,0.8764471411705017,946,554,0.5,0.0
2EQ16690,3779_압판스토퍼_14,14,0.7451011538505554,466,286,0.75,0.0
2EQ16690,V242_카바라이트_10,10,0.7817790508270264,500,126,0.5,0.0
2EQ16691,1525_▲▲▲라벨_5,5,0.922187089920044,250,476,0.5,0.0
2EQ16691,3780_전원스위치_9,9,0.7658570408821106,786,210,0.5,0.0
2EQ16691,2917_코마_6,6,0.8721675276756287,692,166,0.5,0.0
2EQ16691,3779_압판스토퍼_14,14,0.7584150433540344,464,352,0.5,8.0
2EQ16691,V242_카바라이트_10,10,0.7711015343666077,444,602,0.5,0.0
2EQ16692,1525_▲▲▲라벨_5,5,0.9208091497421265,164,234,0.5,0.0
2EQ16692,3780_전원스위치_9,9,0.7648523449897766,786,210,0.5,0.0
2EQ16692,2917_코마_6,6,0.8726342916488647,948,258,0.5,0.0
2EQ16692,3779_압판스토퍼_14,14,0.7124770283699036,162,616,0.75,0.0
2EQ16692,V242_카바라이트_10,10,0.7784850001335144,424,598,0.5,0.0
2EQ16693,1525_▲▲▲라벨_5,5,0.9187085032463074,824,232,0.5,0.0
2EQ16693,3780_전원스위치_9,9,0.7651771903038025,784,210,0.5,0.0
2EQ16693,2917_코마_6,6,0.8680893778800964,688,164,0.5,0.0
2EQ16693,3779_압판스토퍼_14,14,0.7586026191711426,212,178,0.5,8.0
2EQ16693,V242_카바라이트_10,10,0.7723321318626404,510,132,0.5,0.0
2EQ16694,1525_▲▲▲라벨_5,5,0.9334889650344849,822,234,0.5,0.0
2EQ16694,3780_전원스위치_9,9,0.7666600346565247,786,208,0.5,0.0
2EQ16694,2917_코마_6,6,0.8614533543586731,888,560,0.5,0.0
2EQ16694,3779_압판스토퍼_14,14,0.7312317490577698,494,384,0.75,-8.0
2EQ16694,V242_카바라이트_10,10,0.7787349224090576,440,598,0.5,0.0
2EQ16695,1525_▲▲▲라벨_5,5,0.9267329573631287,6,490,0.5,0.0
2EQ16695,3780_전원스위치_9,9,0.7601571083068848,784,210,0.5,0.0
2EQ16695,2917_코마_6,6,0.8396611213684082,908,262,0.5,0.0
2EQ16695,3779_압판스토퍼_14,14,0.7358470559120178,434,406,0.5,8.0
2EQ16695,V242_카바라이트_10,10,0.7791463732719421,432,604,0.5,0.0
2EQ16696,1525_▲▲▲라벨_5,5,0.9303656220436096,818,234,0.5,0.0
2EQ16696,3780_전원스위치_9,9,0.7670741081237793,786,210,0.5,0.0
2EQ16696,2917_코마_6,6,0.8702544569969177,944,574,0.5,0.0
2EQ16696,3779_압판스토퍼_14,14,0.7612297534942627,478,344,0.5,8.0
2EQ16696,V242_카바라이트_10,10,0.7817217111587524,508,128,0.5,0.0
2EQ16697,1525_▲▲▲라벨_5,5,0.9188573360443115,310,416,0.5,0.0
2EQ16697,3780_전원스위치_9,9,0.7633576989173889,786,210,0.5,0.0
2EQ16697,2917_코마_6,6,0.871456503868103,466,344,0.5,0.0
2EQ16697,3779_압판스토퍼_14,14,0.704347550868988,824,344,0.75,0.0
2EQ16697,V242_카바라이트_10,10,0.7811477780342102,506,134,0.5,0.0
2EQ16698,1525_▲▲▲라벨_5,5,0.9299608469009399,164,234,0.5,0.0
2EQ16698,3780_전원스위치_9,9,0.7664165496826172,786,210,0.5,0.0
2EQ16698,2917_코마_6,6,0.8604897856712341,804,236,0.5,0.0
2EQ16698,3779_압판스토퍼_14,14,0.7652100920677185,218,176,0.75,0.0
2EQ16698,V242_카바라이트_10,10,0.7877618670463562,490,144,0.5,0.0
2EQ16699,1525_▲▲▲라벨_5,5,0.9301804304122925,162,234,0.5,0.0
2EQ16699,3780_전원스위치_9,9,0.7505435943603516,784,210,0.5,0.0
2EQ16699,2917_코마_6,6,0.8400173187255859,232,208,0.5,0.0
2EQ16699,3779_압판스토퍼_14,14,0.7536589503288269,536,350,0.75,-8.0
2EQ16699,V242_카바라이트_10,10,0.7812609672546387,444,606,0.5,0.0
2EQ16700,1525_▲▲▲라벨_5,5,0.9216001033782959,306,460,0.5,0.0
2EQ16700,3780_전원스위치_9,9,0.7644897103309631,786,210,0.5,0.0
2EQ16700,2917_코마_6,6,0.8628791570663452,694,166,0.5,0.0
2EQ16700,3779_압판스토퍼_14,14,0.7433591485023499,226,184,0.75,0.0
2EQ16700,V242_카바라이트_10,10,0.7736249566078186,440,610,0.5,0.0
2EQ16701,1525_▲▲▲라벨_5,5,0.9092543125152588,796,232,0.5,0.0
2EQ16701,3780_전원스위치_9,9,0.7419614791870117,788,210,0.5,0.0
2EQ16701,2917_코마_6,6,0.8634164929389954,524,624,0.5,0.0
2EQ16701,3779_압판스토퍼_14,14,0.7600979804992676,514,178,0.75,0.0
2EQ16701,V242_카바라이트_10,10,0.7879926562309265,506,178,0.5,0.0
2EQ16702,1525_▲▲▲라벨_5,5,0.9264243245124817,164,232,0.5,0.0
2EQ16702,3780_전원스위치_9,9,0.7674487829208374,784,210,0.5,0.0
2EQ16702,2917_코마_6,6,0.8622744083404541,630,556,0.5,0.0
2EQ16702,3779_압판스토퍼_14,14,0.7451855540275574,212,174,0.75,0.0
2EQ16702,V242_카바라이트_10,10,0.7793275713920593,442,606,0.5,0.0
2EQ16703,1525_▲▲▲라벨_5,5,0.9243039488792419,192,468,0.75,0.0
2EQ16703,3780_전원스위치_9,9,0.7618334889411926,786,210,0.5,0.0
2EQ16703,2917_코마_6,6,0.8625608086585999,696,158,0.5,0.0
2EQ16703,3779_압판스토퍼_14,14,0.743826150894165,512,384,0.5,8.0
2EQ16703,V242_카바라이트_10,10,0.7835602164268494,448,610,0.5,0.0
2EQ16704,1525_▲▲▲라벨_5,5,0.9254965782165527,162,238,0.5,0.0
2EQ16704,3780_전원스위치_9,9,0.740066409111023,768,208,0.5,0.0
2EQ16704,2917_코마_6,6,0.8565140962600708,622,664,0.5,-8.0
2EQ16704,3779_압판스토퍼_14,14,0.7532802224159241,510,202,0.5,8.0
2EQ16704,V242_카바라이트_10,10,0.7615221738815308,504,162,0.5,0.0
2EQ16705,1525_▲▲▲라벨_5,5,0.9262048006057739,458,418,0.5,0.0
2EQ16705,3780_전원스위치_9,9,0.7577816247940063,358,406,0.5,0.0
2EQ16705,2917_코마_6,6,0.8523777723312378,786,514,0.5,0.0
2EQ16705,3779_압판스토퍼_14,14,0.7423515319824219,294,250,0.75,0.0
2EQ16705,V242_카바라이트_10,10,0.7744132280349731,426,604,0.5,0.0
2EQ16706,1525_▲▲▲라벨_5,5,0.9251744747161865,792,224,0.75,0.0
2EQ16706,3780_전원스위치_9,9,0.7603268027305603,784,210,0.5,0.0
2EQ16706,2917_코마_6,6,0.8501412272453308,504,320,0.5,0.0
2EQ16706,3779_압판스토퍼_14,14,0.769223690032959,374,426,0.5,8.0
2EQ16706,V242_카바라이트_10,10,0.7722710371017456,498,156,0.5,0.0
2EQ16707,1525_▲▲▲라벨_5,5,0.9293014407157898,822,230,0.5,0.0
2EQ16707,3780_전원스위치_9,9,0.7493264675140381,256,374,0.75,0.0
2EQ16707,2917_코마_6,6,0.8563452363014221,442,566,0.5,0.0
2EQ16707,3779_압판스토퍼_14,14,0.7445183992385864,256,408,0.5,8.0
2EQ16707,V242_카바라이트_10,10,0.7878579497337341,516,160,0.5,0.0
2EQ16708,1525_▲▲▲라벨_5,5,0.9258164167404175,820,232,0.5,0.0
2EQ16708,3780_전원스위치_9,9,0.7611208558082581,784,210,0.5,0.0
2EQ16708,2917_코마_6,6,0.8406314849853516,940,610,0.5,0.0
2EQ16708,3779_압판스토퍼_14,14,0.7517814636230469,490,354,0.5,8.0
2EQ16708,V242_카바라이트_10,10,0.7453266978263855,436,590,0.5,0.0
2EQ16709,1525_▲▲▲라벨_5,5,0.9423023462295532,162,234,0.5,0.0
2EQ16709,3780_전원스위치_9,9,0.7633324265480042,784,210,0.5,0.0
2EQ16709,2917_코마_6,6,0.8580380082130432,738,312,0.5,0.0
2EQ16709,3779_압판스토퍼_14,14,0.7593033313751221,450,296,0.5,8.0
2EQ16709,V242_카바라이트_10,10,0.7737206220626831,450,602,0.5,0.0
2EQ16710,1525_▲▲▲라벨_5,5,0.940809428691864,166,232,0.5,0.0
2EQ16710,3780_전원스위치_9,9,0.7634097933769226,782,210,0.5,0.0
2EQ16710,2917_코마_6,6,0.8682904839515686,454,638,0.5,0.0
2EQ16710,3779_압판스토퍼_14,14,0.7504487633705139,364,382,0.75,0.0
2EQ16710,V242_카바라이트_10,10,0.7796022295951843,492,136,0.5,0.0
2EQ16711,1525_▲▲▲라벨_5,5,0.9270642995834351,820,230,0.5,0.0
2EQ16711,3780_전원스위치_9,9,0.766742467880249,784,210,0.5,0.0
2EQ16711,2917_코마_6,6,0.8547458648681641,32,598,0.5,0.0
2EQ16711,3779_압판스토퍼_14,14,0.749634325504303,440,364,0.5,8.0
2EQ16711,V242_카바라이트_10,10,0.7775700688362122,440,602,0.5,0.0
2EQ16712,1525_▲▲▲라벨_5,5,0.9283077716827393,372,430,0.5,0.0
2EQ16712,3780_전원스위치_9,9,0.7661353945732117,784,210,0.5,0.0
2EQ16712,2917_코마_6,6,0.8670253753662109,832,562,0.5,0.0
2EQ16712,3779_압판스토퍼_14,14,0.762635350227356,216,174,0.75,0.0
2EQ16712,V242_카바라이트_10,10,0.7726948857307434,512,130,0.5,0.0
2EQ16713,1525_▲▲▲라벨_5,5,0.921445369720459,818,236,0.5,0.0
2EQ16713,3780_전원스위치_9,9,0.7666252255439758,784,210,0.5,0.0
2EQ16713,2917_코마_6,6,0.8631384372711182,926,556,0.5,0.0
2EQ16713,3779_압판스토퍼_14,14,0.7502703666687012,238,190,0.75,0.0
2EQ16713,V242_카바라이트_10,10,0.7757773995399475,448,610,0.5,0.0
2EQ16714,1525_▲▲▲라벨_5,5,0.9214291572570801,794,228,0.75,0.0
2EQ16714,3780_전원스위치_9,9,0.7649388313293457,784,210,0.5,0.0
2EQ16714,2917_코마_6,6,0.8648954033851624,944,578,0.5,0.0
2EQ16714,3779_압판스토퍼_14,14,0.7403911352157593,554,236,0.75,0.0
2EQ16714,V242_카바라이트_10,10,0.7764127850532532,450,606,0.5,0.0
2EQ16715,1525_▲▲▲라벨_5,5,0.9321163892745972,822,232,0.5,0.0
2EQ16715,3780_전원스위치_9,9,0.7657425999641418,784,210,0.5,0.0
2EQ16715,2917_코마_6,6,0.8640925884246826,708,136,0.5,0.0
2EQ16715,3779_압판스토퍼_14,14,0.7571985721588135,430,340,0.5,8.0
2EQ16715,V242_카바라이트_10,10,0.7650061249732971,498,148,0.5,0.0
2EQ16716,1525_▲▲▲라벨_5,5,0.9216886162757874,796,224,0.75,0.0
2EQ16716,3780_전원스위치_9,9,0.76590496301651,784,210,0.5,0.0
2EQ16716,2917_코마_6,6,0.8446064591407776,690,194,0.5,0.0
2EQ16716,3779_압판스토퍼_14,14,0.7581743597984314,466,322,0.5,8.0
2EQ16716,V242_카바라이트_10,10,0.7778007388114929,506,132,0.5,0.0
2EQ16717,1525_▲▲▲라벨_5,5,0.9289743900299072,168,240,0.5,0.0
2EQ16717,3780_전원스위치_9,9,0.7610682845115662,784,210,0.5,0.0
2EQ16717,2917_코마_6,6,0.850774347782135,896,572,0.5,0.0
2EQ16717,3779_압판스토퍼_14,14,0.7422760725021362,232,194,0.75,0.0
2EQ16717,V242_카바라이트_10,10,0.7835256457328796,510,132,0.5,0.0
2EQ16718,1525_▲▲▲라벨_5,5,0.9207939505577087,140,224,0.75,0.0
2EQ16718,3780_전원스위치_9,9,0.764521062374115,784,210,0.5,0.0
2EQ16718,2917_코마_6,6,0.8565331101417542,304,386,0.5,0.0
2EQ16718,3779_압판스토퍼_14,14,0.7412211298942566,506,28,2.0,8.0
2EQ16718,V242_카바라이트_10,10,0.7897788286209106,498,156,0.5,0.0
2EQ16719,1525_▲▲▲라벨_5,5,0.9230048060417175,332,468,0.75,0.0
2EQ16719,3780_전원스위치_9,9,0.7586367130279541,784,210,0.5,0.0
2EQ16719,2917_코마_6,6,0.8541614413261414,848,536,0.5,0.0
2EQ16719,3779_압판스토퍼_14,14,0.7664417624473572,460,302,0.5,8.0
2EQ16719,V242_카바라이트_10,10,0.7813313603401184,490,166,0.5,0.0
2EQ16720,1525_▲▲▲라벨_5,5,0.9198976159095764,166,242,0.5,0.0
2EQ16720,3780_전원스위치_9,9,0.7660713791847229,382,426,0.5,0.0
2EQ16720,2917_코마_6,6,0.8512457609176636,786,514,0.5,0.0
2EQ16720,3779_압판스토퍼_14,14,0.732478141784668,520,314,0.5,8.0
2EQ16720,V242_카바라이트_10,10,0.7780023217201233,376,342,0.5,0.0
2EQ16721,1525_▲▲▲라벨_5,5,0.9227448105812073,250,468,0.5,0.0
2EQ16721,3780_전원스위치_9,9,0.7614919543266296,784,210,0.5,0.0
2EQ16721,2917_코마_6,6,0.8655284643173218,706,316,0.5,0.0
2EQ16721,3779_압판스토퍼_14,14,0.7461057305335999,460,384,0.5,8.0
2EQ16721,V242_카바라이트_10,10,0.7772446870803833,440,610,0.5,0.0
2EQ16722,1525_▲▲▲라벨_5,5,0.9319539070129395,794,226,0.75,0.0
2EQ16722,3780_전원스위치_9,9,0.7615188956260681,784,210,0.5,0.0
2EQ16722,2917_코마_6,6,0.8716208338737488,692,142,0.5,0.0
2EQ16722,3779_압판스토퍼_14,14,0.7531484961509705,464,318,0.5,8.0
2EQ16722,V242_카바라이트_10,10,0.7680580019950867,490,142,0.5,0.0
2EQ16723,1525_▲▲▲라벨_5,5,0.9323163628578186,164,238,0.5,0.0
2EQ16723,3780_전원스위치_9,9,0.7630718350410461,222,500,0.5,0.0
2EQ16723,2917_코마_6,6,0.8549913763999939,952,570,0.5,0.0
2EQ16723,3779_압판스토퍼_14,14,0.7509793639183044,664,318,0.75,-8.0
2EQ16723,V242_카바라이트_10,10,0.7747313976287842,438,614,0.5,0.0
2EQ16724,1525_▲▲▲라벨_5,5,0.9209237098693848,166,230,0.5,0.0
2EQ16724,3780_전원스위치_9,9,0.7683424353599548,788,210,0.5,0.0
2EQ16724,2917_코마_6,6,0.8616185188293457,798,248,0.5,0.0
2EQ16724,3779_압판스토퍼_14,14,0.7562974691390991,444,356,0.5,8.0
2EQ16724,V242_카바라이트_10,10,0.78067547082901,492,128,0.5,0.0
2EQ16725,1525_▲▲▲라벨_5,5,0.9292263388633728,144,228,0.75,0.0
2EQ16725,3780_전원스위치_9,9,0.7510675191879272,782,210,0.5,0.0
2EQ16725,2917_코마_6,6,0.837855875492096,744,60,0.5,0.0
2EQ16725,3779_압판스토퍼_14,14,0.7348259687423706,508,298,0.5,8.0
2EQ16725,V242_카바라이트_10,10,0.7612914443016052,368,346,0.5,0.0
2EQ16726,1525_▲▲▲라벨_5,5,0.9226895570755005,794,228,0.75,0.0
2EQ16726,3780_전원스위치_9,9,0.7644477486610413,784,210,0.5,0.0
2EQ16726,2917_코마_6,6,0.8674691915512085,910,538,0.5,0.0
2EQ16726,3779_압판스토퍼_14,14,0.740070104598999,784,442,0.75,0.0
2EQ16726,V242_카바라이트_10,10,0.7714920043945312,442,598,0.5,0.0
2EQ16727,1525_▲▲▲라벨_5,5,0.9301695227622986,162,236,0.5,0.0
2EQ16727,3780_전원스위치_9,9,0.7540485262870789,784,208,0.5,0.0
2EQ16727,2917_코마_6,6,0.854204535484314,110,564,0.5,0.0
2EQ16727,3779_압판스토퍼_14,14,0.7474901080131531,358,252,0.5,8.0
2EQ16727,V242_카바라이트_10,10,0.7845962047576904,516,128,0.5,0.0
2EQ16728,1525_▲▲▲라벨_5,5,0.9243562817573547,216,452,0.5,0.0
2EQ16728,3780_전원스위치_9,9,0.7697922587394714,784,210,0.5,0.0
2EQ16728,2917_코마_6,6,0.8526239991188049,942,554,0.5,0.0
2EQ16728,3779_압판스토퍼_14,14,0.7658292651176453,496,330,0.5,8.0
2EQ16728,V242_카바라이트_10,10,0.7859978675842285,506,134,0.5,0.0
2EQ16729,1525_▲▲▲라벨_5,5,0.9279600977897644,816,232,0.5,0.0
2EQ16729,3780_전원스위치_9,9,0.7677745223045349,784,210,0.5,0.0
2EQ16729,2917_코마_6,6,0.8501763343811035,942,530,0.5,0.0
2EQ16729,3779_압판스토퍼_14,14,0.7504072785377502,486,376,0.5,8.0
2EQ16729,V242_카바라이트_10,10,0.7749276161193848,450,604,0.5,0.0
2EQ16730,1525_▲▲▲라벨_5,5,0.9289333820343018,166,240,0.5,0.0
2EQ16730,3780_전원스위치_9,9,0.7654074430465698,786,208,0.5,0.0
2EQ16730,2917_코마_6,6,0.8564659357070923,944,552,0.5,0.0
2EQ16730,3779_압판스토퍼_14,14,0.7741291522979736,552,232,0.75,0.0
2EQ16730,V242_카바라이트_10,10,0.7755392789840698,450,606,0.5,0.0
2EQ16731,1525_▲▲▲라벨_5,5,0.9256607890129089,822,230,0.5,0.0
2EQ16731,3780_전원스위치_9,9,0.7624228596687317,786,208,0.5,0.0
2EQ16731,2917_코마_6,6,0.8511183261871338,172,432,0.5,0.0
2EQ16731,3779_압판스토퍼_14,14,0.7634752988815308,486,340,0.5,8.0
2EQ16731,V242_카바라이트_10,10,0.7685534954071045,496,136,0.5,0.0
2EQ16732,1525_▲▲▲라벨_5,5,0.9288799166679382,816,234,0.5,0.0
2EQ16732,3780_전원스위치_9,9,0.7634402513504028,782,210,0.5,0.0
2EQ16732,2917_코마_6,6,0.8564502596855164,710,182,0.5,0.0
2EQ16732,3779_압판스토퍼_14,14,0.7483522295951843,516,296,0.5,8.0
2EQ16732,V242_카바라이트_10,10,0.7818301320075989,448,604,0.5,0.0
2EQ16733,1525_▲▲▲라벨_5,5,0.9338269829750061,164,232,0.5,0.0
2EQ16733,3780_전원스위치_9,9,0.7419756650924683,332,408,0.5,0.0
2EQ16733,2917_코마_6,6,0.8399207592010498,506,364,0.5,0.0
2EQ16733,3779_압판스토퍼_14,14,0.756944477558136,432,374,0.75,0.0
2EQ16733,V242_카바라이트_10,10,0.7718898057937622,420,610,0.5,0.0
2EQ16734,1525_▲▲▲라벨_5,5,0.9344792366027832,166,236,0.5,0.0
2EQ16734,3780_전원스위치_9,9,0.7383411526679993,340,350,0.75,8.0
2EQ16734,2917_코마_6,6,0.8598705530166626,178,412,0.5,0.0
2EQ16734,3779_압판스토퍼_14,14,0.7308560609817505,734,484,0.75,8.0
2EQ16734,V242_카바라이트_10,10,0.7714806795120239,420,606,0.5,0.0
2EQ16735,1525_▲▲▲라벨_5,5,0.9317222237586975,164,236,0.5,0.0
2EQ16735,3780_전원스위치_9,9,0.7599355578422546,782,210,0.5,0.0
2EQ16735,2917_코마_6,6,0.8754867315292358,936,550,0.5,0.0
2EQ16735,3779_압판스토퍼_14,14,0.7576416730880737,576,198,0.75,0.0
2EQ16735,V242_카바라이트_10,10,0.7780523896217346,436,600,0.5,0.0
2EQ16736,1525_▲▲▲라벨_5,5,0.9276348352432251,820,236,0.5,0.0
2EQ16736,3780_전원스위치_9,9,0.7658191323280334,320,404,0.5,8.0
2EQ16736,2917_코마_6,6,0.8545463681221008,914,614,0.5,0.0
2EQ16736,3779_압판스토퍼_14,14,0.7513396739959717,488,346,0.5,8.0
2EQ16736,V242_카바라이트_10,10,0.7868626117706299,492,148,0.5,0.0
2EQ16737,1525_▲▲▲라벨_5,5,0.9146812558174133,794,224,0.75,0.0
2EQ16737,3780_전원스위치_9,9,0.7609411478042603,784,210,0.5,0.0
2EQ16737,2917_코마_6,6,0.8630988597869873,520,310,0.5,0.0
2EQ16737,3779_압판스토퍼_14,14,0.7561089992523193,384,432,0.75,0.0
2EQ16737,V242_카바라이트_10,10,0.7717662453651428,494,166,0.5,0.0
2EQ16738,1525_▲▲▲라벨_5,5,0.9184123873710632,258,476,0.5,0.0
2EQ16738,3780_전원스위치_9,9,0.7646436095237732,784,210,0.5,0.0
2EQ16738,2917_코마_6,6,0.8642399907112122,752,554,0.5,0.0
2EQ16738,3779_압판스토퍼_14,14,0.7325581312179565,210,176,0.5,8.0
2EQ16738,V242_카바라이트_10,10,0.7820160984992981,442,602,0.5,0.0
2EQ16739,1525_▲▲▲라벨_5,5,0.928971529006958,794,224,0.75,0.0
2EQ16739,3780_전원스위치_9,9,0.7676494121551514,782,210,0.5,0.0
2EQ16739,2917_코마_6,6,0.8809746503829956,912,560,0.5,0.0
2EQ16739,3779_압판스토퍼_14,14,0.7551319599151611,360,390,0.75,0.0
2EQ16739,V242_카바라이트_10,10,0.7775318026542664,496,138,0.5,0.0
2EQ16740,1525_▲▲▲라벨_5,5,0.9190977811813354,220,480,0.5,0.0
2EQ16740,3780_전원스위치_9,9,0.7599457502365112,300,478,0.5,0.0
2EQ16740,2917_코마_6,6,0.8281127214431763,100,590,0.5,0.0
2EQ16740,3779_압판스토퍼_14,14,0.7611665725708008,522,222,0.75,0.0
2EQ16740,V242_카바라이트_10,10,0.7686862349510193,496,132,0.5,0.0
2EQ16741,1525_▲▲▲라벨_5,5,0.9276792407035828,164,232,0.5,0.0
2EQ16741,3780_전원스위치_9,9,0.75651615858078,782,210,0.5,0.0
2EQ16741,2917_코마_6,6,0.8549907207489014,838,534,0.5,0.0
2EQ16741,3779_압판스토퍼_14,14,0.7494415044784546,748,306,0.75,0.0
2EQ16741,V242_카바라이트_10,10,0.7824915051460266,500,150,0.5,0.0
2EQ16742,1525_▲▲▲라벨_5,5,0.9249866008758545,174,462,0.75,0.0
2EQ16742,3780_전원스위치_9,9,0.765231728553772,784,210,0.5,0.0
2EQ16742,2917_코마_6,6,0.8738200664520264,694,318,0.5,0.0
2EQ16742,3779_압판스토퍼_14,14,0.7465860247612,496,352,0.75,-8.0
2EQ16742,V242_카바라이트_10,10,0.7751144170761108,434,594,0.5,0.0
2EQ16743,1525_▲▲▲라벨_5,5,0.9163390398025513,830,230,0.5,0.0
2EQ16743,3780_전원스위치_9,9,0.7664957642555237,784,210,0.5,0.0
2EQ16743,2917_코마_6,6,0.8396266102790833,352,374,0.5,0.0
2EQ16743,3779_압판스토퍼_14,14,0.7411706447601318,400,466,0.75,8.0
2EQ16743,V242_카바라이트_10,10,0.7912049293518066,498,162,0.5,0.0
2EQ16744,1525_▲▲▲라벨_5,5,0.9259998202323914,166,238,0.5,0.0
2EQ16744,3780_전원스위치_9,9,0.7656993865966797,784,210,0.5,0.0
2EQ16744,2917_코마_6,6,0.8537545800209045,950,552,0.5,0.0
2EQ16744,3779_압판스토퍼_14,14,0.7624707221984863,376,350,0.75,0.0
2EQ16744,V242_카바라이트_10,10,0.7772508263587952,454,608,0.5,0.0
2EQ16745,1525_▲▲▲라벨_5,5,0.9227258563041687,208,488,0.5,0.0
2EQ16745,3780_전원스위치_9,9,0.7606584429740906,784,210,0.5,0.0
2EQ16745,2917_코마_6,6,0.8532342910766602,228,676,0.5,0.0
2EQ16745,3779_압판스토퍼_14,14,0.7418087124824524,512,344,0.75,0.0
2EQ16745,V242_카바라이트_10,10,0.7830434441566467,488,152,0.5,0.0
2EQ16746,1525_▲▲▲라벨_5,5,0.9177091121673584,796,228,0.75,0.0
2EQ16746,3780_전원스위치_9,9,0.765586256980896,784,210,0.5,0.0
2EQ16746,2917_코마_6,6,0.858527660369873,686,146,0.5,0.0
2EQ16746,3779_압판스토퍼_14,14,0.777690589427948,522,198,0.75,0.0
2EQ16746,V242_카바라이트_10,10,0.7747600078582764,446,590,0.5,0.0
2EQ16747,1525_▲▲▲라벨_5,5,0.9255826473236084,72,292,0.75,0.0
2EQ16747,3780_전원스위치_9,9,0.7596241235733032,784,210,0.5,0.0
2EQ16747,2917_코마_6,6,0.849522590637207,866,286,0.5,0.0
2EQ16747,3779_압판스토퍼_14,14,0.7461003661155701,548,204,0.5,8.0
2EQ16747,V242_카바라이트_10,10,0.7749610543251038,510,154,0.5,0.0
2EQ16748,1525_▲▲▲라벨_5,5,0.9135509729385376,164,234,0.5,0.0
2EQ16748,3780_전원스위치_9,9,0.7517403960227966,784,210,0.5,0.0
2EQ16748,2917_코마_6,6,0.8503013849258423,144,400,0.5,0.0
2EQ16748,3779_압판스토퍼_14,14,0.7452494502067566,484,482,0.5,8.0
2EQ16748,V242_카바라이트_10,10,0.7743216753005981,428,604,0.5,0.0
2EQ16749,1525_▲▲▲라벨_5,5,0.9239086508750916,162,240,0.5,0.0
2EQ16749,3780_전원스위치_9,9,0.7567503452301025,786,210,0.5,0.0
2EQ16749,2917_코마_6,6,0.854282796382904,6,646,0.5,0.0
2EQ16749,3779_압판스토퍼_14,14,0.7533412575721741,466,312,0.75,-8.0
2EQ16749,V242_카바라이트_10,10,0.7856233716011047,422,604,0.5,0.0
2EQ16750,1525_▲▲▲라벨_5,5,0.9187623262405396,162,240,0.5,0.0
2EQ16750,3780_전원스위치_9,9,0.7684246301651001,784,210,0.5,0.0
2EQ16750,2917_코마_6,6,0.852120578289032,150,414,0.5,0.0
2EQ16750,3779_압판스토퍼_14,14,0.7304836511611938,230,204,0.75,0.0
2EQ16750,V242_카바라이트_10,10,0.7851823568344116,504,146,0.5,0.0
2EQ16751,1525_▲▲▲라벨_5,5,0.9265886545181274,794,224,0.75,0.0
2EQ16751,3780_전원스위치_9,9,0.762512743473053,358,436,0.5,0.0
2EQ16751,2917_코마_6,6,0.8603434562683105,926,502,0.5,0.0
2EQ16751,3779_압판스토퍼_14,14,0.7402609586715698,164,630,0.5,8.0
2EQ16751,V242_카바라이트_10,10,0.7684196829795837,512,162,0.5,0.0
2EQ16752,1525_▲▲▲라벨_5,5,0.9222028255462646,234,476,0.5,0.0
2EQ16752,3780_전원스위치_9,9,0.7641712427139282,786,210,0.5,0.0
2EQ16752,2917_코마_6,6,0.8624646067619324,932,586,0.5,0.0
2EQ16752,3779_압판스토퍼_14,14,0.7555264830589294,358,372,0.75,0.0
2EQ16752,V242_카바라이트_10,10,0.7720323801040649,494,142,0.5,0.0
2EQ16753,1525_▲▲▲라벨_5,5,0.9274755716323853,820,232,0.5,0.0
2EQ16753,3780_전원스위치_9,9,0.77027827501297,786,210,0.5,0.0
2EQ16753,2917_코마_6,6,0.8638495206832886,850,542,0.5,0.0
2EQ16753,3779_압판스토퍼_14,14,0.7508047223091125,210,168,0.75,0.0
2EQ16753,V242_카바라이트_10,10,0.7824044823646545,432,606,0.5,0.0
2EQ16754,1525_▲▲▲라벨_5,5,0.9305663108825684,298,424,0.75,0.0
2EQ16754,3780_전원스위치_9,9,0.7691665887832642,786,210,0.5,0.0
2EQ16754,2917_코마_6,6,0.8627644777297974,938,554,0.5,0.0
2EQ16754,3779_압판스토퍼_14,14,0.7567251920700073,586,198,0.75,0.0
2EQ16754,V242_카바라이트_10,10,0.7769918441772461,442,594,0.5,0.0
2EQ16755,1525_▲▲▲라벨_5,5,0.9194266200065613,202,294,0.75,0.0
2EQ16755,3780_전원스위치_9,9,0.7690285444259644,786,210,0.5,0.0
2EQ16755,2917_코마_6,6,0.8526069521903992,950,592,0.5,0.0
2EQ16755,3779_압판스토퍼_14,14,0.7513940334320068,496,196,0.75,0.0
2EQ16755,V242_카바라이트_10,10,0.7827197313308716,500,138,0.5,0.0
2EQ16756,1525_▲▲▲라벨_5,5,0.9288573861122131,140,404,0.75,0.0
2EQ16756,3780_전원스위치_9,9,0.7441537380218506,34,392,0.5,0.0
2EQ16756,2917_코마_6,6,0.8435479402542114,166,434,0.5,0.0
2EQ16756,3779_압판스토퍼_14,14,0.7707489132881165,222,458,0.5,8.0
2EQ16756,V242_카바라이트_10,10,0.7757683396339417,432,600,0.5,0.0
2EQ16757,1525_▲▲▲라벨_5,5,0.9217445850372314,404,350,0.5,0.0
2EQ16757,3780_전원스위치_9,9,0.7655584812164307,784,210,0.5,0.0
2EQ16757,2917_코마_6,6,0.8449993133544922,442,356,0.5,0.0
2EQ16757,3779_압판스토퍼_14,14,0.7547459006309509,490,392,0.5,8.0
2EQ16757,V242_카바라이트_10,10,0.7807289958000183,508,128,0.5,0.0
2EQ16758,1525_▲▲▲라벨_5,5,0.9232569932937622,796,226,0.75,0.0
2EQ16758,3780_전원스위치_9,9,0.7644063234329224,786,210,0.5,0.0
2EQ16758,2917_코마_6,6,0.8691906332969666,832,544,0.5,0.0
2EQ16758,3779_압판스토퍼_14,14,0.755618691444397,218,174,0.75,0.0
2EQ16758,V242_카바라이트_10,10,0.7720789909362793,450,604,0.5,0.0
2EQ16759,1525_▲▲▲라벨_5,5,0.9280216693878174,818,234,0.5,0.0
2EQ16759,3780_전원스위치_9,9,0.7667552828788757,784,210,0.5,0.0
2EQ16759,2917_코마_6,6,0.8456385731697083,494,54,0.5,0.0
2EQ16759,3779_압판스토퍼_14,14,0.7608052492141724,924,290,0.75,0.0
2EQ16759,V242_카바라이트_10,10,0.7778794169425964,438,602,0.5,0.0
2EQ16760,1525_▲▲▲라벨_5,5,0.9184502363204956,824,230,0.5,0.0
2EQ16760,3780_전원스위치_9,9,0.763870120048523,784,210,0.5,0.0
2EQ16760,2917_코마_6,6,0.8423449993133545,324,390,0.5,0.0
2EQ16760,3779_압판스토퍼_14,14,0.7273932695388794,578,228,0.75,0.0
2EQ16760,V242_카바라이트_10,10,0.7798961997032166,498,146,0.5,0.0
2EQ16761,1525_▲▲▲라벨_5,5,0.9469150304794312,162,236,0.5,0.0
2EQ16761,3780_전원스위치_9,9,0.7700878977775574,332,414,0.75,8.0
2EQ16761,2917_코마_6,6,0.8574903011322021,498,552,0.5,0.0
2EQ16761,3779_압판스토퍼_14,14,0.7372204661369324,722,156,0.75,0.0
2EQ16761,V242_카바라이트_10,10,0.7786070108413696,520,142,0.5,0.0
2EQ16762,1525_▲▲▲라벨_5,5,0.9234101176261902,458,356,0.5,0.0
2EQ16762,3780_전원스위치_9,9,0.7574892640113831,784,210,0.5,0.0
2EQ16762,2917_코마_6,6,0.8666577935218811,906,568,0.5,0.0
2EQ16762,3779_압판스토퍼_14,14,0.7525255680084229,232,184,0.5,8.0
2EQ16762,V242_카바라이트_10,10,0.7850838303565979,498,140,0.5,0.0
2EQ16763,1525_▲▲▲라벨_5,5,0.9341774582862854,298,418,0.5,0.0
2EQ16763,3780_전원스위치_9,9,0.7592056393623352,784,210,0.5,0.0
2EQ16763,2917_코마_6,6,0.869093656539917,940,496,0.5,0.0
2EQ16763,3779_압판스토퍼_14,14,0.7348289489746094,692,302,0.75,-8.0
2EQ16763,V242_카바라이트_10,10,0.8006593585014343,508,152,0.5,0.0
2EQ16764,1525_▲▲▲라벨_5,5,0.9217561483383179,822,230,0.5,0.0
2EQ16764,3780_전원스위치_9,9,0.7852185964584351,288,488,0.5,0.0
2EQ16764,2917_코마_6,6,0.8736667037010193,922,496,0.5,0.0
2EQ16764,3779_압판스토퍼_14,14,0.7373902797698975,630,338,0.75,0.0
2EQ16764,V242_카바라이트_10,10,0.780578076839447,426,604,0.5,0.0
2EQ16765,1525_▲▲▲라벨_5,5,0.9253559708595276,206,496,0.5,0.0
2EQ16765,3780_전원스위치_9,9,0.7651740312576294,786,210,0.5,0.0
2EQ16765,2917_코마_6,6,0.8612947463989258,942,532,0.5,0.0
2EQ16765,3779_압판스토퍼_14,14,0.7412444353103638,210,178,0.5,8.0
2EQ16765,V242_카바라이트_10,10,0.7743362188339233,458,606,0.5,0.0
2EQ16766,1525_▲▲▲라벨_5,5,0.9278531074523926,10,586,0.5,0.0
2EQ16766,3780_전원스위치_9,9,0.7611204981803894,786,210,0.5,0.0
2EQ16766,2917_코마_6,6,0.8512910008430481,822,566,0.5,0.0
2EQ16766,3779_압판스토퍼_14,14,0.7505653500556946,900,242,0.75,0.0
2EQ16766,V242_카바라이트_10,10,0.7766055464744568,434,606,0.5,0.0
2EQ16767,1525_▲▲▲라벨_5,5,0.9307326078414917,794,226,0.75,0.0
2EQ16767,3780_전원스위치_9,9,0.7567601799964905,786,210,0.5,0.0
2EQ16767,2917_코마_6,6,0.8618798851966858,912,546,0.5,0.0
2EQ16767,3779_압판스토퍼_14,14,0.7513862252235413,492,276,0.5,8.0
2EQ16767,V242_카바라이트_10,10,0.7783505320549011,444,600,0.5,0.0
2EQ16768,1525_▲▲▲라벨_5,5,0.9204276204109192,204,480,0.5,0.0
2EQ16768,3780_전원스위치_9,9,0.7453900575637817,786,210,0.5,0.0
2EQ16768,2917_코마_6,6,0.8715004920959473,860,566,0.5,0.0
2EQ16768,3779_압판스토퍼_14,14,0.7656752467155457,418,220,0.75,0.0
2EQ16768,V242_카바라이트_10,10,0.7804931402206421,450,608,0.5,0.0
2EQ16769,1525_▲▲▲라벨_5,5,0.9315223097801208,796,224,0.75,0.0
2EQ16769,3780_전원스위치_9,9,0.7676509022712708,786,210,0.5,0.0
2EQ16769,2917_코마_6,6,0.8579130172729492,32,604,0.5,0.0
2EQ16769,3779_압판스토퍼_14,14,0.7378161549568176,122,480,0.75,0.0
2EQ16769,V242_카바라이트_10,10,0.7805882692337036,444,604,0.5,0.0
2EQ16770,1525_▲▲▲라벨_5,5,0.9227278232574463,162,472,0.75,0.0
2EQ16770,3780_전원스위치_9,9,0.7667400240898132,784,210,0.5,0.0
2EQ16770,2917_코마_6,6,0.8470844030380249,852,538,0.5,0.0
2EQ16770,3779_압판스토퍼_14,14,0.7389068603515625,496,392,0.5,8.0
2EQ16770,V242_카바라이트_10,10,0.7733879685401917,446,600,0.5,0.0
2EQ16771,1525_▲▲▲라벨_5,5,0.9273369312286377,162,234,0.5,0.0
2EQ16771,3780_전원스위치_9,9,0.7585304379463196,784,210,0.5,0.0
2EQ16771,2917_코마_6,6,0.861130952835083,878,546,0.5,0.0
2EQ16771,3779_압판스토퍼_14,14,0.7538105845451355,460,212,0.75,0.0
2EQ16771,V242_카바라이트_10,10,0.7826952934265137,428,612,0.5,0.0
2EQ16772,1525_▲▲▲라벨_5,5,0.9231360554695129,216,474,0.5,0.0
2EQ16772,3780_전원스위치_9,9,0.7669898867607117,784,210,0.5,0.0
2EQ16772,2917_코마_6,6,0.8790475130081177,858,560,0.5,0.0
2EQ16772,3779_압판스토퍼_14,14,0.7458127737045288,232,186,0.75,0.0
2EQ16772,V242_카바라이트_10,10,0.7857198715209961,452,610,0.5,0.0
2EQ16773,1525_▲▲▲라벨_5,5,0.9336354732513428,166,240,0.5,0.0
2EQ16773,3780_전원스위치_9,9,0.7664467096328735,786,210,0.5,0.0
2EQ16773,2917_코마_6,6,0.8616196513175964,932,570,0.5,0.0
2EQ16773,3779_압판스토퍼_14,14,0.7404380440711975,504,342,0.5,8.0
2EQ16773,V242_카바라이트_10,10,0.7774022817611694,454,606,0.5,0.0
2EQ16774,1525_▲▲▲라벨_5,5,0.9228483438491821,820,234,0.5,0.0
2EQ16774,3780_전원스위치_9,9,0.762391984462738,262,480,0.5,0.0
2EQ16774,2917_코마_6,6,0.8447391390800476,952,602,0.5,0.0
2EQ16774,3779_압판스토퍼_14,14,0.7298696041107178,460,350,0.75,-8.0
2EQ16774,V242_카바라이트_10,10,0.7781876921653748,446,596,0.5,0.0
2EQ16775,1525_▲▲▲라벨_5,5,0.9293971061706543,798,226,0.75,0.0
2EQ16775,3780_전원스위치_9,9,0.7616261839866638,310,482,0.5,0.0
2EQ16775,2917_코마_6,6,0.8649525046348572,828,544,0.5,0.0
2EQ16775,3779_압판스토퍼_14,14,0.7529792189598083,220,184,0.75,0.0
2EQ16775,V242_카바라이트_10,10,0.773954451084137,720,246,0.5,8.0
2EQ16776,1525_▲▲▲라벨_5,5,0.9208288788795471,798,226,0.75,0.0
2EQ16776,3780_전원스위치_9,9,0.7648926973342896,788,210,0.5,0.0
2EQ16776,2917_코마_6,6,0.8750795125961304,934,572,0.5,0.0
2EQ16776,3779_압판스토퍼_14,14,0.7544058561325073,470,308,0.5,8.0
2EQ16776,V242_카바라이트_10,10,0.776479184627533,444,600,0.5,0.0
2EQ16777,1525_▲▲▲라벨_5,5,0.9274796843528748,798,224,0.75,0.0
2EQ16777,3780_전원스위치_9,9,0.7644276022911072,342,396,0.5,0.0
2EQ16777,2917_코마_6,6,0.8552111387252808,862,544,0.5,0.0
2EQ16777,3779_압판스토퍼_14,14,0.742596447467804,538,356,0.75,0.0
2EQ16777,V242_카바라이트_10,10,0.7745233774185181,496,124,0.5,0.0
2EQ16778,1525_▲▲▲라벨_5,5,0.9317619800567627,824,232,0.5,0.0
2EQ16778,3780_전원스위치_9,9,0.7633586525917053,788,210,0.5,0.0
2EQ16778,2917_코마_6,6,0.8760522603988647,944,554,0.5,0.0
2EQ16778,3779_압판스토퍼_14,14,0.7607591152191162,478,296,0.5,8.0
2EQ16778,V242_카바라이트_10,10,0.7643436789512634,502,140,0.5,0.0
2EQ16779,1525_▲▲▲라벨_5,5,0.9216002821922302,134,458,0.5,0.0
2EQ16779,3780_전원스위치_9,9,0.7654955387115479,786,210,0.5,0.0
2EQ16779,2917_코마_6,6,0.8745837211608887,874,568,0.5,0.0
2EQ16779,3779_압판스토퍼_14,14,0.747654378414154,520,450,0.5,8.0
2EQ16779,V242_카바라이트_10,10,0.7788726091384888,454,606,0.5,0.0
2EQ16780,1525_▲▲▲라벨_5,5,0.9262506365776062,2,578,0.5,8.0
2EQ16780,3780_전원스위치_9,9,0.7678936123847961,786,210,0.5,0.0
2EQ16780,2917_코마_6,6,0.8757666945457458,670,314,0.5,0.0
2EQ16780,3779_압판스토퍼_14,14,0.753528356552124,212,178,0.5,8.0
2EQ16780,V242_카바라이트_10,10,0.7789908647537231,456,608,0.5,0.0
2EQ16781,1525_▲▲▲라벨_5,5,0.9237201809883118,822,234,0.5,0.0
2EQ16781,3780_전원스위치_9,9,0.7668780088424683,786,210,0.5,0.0
2EQ16781,2917_코마_6,6,0.8759216666221619,748,572,0.5,0.0
2EQ16781,3779_압판스토퍼_14,14,0.7431975603103638,340,452,0.75,0.0
2EQ16781,V242_카바라이트_10,10,0.7820506691932678,432,606,0.5,0.0
2EQ16782,1525_▲▲▲라벨_5,5,0.931710958480835,796,224,0.75,0.0
2EQ16782,3780_전원스위치_9,9,0.7595133781433105,786,210,0.5,0.0
2EQ16782,2917_코마_6,6,0.8594397306442261,950,560,0.5,0.0
2EQ16782,3779_압판스토퍼_14,14,0.7377846837043762,234,190,0.75,0.0
2EQ16782,V242_카바라이트_10,10,0.7751634120941162,494,144,0.5,0.0
2EQ16783,1525_▲▲▲라벨_5,5,0.9244673252105713,162,234,0.5,0.0
2EQ16783,3780_전원스위치_9,9,0.766897976398468,786,210,0.5,0.0
2EQ16783,2917_코마_6,6,0.8533748388290405,950,544,0.5,0.0
2EQ16783,3779_압판스토퍼_14,14,0.7346633076667786,212,178,0.75,0.0
2EQ16783,V242_카바라이트_10,10,0.7836614847183228,500,144,0.5,0.0
2EQ16784,1525_▲▲▲라벨_5,5,0.9323452711105347,38,588,0.5,0.0
2EQ16784,3780_전원스위치_9,9,0.7697992324829102,786,210,0.5,0.0
2EQ16784,2917_코마_6,6,0.8765152096748352,952,542,0.5,0.0
2EQ16784,3779_압판스토퍼_14,14,0.7393499612808228,222,178,0.5,8.0
2EQ16784,V242_카바라이트_10,10,0.7767161726951599,512,128,0.5,0.0
2EQ16785,1525_▲▲▲라벨_5,5,0.9297457337379456,820,232,0.5,0.0
2EQ16785,3780_전원스위치_9,9,0.7638775110244751,786,210,0.5,0.0
2EQ16785,2917_코마_6,6,0.8435376286506653,16,600,0.5,0.0
2EQ16785,3779_압판스토퍼_14,14,0.7546736598014832,348,392,0.75,0.0
2EQ16785,V242_카바라이트_10,10,0.7742127776145935,446,598,0.5,0.0
2EQ16786,1525_▲▲▲라벨_5,5,0.9269120693206787,796,228,0.75,0.0
2EQ16786,3780_전원스위치_9,9,0.761212170124054,786,210,0.5,0.0
2EQ16786,2917_코마_6,6,0.8563439846038818,234,196,0.5,0.0
2EQ16786,3779_압판스토퍼_14,14,0.7473742961883545,338,376,0.75,0.0
2EQ16786,V242_카바라이트_10,10,0.7723178863525391,502,138,0.5,0.0
2EQ16787,1525_▲▲▲라벨_5,5,0.9272611737251282,176,470,0.75,0.0
2EQ16787,3780_전원스위치_9,9,0.7682162523269653,784,210,0.5,0.0
2EQ16787,2917_코마_6,6,0.863206684589386,838,566,0.5,0.0
2EQ16787,3779_압판스토퍼_14,14,0.7702327966690063,454,334,0.5,8.0
2EQ16787,V242_카바라이트_10,10,0.7821439504623413,498,142,0.5,0.0
2EQ16788,1525_▲▲▲라벨_5,5,0.9214982390403748,186,468,0.5,0.0
2EQ16788,3780_전원스위치_9,9,0.7676029801368713,786,210,0.5,0.0
2EQ16788,2917_코마_6,6,0.8560310006141663,740,316,0.5,0.0
2EQ16788,3779_압판스토퍼_14,14,0.7581219673156738,220,178,0.75,0.0
2EQ16788,V242_카바라이트_10,10,0.7736799120903015,490,144,0.5,0.0
2EQ16789,1525_▲▲▲라벨_5,5,0.9262656569480896,796,226,0.75,0.0
2EQ16789,3780_전원스위치_9,9,0.7656734585762024,786,210,0.5,0.0
2EQ16789,2917_코마_6,6,0.8630147576332092,950,554,0.5,0.0
2EQ16789,3779_압판스토퍼_14,14,0.7319910526275635,502,326,0.5,8.0
2EQ16789,V242_카바라이트_10,10,0.7808338403701782,444,608,0.5,0.0
2EQ16790,1525_▲▲▲라벨_5,5,0.9251991510391235,820,232,0.5,0.0
2EQ16790,3780_전원스위치_9,9,0.7637713551521301,786,212,0.5,0.0
2EQ16790,2917_코마_6,6,0.8714579343795776,944,560,0.5,0.0
2EQ16790,3779_압판스토퍼_14,14,0.7284025549888611,500,310,0.75,-8.0
2EQ16790,V242_카바라이트_10,10,0.7828035950660706,450,616,0.5,0.0
2EQ16791,1525_▲▲▲라벨_5,5,0.9244477152824402,164,236,0.5,0.0
2EQ16791,3780_전원스위치_9,9,0.7645106911659241,786,210,0.5,0.0
2EQ16791,2917_코마_6,6,0.8602745532989502,938,552,0.5,0.0
2EQ16791,3779_압판스토퍼_14,14,0.7659713625907898,210,170,0.75,0.0
2EQ16791,V242_카바라이트_10,10,0.7865098118782043,490,140,0.5,0.0
2EQ16792,1525_▲▲▲라벨_5,5,0.9327374696731567,822,232,0.5,0.0
2EQ16792,3780_전원스위치_9,9,0.769066333770752,786,210,0.5,0.0
2EQ16792,2917_코마_6,6,0.8773213028907776,896,554,0.5,0.0
2EQ16792,3779_압판스토퍼_14,14,0.7587752938270569,900,264,0.75,0.0
2EQ16792,V242_카바라이트_10,10,0.7781806588172913,444,602,0.5,0.0
2EQ16793,1525_▲▲▲라벨_5,5,0.9149460196495056,360,484,0.5,0.0
2EQ16793,3780_전원스위치_9,9,0.7673155665397644,300,422,0.5,0.0
2EQ16793,2917_코마_6,6,0.8730880618095398,952,590,0.5,0.0
2EQ16793,3779_압판스토퍼_14,14,0.7632280588150024,210,176,0.5,8.0
2EQ16793,V242_카바라이트_10,10,0.7714720964431763,514,134,0.5,0.0
2EQ16794,1525_▲▲▲라벨_5,5,0.9240115284919739,226,480,0.5,0.0
2EQ16794,3780_전원스위치_9,9,0.7593478560447693,786,210,0.5,0.0
2EQ16794,2917_코마_6,6,0.8482983708381653,220,598,0.5,0.0
2EQ16794,3779_압판스토퍼_14,14,0.743562638759613,482,410,0.5,8.0
2EQ16794,V242_카바라이트_10,10,0.775908350944519,438,606,0.5,0.0
2EQ16795,1525_▲▲▲라벨_5,5,0.9331576824188232,384,474,0.5,0.0
2EQ16795,3780_전원스위치_9,9,0.7635137438774109,784,210,0.5,0.0
2EQ16795,2917_코마_6,6,0.8637667894363403,796,222,0.5,0.0
2EQ16795,3779_압판스토퍼_14,14,0.7053302526473999,286,394,0.5,-8.0
2EQ16795,V242_카바라이트_10,10,0.7846543788909912,456,616,0.5,0.0
2EQ16796,1525_▲▲▲라벨_5,5,0.9338549375534058,364,446,0.75,0.0
2EQ16796,3780_전원스위치_9,9,0.7622318863868713,786,210,0.5,0.0
2EQ16796,2917_코마_6,6,0.8673242926597595,938,568,0.5,0.0
2EQ16796,3779_압판스토퍼_14,14,0.7729251980781555,380,384,0.5,8.0
2EQ16796,V242_카바라이트_10,10,0.7733310461044312,444,604,0.5,0.0
2EQ16797,1525_▲▲▲라벨_5,5,0.9291162490844727,822,232,0.5,0.0
2EQ16797,3780_전원스위치_9,9,0.7605711817741394,788,210,0.5,0.0
2EQ16797,2917_코마_6,6,0.8509767651557922,714,186,0.5,0.0
2EQ16797,3779_압판스토퍼_14,14,0.7482430338859558,218,180,0.75,0.0
2EQ16797,V242_카바라이트_10,10,0.7815760374069214,500,130,0.5,0.0
2EQ16798,1525_▲▲▲라벨_5,5,0.9418424963951111,2,584,0.5,0.0
2EQ16798,3780_전원스위치_9,9,0.7611134648323059,786,210,0.5,0.0
2EQ16798,2917_코마_6,6,0.8712344765663147,908,554,0.5,0.0
2EQ16798,3779_압판스토퍼_14,14,0.7556169033050537,470,356,0.5,8.0
2EQ16798,V242_카바라이트_10,10,0.776121199131012,496,136,0.5,0.0
2EQ16799,1525_▲▲▲라벨_5,5,0.9269574880599976,822,234,0.5,0.0
2EQ16799,3780_전원스위치_9,9,0.7516832947731018,332,494,0.5,0.0
2EQ16799,2917_코마_6,6,0.8742226362228394,918,544,0.5,0.0
2EQ16799,3779_압판스토퍼_14,14,0.748626172542572,210,178,0.5,8.0
2EQ16799,V242_카바라이트_10,10,0.7719005346298218,490,144,0.5,0.0
2EQ16800,1525_▲▲▲라벨_5,5,0.9310666918754578,166,238,0.5,0.0
2EQ16800,3780_전원스위치_9,9,0.7648703455924988,786,210,0.5,0.0
2EQ16800,2917_코마_6,6,0.8528783321380615,176,590,0.5,0.0
2EQ16800,3779_압판스토퍼_14,14,0.7650127410888672,492,318,0.75,0.0
2EQ16800,V242_카바라이트_10,10,0.7782357335090637,454,604,0.5,0.0
2EQ16801,1525_▲▲▲라벨_5,5,0.9273563027381897,822,234,0.5,0.0
2EQ16801,3780_전원스위치_9,9,0.7670050859451294,786,210,0.5,0.0
2EQ16801,2917_코마_6,6,0.8726581931114197,922,542,0.5,0.0
2EQ16801,3779_압판스토퍼_14,14,0.7493385672569275,212,176,0.5,8.0
2EQ16801,V242_카바라이트_10,10,0.7834199666976929,502,134,0.5,0.0
2EQ16802,1525_▲▲▲라벨_5,5,0.9226580262184143,824,232,0.5,0.0
2EQ16802,3780_전원스위치_9,9,0.767525315284729,786,210,0.5,0.0
2EQ16802,2917_코마_6,6,0.8706813454627991,868,576,0.5,0.0
2EQ16802,3779_압판스토퍼_14,14,0.7589645385742188,616,312,0.75,0.0
2EQ16802,V242_카바라이트_10,10,0.7741383910179138,454,594,0.5,0.0
2EQ16803,1525_▲▲▲라벨_5,5,0.9255069494247437,628,330,0.5,0.0
2EQ16803,3780_전원스위치_9,9,0.7657881379127502,316,424,0.5,0.0
2EQ16803,2917_코마_6,6,0.8647438883781433,870,592,0.5,0.0
2EQ16803,3779_압판스토퍼_14,14,0.7443726658821106,164,618,0.75,0.0
2EQ16803,V242_카바라이트_10,10,0.7858062386512756,428,600,0.5,0.0
2EQ16804,1525_▲▲▲라벨_5,5,0.9334045052528381,162,238,0.5,0.0
2EQ16804,3780_전원스위치_9,9,0.7550956606864929,228,452,0.75,8.0
2EQ16804,2917_코마_6,6,0.8510563969612122,900,532,0.5,0.0
2EQ16804,3779_압판스토퍼_14,14,0.7544090151786804,406,478,0.5,8.0
2EQ16804,V242_카바라이트_10,10,0.7797979116439819,496,140,0.5,0.0
2EQ16805,1525_▲▲▲라벨_5,5,0.9270991086959839,822,234,0.5,0.0
2EQ16805,3780_전원스위치_9,9,0.7652807235717773,784,208,0.5,0.0
2EQ16805,2917_코마_6,6,0.8625934720039368,934,564,0.5,0.0
2EQ16805,3779_압판스토퍼_14,14,0.7526794672012329,468,358,0.5,8.0
2EQ16805,V242_카바라이트_10,10,0.7791512608528137,450,592,0.5,0.0
2EQ16806,1525_▲▲▲라벨_5,5,0.9309874773025513,796,228,0.75,0.0
2EQ16806,3780_전원스위치_9,9,0.7636530995368958,786,210,0.5,0.0
2EQ16806,2917_코마_6,6,0.8481411933898926,286,582,0.5,0.0
2EQ16806,3779_압판스토퍼_14,14,0.7698314785957336,504,318,0.5,8.0
2EQ16806,V242_카바라이트_10,10,0.7702744603157043,508,134,0.5,0.0
2EQ16807,1525_▲▲▲라벨_5,5,0.9292510747909546,166,240,0.5,0.0
2EQ16807,3780_전원스위치_9,9,0.7667549848556519,308,476,0.5,0.0
2EQ16807,2917_코마_6,6,0.8532976508140564,952,572,0.5,0.0
2EQ16807,3779_압판스토퍼_14,14,0.7703292369842529,552,258,0.75,0.0
2EQ16807,V242_카바라이트_10,10,0.7753660678863525,462,598,0.5,0.0
2EQ16808,1525_▲▲▲라벨_5,5,0.923690915107727,164,234,0.5,0.0
2EQ16808,3780_전원스위치_9,9,0.7551869750022888,786,208,0.5,0.0
2EQ16808,2917_코마_6,6,0.8710960149765015,862,540,0.5,0.0
2EQ16808,3779_압판스토퍼_14,14,0.7537157535552979,416,382,0.5,8.0
2EQ16808,V242_카바라이트_10,10,0.77372807264328,454,602,0.5,0.0
2EQ16809,1525_▲▲▲라벨_5,5,0.928445041179657,796,228,0.75,0.0
2EQ16809,3780_전원스위치_9,9,0.7680479884147644,784,210,0.5,0.0
2EQ16809,2917_코마_6,6,0.8637881278991699,868,542,0.5,0.0
2EQ16809,3779_압판스토퍼_14,14,0.7615873217582703,908,282,0.75,0.0
2EQ16809,V242_카바라이트_10,10,0.7824997901916504,492,146,0.5,0.0
2EQ16810,1525_▲▲▲라벨_5,5,0.9305337071418762,162,240,0.5,0.0
2EQ16810,3780_전원스위치_9,9,0.763183057308197,784,210,0.5,0.0
2EQ16810,2917_코마_6,6,0.8767828941345215,888,554,0.5,0.0
2EQ16810,3779_압판스토퍼_14,14,0.7471126317977905,600,184,0.75,0.0
2EQ16810,V242_카바라이트_10,10,0.771083414554596,496,140,0.5,0.0
2EQ16811,1525_▲▲▲라벨_5,5,0.9278014898300171,796,226,0.75,0.0
2EQ16811,3780_전원스위치_9,9,0.7594953775405884,786,212,0.5,0.0
2EQ16811,2917_코마_6,6,0.8578272461891174,746,570,0.5,-8.0
2EQ16811,3779_압판스토퍼_14,14,0.7416395545005798,454,350,0.5,8.0
2EQ16811,V242_카바라이트_10,10,0.7710506319999695,490,136,0.5,0.0
2EQ16812,1525_▲▲▲라벨_5,5,0.9259667992591858,46,594,0.5,0.0
2EQ16812,3780_전원스위치_9,9,0.7607663869857788,786,210,0.5,0.0
2EQ16812,2917_코마_6,6,0.8625397086143494,920,600,0.5,0.0
2EQ16812,3779_압판스토퍼_14,14,0.7367866039276123,342,464,0.75,0.0
2EQ16812,V242_카바라이트_10,10,0.7827936410903931,514,128,0.5,0.0
2EQ16813,1525_▲▲▲라벨_5,5,0.925078809261322,162,236,0.5,0.0
2EQ16813,3780_전원스위치_9,9,0.7673464417457581,784,210,0.5,0.0
2EQ16813,2917_코마_6,6,0.8496684432029724,538,68,0.5,0.0
2EQ16813,3779_압판스토퍼_14,14,0.7470345497131348,216,174,0.75,0.0
2EQ16813,V242_카바라이트_10,10,0.7782841324806213,490,146,0.5,0.0
2EQ16814,1525_▲▲▲라벨_5,5,0.92611163854599,822,232,0.5,0.0
2EQ16814,3780_전원스위치_9,9,0.7605001926422119,786,210,0.5,0.0
2EQ16814,2917_코마_6,6,0.8700006008148193,874,562,0.5,0.0
2EQ16814,3779_압판스토퍼_14,14,0.7538291811943054,524,352,0.5,8.0
2EQ16814,V242_카바라이트_10,10,0.7771887183189392,448,602,0.5,0.0
2EQ16815,1525_▲▲▲라벨_5,5,0.9310559630393982,164,238,0.5,0.0
2EQ16815,3780_전원스위치_9,9,0.7670115232467651,786,210,0.5,0.0
2EQ16815,2917_코마_6,6,0.8702920079231262,918,560,0.5,0.0
2EQ16815,3779_압판스토퍼_14,14,0.7625369429588318,896,282,0.75,0.0
2EQ16815,V242_카바라이트_10,10,0.7776197195053101,456,596,0.5,0.0
2EQ16816,1525_▲▲▲라벨_5,5,0.9221285581588745,90,608,0.5,0.0
2EQ16816,3780_전원스위치_9,9,0.765015721321106,786,210,0.5,0.0
2EQ16816,2917_코마_6,6,0.8771846890449524,576,38,0.5,0.0
2EQ16816,3779_압판스토퍼_14,14,0.7476505041122437,762,544,0.75,0.0
2EQ16816,V242_카바라이트_10,10,0.766032874584198,582,164,0.5,0.0
2EQ16817,1525_▲▲▲라벨_5,5,0.9279323220252991,162,232,0.5,0.0
2EQ16817,3780_전원스위치_9,9,0.7656984329223633,786,210,0.5,0.0
2EQ16817,2917_코마_6,6,0.8396797776222229,112,600,0.5,0.0
2EQ16817,3779_압판스토퍼_14,14,0.7321696281433105,468,362,0.5,8.0
2EQ16817,V242_카바라이트_10,10,0.7743585109710693,460,606,0.5,0.0
2EQ16818,1525_▲▲▲라벨_5,5,0.9201220273971558,164,238,0.5,0.0
2EQ16818,3780_전원스위치_9,9,0.767123818397522,784,210,0.5,0.0
2EQ16818,2917_코마_6,6,0.8721126317977905,928,566,0.5,0.0
2EQ16818,3779_압판스토퍼_14,14,0.7486264109611511,224,180,0.5,8.0
2EQ16818,V242_카바라이트_10,10,0.7763361930847168,462,594,0.5,0.0
2EQ16819,1525_▲▲▲라벨_5,5,0.9276278614997864,822,230,0.5,0.0
2EQ16819,3780_전원스위치_9,9,0.764853298664093,312,492,0.5,0.0
2EQ16819,2917_코마_6,6,0.8608976602554321,798,572,0.5,0.0
2EQ16819,3779_압판스토퍼_14,14,0.7590856552124023,518,208,0.75,0.0
2EQ16819,V242_카바라이트_10,10,0.7769294381141663,500,134,0.5,0.0
2EQ16820,1525_▲▲▲라벨_5,5,0.9231644868850708,820,232,0.5,0.0
2EQ16820,3780_전원스위치_9,9,0.7634703516960144,786,210,0.5,0.0
2EQ16820,2917_코마_6,6,0.8689103722572327,878,570,0.5,0.0
2EQ16820,3779_압판스토퍼_14,14,0.7451018691062927,514,382,0.75,0.0
2EQ16820,V242_카바라이트_10,10,0.7717707753181458,450,604,0.5,0.0
2EQ16821,1525_▲▲▲라벨_5,5,0.9251649975776672,798,232,0.5,0.0
2EQ16821,3780_전원스위치_9,9,0.7538521885871887,786,210,0.5,0.0
2EQ16821,2917_코마_6,6,0.8473191857337952,720,192,0.5,0.0
2EQ16821,3779_압판스토퍼_14,14,0.7565072774887085,502,338,0.75,0.0
2EQ16821,V242_카바라이트_10,10,0.7758889198303223,506,134,0.5,0.0
2EQ16822,1525_▲▲▲라벨_5,5,0.9275366067886353,164,238,0.5,0.0
2EQ16822,3780_전원스위치_9,9,0.7659260034561157,786,210,0.5,0.0
2EQ16822,2917_코마_6,6,0.8723535537719727,936,554,0.5,0.0
2EQ16822,3779_압판스토퍼_14,14,0.7700702548027039,338,394,0.75,0.0
2EQ16822,V242_카바라이트_10,10,0.7958833575248718,496,168,0.5,0.0
2EQ16823,1525_▲▲▲라벨_5,5,0.9375826716423035,164,238,0.5,0.0
2EQ16823,3780_전원스위치_9,9,0.7664636969566345,786,210,0.5,0.0
2EQ16823,2917_코마_6,6,0.8745410442352295,880,560,0.5,0.0
2EQ16823,3779_압판스토퍼_14,14,0.746364951133728,304,326,0.75,0.0
2EQ16823,V242_카바라이트_10,10,0.7783030867576599,434,592,0.5,0.0
2EQ16824,1525_▲▲▲라벨_5,5,0.9209481477737427,800,226,0.75,0.0
2EQ16824,3780_전원스위치_9,9,0.7583357691764832,786,210,0.5,0.0
2EQ16824,2917_코마_6,6,0.8763840198516846,900,560,0.5,0.0
2EQ16824,3779_압판스토퍼_14,14,0.7633692622184753,458,284,0.5,8.0
2EQ16824,V242_카바라이트_10,10,0.7820471525192261,490,142,0.5,0.0
2EQ16825,1525_▲▲▲라벨_5,5,0.922021210193634,798,224,0.75,0.0
2EQ16825,3780_전원스위치_9,9,0.7668936252593994,788,210,0.5,0.0
2EQ16825,2917_코마_6,6,0.8685966730117798,926,542,0.5,0.0
2EQ16825,3779_압판스토퍼_14,14,0.7182528972625732,742,246,0.75,-8.0
2EQ16825,V242_카바라이트_10,10,0.7789613008499146,448,606,0.5,0.0
2EQ16826,1525_▲▲▲라벨_5,5,0.9271533489227295,644,406,0.75,0.0
2EQ16826,3780_전원스위치_9,9,0.7633925080299377,786,208,0.5,0.0
2EQ16826,2917_코마_6,6,0.8518700003623962,670,384,0.5,0.0
2EQ16826,3779_압판스토퍼_14,14,0.6923462748527527,310,372,0.75,8.0
2EQ16826,V242_카바라이트_10,10,0.7896674275398254,418,638,0.5,0.0
2EQ16827,1525_▲▲▲라벨_5,5,0.9293742775917053,164,590,0.5,0.0
2EQ16827,3780_전원스위치_9,9,0.7592471241950989,786,210,0.5,0.0
2EQ16827,2917_코마_6,6,0.850712776184082,718,378,0.5,0.0
2EQ16827,3779_압판스토퍼_14,14,0.7033328413963318,194,402,0.5,0.0
2EQ16827,V242_카바라이트_10,10,0.7849542498588562,436,596,0.5,0.0
2EQ16828,1525_▲▲▲라벨_5,5,0.9321832060813904,502,300,0.75,0.0
2EQ16828,3780_전원스위치_9,9,0.7653492093086243,786,210,0.5,0.0
2EQ16828,2917_코마_6,6,0.8723774552345276,744,24,0.5,0.0
2EQ16828,3779_압판스토퍼_14,14,0.7317569255828857,500,308,0.75,-8.0
2EQ16828,V242_카바라이트_10,10,0.7790302634239197,494,636,0.5,0.0
2EQ16829,1525_▲▲▲라벨_5,5,0.9311332106590271,164,252,0.5,0.0
2EQ16829,3780_전원스위치_9,9,0.7511569857597351,786,210,0.5,0.0
2EQ16829,2917_코마_6,6,0.8532087802886963,206,60,0.5,0.0
2EQ16829,3779_압판스토퍼_14,14,0.7391242384910583,346,380,0.5,0.0
2EQ16829,V242_카바라이트_10,10,0.7818006277084351,492,150,0.5,0.0
2EQ16830,1525_▲▲▲라벨_5,5,0.9274458885192871,92,580,0.75,0.0
2EQ16830,3780_전원스위치_9,9,0.759556233882904,786,210,0.5,0.0
2EQ16830,2917_코마_6,6,0.8705063462257385,802,224,0.5,0.0
2EQ16830,3779_압판스토퍼_14,14,0.7276638746261597,372,370,0.5,8.0
2EQ16830,V242_카바라이트_10,10,0.789600133895874,418,616,0.5,0.0
2EQ16831,1525_▲▲▲라벨_5,5,0.9256117939949036,162,240,0.5,0.0
2EQ16831,3780_전원스위치_9,9,0.7652503848075867,230,562,0.5,0.0
2EQ16831,2917_코마_6,6,0.8724973201751709,488,514,0.5,0.0
2EQ16831,3779_압판스토퍼_14,14,0.7317737340927124,500,484,0.75,0.0
2EQ16831,V242_카바라이트_10,10,0.7843175530433655,438,352,0.5,0.0
2EQ16832,1525_▲▲▲라벨_5,5,0.9329671859741211,816,238,0.5,0.0
2EQ16832,3780_전원스위치_9,9,0.7683277726173401,788,210,0.5,0.0
2EQ16832,2917_코마_6,6,0.8667155504226685,908,580,0.5,0.0
2EQ16832,3779_압판스토퍼_14,14,0.7366017699241638,164,616,0.75,0.0
2EQ16832,V242_카바라이트_10,10,0.7855238318443298,416,610,0.5,0.0
2EQ16833,1525_▲▲▲라벨_5,5,0.9077090620994568,440,558,0.5,0.0
2EQ16833,3780_전원스위치_9,9,0.7640368342399597,312,402,0.5,0.0
2EQ16833,2917_코마_6,6,0.8629732131958008,926,574,0.5,0.0
2EQ16833,3779_압판스토퍼_14,14,0.7210218906402588,504,404,0.75,-8.0
2EQ16833,V242_카바라이트_10,10,0.7862148880958557,428,606,0.5,0.0
2EQ16834,1525_▲▲▲라벨_5,5,0.9295435547828674,822,232,0.5,0.0
2EQ16834,3780_전원스위치_9,9,0.7582283020019531,316,408,0.75,8.0
2EQ16834,2917_코마_6,6,0.871598482131958,708,550,0.5,0.0
2EQ16834,3779_압판스토퍼_14,14,0.7442895770072937,472,244,0.75,-8.0
2EQ16834,V242_카바라이트_10,10,0.7600091695785522,464,606,0.5,0.0
2EQ16835,1525_▲▲▲라벨_5,5,0.9304112195968628,164,234,0.5,0.0
2EQ16835,3780_전원스위치_9,9,0.7611221075057983,786,210,0.5,0.0
2EQ16835,2917_코마_6,6,0.868380069732666,308,0,0.5,8.0
2EQ16835,3779_압판스토퍼_14,14,0.7506780624389648,434,374,0.5,8.0
2EQ16835,V242_카바라이트_10,10,0.7771381735801697,442,602,0.5,0.0
2EQ16836,1525_▲▲▲라벨_5,5,0.9216105937957764,822,232,0.5,0.0
2EQ16836,3780_전원스위치_9,9,0.7664636373519897,786,210,0.5,0.0
2EQ16836,2917_코마_6,6,0.8739696145057678,944,548,0.5,0.0
2EQ16836,3779_압판스토퍼_14,14,0.7491779923439026,506,178,0.75,0.0
2EQ16836,V242_카바라이트_10,10,0.7770156264305115,444,606,0.5,0.0
2EQ16837,1525_▲▲▲라벨_5,5,0.9172625541687012,594,142,0.5,0.0
2EQ16837,3780_전원스위치_9,9,0.7621440887451172,786,208,0.5,0.0
2EQ16837,2917_코마_6,6,0.8643479347229004,608,8,0.5,0.0
2EQ16837,3779_압판스토퍼_14,14,0.7499781250953674,512,298,0.75,-8.0
2EQ16837,V242_카바라이트_10,10,0.7841307520866394,418,620,0.5,0.0
2EQ16838,1525_▲▲▲라벨_5,5,0.9291611313819885,792,224,0.75,0.0
2EQ16838,3780_전원스위치_9,9,0.7646096348762512,786,210,0.5,0.0
2EQ16838,2917_코마_6,6,0.8643973469734192,792,540,0.5,0.0
2EQ16838,3779_압판스토퍼_14,14,0.751230001449585,548,396,0.5,8.0
2EQ16838,V242_카바라이트_10,10,0.7837329506874084,510,130,0.5,0.0
2EQ16839,1525_▲▲▲라벨_5,5,0.9231926202774048,242,484,0.5,0.0
2EQ16839,3780_전원스위치_9,9,0.7661002278327942,786,210,0.5,0.0
2EQ16839,2917_코마_6,6,0.8716676831245422,932,572,0.5,0.0
2EQ16839,3779_압판스토퍼_14,14,0.7495551109313965,212,182,0.5,8.0
2EQ16839,V242_카바라이트_10,10,0.7770614624023438,490,146,0.5,0.0
2EQ16840,1525_▲▲▲라벨_5,5,0.9189428091049194,826,232,0.5,0.0
2EQ16840,3780_전원스위치_9,9,0.7683144807815552,786,210,0.5,0.0
2EQ16840,2917_코마_6,6,0.8650603294372559,780,558,0.5,0.0
2EQ16840,3779_압판스토퍼_14,14,0.7513806819915771,302,324,0.75,0.0
2EQ16840,V242_카바라이트_10,10,0.7831584811210632,438,604,0.5,0.0
2EQ16841,1525_▲▲▲라벨_5,5,0.9195465445518494,824,230,0.5,0.0
2EQ16841,3780_전원스위치_9,9,0.7662937045097351,786,210,0.5,0.0
2EQ16841,2917_코마_6,6,0.8641037940979004,716,554,0.5,0.0
2EQ16841,3779_압판스토퍼_14,14,0.7141544222831726,818,268,1.5,8.0
2EQ16841,V242_카바라이트_10,10,0.7758968472480774,498,136,0.5,0.0
2EQ16842,1525_▲▲▲라벨_5,5,0.9359055161476135,818,232,0.5,0.0
2EQ16842,3780_전원스위치_9,9,0.7647625207901001,786,210,0.5,0.0
2EQ16842,2917_코마_6,6,0.8501261472702026,238,196,0.5,0.0
2EQ16842,3779_압판스토퍼_14,14,0.7453492283821106,506,336,0.5,8.0
2EQ16842,V242_카바라이트_10,10,0.7834321856498718,494,146,0.5,0.0
2EQ16843,1525_▲▲▲라벨_5,5,0.9290238618850708,406,440,0.75,0.0
2EQ16843,3780_전원스위치_9,9,0.763396680355072,786,210,0.5,0.0
2EQ16843,2917_코마_6,6,0.8733896613121033,886,540,0.5,0.0
2EQ16843,3779_압판스토퍼_14,14,0.7597238421440125,896,256,0.75,0.0
2EQ16843,V242_카바라이트_10,10,0.7856811285018921,492,134,0.5,0.0
2EQ16844,1525_▲▲▲라벨_5,5,0.9226199388504028,28,416,0.75,0.0
2EQ16844,3780_전원스위치_9,9,0.7566269040107727,784,210,0.5,0.0
2EQ16844,2917_코마_6,6,0.8683088421821594,850,386,0.5,0.0
2EQ16844,3779_압판스토퍼_14,14,0.7213578224182129,210,170,0.5,8.0
2EQ16844,V242_카바라이트_10,10,0.7799391746520996,490,142,0.5,0.0
2EQ16845,1525_▲▲▲라벨_5,5,0.9325881600379944,822,230,0.5,0.0
2EQ16845,3780_전원스위치_9,9,0.7674794793128967,786,210,0.5,0.0
2EQ16845,2917_코마_6,6,0.8617456555366516,708,570,0.5,0.0
2EQ16845,3779_압판스토퍼_14,14,0.7547133564949036,534,398,0.75,0.0
2EQ16845,V242_카바라이트_10,10,0.7840964198112488,496,134,0.5,0.0
2EQ16846,1525_▲▲▲라벨_5,5,0.9296343326568604,822,230,0.5,0.0
2EQ16846,3780_전원스위치_9,9,0.7634595036506653,788,210,0.5,0.0
2EQ16846,2917_코마_6,6,0.873609721660614,654,172,0.5,0.0
2EQ16846,3779_압판스토퍼_14,14,0.7558530569076538,234,186,0.75,0.0
2EQ16846,V242_카바라이트_10,10,0.7792062759399414,492,146,0.5,0.0
2EQ16847,1525_▲▲▲라벨_5,5,0.9203099608421326,194,438,0.5,0.0
2EQ16847,3780_전원스위치_9,9,0.7663070559501648,786,210,0.5,0.0
2EQ16847,2917_코마_6,6,0.8611538410186768,666,158,0.5,0.0
2EQ16847,3779_압판스토퍼_14,14,0.7581249475479126,222,180,0.75,0.0
2EQ16847,V242_카바라이트_10,10,0.782951831817627,518,132,0.5,0.0
2EQ16848,1525_▲▲▲라벨_5,5,0.9309995770454407,164,238,0.5,0.0
2EQ16848,3780_전원스위치_9,9,0.7621145248413086,784,210,0.5,0.0
2EQ16848,2917_코마_6,6,0.8786109089851379,936,564,0.5,0.0
2EQ16848,3779_압판스토퍼_14,14,0.7406519651412964,476,350,0.5,8.0
2EQ16848,V242_카바라이트_10,10,0.7885106801986694,492,152,0.5,0.0
2EQ16849,1525_▲▲▲라벨_5,5,0.9312697649002075,164,238,0.5,0.0
2EQ16849,3780_전원스위치_9,9,0.7681037783622742,784,210,0.5,0.0
2EQ16849,2917_코마_6,6,0.8750030398368835,920,578,0.5,0.0
2EQ16849,3779_압판스토퍼_14,14,0.7527727484703064,366,378,0.75,0.0
2EQ16849,V242_카바라이트_10,10,0.7833727598190308,506,142,0.5,0.0
2EQ16850,1525_▲▲▲라벨_5,5,0.9212696552276611,818,234,0.5,0.0
2EQ16850,3780_전원스위치_9,9,0.757536768913269,784,210,0.5,0.0
2EQ16850,2917_코마_6,6,0.8711707592010498,712,190,0.5,0.0
2EQ16850,3779_압판스토퍼_14,14,0.7473118305206299,220,178,0.75,0.0
2EQ16850,V242_카바라이트_10,10,0.7813203930854797,494,144,0.5,0.0
2EQ16851,1525_▲▲▲라벨_5,5,0.9345013499259949,694,20,0.5,0.0
2EQ16851,3780_전원스위치_9,9,0.7644244432449341,784,210,0.5,0.0
2EQ16851,2917_코마_6,6,0.8549368977546692,800,404,0.5,0.0
2EQ16851,3779_압판스토퍼_14,14,0.7619637846946716,584,242,0.75,0.0
2EQ16851,V242_카바라이트_10,10,0.7839165329933167,492,138,0.5,0.0
2EQ16852,1525_▲▲▲라벨_5,5,0.9208036065101624,134,552,0.5,0.0
2EQ16852,3780_전원스위치_9,9,0.7604956030845642,786,210,0.5,0.0
2EQ16852,2917_코마_6,6,0.8772114515304565,846,554,0.5,0.0
2EQ16852,3779_압판스토퍼_14,14,0.7557693719863892,448,386,0.5,8.0
2EQ16852,V242_카바라이트_10,10,0.7823318243026733,494,134,0.5,0.0
2EQ16853,1525_▲▲▲라벨_5,5,0.9304202795028687,0,586,0.5,0.0
2EQ16853,3780_전원스위치_9,9,0.7612291574478149,786,210,0.5,0.0
2EQ16853,2917_코마_6,6,0.8829538226127625,896,564,0.5,0.0
2EQ16853,3779_압판스토퍼_14,14,0.755497932434082,218,182,0.75,0.0
2EQ16853,V242_카바라이트_10,10,0.7861904501914978,730,150,0.5,0.0
2EQ16854,1525_▲▲▲라벨_5,5,0.9248185157775879,154,476,0.75,0.0
2EQ16854,3780_전원스위치_9,9,0.754240870475769,298,424,0.5,0.0
2EQ16854,2917_코마_6,6,0.8554487824440002,922,572,0.5,0.0
2EQ16854,3779_압판스토퍼_14,14,0.7567451000213623,362,408,0.75,0.0
2EQ16854,V242_카바라이트_10,10,0.774602472782135,368,330,0.5,0.0
2EQ16855,1525_▲▲▲라벨_5,5,0.9445723295211792,164,240,0.5,0.0
2EQ16855,3780_전원스위치_9,9,0.7490591406822205,784,210,0.5,0.0
2EQ16855,2917_코마_6,6,0.8677332997322083,498,548,0.5,0.0
2EQ16855,3779_압판스토퍼_14,14,0.7450973391532898,496,428,0.5,8.0
2EQ16855,V242_카바라이트_10,10,0.7912086248397827,494,146,0.5,0.0
2EQ16856,1525_▲▲▲라벨_5,5,0.9275627732276917,188,460,0.75,0.0
2EQ16856,3780_전원스위치_9,9,0.7627842426300049,784,210,0.5,0.0
2EQ16856,2917_코마_6,6,0.8394067287445068,864,586,0.5,0.0
2EQ16856,3779_압판스토퍼_14,14,0.7558225393295288,832,68,0.5,-8.0
2EQ16856,V242_카바라이트_10,10,0.7842804789543152,442,604,0.5,0.0
2EQ16857,1525_▲▲▲라벨_5,5,0.9303075075149536,822,234,0.5,0.0
2EQ16857,3780_전원스위치_9,9,0.7632583379745483,786,210,0.5,0.0
2EQ16857,2917_코마_6,6,0.8656817078590393,900,536,0.5,0.0
2EQ16857,3779_압판스토퍼_14,14,0.7625593543052673,490,198,0.75,0.0
2EQ16857,V242_카바라이트_10,10,0.7734817862510681,492,138,0.5,0.0
2EQ16858,1525_▲▲▲라벨_5,5,0.9206831455230713,606,68,0.5,0.0
2EQ16858,3780_전원스위치_9,9,0.7456203699111938,786,210,0.5,0.0
2EQ16858,2917_코마_6,6,0.8454887866973877,824,584,0.5,0.0
2EQ16858,3779_압판스토퍼_14,14,0.7610482573509216,430,196,0.75,0.0
2EQ16858,V242_카바라이트_10,10,0.7762873768806458,436,612,0.5,0.0
2EQ16859,1525_▲▲▲라벨_5,5,0.9229021072387695,200,466,0.5,0.0
2EQ16859,3780_전원스위치_9,9,0.759827196598053,786,210,0.5,0.0
2EQ16859,2917_코마_6,6,0.8825597763061523,952,554,0.5,0.0
2EQ16859,3779_압판스토퍼_14,14,0.7632946968078613,220,178,0.75,0.0
2EQ16859,V242_카바라이트_10,10,0.7731324434280396,464,614,0.5,0.0
2EQ16860,1525_▲▲▲라벨_5,5,0.928955614566803,822,234,0.5,0.0
2EQ16860,3780_전원스위치_9,9,0.7646626830101013,786,210,0.5,0.0
2EQ16860,2917_코마_6,6,0.8625403046607971,840,560,0.5,0.0
2EQ16860,3779_압판스토퍼_14,14,0.7359885573387146,492,372,0.5,8.0
2EQ16860,V242_카바라이트_10,10,0.7804552912712097,502,140,0.5,0.0
2EQ16861,1525_▲▲▲라벨_5,5,0.9186563491821289,578,140,0.5,0.0
2EQ16861,3780_전원스위치_9,9,0.7589917778968811,314,502,0.5,0.0
2EQ16861,2917_코마_6,6,0.8449763655662537,242,672,0.5,-8.0
2EQ16861,3779_압판스토퍼_14,14,0.7546517848968506,560,250,0.75,0.0
2EQ16861,V242_카바라이트_10,10,0.7842267155647278,420,604,0.5,0.0
2EQ16862,1525_▲▲▲라벨_5,5,0.9226091504096985,252,480,0.5,0.0
2EQ16862,3780_전원스위치_9,9,0.7603384256362915,786,210,0.5,0.0
2EQ16862,2917_코마_6,6,0.8613594770431519,688,166,0.5,0.0
2EQ16862,3779_압판스토퍼_14,14,0.7394659519195557,918,234,0.75,0.0
2EQ16862,V242_카바라이트_10,10,0.7829271554946899,492,142,0.5,0.0
2EQ16863,1525_▲▲▲라벨_5,5,0.924754798412323,822,232,0.5,0.0
2EQ16863,3780_전원스위치_9,9,0.758258044719696,786,210,0.5,0.0
2EQ16863,2917_코마_6,6,0.8815573453903198,886,554,0.5,0.0
2EQ16863,3779_압판스토퍼_14,14,0.7616260051727295,498,322,0.5,8.0
2EQ16863,V242_카바라이트_10,10,0.7750945687294006,484,164,0.5,0.0
2EQ16864,1525_▲▲▲라벨_5,5,0.9223700761795044,824,230,0.5,0.0
2EQ16864,3780_전원스위치_9,9,0.7648521065711975,786,210,0.5,0.0
2EQ16864,2917_코마_6,6,0.8658583760261536,710,198,0.5,0.0
2EQ16864,3779_압판스토퍼_14,14,0.7275646924972534,474,352,0.5,8.0
2EQ16864,V242_카바라이트_10,10,0.7771677374839783,498,144,0.5,0.0
2EQ16865,1525_▲▲▲라벨_5,5,0.9273913502693176,250,422,0.75,0.0
2EQ16865,3780_전원스위치_9,9,0.7546470165252686,268,470,0.5,0.0
2EQ16865,2917_코마_6,6,0.8622713685035706,520,564,0.5,0.0
2EQ16865,3779_압판스토퍼_14,14,0.755731463432312,544,368,0.5,8.0
2EQ16865,V242_카바라이트_10,10,0.7718589305877686,432,598,0.5,0.0
2EQ16866,1525_▲▲▲라벨_5,5,0.9197314381599426,966,498,0.5,0.0
2EQ16866,3780_전원스위치_9,9,0.7653031349182129,786,210,0.5,0.0
2EQ16866,2917_코마_6,6,0.8569022417068481,206,600,0.5,0.0
2EQ16866,3779_압판스토퍼_14,14,0.7416577339172363,218,184,0.75,0.0
2EQ16866,V242_카바라이트_10,10,0.7704266309738159,448,614,0.5,0.0
2EQ16867,1525_▲▲▲라벨_5,5,0.9311769604682922,332,436,0.75,0.0
2EQ16867,3780_전원스위치_9,9,0.762016773223877,786,210,0.5,0.0
2EQ16867,2917_코마_6,6,0.8575548529624939,952,550,0.5,0.0
2EQ16867,3779_압판스토퍼_14,14,0.7566913366317749,450,358,0.5,8.0
2EQ16867,V242_카바라이트_10,10,0.7668302655220032,458,614,0.5,0.0
2EQ16868,1525_▲▲▲라벨_5,5,0.92460697889328,166,240,0.5,0.0
2EQ16868,3780_전원스위치_9,9,0.7649311423301697,786,210,0.5,0.0
2EQ16868,2917_코마_6,6,0.8810058832168579,860,564,0.5,0.0
2EQ16868,3779_압판스토퍼_14,14,0.7512895464897156,498,392,0.5,8.0
2EQ16868,V242_카바라이트_10,10,0.7723038792610168,498,132,0.5,0.0
2EQ16869,1525_▲▲▲라벨_5,5,0.9255411028862,162,236,0.5,0.0
2EQ16869,3780_전원스위치_9,9,0.7639269828796387,786,210,0.5,0.0
2EQ16869,2917_코마_6,6,0.8640999794006348,938,574,0.5,0.0
2EQ16869,3779_압판스토퍼_14,14,0.76246178150177,508,332,0.5,8.0
2EQ16869,V242_카바라이트_10,10,0.7809634208679199,496,138,0.5,0.0
2EQ16870,1525_▲▲▲라벨_5,5,0.927214503288269,164,236,0.5,0.0
2EQ16870,3780_전원스위치_9,9,0.7629355788230896,786,210,0.5,0.0
2EQ16870,2917_코마_6,6,0.8738042116165161,940,560,0.5,0.0
2EQ16870,3779_압판스토퍼_14,14,0.7326067686080933,212,178,0.75,0.0
2EQ16870,V242_카바라이트_10,10,0.774488091468811,448,608,0.5,0.0
2EQ16871,1525_▲▲▲라벨_5,5,0.9354352951049805,172,242,0.5,0.0
2EQ16871,3780_전원스위치_9,9,0.7633736729621887,786,210,0.5,0.0
2EQ16871,2917_코마_6,6,0.8450974822044373,224,584,0.5,0.0
2EQ16871,3779_압판스토퍼_14,14,0.7088552713394165,380,226,0.75,-8.0
2EQ16871,V242_카바라이트_10,10,0.7920549511909485,422,638,0.5,0.0
2EQ16872,1525_▲▲▲라벨_5,5,0.9281796216964722,220,478,0.5,0.0
2EQ16872,3780_전원스위치_9,9,0.7613458037376404,786,210,0.5,0.0
2EQ16872,2917_코마_6,6,0.8812357187271118,946,530,0.5,0.0
2EQ16872,3779_압판스토퍼_14,14,0.7167615294456482,506,342,0.5,8.0
2EQ16872,V242_카바라이트_10,10,0.7819974422454834,486,150,0.5,0.0
2EQ16873,1525_▲▲▲라벨_5,5,0.9255655407905579,178,474,0.75,0.0
2EQ16873,3780_전원스위치_9,9,0.7736649513244629,298,488,0.5,0.0
2EQ16873,2917_코마_6,6,0.878567099571228,882,552,0.5,0.0
2EQ16873,3779_압판스토퍼_14,14,0.741305410861969,454,290,0.5,8.0
2EQ16873,V242_카바라이트_10,10,0.7834650278091431,512,146,0.5,0.0
2EQ16874,1525_▲▲▲라벨_5,5,0.9228822588920593,180,472,0.5,0.0
2EQ16874,3780_전원스위치_9,9,0.7651666402816772,786,210,0.5,0.0
2EQ16874,2917_코마_6,6,0.872279167175293,702,158,0.5,0.0
2EQ16874,3779_압판스토퍼_14,14,0.7369487285614014,684,92,0.5,8.0
2EQ16874,V242_카바라이트_10,10,0.8013458251953125,510,138,0.5,0.0
2EQ16875,1525_▲▲▲라벨_5,5,0.9244858026504517,206,426,0.5,0.0
2EQ16875,3780_전원스위치_9,9,0.7683022618293762,786,210,0.5,0.0
2EQ16875,2917_코마_6,6,0.8534300923347473,938,270,0.5,0.0
2EQ16875,3779_압판스토퍼_14,14,0.6955520510673523,520,394,0.75,-8.0
2EQ16875,V242_카바라이트_10,10,0.7796754837036133,434,636,0.5,0.0
2EQ16876,1525_▲▲▲라벨_5,5,0.9236534833908081,796,226,0.75,0.0
2EQ16876,3780_전원스위치_9,9,0.7639275193214417,786,210,0.5,0.0
2EQ16876,2917_코마_6,6,0.8718212246894836,944,582,0.5,0.0
2EQ16876,3779_압판스토퍼_14,14,0.7565968632698059,486,358,0.5,8.0
2EQ16876,V242_카바라이트_10,10,0.783220112323761,440,612,0.5,0.0
2EQ16877,1525_▲▲▲라벨_5,5,0.9309120178222656,822,234,0.5,0.0
2EQ16877,3780_전원스위치_9,9,0.7512389421463013,784,212,0.5,0.0
2EQ16877,2917_코마_6,6,0.8576241135597229,100,600,0.5,0.0
2EQ16877,3779_압판스토퍼_14,14,0.7446964383125305,222,184,0.75,0.0
2EQ16877,V242_카바라이트_10,10,0.7667233943939209,490,142,0.5,0.0
2EQ16878,1525_▲▲▲라벨_5,5,0.923237144947052,820,234,0.5,0.0
2EQ16878,3780_전원스위치_9,9,0.7634466290473938,786,210,0.5,0.0
2EQ16878,2917_코마_6,6,0.872681200504303,888,568,0.5,0.0
2EQ16878,3779_압판스토퍼_14,14,0.7577658295631409,492,366,0.5,8.0
2EQ16878,V242_카바라이트_10,10,0.7783929705619812,494,144,0.5,0.0
2EQ16879,1525_▲▲▲라벨_5,5,0.9160135984420776,214,450,0.5,0.0
2EQ16879,3780_전원스위치_9,9,0.7635841369628906,784,210,0.5,0.0
2EQ16879,2917_코마_6,6,0.8603147268295288,670,176,0.5,0.0
2EQ16879,3779_압판스토퍼_14,14,0.7600166201591492,808,86,0.5,-8.0
2EQ16879,V242_카바라이트_10,10,0.7590771913528442,492,134,0.5,0.0
2EQ16880,1525_▲▲▲라벨_5,5,0.9203531742095947,222,476,0.5,0.0
2EQ16880,3780_전원스위치_9,9,0.7612240314483643,784,210,0.5,0.0
2EQ16880,2917_코마_6,6,0.8623531460762024,34,602,0.5,0.0
2EQ16880,3779_압판스토퍼_14,14,0.7343142032623291,220,182,0.75,0.0
2EQ16880,V242_카바라이트_10,10,0.7730081081390381,488,138,0.5,0.0
2EQ16881,1525_▲▲▲라벨_5,5,0.9209299683570862,796,228,0.75,0.0
2EQ16881,3780_전원스위치_9,9,0.7620481848716736,786,210,0.5,0.0
2EQ16881,2917_코마_6,6,0.8721285462379456,922,588,0.5,0.0
2EQ16881,3779_압판스토퍼_14,14,0.7590702772140503,228,184,0.75,0.0
2EQ16881,V242_카바라이트_10,10,0.7854049801826477,504,134,0.5,0.0
2EQ16882,1525_▲▲▲라벨_5,5,0.9221084117889404,176,462,0.5,0.0
2EQ16882,3780_전원스위치_9,9,0.7644824385643005,786,210,0.5,0.0
2EQ16882,2917_코마_6,6,0.8631935119628906,874,582,0.5,0.0
2EQ16882,3779_압판스토퍼_14,14,0.7527402639389038,210,174,0.75,0.0
2EQ16882,V242_카바라이트_10,10,0.7918620109558105,494,150,0.5,0.0
2EQ16883,1525_▲▲▲라벨_5,5,0.9254432320594788,820,234,0.5,0.0
2EQ16883,3780_전원스위치_9,9,0.7641211748123169,784,210,0.5,0.0
2EQ16883,2917_코마_6,6,0.8687083125114441,936,586,0.5,0.0
2EQ16883,3779_압판스토퍼_14,14,0.7626550793647766,210,180,0.5,8.0
2EQ16883,V242_카바라이트_10,10,0.7804720401763916,452,612,0.5,0.0
2EQ16884,1525_▲▲▲라벨_5,5,0.9300633668899536,170,424,0.75,0.0
2EQ16884,3780_전원스위치_9,9,0.7532546520233154,786,210,0.5,0.0
2EQ16884,2917_코마_6,6,0.8458886742591858,178,600,0.5,0.0
2EQ16884,3779_압판스토퍼_14,14,0.7340375185012817,504,358,0.5,8.0
2EQ16884,V242_카바라이트_10,10,0.7751449942588806,290,612,0.5,0.0
2EQ16885,1525_▲▲▲라벨_5,5,0.9212912321090698,224,484,0.5,0.0
2EQ16885,3780_전원스위치_9,9,0.7653114199638367,248,480,0.5,0.0
2EQ16885,2917_코마_6,6,0.8628050088882446,596,190,0.5,0.0
2EQ16885,3779_압판스토퍼_14,14,0.7318128943443298,288,424,0.75,0.0
2EQ16885,V242_카바라이트_10,10,0.7866120934486389,418,608,0.5,0.0
2EQ16886,1525_▲▲▲라벨_5,5,0.933574914932251,820,234,0.5,0.0
2EQ16886,3780_전원스위치_9,9,0.7615848183631897,786,210,0.5,0.0
2EQ16886,2917_코마_6,6,0.8678382635116577,746,568,0.5,-8.0
2EQ16886,3779_압판스토퍼_14,14,0.7431649565696716,470,294,0.5,8.0
2EQ16886,V242_카바라이트_10,10,0.7821597456932068,490,142,0.5,0.0
2EQ16887,1525_▲▲▲라벨_5,5,0.9260208010673523,824,236,0.5,0.0
2EQ16887,3780_전원스위치_9,9,0.7594391107559204,786,210,0.5,0.0
2EQ16887,2917_코마_6,6,0.873697817325592,842,548,0.5,0.0
2EQ16887,3779_압판스토퍼_14,14,0.7458277940750122,518,388,0.5,8.0
2EQ16887,V242_카바라이트_10,10,0.7793403267860413,444,608,0.5,0.0
2EQ16888,1525_▲▲▲라벨_5,5,0.9231342077255249,178,478,0.5,0.0
2EQ16888,3780_전원스위치_9,9,0.7664440274238586,786,210,0.5,0.0
2EQ16888,2917_코마_6,6,0.8635666370391846,934,540,0.5,0.0
2EQ16888,3779_압판스토퍼_14,14,0.7564190030097961,454,346,0.5,8.0
2EQ16888,V242_카바라이트_10,10,0.7789590954780579,502,138,0.5,0.0
2EQ16889,1525_▲▲▲라벨_5,5,0.9249677062034607,194,462,0.75,0.0
2EQ16889,3780_전원스위치_9,9,0.7633310556411743,784,210,0.5,0.0
2EQ16889,2917_코마_6,6,0.8681287169456482,864,576,0.5,0.0
2EQ16889,3779_압판스토퍼_14,14,0.7497553825378418,370,310,0.75,0.0
2EQ16889,V242_카바라이트_10,10,0.7805488109588623,448,614,0.5,0.0
2EQ16890,1525_▲▲▲라벨_5,5,0.9338893294334412,820,236,0.5,0.0
2EQ16890,3780_전원스위치_9,9,0.7709739804267883,786,210,0.5,0.0
2EQ16890,2917_코마_6,6,0.8474721312522888,14,596,0.5,0.0
2EQ16890,3779_압판스토퍼_14,14,0.744871973991394,474,250,0.5,8.0
2EQ16890,V242_카바라이트_10,10,0.7907277941703796,416,628,0.5,0.0
2EQ16891,1525_▲▲▲라벨_5,5,0.9286447167396545,822,232,0.5,0.0
2EQ16891,3780_전원스위치_9,9,0.766147255897522,786,210,0.5,0.0
2EQ16891,2917_코마_6,6,0.8575006127357483,910,608,0.5,0.0
2EQ16891,3779_압판스토퍼_14,14,0.7658385634422302,338,370,0.75,0.0
2EQ16891,V242_카바라이트_10,10,0.7929360866546631,494,142,0.5,0.0
2EQ16892,1525_▲▲▲라벨_5,5,0.9258565902709961,166,240,0.5,0.0
2EQ16892,3780_전원스위치_9,9,0.762479841709137,786,210,0.5,0.0
2EQ16892,2917_코마_6,6,0.88298499584198,902,566,0.5,0.0
2EQ16892,3779_압판스토퍼_14,14,0.7532210946083069,366,354,0.75,0.0
2EQ16892,V242_카바라이트_10,10,0.7772618532180786,498,132,0.5,0.0
2EQ16893,1525_▲▲▲라벨_5,5,0.9475852251052856,60,484,0.5,0.0
2EQ16893,3780_전원스위치_9,9,0.7622212767601013,784,210,0.5,0.0
2EQ16893,2917_코마_6,6,0.8478956818580627,296,570,0.5,0.0
2EQ16893,3779_압판스토퍼_14,14,0.7599453330039978,510,518,0.5,8.0
2EQ16893,V242_카바라이트_10,10,0.7940037846565247,494,142,0.5,0.0
2EQ16894,1525_▲▲▲라벨_5,5,0.924699604511261,240,460,0.5,0.0
2EQ16894,3780_전원스위치_9,9,0.7606910467147827,784,210,0.5,0.0
2EQ16894,2917_코마_6,6,0.849814236164093,792,562,0.5,0.0
2EQ16894,3779_압판스토퍼_14,14,0.7454341053962708,220,180,0.75,0.0
2EQ16894,V242_카바라이트_10,10,0.7663406729698181,448,600,0.5,0.0
2EQ16895,1525_▲▲▲라벨_5,5,0.932441234588623,796,226,0.75,0.0
2EQ16895,3780_전원스위치_9,9,0.765358567237854,786,210,0.5,0.0
2EQ16895,2917_코마_6,6,0.8658648729324341,720,562,0.5,-8.0
2EQ16895,3779_압판스토퍼_14,14,0.7517417073249817,214,176,0.75,0.0
2EQ16895,V242_카바라이트_10,10,0.7870961427688599,504,140,0.5,0.0
2EQ16896,1525_▲▲▲라벨_5,5,0.925170361995697,796,226,0.75,0.0
2EQ16896,3780_전원스위치_9,9,0.7629479765892029,786,210,0.5,0.0
2EQ16896,2917_코마_6,6,0.8754897713661194,856,560,0.5,0.0
2EQ16896,3779_압판스토퍼_14,14,0.7586170434951782,534,280,0.75,0.0
2EQ16896,V242_카바라이트_10,10,0.7754966616630554,492,144,0.5,0.0
2EQ16897,1525_▲▲▲라벨_5,5,0.9270455241203308,102,454,0.75,0.0
2EQ16897,3780_전원스위치_9,9,0.7715978622436523,300,468,0.5,0.0
2EQ16897,2917_코마_6,6,0.8651389479637146,900,540,0.5,0.0
2EQ16897,3779_압판스토퍼_14,14,0.7349755764007568,210,176,0.5,8.0
2EQ16897,V242_카바라이트_10,10,0.7722004652023315,384,328,0.5,0.0
2EQ16898,1525_▲▲▲라벨_5,5,0.9266772270202637,162,234,0.5,0.0
2EQ16898,3780_전원스위치_9,9,0.757195234298706,316,480,0.5,0.0
2EQ16898,2917_코마_6,6,0.8617631793022156,844,544,0.5,0.0
2EQ16898,3779_압판스토퍼_14,14,0.7452250123023987,218,174,0.75,0.0
2EQ16898,V242_카바라이트_10,10,0.7575869560241699,492,136,0.5,0.0
2EQ16899,1525_▲▲▲라벨_5,5,0.9250612854957581,234,460,0.5,0.0
2EQ16899,3780_전원스위치_9,9,0.767253041267395,786,210,0.5,0.0
2EQ16899,2917_코마_6,6,0.8730822205543518,692,160,0.5,0.0
2EQ16899,3779_압판스토퍼_14,14,0.7515418529510498,238,188,0.75,0.0
2EQ16899,V242_카바라이트_10,10,0.7764360308647156,458,610,0.5,0.0
2EQ16900,1525_▲▲▲라벨_5,5,0.9280733466148376,822,232,0.5,0.0
2EQ16900,3780_전원스위치_9,9,0.76056307554245,786,210,0.5,0.0
2EQ16900,2917_코마_6,6,0.8610681891441345,732,552,0.5,0.0
2EQ16900,3779_압판스토퍼_14,14,0.7423067092895508,390,392,0.75,0.0
2EQ16900,V242_카바라이트_10,10,0.7802644371986389,492,140,0.5,0.0
2EQ16901,1525_▲▲▲라벨_5,5,0.9215888381004333,796,224,0.75,0.0
2EQ16901,3780_전원스위치_9,9,0.7688932418823242,784,210,0.5,0.0
2EQ16901,2917_코마_6,6,0.8721504211425781,916,566,0.5,0.0
2EQ16901,3779_압판스토퍼_14,14,0.7488555908203125,210,170,0.75,0.0
2EQ16901,V242_카바라이트_10,10,0.7727562785148621,502,140,0.5,0.0
2EQ16902,1525_▲▲▲라벨_5,5,0.9281435012817383,162,236,0.5,0.0
2EQ16902,3780_전원스위치_9,9,0.7622110247612,786,210,0.5,0.0
2EQ16902,2917_코마_6,6,0.8645564317703247,680,206,0.5,0.0
2EQ16902,3779_압판스토퍼_14,14,0.7478969097137451,538,140,0.75,0.0
2EQ16902,V242_카바라이트_10,10,0.7851181030273438,452,608,0.5,0.0
2EQ16903,1525_▲▲▲라벨_5,5,0.9241896867752075,164,236,0.5,0.0
2EQ16903,3780_전원스위치_9,9,0.7625351548194885,786,210,0.5,0.0
2EQ16903,2917_코마_6,6,0.8739386796951294,840,546,0.5,0.0
2EQ16903,3779_압판스토퍼_14,14,0.7508854269981384,652,238,0.75,0.0
2EQ16903,V242_카바라이트_10,10,0.7812248468399048,492,148,0.5,0.0
2EQ16904,1525_▲▲▲라벨_5,5,0.9332059025764465,8,586,0.5,0.0
2EQ16904,3780_전원스위치_9,9,0.7596963047981262,786,210,0.5,0.0
2EQ16904,2917_코마_6,6,0.8633270263671875,646,188,0.5,0.0
2EQ16904,3779_압판스토퍼_14,14,0.7720668315887451,600,220,0.75,0.0
2EQ16904,V242_카바라이트_10,10,0.7810900807380676,492,144,0.5,0.0
2EQ16905,1525_▲▲▲라벨_5,5,0.927056074142456,818,232,0.5,0.0
2EQ16905,3780_전원스위치_9,9,0.7531355023384094,786,210,0.5,0.0
2EQ16905,2917_코마_6,6,0.877861499786377,706,178,0.5,0.0
2EQ16905,3779_압판스토퍼_14,14,0.7625483870506287,482,354,0.5,8.0
2EQ16905,V242_카바라이트_10,10,0.776544988155365,482,614,0.5,0.0
2EQ16906,1525_▲▲▲라벨_5,5,0.9298746585845947,818,230,0.5,0.0
2EQ16906,3780_전원스위치_9,9,0.7633333802223206,786,208,0.5,0.0
2EQ16906,2917_코마_6,6,0.8418645858764648,28,582,0.5,-8.0
2EQ16906,3779_압판스토퍼_14,14,0.7418146133422852,212,174,0.75,0.0
2EQ16906,V242_카바라이트_10,10,0.7802180051803589,490,146,0.5,0.0
2EQ16907,1525_▲▲▲라벨_5,5,0.9290488958358765,168,478,0.5,0.0
2EQ16907,3780_전원스위치_9,9,0.7574363350868225,786,210,0.5,0.0
2EQ16907,2917_코마_6,6,0.867447555065155,690,172,0.5,0.0
2EQ16907,3779_압판스토퍼_14,14,0.7494515180587769,484,482,0.5,8.0
2EQ16907,V242_카바라이트_10,10,0.7716790437698364,464,138,0.75,0.0
2EQ16908,1525_▲▲▲라벨_5,5,0.9278296828269958,190,476,0.75,0.0
2EQ16908,3780_전원스위치_9,9,0.7636041641235352,784,210,0.5,0.0
2EQ16908,2917_코마_6,6,0.865151047706604,716,136,0.5,0.0
2EQ16908,3779_압판스토퍼_14,14,0.7514743804931641,478,338,0.5,8.0
2EQ16908,V242_카바라이트_10,10,0.7730581760406494,444,604,0.5,0.0
2EQ16909,1525_▲▲▲라벨_5,5,0.9282625317573547,8,588,0.5,0.0
2EQ16909,3780_전원스위치_9,9,0.7663366198539734,786,210,0.5,0.0
2EQ16909,2917_코마_6,6,0.8819468021392822,910,558,0.5,0.0
2EQ16909,3779_압판스토퍼_14,14,0.7207351922988892,478,326,0.5,8.0
2EQ16909,V242_카바라이트_10,10,0.7738803029060364,440,604,0.5,0.0
2EQ16910,1525_▲▲▲라벨_5,5,0.927514910697937,820,232,0.5,0.0
2EQ16910,3780_전원스위치_9,9,0.7690486311912537,784,210,0.5,0.0
2EQ16910,2917_코마_6,6,0.8313897848129272,952,594,0.5,0.0
2EQ16910,3779_압판스토퍼_14,14,0.7615464329719543,576,246,0.75,0.0
2EQ16910,V242_카바라이트_10,10,0.7644286155700684,452,596,0.5,0.0
2EQ16911,1525_▲▲▲라벨_5,5,0.934556782245636,820,232,0.5,0.0
2EQ16911,3780_전원스위치_9,9,0.7634692788124084,778,210,0.5,0.0
2EQ16911,2917_코마_6,6,0.8388767242431641,122,388,0.5,0.0
2EQ16911,3779_압판스토퍼_14,14,0.7582464218139648,456,358,0.5,8.0
2EQ16911,V242_카바라이트_10,10,0.7814832925796509,358,330,0.5,0.0
2EQ16912,1525_▲▲▲라벨_5,5,0.9215308427810669,796,226,0.75,0.0
2EQ16912,3780_전원스위치_9,9,0.7624391913414001,786,210,0.5,0.0
2EQ16912,2917_코마_6,6,0.874699592590332,942,586,0.5,0.0
2EQ16912,3779_압판스토퍼_14,14,0.770331084728241,510,554,0.5,8.0
2EQ16912,V242_카바라이트_10,10,0.7946250438690186,494,136,0.5,0.0
2EQ16913,1525_▲▲▲라벨_5,5,0.9314185380935669,820,232,0.5,0.0
2EQ16913,3780_전원스위치_9,9,0.7631908059120178,300,436,0.5,0.0
2EQ16913,2917_코마_6,6,0.8738080263137817,712,148,0.5,0.0
2EQ16913,3779_압판스토퍼_14,14,0.7352988719940186,436,308,0.5,8.0
2EQ16913,V242_카바라이트_10,10,0.7806288599967957,502,134,0.5,0.0
2EQ16914,1525_▲▲▲라벨_5,5,0.9159791469573975,354,604,0.5,0.0
2EQ16914,3780_전원스위치_9,9,0.7589896321296692,786,210,0.5,0.0
2EQ16914,2917_코마_6,6,0.8716851472854614,902,572,0.5,0.0
2EQ16914,3779_압판스토퍼_14,14,0.7516084313392639,214,174,0.75,0.0
2EQ16914,V242_카바라이트_10,10,0.7800149917602539,440,604,0.5,0.0
2EQ16915,1525_▲▲▲라벨_5,5,0.93021160364151,820,232,0.5,0.0
2EQ16915,3780_전원스위치_9,9,0.7632195949554443,784,210,0.5,0.0
2EQ16915,2917_코마_6,6,0.8745788335800171,910,572,0.5,0.0
2EQ16915,3779_압판스토퍼_14,14,0.7478360533714294,158,80,0.75,0.0
2EQ16915,V242_카바라이트_10,10,0.7721548676490784,448,610,0.5,0.0
2EQ16916,1525_▲▲▲라벨_5,5,0.9283840656280518,162,236,0.5,0.0
2EQ16916,3780_전원스위치_9,9,0.7621429562568665,786,210,0.5,0.0
2EQ16916,2917_코마_6,6,0.8690165877342224,952,568,0.5,0.0
2EQ16916,3779_압판스토퍼_14,14,0.7082743644714355,352,444,0.5,0.0
2EQ16916,V242_카바라이트_10,10,0.7648788690567017,418,616,0.5,0.0
2EQ16917,1525_▲▲▲라벨_5,5,0.9355519413948059,822,244,0.5,0.0
2EQ16917,3780_전원스위치_9,9,0.7641003131866455,784,210,0.5,0.0
2EQ16917,2917_코마_6,6,0.8497747182846069,240,184,0.5,0.0
2EQ16917,3779_압판스토퍼_14,14,0.745306670665741,552,186,0.75,0.0
2EQ16917,V242_카바라이트_10,10,0.7827332615852356,506,144,0.5,0.0
2EQ16918,1525_▲▲▲라벨_5,5,0.9193693995475769,376,72,0.75,-8.0
2EQ16918,3780_전원스위치_9,9,0.7574140429496765,786,210,0.5,0.0
2EQ16918,2917_코마_6,6,0.874018132686615,264,116,0.5,0.0
2EQ16918,3779_압판스토퍼_14,14,0.7666741609573364,304,646,0.75,0.0
2EQ16918,V242_카바라이트_10,10,0.7692583799362183,720,260,0.5,8.0
2EQ16919,1525_▲▲▲라벨_5,5,0.9236692786216736,442,452,0.75,0.0
2EQ16919,3780_전원스위치_9,9,0.7635794281959534,786,210,0.5,0.0
2EQ16919,2917_코마_6,6,0.8704949617385864,704,146,0.5,0.0
2EQ16919,3779_압판스토퍼_14,14,0.7420401573181152,218,180,0.75,0.0
2EQ16919,V242_카바라이트_10,10,0.7783331274986267,428,604,0.5,0.0
2EQ16920,1525_▲▲▲라벨_5,5,0.9266248345375061,208,476,0.5,0.0
2EQ16920,3780_전원스위치_9,9,0.7609400153160095,786,210,0.5,0.0
2EQ16920,2917_코마_6,6,0.8747348785400391,928,562,0.5,0.0
2EQ16920,3779_압판스토퍼_14,14,0.7381564974784851,632,192,0.75,0.0
2EQ16920,V242_카바라이트_10,10,0.7855296730995178,496,142,0.5,0.0
2EQ16921,1525_▲▲▲라벨_5,5,0.9285041093826294,162,236,0.5,0.0
2EQ16921,3780_전원스위치_9,9,0.7645400166511536,786,210,0.5,0.0
2EQ16921,2917_코마_6,6,0.8633843660354614,902,584,0.5,0.0
2EQ16921,3779_압판스토퍼_14,14,0.7360789179801941,238,202,0.75,0.0
2EQ16921,V242_카바라이트_10,10,0.7827078700065613,504,140,0.5,0.0
2EQ16922,1525_▲▲▲라벨_5,5,0.9238225221633911,796,236,0.5,0.0
2EQ16922,3780_전원스위치_9,9,0.7627453804016113,286,356,0.75,0.0
2EQ16922,2917_코마_6,6,0.8634293079376221,864,542,0.5,0.0
2EQ16922,3779_압판스토퍼_14,14,0.7436216473579407,270,288,0.75,0.0
2EQ16922,V242_카바라이트_10,10,0.7540323734283447,504,130,0.5,0.0
2EQ16923,1525_▲▲▲라벨_5,5,0.9294100403785706,162,234,0.5,0.0
2EQ16923,3780_전원스위치_9,9,0.7590440511703491,786,210,0.5,0.0
2EQ16923,2917_코마_6,6,0.884442150592804,720,148,0.5,0.0
2EQ16923,3779_압판스토퍼_14,14,0.7508622407913208,498,294,0.5,8.0
2EQ16923,V242_카바라이트_10,10,0.7838675379753113,508,138,0.5,0.0
2EQ16924,1525_▲▲▲라벨_5,5,0.9192977547645569,162,234,0.5,0.0
2EQ16924,3780_전원스위치_9,9,0.7603126168251038,786,210,0.5,0.0
2EQ16924,2917_코마_6,6,0.8639321327209473,924,586,0.5,0.0
2EQ16924,3779_압판스토퍼_14,14,0.7547329068183899,218,174,0.75,0.0
2EQ16924,V242_카바라이트_10,10,0.7763039469718933,494,134,0.5,0.0
2EQ16925,1525_▲▲▲라벨_5,5,0.9305303692817688,162,232,0.5,0.0
2EQ16925,3780_전원스위치_9,9,0.7622306942939758,786,210,0.5,0.0
2EQ16925,2917_코마_6,6,0.8726961612701416,848,560,0.5,0.0
2EQ16925,3779_압판스토퍼_14,14,0.746737003326416,220,182,0.75,0.0
2EQ16925,V242_카바라이트_10,10,0.779928982257843,464,610,0.5,0.0
2EQ16926,1525_▲▲▲라벨_5,5,0.9334852695465088,40,558,0.5,0.0
2EQ16926,3780_전원스위치_9,9,0.7607828974723816,786,210,0.5,0.0
2EQ16926,2917_코마_6,6,0.8643321394920349,672,172,0.5,0.0
2EQ16926,3779_압판스토퍼_14,14,0.7588655948638916,506,356,0.75,0.0
2EQ16926,V242_카바라이트_10,10,0.779716432094574,442,610,0.5,0.0
2EQ16927,1525_▲▲▲라벨_5,5,0.9292004704475403,162,236,0.5,0.0
2EQ16927,3780_전원스위치_9,9,0.763772189617157,786,210,0.5,0.0
2EQ16927,2917_코마_6,6,0.8388493061065674,838,586,0.5,0.0
2EQ16927,3779_압판스토퍼_14,14,0.7480370402336121,434,404,0.5,8.0
2EQ16927,V242_카바라이트_10,10,0.7715145349502563,452,610,0.5,0.0
2EQ16928,1525_▲▲▲라벨_5,5,0.9332564473152161,48,576,0.5,0.0
2EQ16928,3780_전원스위치_9,9,0.757596492767334,784,210,0.5,0.0
2EQ16928,2917_코마_6,6,0.8763100504875183,690,176,0.5,0.0
2EQ16928,3779_압판스토퍼_14,14,0.7558760643005371,480,324,0.5,8.0
2EQ16928,V242_카바라이트_10,10,0.7799915075302124,450,612,0.5,0.0
2EQ16929,1525_▲▲▲라벨_5,5,0.9282283186912537,822,234,0.5,0.0
2EQ16929,3780_전원스위치_9,9,0.7625550627708435,786,210,0.5,0.0
2EQ16929,2917_코마_6,6,0.8580470085144043,16,602,0.5,0.0
2EQ16929,3779_압판스토퍼_14,14,0.7498185634613037,210,172,0.75,0.0
2EQ16929,V242_카바라이트_10,10,0.7774783968925476,452,616,0.5,0.0
2EQ16930,1525_▲▲▲라벨_5,5,0.9229861497879028,796,226,0.75,0.0
2EQ16930,3780_전원스위치_9,9,0.7653487920761108,784,210,0.5,0.0
2EQ16930,2917_코마_6,6,0.8625808358192444,812,570,0.5,0.0
2EQ16930,3779_압판스토퍼_14,14,0.752740740776062,954,262,0.75,0.0
2EQ16930,V242_카바라이트_10,10,0.7772283554077148,448,612,0.5,0.0
2EQ16931,1525_▲▲▲라벨_5,5,0.931029200553894,818,232,0.5,0.0
2EQ16931,3780_전원스위치_9,9,0.75816410779953,784,210,0.5,0.0
2EQ16931,2917_코마_6,6,0.8708668947219849,946,560,0.5,0.0
2EQ16931,3779_압판스토퍼_14,14,0.7743090391159058,478,364,0.5,8.0
2EQ16931,V242_카바라이트_10,10,0.7774232029914856,452,608,0.5,0.0
2EQ16932,1525_▲▲▲라벨_5,5,0.9264843463897705,20,574,0.5,0.0
2EQ16932,3780_전원스위치_9,9,0.7642654776573181,786,210,0.5,0.0
2EQ16932,2917_코마_6,6,0.8574663400650024,844,580,0.5,0.0
2EQ16932,3779_압판스토퍼_14,14,0.746255099773407,228,184,0.75,0.0
2EQ16932,V242_카바라이트_10,10,0.7754740118980408,452,594,0.5,0.0
2EQ16933,1525_▲▲▲라벨_5,5,0.9268180727958679,824,230,0.5,0.0
2EQ16933,3780_전원스위치_9,9,0.7586444616317749,786,210,0.5,0.0
2EQ16933,2917_코마_6,6,0.8640598654747009,648,178,0.5,0.0
2EQ16933,3779_압판스토퍼_14,14,0.7456628084182739,494,396,0.5,8.0
2EQ16933,V242_카바라이트_10,10,0.7721347808837891,490,144,0.5,0.0
2EQ16934,1525_▲▲▲라벨_5,5,0.930729329586029,660,266,0.5,0.0
2EQ16934,3780_전원스위치_9,9,0.7553708553314209,784,210,0.5,0.0
2EQ16934,2917_코마_6,6,0.8697012662887573,496,528,0.5,0.0
2EQ16934,3779_압판스토퍼_14,14,0.7650042176246643,500,182,0.75,0.0
2EQ16934,V242_카바라이트_10,10,0.7778411507606506,492,136,0.5,0.0
2EQ16935,1525_▲▲▲라벨_5,5,0.9199084043502808,230,478,0.5,0.0
2EQ16935,3780_전원스위치_9,9,0.7677189111709595,778,210,0.5,0.0
2EQ16935,2917_코마_6,6,0.8687649369239807,952,564,0.5,0.0
2EQ16935,3779_압판스토퍼_14,14,0.7410992383956909,490,326,0.75,0.0
2EQ16935,V242_카바라이트_10,10,0.7783015370368958,504,136,0.5,0.0
2EQ16936,1525_▲▲▲라벨_5,5,0.9258802533149719,798,238,0.5,0.0
2EQ16936,3780_전원스위치_9,9,0.7580693960189819,782,210,0.5,0.0
2EQ16936,2917_코마_6,6,0.8706269860267639,494,540,0.5,0.0
2EQ16936,3779_압판스토퍼_14,14,0.76044100522995,852,44,0.5,-8.0
2EQ16936,V242_카바라이트_10,10,0.7891080975532532,492,136,0.5,0.0
2EQ16937,1525_▲▲▲라벨_5,5,0.9421413540840149,162,234,0.5,0.0
2EQ16937,3780_전원스위치_9,9,0.7584550976753235,780,210,0.5,0.0
2EQ16937,2917_코마_6,6,0.8794015049934387,310,106,0.5,0.0
2EQ16937,3779_압판스토퍼_14,14,0.7567282319068909,502,330,0.5,8.0
2EQ16937,V242_카바라이트_10,10,0.7976652383804321,500,136,0.5,0.0
2EQ16938,1525_▲▲▲라벨_5,5,0.9301936030387878,812,234,0.5,0.0
2EQ16938,3780_전원스위치_9,9,0.7644051909446716,780,210,0.5,0.0
2EQ16938,2917_코마_6,6,0.8833106756210327,866,556,0.5,0.0
2EQ16938,3779_압판스토퍼_14,14,0.7641295790672302,562,200,0.75,0.0
2EQ16938,V242_카바라이트_10,10,0.7819774746894836,510,134,0.5,0.0
2EQ16939,1525_▲▲▲라벨_5,5,0.9229730367660522,818,236,0.5,0.0
2EQ16939,3780_전원스위치_9,9,0.7646657824516296,782,210,0.5,0.0
2EQ16939,2917_코마_6,6,0.8676481246948242,918,556,0.5,0.0
2EQ16939,3779_압판스토퍼_14,14,0.7606166005134583,614,302,0.75,0.0
2EQ16939,V242_카바라이트_10,10,0.7848402261734009,498,138,0.5,0.0
2EQ16940,1525_▲▲▲라벨_5,5,0.9230883717536926,218,306,0.5,0.0
2EQ16940,3780_전원스위치_9,9,0.760473370552063,782,210,0.5,0.0
2EQ16940,2917_코마_6,6,0.859180212020874,236,124,0.5,0.0
2EQ16940,3779_압판스토퍼_14,14,0.7573176026344299,472,302,0.5,8.0
2EQ16940,V242_카바라이트_10,10,0.7763457894325256,438,610,0.5,0.0
2EQ16941,1525_▲▲▲라벨_5,5,0.9261526465415955,86,592,0.5,0.0
2EQ16941,3780_전원스위치_9,9,0.759777307510376,782,210,0.5,0.0
2EQ16941,2917_코마_6,6,0.8713598251342773,942,572,0.5,0.0
2EQ16941,3779_압판스토퍼_14,14,0.761608362197876,222,170,0.75,0.0
2EQ16941,V242_카바라이트_10,10,0.7749559879302979,442,604,0.5,0.0
2EQ16942,1525_▲▲▲라벨_5,5,0.9235047698020935,112,596,0.5,0.0
2EQ16942,3780_전원스위치_9,9,0.7636081576347351,780,210,0.5,0.0
2EQ16942,2917_코마_6,6,0.8677631616592407,718,204,0.5,0.0
2EQ16942,3779_압판스토퍼_14,14,0.7335420846939087,504,352,0.5,8.0
2EQ16942,V242_카바라이트_10,10,0.7826657891273499,486,158,0.5,0.0
2EQ16943,1525_▲▲▲라벨_5,5,0.9280887246131897,816,234,0.5,0.0
2EQ16943,3780_전원스위치_9,9,0.7647339105606079,780,210,0.5,0.0
2EQ16943,2917_코마_6,6,0.8754185438156128,714,146,0.5,0.0
2EQ16943,3779_압판스토퍼_14,14,0.7193945050239563,476,396,0.5,8.0
2EQ16943,V242_카바라이트_10,10,0.7718937397003174,486,146,0.5,0.0
2EQ16944,1525_▲▲▲라벨_5,5,0.9352226257324219,172,250,0.5,0.0
2EQ16944,3780_전원스위치_9,9,0.7689238786697388,782,210,0.5,0.0
2EQ16944,2917_코마_6,6,0.8465028405189514,800,222,0.5,0.0
2EQ16944,3779_압판스토퍼_14,14,0.7503061890602112,512,336,0.5,8.0
2EQ16944,V242_카바라이트_10,10,0.7791157364845276,488,134,0.5,0.0
2EQ16945,1525_▲▲▲라벨_5,5,0.9272830486297607,786,234,0.75,0.0
2EQ16945,3780_전원스위치_9,9,0.7537878155708313,780,210,0.5,0.0
2EQ16945,2917_코마_6,6,0.8640691041946411,192,668,0.75,8.0
2EQ16945,3779_압판스토퍼_14,14,0.7407913208007812,160,610,0.75,0.0
2EQ16945,V242_카바라이트_10,10,0.7873176336288452,418,622,0.5,0.0
2EQ16946,1525_▲▲▲라벨_5,5,0.930873453617096,170,240,0.5,0.0
2EQ16946,3780_전원스위치_9,9,0.7696147561073303,282,492,0.5,0.0
2EQ16946,2917_코마_6,6,0.8633360266685486,890,536,0.5,0.0
2EQ16946,3779_압판스토퍼_14,14,0.7680470943450928,476,430,0.5,8.0
2EQ16946,V242_카바라이트_10,10,0.7816108465194702,490,140,0.5,0.0
2EQ16947,1525_▲▲▲라벨_5,5,0.93015056848526,164,232,0.5,0.0
2EQ16947,3780_전원스위치_9,9,0.7724547386169434,782,210,0.5,0.0
2EQ16947,2917_코마_6,6,0.8470149636268616,230,186,0.5,0.0
2EQ16947,3779_압판스토퍼_14,14,0.7620471715927124,358,350,0.75,0.0
2EQ16947,V242_카바라이트_10,10,0.7816185355186462,488,144,0.5,0.0
2EQ16948,1525_▲▲▲라벨_5,5,0.9284307360649109,42,550,0.5,0.0
2EQ16948,3780_전원스위치_9,9,0.7600030899047852,780,210,0.5,0.0
2EQ16948,2917_코마_6,6,0.8542641401290894,22,612,0.5,0.0
2EQ16948,3779_압판스토퍼_14,14,0.7557812333106995,372,340,0.75,0.0
2EQ16948,V242_카바라이트_10,10,0.772544801235199,460,618,0.5,0.0
2EQ16949,1525_▲▲▲라벨_5,5,0.931590735912323,178,252,0.5,0.0
2EQ16949,3780_전원스위치_9,9,0.7676582932472229,782,210,0.5,0.0
2EQ16949,2917_코마_6,6,0.846135675907135,620,164,0.5,0.0
2EQ16949,3779_압판스토퍼_14,14,0.745045006275177,464,414,0.5,8.0
2EQ16949,V242_카바라이트_10,10,0.7752907872200012,438,600,0.5,0.0
2EQ16950,1525_▲▲▲라벨_5,5,0.920978307723999,814,232,0.5,0.0
2EQ16950,3780_전원스위치_9,9,0.766663670539856,782,210,0.5,0.0
2EQ16950,2917_코마_6,6,0.8719083666801453,924,536,0.5,0.0
2EQ16950,3779_압판스토퍼_14,14,0.7660219669342041,212,176,0.5,8.0
2EQ16950,V242_카바라이트_10,10,0.7809306979179382,488,138,0.5,0.0
2EQ16951,1525_▲▲▲라벨_5,5,0.9233948588371277,810,242,0.5,0.0
2EQ16951,3780_전원스위치_9,9,0.7587159872055054,780,210,0.5,0.0
2EQ16951,2917_코마_6,6,0.8544990420341492,20,604,0.5,0.0
2EQ16951,3779_압판스토퍼_14,14,0.7483757734298706,138,402,0.5,-8.0
2EQ16951,V242_카바라이트_10,10,0.7912024855613708,416,620,0.5,0.0
2EQ16952,1525_▲▲▲라벨_5,5,0.9198309779167175,522,40,0.5,-8.0
2EQ16952,3780_전원스위치_9,9,0.7619359493255615,782,210,0.5,0.0
2EQ16952,2917_코마_6,6,0.8504368662834167,696,410,0.5,0.0
2EQ16952,3779_압판스토퍼_14,14,0.7329339981079102,472,166,0.5,8.0
2EQ16952,V242_카바라이트_10,10,0.7915048003196716,416,624,0.5,0.0
2EQ16953,1525_▲▲▲라벨_5,5,0.926386296749115,814,232,0.5,0.0
2EQ16953,3780_전원스위치_9,9,0.768923282623291,782,210,0.5,0.0
2EQ16953,2917_코마_6,6,0.8581250309944153,0,600,0.5,0.0
2EQ16953,3779_압판스토퍼_14,14,0.7679540514945984,482,190,0.75,0.0
2EQ16953,V242_카바라이트_10,10,0.7802150249481201,492,144,0.5,0.0
2EQ16954,1525_▲▲▲라벨_5,5,0.9300200939178467,818,234,0.5,0.0
2EQ16954,3780_전원스위치_9,9,0.7619202136993408,782,210,0.5,0.0
2EQ16954,2917_코마_6,6,0.831283688545227,864,582,0.5,0.0
2EQ16954,3779_압판스토퍼_14,14,0.7470241785049438,690,40,0.75,8.0
2EQ16954,V242_카바라이트_10,10,0.7880482077598572,486,160,0.5,0.0
2EQ16955,1525_▲▲▲라벨_5,5,0.9156697988510132,132,428,0.75,0.0
2EQ16955,3780_전원스위치_9,9,0.7657566070556641,780,210,0.5,0.0
2EQ16955,2917_코마_6,6,0.8865296840667725,676,416,0.5,0.0
2EQ16955,3779_압판스토퍼_14,14,0.7593989968299866,536,324,0.75,0.0
2EQ16955,V242_카바라이트_10,10,0.7791187763214111,488,142,0.5,0.0
2EQ16956,1525_▲▲▲라벨_5,5,0.9208912253379822,250,446,0.5,0.0
2EQ16956,3780_전원스위치_9,9,0.7631216049194336,782,210,0.5,0.0
2EQ16956,2917_코마_6,6,0.8745185136795044,718,560,0.5,0.0
2EQ16956,3779_압판스토퍼_14,14,0.7477982044219971,458,210,0.75,0.0
2EQ16956,V242_카바라이트_10,10,0.7695691585540771,492,138,0.5,0.0
2EQ16957,1525_▲▲▲라벨_5,5,0.9460153579711914,64,488,0.5,0.0
2EQ16957,3780_전원스위치_9,9,0.761555016040802,782,208,0.5,0.0
2EQ16957,2917_코마_6,6,0.8259823322296143,564,572,0.5,0.0
2EQ16957,3779_압판스토퍼_14,14,0.7646604776382446,430,338,0.5,8.0
2EQ16957,V242_카바라이트_10,10,0.774706244468689,492,142,0.5,0.0
2EQ16958,1525_▲▲▲라벨_5,5,0.9310919642448425,164,242,0.5,0.0
2EQ16958,3780_전원스위치_9,9,0.7675122022628784,320,432,0.5,0.0
2EQ16958,2917_코마_6,6,0.8445223569869995,466,566,0.5,0.0
2EQ16958,3779_압판스토퍼_14,14,0.7581834197044373,210,172,0.75,-8.0
2EQ16958,V242_카바라이트_10,10,0.7869925498962402,490,142,0.5,0.0
2EQ16959,1525_▲▲▲라벨_5,5,0.9239749908447266,86,418,0.75,0.0
2EQ16959,3780_전원스위치_9,9,0.7655887007713318,782,210,0.5,0.0
2EQ16959,2917_코마_6,6,0.8659933805465698,946,564,0.5,0.0
2EQ16959,3779_압판스토퍼_14,14,0.7628092169761658,474,288,0.5,8.0
2EQ16959,V242_카바라이트_10,10,0.7834143042564392,490,142,0.5,0.0
2EQ16960,1525_▲▲▲라벨_5,5,0.9284205436706543,184,408,0.75,0.0
2EQ16960,3780_전원스위치_9,9,0.7577117681503296,224,424,0.5,0.0
2EQ16960,2917_코마_6,6,0.8705455660820007,168,46,0.75,0.0
2EQ16960,3779_압판스토퍼_14,14,0.7411409616470337,552,464,0.5,8.0
2EQ16960,V242_카바라이트_10,10,0.7881888151168823,428,644,0.5,0.0
2EQ16961,1525_▲▲▲라벨_5,5,0.9178693890571594,306,428,0.5,0.0
2EQ16961,3780_전원스위치_9,9,0.7508628368377686,784,210,0.5,0.0
2EQ16961,2917_코마_6,6,0.8723870515823364,298,104,0.5,0.0
2EQ16961,3779_압판스토퍼_14,14,0.7329240441322327,286,238,0.75,0.0
2EQ16961,V242_카바라이트_10,10,0.7804706692695618,468,634,0.5,0.0
2EQ16962,1525_▲▲▲라벨_5,5,0.9323363900184631,162,236,0.5,0.0
2EQ16962,3780_전원스위치_9,9,0.7628596425056458,782,210,0.5,0.0
2EQ16962,2917_코마_6,6,0.8642023205757141,946,566,0.5,0.0
2EQ16962,3779_압판스토퍼_14,14,0.7399206161499023,214,180,0.75,0.0
2EQ16962,V242_카바라이트_10,10,0.77782142162323,488,146,0.5,0.0
2EQ16963,1525_▲▲▲라벨_5,5,0.9276769757270813,818,234,0.5,0.0
2EQ16963,3780_전원스위치_9,9,0.7654430270195007,782,210,0.5,0.0
2EQ16963,2917_코마_6,6,0.8478953838348389,720,188,0.5,0.0
2EQ16963,3779_압판스토퍼_14,14,0.7498946785926819,494,354,0.5,8.0
2EQ16963,V242_카바라이트_10,10,0.7752882838249207,450,606,0.5,0.0
2EQ16964,1525_▲▲▲라벨_5,5,0.9257479310035706,176,238,0.5,0.0
2EQ16964,3780_전원스위치_9,9,0.7575944662094116,782,210,0.5,0.0
2EQ16964,2917_코마_6,6,0.8795108199119568,676,106,0.5,0.0
2EQ16964,3779_압판스토퍼_14,14,0.7456087470054626,468,328,0.5,8.0
2EQ16964,V242_카바라이트_10,10,0.7851128578186035,498,144,0.5,0.0
2EQ16965,1525_▲▲▲라벨_5,5,0.9264829158782959,814,234,0.5,0.0
2EQ16965,3780_전원스위치_9,9,0.7622113227844238,784,210,0.5,0.0
2EQ16965,2917_코마_6,6,0.8796084523200989,868,564,0.5,0.0
2EQ16965,3779_압판스토퍼_14,14,0.7583500742912292,210,176,0.5,8.0
2EQ16965,V242_카바라이트_10,10,0.7734718918800354,488,144,0.5,0.0
2EQ16966,1525_▲▲▲라벨_5,5,0.9223161935806274,794,226,0.75,0.0
2EQ16966,3780_전원스위치_9,9,0.7659939527511597,784,210,0.5,0.0
2EQ16966,2917_코마_6,6,0.8642504811286926,842,550,0.5,0.0
2EQ16966,3779_압판스토퍼_14,14,0.7583067417144775,354,344,0.75,0.0
2EQ16966,V242_카바라이트_10,10,0.7848060727119446,456,604,0.5,0.0
2EQ16967,1525_▲▲▲라벨_5,5,0.9176735877990723,266,412,0.5,0.0
2EQ16967,3780_전원스위치_9,9,0.7678484320640564,782,210,0.5,0.0
2EQ16967,2917_코마_6,6,0.8655808568000793,470,546,0.5,0.0
2EQ16967,3779_압판스토퍼_14,14,0.7393344044685364,488,290,0.5,8.0
2EQ16967,V242_카바라이트_10,10,0.7794690132141113,500,152,0.5,0.0
2EQ16968,1525_▲▲▲라벨_5,5,0.9231917858123779,800,232,0.5,0.0
2EQ16968,3780_전원스위치_9,9,0.766082227230072,782,210,0.5,0.0
2EQ16968,2917_코마_6,6,0.8589345216751099,926,610,0.5,0.0
2EQ16968,3779_압판스토퍼_14,14,0.7533133029937744,214,178,0.75,0.0
2EQ16968,V242_카바라이트_10,10,0.7779478430747986,446,612,0.5,0.0
2EQ16969,1525_▲▲▲라벨_5,5,0.9269270300865173,818,234,0.5,0.0
2EQ16969,3780_전원스위치_9,9,0.7623810172080994,782,210,0.5,0.0
2EQ16969,2917_코마_6,6,0.8656154870986938,944,566,0.5,0.0
2EQ16969,3779_압판스토퍼_14,14,0.7464582324028015,502,392,0.5,8.0
2EQ16969,V242_카바라이트_10,10,0.7758318781852722,444,616,0.5,0.0
2EQ16970,1525_▲▲▲라벨_5,5,0.9236051440238953,164,232,0.5,0.0
2EQ16970,3780_전원스위치_9,9,0.7659200429916382,782,210,0.5,0.0
2EQ16970,2917_코마_6,6,0.8577314615249634,856,448,0.5,0.0
2EQ16970,3779_압판스토퍼_14,14,0.7368430495262146,228,184,0.5,8.0
2EQ16970,V242_카바라이트_10,10,0.7744811773300171,496,142,0.5,0.0
2EQ16971,1525_▲▲▲라벨_5,5,0.9293111562728882,170,238,0.5,0.0
2EQ16971,3780_전원스위치_9,9,0.7594402432441711,782,210,0.5,0.0
2EQ16971,2917_코마_6,6,0.8609681725502014,708,594,0.5,0.0
2EQ16971,3779_압판스토퍼_14,14,0.7286615371704102,388,90,0.75,0.0
2EQ16971,V242_카바라이트_10,10,0.7801710367202759,488,138,0.5,0.0
2EQ16972,1525_▲▲▲라벨_5,5,0.925995409488678,164,236,0.5,0.0
2EQ16972,3780_전원스위치_9,9,0.7648297548294067,782,210,0.5,0.0
2EQ16972,2917_코마_6,6,0.8648574352264404,434,92,0.5,0.0
2EQ16972,3779_압판스토퍼_14,14,0.7384989857673645,520,166,0.75,0.0
2EQ16972,V242_카바라이트_10,10,0.7780952453613281,490,144,0.5,0.0
2EQ16974,1525_▲▲▲라벨_5,5,0.928727924823761,198,460,0.75,0.0
2EQ16974,3780_전원스위치_9,9,0.7622324228286743,782,210,0.5,0.0
2EQ16974,2917_코마_6,6,0.8802173137664795,924,554,0.5,0.0
2EQ16974,3779_압판스토퍼_14,14,0.7414935827255249,224,184,0.75,0.0
2EQ16974,V242_카바라이트_10,10,0.7891490459442139,496,142,0.5,0.0
2EQ16975,1525_▲▲▲라벨_5,5,0.917107880115509,326,430,0.75,0.0
2EQ16975,3780_전원스위치_9,9,0.7591239213943481,784,210,0.5,0.0
2EQ16975,2917_코마_6,6,0.8739728927612305,894,598,0.5,0.0
2EQ16975,3779_압판스토퍼_14,14,0.7647354006767273,534,218,0.75,0.0
2EQ16975,V242_카바라이트_10,10,0.7901252508163452,360,342,0.5,0.0
2EQ16976,1525_▲▲▲라벨_5,5,0.9242071509361267,816,234,0.5,0.0
2EQ16976,3780_전원스위치_9,9,0.7636108994483948,782,210,0.5,0.0
2EQ16976,2917_코마_6,6,0.8737698197364807,924,592,0.5,0.0
2EQ16976,3779_압판스토퍼_14,14,0.7546682953834534,502,336,0.5,8.0
2EQ16976,V242_카바라이트_10,10,0.7765018343925476,444,604,0.5,0.0
2EQ16977,1525_▲▲▲라벨_5,5,0.9251971244812012,408,440,0.75,0.0
2EQ16977,3780_전원스위치_9,9,0.7664168477058411,782,210,0.5,0.0
2EQ16977,2917_코마_6,6,0.8769593238830566,932,592,0.5,0.0
2EQ16977,3779_압판스토퍼_14,14,0.7440505027770996,294,344,0.75,0.0
2EQ16977,V242_카바라이트_10,10,0.7808674573898315,504,142,0.5,0.0
2EQ16978,1525_▲▲▲라벨_5,5,0.9260304570198059,818,234,0.5,0.0
2EQ16978,3780_전원스위치_9,9,0.7508090138435364,782,210,0.5,0.0
2EQ16978,2917_코마_6,6,0.8488835692405701,718,192,0.5,0.0
2EQ16978,3779_압판스토퍼_14,14,0.7339603900909424,220,186,0.75,0.0
2EQ16978,V242_카바라이트_10,10,0.798737108707428,506,154,0.5,0.0
2EQ16979,1525_▲▲▲라벨_5,5,0.9222348928451538,824,234,0.5,0.0
2EQ16979,3780_전원스위치_9,9,0.7603139281272888,786,210,0.5,0.0
2EQ16979,2917_코마_6,6,0.8839157819747925,936,584,0.5,0.0
2EQ16979,3779_압판스토퍼_14,14,0.7557889223098755,122,554,0.5,8.0
2EQ16979,V242_카바라이트_10,10,0.7714864611625671,492,136,0.5,0.0
2EQ16980,1525_▲▲▲라벨_5,5,0.9174532890319824,824,232,0.5,0.0
2EQ16980,3780_전원스위치_9,9,0.762071967124939,788,210,0.5,0.0
2EQ16980,2917_코마_6,6,0.8735792636871338,836,558,0.5,0.0
2EQ16980,3779_압판스토퍼_14,14,0.7351517081260681,512,390,0.75,-8.0
2EQ16980,V242_카바라이트_10,10,0.7748910188674927,456,590,0.5,0.0
2EQ16981,1525_▲▲▲라벨_5,5,0.9339219927787781,26,512,0.5,0.0
2EQ16981,3780_전원스위치_9,9,0.7563013434410095,786,210,0.5,0.0
2EQ16981,2917_코마_6,6,0.8660677075386047,924,548,0.5,0.0
2EQ16981,3779_압판스토퍼_14,14,0.7209898829460144,890,288,0.5,0.0
2EQ16981,V242_카바라이트_10,10,0.7778590321540833,468,612,0.5,0.0
2EQ16982,1525_▲▲▲라벨_5,5,0.9253460168838501,162,234,0.5,0.0
2EQ16982,3780_전원스위치_9,9,0.7671152353286743,788,210,0.5,0.0
2EQ16982,2917_코마_6,6,0.863493800163269,640,314,0.5,0.0
2EQ16982,3779_압판스토퍼_14,14,0.7418346405029297,348,364,0.75,0.0
2EQ16982,V242_카바라이트_10,10,0.7729666829109192,466,606,0.5,0.0
2EQ16983,1525_▲▲▲라벨_5,5,0.9297855496406555,164,246,0.5,0.0
2EQ16983,3780_전원스위치_9,9,0.7657960057258606,788,210,0.5,0.0
2EQ16983,2917_코마_6,6,0.8499199748039246,506,560,0.5,0.0
2EQ16983,3779_압판스토퍼_14,14,0.7489566802978516,714,54,0.75,8.0
2EQ16983,V242_카바라이트_10,10,0.7477083206176758,506,136,0.5,0.0
2EQ16984,1525_▲▲▲라벨_5,5,0.920192301273346,228,470,0.5,0.0
2EQ16984,3780_전원스위치_9,9,0.7639618515968323,788,210,0.5,0.0
2EQ16984,2917_코마_6,6,0.8694638013839722,930,576,0.5,0.0
2EQ16984,3779_압판스토퍼_14,14,0.7460415959358215,210,172,0.75,0.0
2EQ16984,V242_카바라이트_10,10,0.7719253301620483,442,610,0.5,0.0
2EQ16985,1525_▲▲▲라벨_5,5,0.9230379462242126,340,438,0.75,0.0
2EQ16985,3780_전원스위치_9,9,0.7646461129188538,788,210,0.5,0.0
2EQ16985,2917_코마_6,6,0.8703789114952087,816,576,0.5,0.0
2EQ16985,3779_압판스토퍼_14,14,0.7433481812477112,226,174,0.75,0.0
2EQ16985,V242_카바라이트_10,10,0.7739319801330566,450,604,0.5,0.0
2EQ16986,1525_▲▲▲라벨_5,5,0.9252660870552063,206,470,0.5,0.0
2EQ16986,3780_전원스위치_9,9,0.7635377049446106,788,210,0.5,0.0
2EQ16986,2917_코마_6,6,0.8702519536018372,934,546,0.5,0.0
2EQ16986,3779_압판스토퍼_14,14,0.7565609812736511,890,236,0.75,0.0
2EQ16986,V242_카바라이트_10,10,0.7548983693122864,478,608,0.5,0.0
2EQ16987,1525_▲▲▲라벨_5,5,0.9193310141563416,250,454,0.5,0.0
2EQ16987,3780_전원스위치_9,9,0.7612860202789307,304,476,0.5,0.0
2EQ16987,2917_코마_6,6,0.8542970418930054,952,610,0.5,0.0
2EQ16987,3779_압판스토퍼_14,14,0.7642632722854614,210,176,0.5,8.0
2EQ16987,V242_카바라이트_10,10,0.7487363815307617,494,144,0.5,0.0
2EQ16988,1525_▲▲▲라벨_5,5,0.9330474734306335,402,430,0.75,0.0
2EQ16988,3780_전원스위치_9,9,0.7732522487640381,296,484,0.5,0.0
2EQ16988,2917_코마_6,6,0.8637146353721619,766,66,0.5,0.0
2EQ16988,3779_압판스토퍼_14,14,0.7639790773391724,480,460,0.5,8.0
2EQ16988,V242_카바라이트_10,10,0.7669860124588013,440,610,0.5,0.0
2EQ16989,1525_▲▲▲라벨_5,5,0.9316071271896362,162,238,0.5,0.0
2EQ16989,3780_전원스위치_9,9,0.764037549495697,786,208,0.5,0.0
2EQ16989,2917_코마_6,6,0.8300469517707825,864,582,0.5,0.0
2EQ16989,3779_압판스토퍼_14,14,0.745599091053009,464,358,0.5,8.0
2EQ16989,V242_카바라이트_10,10,0.787727415561676,496,148,0.5,0.0
2EQ16990,1525_▲▲▲라벨_5,5,0.9245041608810425,798,226,0.75,0.0
2EQ16990,3780_전원스위치_9,9,0.7631763815879822,788,210,0.5,0.0
2EQ16990,2917_코마_6,6,0.8721062541007996,824,574,0.5,0.0
2EQ16990,3779_압판스토퍼_14,14,0.7595219016075134,212,178,0.5,8.0
2EQ16990,V242_카바라이트_10,10,0.7744990587234497,454,608,0.5,0.0
2EQ16991,1525_▲▲▲라벨_5,5,0.9243370294570923,46,592,0.5,8.0
2EQ16991,3780_전원스위치_9,9,0.7640900611877441,788,210,0.5,0.0
2EQ16991,2917_코마_6,6,0.8493384718894958,0,600,0.5,0.0
2EQ16991,3779_압판스토퍼_14,14,0.7603641748428345,538,272,0.75,0.0
2EQ16991,V242_카바라이트_10,10,0.7746478319168091,496,146,0.5,0.0
2EQ16992,1525_▲▲▲라벨_5,5,0.9265991449356079,798,226,0.75,0.0
2EQ16992,3780_전원스위치_9,9,0.7625508308410645,788,210,0.5,0.0
2EQ16992,2917_코마_6,6,0.8642334342002869,232,184,0.5,0.0
2EQ16992,3779_압판스토퍼_14,14,0.7554051280021667,374,394,0.75,0.0
2EQ16992,V242_카바라이트_10,10,0.7730984091758728,452,612,0.5,0.0
2EQ16993,1525_▲▲▲라벨_5,5,0.9192923903465271,256,472,0.5,0.0
2EQ16993,3780_전원스위치_9,9,0.7638362050056458,786,210,0.5,0.0
2EQ16993,2917_코마_6,6,0.8549236059188843,636,120,0.5,0.0
2EQ16993,3779_압판스토퍼_14,14,0.7682066559791565,468,338,0.5,8.0
2EQ16993,V242_카바라이트_10,10,0.7657756805419922,508,140,0.5,0.0
2EQ16994,1525_▲▲▲라벨_5,5,0.9212043881416321,822,232,0.5,0.0
2EQ16994,3780_전원스위치_9,9,0.7629457116127014,788,210,0.5,0.0
2EQ16994,2917_코마_6,6,0.875751256942749,948,538,0.5,0.0
2EQ16994,3779_압판스토퍼_14,14,0.7170930504798889,852,322,0.5,8.0
2EQ16994,V242_카바라이트_10,10,0.7744778394699097,456,598,0.5,0.0
2EQ16995,1525_▲▲▲라벨_5,5,0.9264683723449707,164,238,0.5,0.0
2EQ16995,3780_전원스위치_9,9,0.76373291015625,788,210,0.5,0.0
2EQ16995,2917_코마_6,6,0.8505535125732422,308,592,0.5,0.0
2EQ16995,3779_압판스토퍼_14,14,0.7415609359741211,508,374,0.5,8.0
2EQ16995,V242_카바라이트_10,10,0.7836659550666809,496,138,0.5,0.0
2EQ16996,1525_▲▲▲라벨_5,5,0.9160797595977783,246,454,0.5,0.0
2EQ16996,3780_전원스위치_9,9,0.7648193836212158,788,210,0.5,0.0
2EQ16996,2917_코마_6,6,0.8695465922355652,718,578,0.5,0.0
2EQ16996,3779_압판스토퍼_14,14,0.752924919128418,218,174,0.75,0.0
2EQ16996,V242_카바라이트_10,10,0.7694487571716309,492,138,0.5,0.0
2EQ16997,1525_▲▲▲라벨_5,5,0.9279085397720337,638,578,0.75,0.0
2EQ16997,3780_전원스위치_9,9,0.7709059715270996,786,210,0.5,0.0
2EQ16997,2917_코마_6,6,0.8606243133544922,806,222,0.5,0.0
2EQ16997,3779_압판스토퍼_14,14,0.7640901207923889,462,268,0.5,8.0
2EQ16997,V242_카바라이트_10,10,0.7828233242034912,494,150,0.5,0.0
2EQ16998,1525_▲▲▲라벨_5,5,0.928149402141571,402,456,0.75,0.0
2EQ16998,3780_전원스위치_9,9,0.768730103969574,786,210,0.5,0.0
2EQ16998,2917_코마_6,6,0.8588092923164368,896,594,0.5,0.0
2EQ16998,3779_압판스토퍼_14,14,0.753332793712616,506,348,0.75,0.0
2EQ16998,V242_카바라이트_10,10,0.7712787985801697,438,606,0.5,0.0
2EQ16999,1525_▲▲▲라벨_5,5,0.918377161026001,796,226,0.75,0.0
2EQ16999,3780_전원스위치_9,9,0.7651345729827881,786,210,0.5,0.0
2EQ16999,2917_코마_6,6,0.87335205078125,902,568,0.5,0.0
2EQ16999,3779_압판스토퍼_14,14,0.757358968257904,590,252,0.75,0.0
2EQ16999,V242_카바라이트_10,10,0.7699922919273376,450,606,0.5,0.0
2EQ17000,1525_▲▲▲라벨_5,5,0.9235935211181641,822,232,0.5,0.0
2EQ17000,3780_전원스위치_9,9,0.7664883136749268,786,210,0.5,0.0
2EQ17000,2917_코마_6,6,0.8651998043060303,752,570,0.5,0.0
2EQ17000,3779_압판스토퍼_14,14,0.7717879414558411,364,366,0.75,0.0
2EQ17000,V242_카바라이트_10,10,0.786241352558136,506,134,0.5,0.0
2EQ17001,1525_▲▲▲라벨_5,5,0.920808732509613,342,474,0.5,0.0
2EQ17001,3780_전원스위치_9,9,0.7515308856964111,786,210,0.5,0.0
2EQ17001,2917_코마_6,6,0.8484562635421753,554,538,0.5,0.0
2EQ17001,3779_압판스토퍼_14,14,0.7467236518859863,630,228,0.75,0.0
2EQ17001,V242_카바라이트_10,10,0.7836505174636841,462,612,0.5,0.0
2EQ17002,1525_▲▲▲라벨_5,5,0.9234081506729126,120,550,0.5,0.0
2EQ17002,3780_전원스위치_9,9,0.7614770531654358,786,210,0.5,0.0
2EQ17002,2917_코마_6,6,0.8605325222015381,892,574,0.5,0.0
2EQ17002,3779_압판스토퍼_14,14,0.7524080276489258,532,176,0.75,0.0
2EQ17002,V242_카바라이트_10,10,0.769593358039856,442,598,0.5,0.0
2EQ17003,1525_▲▲▲라벨_5,5,0.9240379929542542,208,478,0.75,0.0
2EQ17003,3780_전원스위치_9,9,0.7684592008590698,786,210,0.5,0.0
2EQ17003,2917_코마_6,6,0.8701176047325134,938,582,0.5,0.0
2EQ17003,3779_압판스토퍼_14,14,0.7278615832328796,492,364,0.5,8.0
2EQ17003,V242_카바라이트_10,10,0.7713246941566467,496,140,0.5,0.0
2EQ17004,1525_▲▲▲라벨_5,5,0.926677405834198,822,234,0.5,0.0
2EQ17004,3780_전원스위치_9,9,0.7660151720046997,786,210,0.5,0.0
2EQ17004,2917_코마_6,6,0.8693069219589233,946,568,0.5,0.0
2EQ17004,3779_압판스토퍼_14,14,0.7712535858154297,556,318,0.5,8.0
2EQ17004,V242_카바라이트_10,10,0.776530385017395,492,148,0.5,0.0
2EQ17005,1525_▲▲▲라벨_5,5,0.9208534359931946,798,228,0.75,0.0
2EQ17005,3780_전원스위치_9,9,0.7677316665649414,786,210,0.5,0.0
2EQ17005,2917_코마_6,6,0.8784692287445068,912,578,0.5,0.0
2EQ17005,3779_압판스토퍼_14,14,0.7185906171798706,510,348,0.5,8.0
2EQ17005,V242_카바라이트_10,10,0.7767067551612854,448,602,0.5,0.0
2EQ17006,1525_▲▲▲라벨_5,5,0.9268439412117004,14,606,0.5,0.0
2EQ17006,3780_전원스위치_9,9,0.7599003911018372,786,210,0.5,0.0
2EQ17006,2917_코마_6,6,0.8700885772705078,952,572,0.5,0.0
2EQ17006,3779_압판스토퍼_14,14,0.735150158405304,504,378,0.5,8.0
2EQ17006,V242_카바라이트_10,10,0.7783569693565369,512,614,0.5,0.0
2EQ17007,1525_▲▲▲라벨_5,5,0.9254670143127441,820,232,0.5,0.0
2EQ17007,3780_전원스위치_9,9,0.7634063959121704,786,210,0.5,0.0
2EQ17007,2917_코마_6,6,0.869721531867981,938,544,0.5,0.0
2EQ17007,3779_압판스토퍼_14,14,0.7609977722167969,430,322,0.5,8.0
2EQ17007,V242_카바라이트_10,10,0.7766299843788147,456,610,0.5,0.0
2EQ17008,1525_▲▲▲라벨_5,5,0.92856764793396,822,232,0.5,0.0
2EQ17008,3780_전원스위치_9,9,0.7680224180221558,786,210,0.5,0.0
2EQ17008,2917_코마_6,6,0.8546184301376343,274,598,0.5,0.0
2EQ17008,3779_압판스토퍼_14,14,0.7396253347396851,564,420,0.5,8.0
2EQ17008,V242_카바라이트_10,10,0.7653318047523499,522,126,0.5,0.0
2EQ17009,1525_▲▲▲라벨_5,5,0.9287933707237244,796,228,0.75,0.0
2EQ17009,3780_전원스위치_9,9,0.7658474445343018,788,210,0.5,0.0
2EQ17009,2917_코마_6,6,0.8529263734817505,628,208,0.5,0.0
2EQ17009,3779_압판스토퍼_14,14,0.750024676322937,258,190,0.75,0.0
2EQ17009,V242_카바라이트_10,10,0.7846018671989441,374,330,0.5,0.0
2EQ17010,1525_▲▲▲라벨_5,5,0.9261749982833862,798,224,0.75,0.0
2EQ17010,3780_전원스위치_9,9,0.7657921314239502,786,210,0.5,0.0
2EQ17010,2917_코마_6,6,0.8683414459228516,952,570,0.5,0.0
2EQ17010,3779_압판스토퍼_14,14,0.7496164441108704,530,360,0.75,0.0
2EQ17010,V242_카바라이트_10,10,0.7811084389686584,454,594,0.5,0.0
2EQ17011,1525_▲▲▲라벨_5,5,0.9365862011909485,114,542,0.5,0.0
2EQ17011,3780_전원스위치_9,9,0.7602044343948364,786,210,0.5,0.0
2EQ17011,2917_코마_6,6,0.8640497326850891,764,570,0.5,0.0
2EQ17011,3779_압판스토퍼_14,14,0.7460758686065674,524,396,0.5,8.0
2EQ17011,V242_카바라이트_10,10,0.7688977718353271,372,332,0.5,0.0
2EQ17012,1525_▲▲▲라벨_5,5,0.927431046962738,70,574,0.5,8.0
2EQ17012,3780_전원스위치_9,9,0.7669984102249146,786,210,0.5,0.0
2EQ17012,2917_코마_6,6,0.8803202509880066,934,570,0.5,0.0
2EQ17012,3779_압판스토퍼_14,14,0.7447660565376282,910,306,0.75,0.0
2EQ17012,V242_카바라이트_10,10,0.779807448387146,456,598,0.5,0.0
2EQ17013,1525_▲▲▲라벨_5,5,0.9237601161003113,826,232,0.5,0.0
2EQ17013,3780_전원스위치_9,9,0.7568596601486206,788,210,0.5,0.0
2EQ17013,2917_코마_6,6,0.839607834815979,948,534,0.5,0.0
2EQ17013,3779_압판스토퍼_14,14,0.7483385801315308,944,278,0.75,0.0
2EQ17013,V242_카바라이트_10,10,0.7721149921417236,454,594,0.5,0.0
2EQ17014,1525_▲▲▲라벨_5,5,0.9142399430274963,824,232,0.5,0.0
2EQ17014,3780_전원스위치_9,9,0.7629608511924744,284,486,0.5,0.0
2EQ17014,2917_코마_6,6,0.8589261174201965,554,68,0.5,0.0
2EQ17014,3779_압판스토퍼_14,14,0.7619501948356628,454,384,0.5,8.0
2EQ17014,V242_카바라이트_10,10,0.768897533416748,502,138,0.5,0.0
2EQ17015,1525_▲▲▲라벨_5,5,0.9258725047111511,104,444,0.75,0.0
2EQ17015,3780_전원스위치_9,9,0.7659894227981567,786,210,0.5,0.0
2EQ17015,2917_코마_6,6,0.8737261295318604,900,562,0.5,0.0
2EQ17015,3779_압판스토퍼_14,14,0.7548887133598328,286,292,0.75,0.0
2EQ17015,V242_카바라이트_10,10,0.7758511900901794,492,144,0.5,0.0
2EQ17016,1525_▲▲▲라벨_5,5,0.9190492630004883,214,464,0.75,0.0
2EQ17016,3780_전원스위치_9,9,0.7630141973495483,786,210,0.5,0.0
2EQ17016,2917_코마_6,6,0.8623566627502441,234,188,0.5,0.0
2EQ17016,3779_압판스토퍼_14,14,0.7567018270492554,266,274,0.75,0.0
2EQ17016,V242_카바라이트_10,10,0.7739015221595764,452,598,0.5,0.0
2EQ17017,1525_▲▲▲라벨_5,5,0.9290481805801392,820,234,0.5,0.0
2EQ17017,3780_전원스위치_9,9,0.7606521844863892,786,210,0.5,0.0
2EQ17017,2917_코마_6,6,0.8548569083213806,724,188,0.5,0.0
2EQ17017,3779_압판스토퍼_14,14,0.7555180788040161,354,362,0.75,0.0
2EQ17017,V242_카바라이트_10,10,0.7744972109794617,456,600,0.5,0.0
2EQ17018,1525_▲▲▲라벨_5,5,0.9373841881752014,182,244,0.5,0.0
2EQ17018,3780_전원스위치_9,9,0.7659727931022644,788,210,0.5,0.0
2EQ17018,2917_코마_6,6,0.8494680523872375,190,694,0.5,0.0
2EQ17018,3779_압판스토퍼_14,14,0.7353300452232361,298,420,0.75,0.0
2EQ17018,V242_카바라이트_10,10,0.7804874777793884,436,602,0.5,0.0
2EQ17019,1525_▲▲▲라벨_5,5,0.9285081028938293,798,224,0.75,0.0
2EQ17019,3780_전원스위치_9,9,0.761297345161438,320,472,0.5,0.0
2EQ17019,2917_코마_6,6,0.860617458820343,940,586,0.5,0.0
2EQ17019,3779_압판스토퍼_14,14,0.7573615312576294,212,178,0.75,0.0
2EQ17019,V242_카바라이트_10,10,0.7800368070602417,452,612,0.5,0.0
2EQ17020,1525_▲▲▲라벨_5,5,0.925563395023346,824,232,0.5,0.0
2EQ17020,3780_전원스위치_9,9,0.7641368508338928,786,210,0.5,0.0
2EQ17020,2917_코마_6,6,0.8725638389587402,940,568,0.5,0.0
2EQ17020,3779_압판스토퍼_14,14,0.7383127212524414,216,176,0.75,0.0
2EQ17020,V242_카바라이트_10,10,0.7729430794715881,442,602,0.5,0.0
2EQ17021,1525_▲▲▲라벨_5,5,0.9233993887901306,274,474,0.5,0.0
2EQ17021,3780_전원스위치_9,9,0.7646273374557495,788,210,0.5,0.0
2EQ17021,2917_코마_6,6,0.8831077218055725,864,544,0.5,0.0
2EQ17021,3779_압판스토퍼_14,14,0.7347075343132019,516,386,0.5,8.0
2EQ17021,V242_카바라이트_10,10,0.7728481888771057,452,612,0.5,0.0
2EQ17022,1525_▲▲▲라벨_5,5,0.9246726632118225,118,590,0.5,0.0
2EQ17022,3780_전원스위치_9,9,0.7680149674415588,788,210,0.5,0.0
2EQ17022,2917_코마_6,6,0.8702659606933594,534,500,0.5,0.0
2EQ17022,3779_압판스토퍼_14,14,0.7518473863601685,478,314,0.5,8.0
2EQ17022,V242_카바라이트_10,10,0.7847898006439209,700,134,0.75,0.0
2EQ17023,1525_▲▲▲라벨_5,5,0.9266622066497803,228,486,0.5,0.0
2EQ17023,3780_전원스위치_9,9,0.7630015015602112,786,210,0.5,0.0
2EQ17023,2917_코마_6,6,0.8669368028640747,892,532,0.5,0.0
2EQ17023,3779_압판스토퍼_14,14,0.7552293539047241,512,354,0.5,8.0
2EQ17023,V242_카바라이트_10,10,0.7753379344940186,454,592,0.5,0.0
2EQ17024,1525_▲▲▲라벨_5,5,0.9218037724494934,204,478,0.5,0.0
2EQ17024,3780_전원스위치_9,9,0.7572243809700012,786,210,0.5,0.0
2EQ17024,2917_코마_6,6,0.8509204387664795,734,318,0.5,0.0
2EQ17024,3779_압판스토퍼_14,14,0.7500240206718445,454,360,0.5,8.0
2EQ17024,V242_카바라이트_10,10,0.7715983986854553,494,140,0.5,0.0
2EQ17025,1525_▲▲▲라벨_5,5,0.9249114394187927,236,458,0.5,0.0
2EQ17025,3780_전원스위치_9,9,0.7624431848526001,786,210,0.5,0.0
2EQ17025,2917_코마_6,6,0.8740059733390808,898,578,0.5,0.0
2EQ17025,3779_압판스토퍼_14,14,0.7078940868377686,666,152,0.75,0.0
2EQ17025,V242_카바라이트_10,10,0.7780295610427856,448,600,0.5,0.0
2EQ17026,1525_▲▲▲라벨_5,5,0.9143974184989929,816,238,0.5,0.0
2EQ17026,3780_전원스위치_9,9,0.7650343775749207,786,210,0.5,0.0
2EQ17026,2917_코마_6,6,0.8593126535415649,254,108,0.5,0.0
2EQ17026,3779_압판스토퍼_14,14,0.7242414951324463,210,184,0.75,0.0
2EQ17026,V242_카바라이트_10,10,0.7871760129928589,496,146,0.5,0.0
2EQ17027,1525_▲▲▲라벨_5,5,0.9264143109321594,164,238,0.5,0.0
2EQ17027,3780_전원스위치_9,9,0.7621996998786926,788,210,0.5,0.0
2EQ17027,2917_코마_6,6,0.868157684803009,920,602,0.5,0.0
2EQ17027,3779_압판스토퍼_14,14,0.7483624219894409,300,340,0.75,0.0
2EQ17027,V242_카바라이트_10,10,0.7706924080848694,458,612,0.5,0.0
2EQ17028,1525_▲▲▲라벨_5,5,0.9196904897689819,826,232,0.5,0.0
2EQ17028,3780_전원스위치_9,9,0.7640507817268372,786,210,0.5,0.0
2EQ17028,2917_코마_6,6,0.8731092810630798,708,148,0.5,0.0
2EQ17028,3779_압판스토퍼_14,14,0.7514039874076843,466,336,0.5,8.0
2EQ17028,V242_카바라이트_10,10,0.7752385139465332,450,608,0.5,0.0
2EQ17029,1525_▲▲▲라벨_5,5,0.932026207447052,164,236,0.5,0.0
2EQ17029,3780_전원스위치_9,9,0.7647948265075684,788,210,0.5,0.0
2EQ17029,2917_코마_6,6,0.855697512626648,794,566,0.5,0.0
2EQ17029,3779_압판스토퍼_14,14,0.7654963135719299,450,332,0.5,8.0
2EQ17029,V242_카바라이트_10,10,0.7715272307395935,456,600,0.5,0.0
2EQ17030,1525_▲▲▲라벨_5,5,0.9233278036117554,822,232,0.5,0.0
2EQ17030,3780_전원스위치_9,9,0.7636928558349609,786,210,0.5,0.0
2EQ17030,2917_코마_6,6,0.866281270980835,914,578,0.5,0.0
2EQ17030,3779_압판스토퍼_14,14,0.759708821773529,458,300,0.5,8.0
2EQ17030,V242_카바라이트_10,10,0.7674043774604797,442,602,0.5,0.0
2EQ17031,1525_▲▲▲라벨_5,5,0.9241113662719727,198,466,0.75,0.0
2EQ17031,3780_전원스위치_9,9,0.7658956050872803,786,210,0.5,0.0
2EQ17031,2917_코마_6,6,0.8759374618530273,952,560,0.5,0.0
2EQ17031,3779_압판스토퍼_14,14,0.7388549447059631,520,124,0.75,0.0
2EQ17031,V242_카바라이트_10,10,0.765654981136322,492,138,0.5,0.0
2EQ17032,1525_▲▲▲라벨_5,5,0.9182001948356628,822,234,0.5,0.0
2EQ17032,3780_전원스위치_9,9,0.7609037160873413,786,210,0.5,0.0
2EQ17032,2917_코마_6,6,0.8778975009918213,906,570,0.5,0.0
2EQ17032,3779_압판스토퍼_14,14,0.7417186498641968,468,378,0.5,8.0
2EQ17032,V242_카바라이트_10,10,0.7849380970001221,508,138,0.5,0.0
2EQ17033,1525_▲▲▲라벨_5,5,0.9174694418907166,162,244,0.5,0.0
2EQ17033,3780_전원스위치_9,9,0.7436364889144897,786,210,0.5,0.0
2EQ17033,2917_코마_6,6,0.8659588694572449,638,246,0.5,0.0
2EQ17033,3779_압판스토퍼_14,14,0.7393618822097778,432,288,0.5,8.0
2EQ17033,V242_카바라이트_10,10,0.7738984227180481,390,364,0.5,0.0
2EQ17034,1525_▲▲▲라벨_5,5,0.9270438551902771,824,234,0.5,0.0
2EQ17034,3780_전원스위치_9,9,0.7624495625495911,786,210,0.5,0.0
2EQ17034,2917_코마_6,6,0.864673376083374,942,562,0.5,0.0
2EQ17034,3779_압판스토퍼_14,14,0.7361022233963013,494,392,0.5,8.0
2EQ17034,V242_카바라이트_10,10,0.7734548449516296,452,606,0.5,0.0
2EQ17035,1525_▲▲▲라벨_5,5,0.9166386723518372,280,316,0.75,0.0
2EQ17035,3780_전원스위치_9,9,0.763512134552002,786,210,0.5,0.0
2EQ17035,2917_코마_6,6,0.8578296303749084,490,544,0.5,0.0
2EQ17035,3779_압판스토퍼_14,14,0.764894962310791,462,338,0.5,8.0
2EQ17035,V242_카바라이트_10,10,0.786062479019165,422,612,0.5,0.0
2EQ17036,1525_▲▲▲라벨_5,5,0.9233611226081848,822,232,0.5,0.0
2EQ17036,3780_전원스위치_9,9,0.7605515122413635,786,210,0.5,0.0
2EQ17036,2917_코마_6,6,0.8716792464256287,840,566,0.5,0.0
2EQ17036,3779_압판스토퍼_14,14,0.7517607808113098,214,176,0.5,8.0
2EQ17036,V242_카바라이트_10,10,0.7779436707496643,504,138,0.5,0.0
2EQ17037,1525_▲▲▲라벨_5,5,0.9250714182853699,796,224,0.75,0.0
2EQ17037,3780_전원스위치_9,9,0.7649622559547424,786,210,0.5,0.0
2EQ17037,2917_코마_6,6,0.8486419916152954,852,602,0.5,0.0
2EQ17037,3779_압판스토퍼_14,14,0.7605478763580322,608,224,0.75,0.0
2EQ17037,V242_카바라이트_10,10,0.779819130897522,494,130,0.5,0.0
2EQ17038,1525_▲▲▲라벨_5,5,0.9301719069480896,142,552,0.5,0.0
2EQ17038,3780_전원스위치_9,9,0.7670908570289612,788,210,0.5,0.0
2EQ17038,2917_코마_6,6,0.8679347634315491,850,572,0.5,0.0
2EQ17038,3779_압판스토퍼_14,14,0.7168052792549133,506,404,0.5,8.0
2EQ17038,V242_카바라이트_10,10,0.7886453866958618,498,142,0.5,0.0
2EQ17039,1525_▲▲▲라벨_5,5,0.922654390335083,298,420,0.75,0.0
2EQ17039,3780_전원스위치_9,9,0.7636727690696716,788,210,0.5,0.0
2EQ17039,2917_코마_6,6,0.8476232886314392,644,26,0.5,0.0
2EQ17039,3779_압판스토퍼_14,14,0.751491904258728,492,452,0.5,8.0
2EQ17039,V242_카바라이트_10,10,0.7645456790924072,494,138,0.5,0.0
2EQ17040,1525_▲▲▲라벨_5,5,0.9286354780197144,360,448,0.75,0.0
2EQ17040,3780_전원스위치_9,9,0.7648990154266357,786,210,0.5,0.0
2EQ17040,2917_코마_6,6,0.8792763352394104,920,548,0.5,0.0
2EQ17040,3779_압판스토퍼_14,14,0.7571412920951843,524,336,0.5,8.0
2EQ17040,V242_카바라이트_10,10,0.7711350917816162,464,592,0.5,0.0
2EQ17041,1525_▲▲▲라벨_5,5,0.9270643591880798,216,492,0.75,0.0
2EQ17041,3780_전원스위치_9,9,0.762086808681488,788,210,0.5,0.0
2EQ17041,2917_코마_6,6,0.8781799674034119,702,150,0.5,0.0
2EQ17041,3779_압판스토퍼_14,14,0.7547478675842285,510,240,0.75,0.0
2EQ17041,V242_카바라이트_10,10,0.7776774764060974,510,136,0.5,0.0
2EQ17042,1525_▲▲▲라벨_5,5,0.9160041809082031,286,464,0.5,0.0
2EQ17042,3780_전원스위치_9,9,0.759876012802124,788,210,0.5,0.0
2EQ17042,2917_코마_6,6,0.8715799450874329,912,574,0.5,0.0
2EQ17042,3779_압판스토퍼_14,14,0.7490593791007996,476,392,0.5,8.0
2EQ17042,V242_카바라이트_10,10,0.7793753743171692,440,596,0.5,0.0
2EQ17043,1525_▲▲▲라벨_5,5,0.9241684079170227,168,240,0.5,0.0
2EQ17043,3780_전원스위치_9,9,0.7617226839065552,786,210,0.5,0.0
2EQ17043,2917_코마_6,6,0.8790665864944458,918,576,0.5,0.0
2EQ17043,3779_압판스토퍼_14,14,0.7640672326087952,458,314,0.5,8.0
2EQ17043,V242_카바라이트_10,10,0.7753113508224487,450,604,0.5,0.0
2EQ17044,1525_▲▲▲라벨_5,5,0.9238742589950562,200,430,0.5,0.0
2EQ17044,3780_전원스위치_9,9,0.7624512314796448,788,210,0.5,0.0
2EQ17044,2917_코마_6,6,0.8577658534049988,168,594,0.5,0.0
2EQ17044,3779_압판스토퍼_14,14,0.7453354597091675,166,630,0.5,8.0
2EQ17044,V242_카바라이트_10,10,0.7619214653968811,496,188,0.5,8.0
2EQ17045,1525_▲▲▲라벨_5,5,0.9343985915184021,174,462,0.75,0.0
2EQ17045,3780_전원스위치_9,9,0.7580299377441406,786,210,0.5,0.0
2EQ17045,2917_코마_6,6,0.8465297222137451,6,598,0.5,0.0
2EQ17045,3779_압판스토퍼_14,14,0.7626321911811829,484,330,0.5,8.0
2EQ17045,V242_카바라이트_10,10,0.7672246694564819,492,144,0.5,0.0
2EQ17046,1525_▲▲▲라벨_5,5,0.9320066571235657,20,580,0.5,0.0
2EQ17046,3780_전원스위치_9,9,0.7614564299583435,786,210,0.5,0.0
2EQ17046,2917_코마_6,6,0.8669898509979248,830,558,0.5,0.0
2EQ17046,3779_압판스토퍼_14,14,0.7467473745346069,164,630,0.5,8.0
2EQ17046,V242_카바라이트_10,10,0.7756980657577515,450,602,0.5,0.0
2EQ17047,1525_▲▲▲라벨_5,5,0.9329681396484375,530,166,0.5,0.0
2EQ17047,3780_전원스위치_9,9,0.762344479560852,786,210,0.5,0.0
2EQ17047,2917_코마_6,6,0.8435204029083252,922,292,0.5,0.0
2EQ17047,3779_압판스토퍼_14,14,0.770757257938385,926,248,0.75,0.0
2EQ17047,V242_카바라이트_10,10,0.7556421756744385,498,132,0.5,0.0
2EQ17048,1525_▲▲▲라벨_5,5,0.9226813912391663,498,64,0.5,-8.0
2EQ17048,3780_전원스위치_9,9,0.7655231356620789,788,210,0.5,0.0
2EQ17048,2917_코마_6,6,0.8646451830863953,438,548,0.5,0.0
2EQ17048,3779_압판스토퍼_14,14,0.756434440612793,334,430,0.75,0.0
2EQ17048,V242_카바라이트_10,10,0.7765485048294067,438,608,0.5,0.0
2EQ17049,1525_▲▲▲라벨_5,5,0.9269906878471375,798,224,0.75,0.0
2EQ17049,3780_전원스위치_9,9,0.7639263868331909,788,210,0.5,0.0
2EQ17049,2917_코마_6,6,0.8746731877326965,944,554,0.5,0.0
2EQ17049,3779_압판스토퍼_14,14,0.7308502197265625,214,172,0.75,0.0
2EQ17049,V242_카바라이트_10,10,0.7860568165779114,514,140,0.5,0.0
2EQ17050,1525_▲▲▲라벨_5,5,0.9283410310745239,802,226,0.75,0.0
2EQ17050,3780_전원스위치_9,9,0.7633280754089355,788,210,0.5,0.0
2EQ17050,2917_코마_6,6,0.8763340711593628,876,552,0.5,0.0
2EQ17050,3779_압판스토퍼_14,14,0.7500746846199036,226,180,0.75,0.0
2EQ17050,V242_카바라이트_10,10,0.7597179412841797,492,144,0.5,0.0
2EQ17051,1525_▲▲▲라벨_5,5,0.9178770184516907,218,456,0.5,0.0
2EQ17051,3780_전원스위치_9,9,0.7582993507385254,788,210,0.5,0.0
2EQ17051,2917_코마_6,6,0.8763924837112427,944,572,0.5,0.0
2EQ17051,3779_압판스토퍼_14,14,0.73517906665802,532,336,0.75,0.0
2EQ17051,V242_카바라이트_10,10,0.7667477130889893,440,608,0.5,0.0
2EQ17052,1525_▲▲▲라벨_5,5,0.9235519766807556,238,466,0.75,0.0
2EQ17052,3780_전원스위치_9,9,0.7525282502174377,788,210,0.5,0.0
2EQ17052,2917_코마_6,6,0.8427223563194275,138,390,0.5,0.0
2EQ17052,3779_압판스토퍼_14,14,0.7684473395347595,602,304,0.75,0.0
2EQ17052,V242_카바라이트_10,10,0.7732263207435608,460,440,0.5,8.0
2EQ17053,1525_▲▲▲라벨_5,5,0.9272617101669312,824,232,0.5,0.0
2EQ17053,3780_전원스위치_9,9,0.7618708610534668,788,210,0.5,0.0
2EQ17053,2917_코마_6,6,0.8726720809936523,724,186,0.5,0.0
2EQ17053,3779_압판스토퍼_14,14,0.7369562387466431,224,184,0.75,0.0
2EQ17053,V242_카바라이트_10,10,0.7742356657981873,434,602,0.5,0.0
2EQ17054,1525_▲▲▲라벨_5,5,0.9396118521690369,64,486,0.5,0.0
2EQ17054,3780_전원스위치_9,9,0.7487839460372925,366,442,0.5,0.0
2EQ17054,2917_코마_6,6,0.8452476263046265,642,530,0.5,0.0
2EQ17054,3779_압판스토퍼_14,14,0.7315843105316162,184,496,0.75,-8.0
2EQ17054,V242_카바라이트_10,10,0.7771345973014832,514,142,0.5,0.0
2EQ17055,1525_▲▲▲라벨_5,5,0.9280591607093811,628,76,0.75,0.0
2EQ17055,3780_전원스위치_9,9,0.7550399303436279,788,208,0.5,0.0
2EQ17055,2917_코마_6,6,0.8509345650672913,952,572,0.5,0.0
2EQ17055,3779_압판스토퍼_14,14,0.7269972562789917,226,266,0.75,0.0
2EQ17055,V242_카바라이트_10,10,0.7853450179100037,492,602,0.5,0.0
2EQ17056,1525_▲▲▲라벨_5,5,0.9257544279098511,224,466,0.5,0.0
2EQ17056,3780_전원스위치_9,9,0.7658079862594604,788,210,0.5,0.0
2EQ17056,2917_코마_6,6,0.8649685978889465,576,560,0.5,-8.0
2EQ17056,3779_압판스토퍼_14,14,0.7469654679298401,234,188,0.75,0.0
2EQ17056,V242_카바라이트_10,10,0.7749823331832886,492,138,0.5,0.0
2EQ17057,1525_▲▲▲라벨_5,5,0.9234763383865356,14,604,0.5,0.0
2EQ17057,3780_전원스위치_9,9,0.7686063051223755,788,210,0.5,0.0
2EQ17057,2917_코마_6,6,0.8469629287719727,920,606,0.5,0.0
2EQ17057,3779_압판스토퍼_14,14,0.7498087882995605,468,334,0.5,8.0
2EQ17057,V242_카바라이트_10,10,0.7809998989105225,450,612,0.5,0.0
2EQ17058,1525_▲▲▲라벨_5,5,0.9312003254890442,164,234,0.5,0.0
2EQ17058,3780_전원스위치_9,9,0.7610349655151367,788,210,0.5,0.0
2EQ17058,2917_코마_6,6,0.8733878135681152,314,138,0.5,0.0
2EQ17058,3779_압판스토퍼_14,14,0.7199314832687378,452,516,0.5,-8.0
2EQ17058,V242_카바라이트_10,10,0.7866414189338684,508,130,0.5,0.0
2EQ17059,1525_▲▲▲라벨_5,5,0.9246638417243958,266,468,0.5,0.0
2EQ17059,3780_전원스위치_9,9,0.7649732828140259,788,210,0.5,0.0
2EQ17059,2917_코마_6,6,0.8656849265098572,932,556,0.5,0.0
2EQ17059,3779_압판스토퍼_14,14,0.7600777745246887,528,188,0.75,0.0
2EQ17059,V242_카바라이트_10,10,0.7853261828422546,494,140,0.5,0.0
2EQ17060,1525_▲▲▲라벨_5,5,0.9281738996505737,2,588,0.75,0.0
2EQ17060,3780_전원스위치_9,9,0.7588844299316406,786,210,0.5,0.0
2EQ17060,2917_코마_6,6,0.8621258735656738,762,404,0.5,0.0
2EQ17060,3779_압판스토퍼_14,14,0.7514191269874573,222,188,0.75,0.0
2EQ17060,V242_카바라이트_10,10,0.7618449330329895,498,154,0.5,0.0
2EQ17061,1525_▲▲▲라벨_5,5,0.9293672442436218,798,224,0.75,0.0
2EQ17061,3780_전원스위치_9,9,0.7626016736030579,786,210,0.5,0.0
2EQ17061,2917_코마_6,6,0.8703453540802002,922,546,0.5,0.0
2EQ17061,3779_압판스토퍼_14,14,0.7438779473304749,510,430,0.5,8.0
2EQ17061,V242_카바라이트_10,10,0.7801719903945923,456,600,0.5,0.0
2EQ17062,1525_▲▲▲라벨_5,5,0.9261375665664673,248,452,0.5,0.0
2EQ17062,3780_전원스위치_9,9,0.7613947987556458,786,210,0.5,0.0
2EQ17062,2917_코마_6,6,0.8813186287879944,896,550,0.5,0.0
2EQ17062,3779_압판스토퍼_14,14,0.7493731379508972,600,200,0.75,0.0
2EQ17062,V242_카바라이트_10,10,0.7761557102203369,496,140,0.5,0.0
2EQ17063,1525_▲▲▲라벨_5,5,0.9304467439651489,140,226,0.75,0.0
2EQ17063,3780_전원스위치_9,9,0.7627578973770142,786,210,0.5,0.0
2EQ17063,2917_코마_6,6,0.8733637928962708,942,588,0.5,0.0
2EQ17063,3779_압판스토퍼_14,14,0.7369564771652222,222,184,0.75,0.0
2EQ17063,V242_카바라이트_10,10,0.7795921564102173,446,594,0.5,0.0
2EQ17064,1525_▲▲▲라벨_5,5,0.9275674819946289,320,440,0.75,0.0
2EQ17064,3780_전원스위치_9,9,0.7634432315826416,788,210,0.5,0.0
2EQ17064,2917_코마_6,6,0.8608141541481018,836,558,0.5,0.0
2EQ17064,3779_압판스토퍼_14,14,0.7643871307373047,346,360,0.75,0.0
2EQ17064,V242_카바라이트_10,10,0.7849783301353455,492,146,0.5,0.0
2EQ17065,1525_▲▲▲라벨_5,5,0.9289183616638184,798,224,0.75,0.0
2EQ17065,3780_전원스위치_9,9,0.7613791227340698,236,428,0.5,0.0
2EQ17065,2917_코마_6,6,0.8547694683074951,942,566,0.5,0.0
2EQ17065,3779_압판스토퍼_14,14,0.7372660040855408,212,178,0.5,8.0
2EQ17065,V242_카바라이트_10,10,0.7713833451271057,440,590,0.5,0.0
2EQ17066,1525_▲▲▲라벨_5,5,0.9243684411048889,822,234,0.5,0.0
2EQ17066,3780_전원스위치_9,9,0.7652560472488403,786,210,0.5,0.0
2EQ17066,2917_코마_6,6,0.8620849251747131,952,538,0.5,0.0
2EQ17066,3779_압판스토퍼_14,14,0.761186957359314,540,272,0.5,8.0
2EQ17066,V242_카바라이트_10,10,0.786553680896759,494,140,0.5,0.0
2EQ17067,1525_▲▲▲라벨_5,5,0.9334188103675842,172,234,0.5,0.0
2EQ17067,3780_전원스위치_9,9,0.7651223540306091,786,210,0.5,0.0
2EQ17067,2917_코마_6,6,0.8582927584648132,428,184,0.5,0.0
2EQ17067,3779_압판스토퍼_14,14,0.7413691878318787,516,370,0.5,8.0
2EQ17067,V242_카바라이트_10,10,0.7815527319908142,492,142,0.5,0.0
2EQ17068,1525_▲▲▲라벨_5,5,0.9237784743309021,6,588,0.5,0.0
2EQ17068,3780_전원스위치_9,9,0.7607247233390808,788,210,0.5,0.0
2EQ17068,2917_코마_6,6,0.8649246096611023,192,48,0.5,0.0
2EQ17068,3779_압판스토퍼_14,14,0.7360270023345947,492,362,0.75,-8.0
2EQ17068,V242_카바라이트_10,10,0.7945964932441711,498,146,0.5,0.0
2EQ17069,1525_▲▲▲라벨_5,5,0.9262717962265015,826,232,0.5,0.0
2EQ17069,3780_전원스위치_9,9,0.7608861327171326,788,210,0.5,0.0
2EQ17069,2917_코마_6,6,0.8847521543502808,692,206,0.5,0.0
2EQ17069,3779_압판스토퍼_14,14,0.7471122741699219,224,182,0.75,0.0
2EQ17069,V242_카바라이트_10,10,0.7760603427886963,438,606,0.5,0.0
2EQ17070,1525_▲▲▲라벨_5,5,0.9343141317367554,176,236,0.5,0.0
2EQ17070,3780_전원스위치_9,9,0.7635403871536255,786,210,0.5,0.0
2EQ17070,2917_코마_6,6,0.8634864687919617,562,512,0.5,0.0
2EQ17070,3779_압판스토퍼_14,14,0.7530350685119629,918,310,0.75,0.0
2EQ17070,V242_카바라이트_10,10,0.779032826423645,448,600,0.5,0.0
2EQ17071,1525_▲▲▲라벨_5,5,0.939303457736969,498,150,0.5,0.0
2EQ17071,3780_전원스위치_9,9,0.7519071698188782,790,210,0.5,0.0
2EQ17071,2917_코마_6,6,0.8692269921302795,278,138,0.5,0.0
2EQ17071,3779_압판스토퍼_14,14,0.7428709864616394,212,176,0.75,0.0
2EQ17071,V242_카바라이트_10,10,0.7827675342559814,504,126,0.5,0.0
2EQ17072,1525_▲▲▲라벨_5,5,0.9220309853553772,222,472,0.5,0.0
2EQ17072,3780_전원스위치_9,9,0.7653573751449585,786,210,0.5,0.0
2EQ17072,2917_코마_6,6,0.8767288327217102,878,572,0.5,0.0
2EQ17072,3779_압판스토퍼_14,14,0.7457106113433838,212,178,0.5,8.0
2EQ17072,V242_카바라이트_10,10,0.7914244532585144,498,140,0.5,0.0
2EQ17073,1525_▲▲▲라벨_5,5,0.939712643623352,164,234,0.5,0.0
2EQ17073,3780_전원스위치_9,9,0.7550514936447144,786,210,0.5,0.0
2EQ17073,2917_코마_6,6,0.8464130163192749,682,390,0.75,-8.0
2EQ17073,3779_압판스토퍼_14,14,0.7568134069442749,466,174,0.75,0.0
2EQ17073,V242_카바라이트_10,10,0.7683908343315125,492,134,0.5,0.0
2EQ17074,1525_▲▲▲라벨_5,5,0.9253547191619873,222,478,0.5,0.0
2EQ17074,3780_전원스위치_9,9,0.7660263776779175,786,210,0.5,0.0
2EQ17074,2917_코마_6,6,0.8686529994010925,904,574,0.5,0.0
2EQ17074,3779_압판스토퍼_14,14,0.7487422823905945,368,388,0.75,0.0
2EQ17074,V242_카바라이트_10,10,0.7728019952774048,444,600,0.5,0.0
2EQ17075,1525_▲▲▲라벨_5,5,0.9219273924827576,20,578,0.75,0.0
2EQ17075,3780_전원스위치_9,9,0.7653747797012329,294,358,0.75,8.0
2EQ17075,2917_코마_6,6,0.8542928695678711,176,586,0.5,0.0
2EQ17075,3779_압판스토퍼_14,14,0.774956464767456,42,346,0.5,8.0
2EQ17075,V242_카바라이트_10,10,0.7846879959106445,500,138,0.5,0.0
2EQ17076,1525_▲▲▲라벨_5,5,0.9186062216758728,240,478,0.5,0.0
2EQ17076,3780_전원스위치_9,9,0.7645567655563354,786,210,0.5,0.0
2EQ17076,2917_코마_6,6,0.8748413920402527,802,562,0.5,0.0
2EQ17076,3779_압판스토퍼_14,14,0.7516776919364929,502,148,0.75,0.0
2EQ17076,V242_카바라이트_10,10,0.780669093132019,458,612,0.5,0.0
2EQ17077,1525_▲▲▲라벨_5,5,0.9154275059700012,310,416,0.75,0.0
2EQ17077,3780_전원스위치_9,9,0.76409912109375,788,210,0.5,0.0
2EQ17077,2917_코마_6,6,0.8494819402694702,878,580,0.5,0.0
2EQ17077,3779_압판스토퍼_14,14,0.7495973110198975,212,172,0.75,0.0
2EQ17077,V242_카바라이트_10,10,0.7927585244178772,518,134,0.5,0.0
2EQ17078,1525_▲▲▲라벨_5,5,0.9255664944648743,796,226,0.75,0.0
2EQ17078,3780_전원스위치_9,9,0.7649239897727966,788,210,0.5,0.0
2EQ17078,2917_코마_6,6,0.8773080706596375,950,574,0.5,0.0
2EQ17078,3779_압판스토퍼_14,14,0.7618173360824585,518,160,0.75,0.0
2EQ17078,V242_카바라이트_10,10,0.7838578224182129,460,596,0.5,0.0
2EQ17079,1525_▲▲▲라벨_5,5,0.9240645170211792,242,480,0.5,0.0
2EQ17079,3780_전원스위치_9,9,0.7652930021286011,786,210,0.5,0.0
2EQ17079,2917_코마_6,6,0.8687412738800049,538,348,0.5,0.0
2EQ17079,3779_압판스토퍼_14,14,0.7443512082099915,212,180,0.5,8.0
2EQ17079,V242_카바라이트_10,10,0.7812983989715576,448,606,0.5,0.0
2EQ17080,1525_▲▲▲라벨_5,5,0.9262912273406982,164,246,0.5,0.0
2EQ17080,3780_전원스위치_9,9,0.7642136216163635,784,212,0.5,0.0
2EQ17080,2917_코마_6,6,0.8499375581741333,226,148,0.5,0.0
2EQ17080,3779_압판스토퍼_14,14,0.7560984492301941,566,288,0.75,-8.0
2EQ17080,V242_카바라이트_10,10,0.7837892174720764,426,602,0.5,0.0
2EQ17081,1525_▲▲▲라벨_5,5,0.9281567931175232,820,232,0.5,0.0
2EQ17081,3780_전원스위치_9,9,0.7634373307228088,786,210,0.5,0.0
2EQ17081,2917_코마_6,6,0.8641053438186646,308,554,0.5,0.0
2EQ17081,3779_압판스토퍼_14,14,0.7557308673858643,224,180,0.75,0.0
2EQ17081,V242_카바라이트_10,10,0.7872176766395569,448,600,0.5,0.0
2EQ17082,1525_▲▲▲라벨_5,5,0.9219711422920227,266,484,0.5,0.0
2EQ17082,3780_전원스위치_9,9,0.7669104337692261,786,210,0.5,0.0
2EQ17082,2917_코마_6,6,0.844226062297821,828,542,0.5,0.0
2EQ17082,3779_압판스토퍼_14,14,0.753534734249115,512,312,0.75,0.0
2EQ17082,V242_카바라이트_10,10,0.7849507927894592,434,614,0.5,0.0
2EQ17083,1525_▲▲▲라벨_5,5,0.9291955828666687,170,232,0.5,0.0
2EQ17083,3780_전원스위치_9,9,0.7667310237884521,788,210,0.5,0.0
2EQ17083,2917_코마_6,6,0.8651958107948303,470,522,0.5,0.0
2EQ17083,3779_압판스토퍼_14,14,0.7609267830848694,354,372,0.75,0.0
2EQ17083,V242_카바라이트_10,10,0.7796571254730225,496,146,0.5,0.0
2EQ17084,1525_▲▲▲라벨_5,5,0.9223507046699524,262,468,0.5,0.0
2EQ17084,3780_전원스위치_9,9,0.7609233856201172,790,210,0.5,0.0
2EQ17084,2917_코마_6,6,0.8763573169708252,232,196,0.5,0.0
2EQ17084,3779_압판스토퍼_14,14,0.7479057908058167,502,274,0.5,8.0
2EQ17084,V242_카바라이트_10,10,0.7580837607383728,494,136,0.5,0.0
2EQ17085,1525_▲▲▲라벨_5,5,0.9405613541603088,170,242,0.5,0.0
2EQ17085,3780_전원스위치_9,9,0.7656098008155823,790,210,0.5,0.0
2EQ17085,2917_코마_6,6,0.871634304523468,692,152,0.5,0.0
2EQ17085,3779_압판스토퍼_14,14,0.7347973585128784,708,262,0.75,-8.0
2EQ17085,V242_카바라이트_10,10,0.7804449200630188,446,608,0.5,0.0
2EQ17086,1525_▲▲▲라벨_5,5,0.9207059144973755,824,230,0.5,0.0
2EQ17086,3780_전원스위치_9,9,0.7649784684181213,786,210,0.5,0.0
2EQ17086,2917_코마_6,6,0.8690067529678345,844,556,0.5,0.0
2EQ17086,3779_압판스토퍼_14,14,0.7506290078163147,352,350,0.75,0.0
2EQ17086,V242_카바라이트_10,10,0.7725962996482849,494,126,0.5,0.0
2EQ17087,1525_▲▲▲라벨_5,5,0.9147794842720032,206,460,0.5,0.0
2EQ17087,3780_전원스위치_9,9,0.7605262994766235,788,210,0.5,0.0
2EQ17087,2917_코마_6,6,0.8697330355644226,712,192,0.5,0.0
2EQ17087,3779_압판스토퍼_14,14,0.7693938612937927,908,266,0.75,0.0
2EQ17087,V242_카바라이트_10,10,0.7775394320487976,448,612,0.5,0.0
2EQ17088,1525_▲▲▲라벨_5,5,0.9318141341209412,164,236,0.5,0.0
2EQ17088,3780_전원스위치_9,9,0.7542131543159485,790,210,0.5,0.0
2EQ17088,2917_코마_6,6,0.8561050295829773,746,98,0.5,0.0
2EQ17088,3779_압판스토퍼_14,14,0.7680515050888062,448,324,0.5,8.0
2EQ17088,V242_카바라이트_10,10,0.7730122804641724,450,602,0.5,0.0
2EQ17089,1525_▲▲▲라벨_5,5,0.9225449562072754,822,238,0.5,0.0
2EQ17089,3780_전원스위치_9,9,0.7561783790588379,788,212,0.5,0.0
2EQ17089,2917_코마_6,6,0.8485389351844788,460,532,0.5,0.0
2EQ17089,3779_압판스토퍼_14,14,0.7231928706169128,508,126,0.75,-8.0
2EQ17089,V242_카바라이트_10,10,0.7903401255607605,438,600,0.5,0.0
2EQ17090,1525_▲▲▲라벨_5,5,0.9216225147247314,118,422,0.75,0.0
2EQ17090,3780_전원스위치_9,9,0.7686781287193298,788,210,0.5,0.0
2EQ17090,2917_코마_6,6,0.8634046912193298,538,526,0.5,0.0
2EQ17090,3779_압판스토퍼_14,14,0.7568874955177307,478,298,0.5,8.0
2EQ17090,V242_카바라이트_10,10,0.7722437977790833,458,600,0.5,0.0
2EQ17091,1525_▲▲▲라벨_5,5,0.9180768728256226,194,422,0.5,0.0
2EQ17091,3780_전원스위치_9,9,0.7681532502174377,790,210,0.5,0.0
2EQ17091,2917_코마_6,6,0.8794863224029541,424,132,0.5,0.0
2EQ17091,3779_압판스토퍼_14,14,0.7640812993049622,534,286,0.75,0.0
2EQ17091,V242_카바라이트_10,10,0.7666695713996887,502,122,0.5,0.0
2EQ17092,1525_▲▲▲라벨_5,5,0.9334600567817688,164,234,0.5,0.0
2EQ17092,3780_전원스위치_9,9,0.7663246393203735,790,210,0.5,0.0
2EQ17092,2917_코마_6,6,0.8645589351654053,946,536,0.5,0.0
2EQ17092,3779_압판스토퍼_14,14,0.7568652033805847,214,174,0.75,0.0
2EQ17092,V242_카바라이트_10,10,0.7769620418548584,444,608,0.5,0.0
2EQ17093,1525_▲▲▲라벨_5,5,0.9300941228866577,164,240,0.5,0.0
2EQ17093,3780_전원스위치_9,9,0.7706380486488342,790,210,0.5,0.0
2EQ17093,2917_코마_6,6,0.8584647178649902,142,594,0.5,0.0
2EQ17093,3779_압판스토퍼_14,14,0.7603084444999695,498,280,0.5,8.0
2EQ17093,V242_카바라이트_10,10,0.7779036164283752,454,600,0.5,0.0
2EQ17094,1525_▲▲▲라벨_5,5,0.9320474863052368,168,238,0.5,0.0
2EQ17094,3780_전원스위치_9,9,0.7588090300559998,790,210,0.5,0.0
2EQ17094,2917_코마_6,6,0.864090621471405,856,574,0.5,0.0
2EQ17094,3779_압판스토퍼_14,14,0.7483775615692139,482,332,0.5,8.0
2EQ17094,V242_카바라이트_10,10,0.7718000411987305,442,606,0.5,0.0
2EQ17095,1525_▲▲▲라벨_5,5,0.9203930497169495,0,602,0.5,0.0
2EQ17095,3780_전원스위치_9,9,0.7606943249702454,790,210,0.5,0.0
2EQ17095,2917_코마_6,6,0.8762208223342896,436,92,0.5,0.0
2EQ17095,3779_압판스토퍼_14,14,0.750262975692749,218,174,0.75,0.0
2EQ17095,V242_카바라이트_10,10,0.7792195081710815,496,144,0.5,0.0
2EQ17096,1525_▲▲▲라벨_5,5,0.9172441363334656,158,568,0.5,0.0
2EQ17096,3780_전원스위치_9,9,0.7647501826286316,790,210,0.5,0.0
2EQ17096,2917_코마_6,6,0.8577356934547424,844,558,0.5,0.0
2EQ17096,3779_압판스토퍼_14,14,0.7564188241958618,212,176,0.75,0.0
2EQ17096,V242_카바라이트_10,10,0.7759178876876831,516,132,0.5,0.0
2EQ17097,1525_▲▲▲라벨_5,5,0.9234845042228699,800,226,0.75,0.0
2EQ17097,3780_전원스위치_9,9,0.7650139331817627,790,210,0.5,0.0
2EQ17097,2917_코마_6,6,0.8708659410476685,952,560,0.5,0.0
2EQ17097,3779_압판스토퍼_14,14,0.7735071182250977,510,514,0.5,8.0
2EQ17097,V242_카바라이트_10,10,0.7766101956367493,508,134,0.5,0.0
2EQ17098,1525_▲▲▲라벨_5,5,0.9223840236663818,256,414,0.5,0.0
2EQ17098,3780_전원스위치_9,9,0.7687011361122131,790,210,0.5,0.0
2EQ17098,2917_코마_6,6,0.8648178577423096,698,350,0.5,0.0
2EQ17098,3779_압판스토퍼_14,14,0.7380107641220093,340,340,0.75,0.0
2EQ17098,V242_카바라이트_10,10,0.7772641777992249,446,594,0.5,0.0
