machine_type,step,product_id,decode_ok,width,height,mean_brightness,mean_hue,mean_sat,is_ref,orb_matches,orb_inliers,orb_inlier_ratio,dx,dy,rot_deg,scale
3029C003AA,0,2EQ16799,True,1024,768,123.08688990275066,137.04918416341147,9.715225219726562,True,,,,,,,
3029C003AA,0,2EQ16259,True,1024,768,141.45046106974283,130.1614201863607,17.159639994303387,False,200.0,185.0,0.925,5.9525901236107845,-142.79627349269242,1.6881573131089849,0.9890294265275156
3029C003AA,0,2EQ16170,True,1024,768,148.88310623168945,160.94493357340494,17.266347249348957,False,200.0,187.0,0.935,-13.384372359115567,-11.497814390107639,-0.08387525398430212,1.000768536628909
3029C003AA,0,2EQ16904,True,1024,768,174.15772755940756,145.91243616739908,8.819084167480469,False,200.0,167.0,0.835,26.003562065274398,-136.00747004267265,3.1783605880163996,0.9914253529782872
3029C003AA,0,2EQ16426,True,1024,768,185.02326838175455,142.20676930745444,7.618516286214192,False,200.0,191.0,0.955,45.30981265770674,-175.2148356005896,9.302048562741918,0.9913467769557133
3029C003AA,0,2EQ16395,True,1024,768,133.36394246419272,148.306765238444,11.891112009684244,False,200.0,134.0,0.67,875.4442663522933,973.9005959897677,-171.63249883781586,1.0044603350184358
3029C003AA,0,2EQ16373,True,1024,768,161.28181838989258,113.14107259114583,18.173145294189453,False,200.0,188.0,0.94,-64.75951304487177,-56.452678963399556,-0.5468916292311894,0.993753923207337
3029C003AA,0,2EQ16287,True,1024,768,134.5187962849935,143.25751368204752,20.061425526936848,False,200.0,129.0,0.645,1041.375848040501,965.7846397747669,-174.5116881249262,0.9893315972478118
3029C003AA,1,2EQ16899,True,1024,768,68.06391270955403,128.07898076375326,11.338775634765625,True,,,,,,,
3029C003AA,1,2EQ16249,True,1024,768,91.09083302815755,68.6703592936198,20.95280583699544,False,200.0,134.0,0.67,66.51746983660475,174.76563799222453,0.610086423483614,1.0106281951523406
3029C003AA,1,2EQ16837,True,1024,768,111.92712783813477,141.79311879475912,10.638025919596354,False,200.0,165.0,0.825,107.21821847832948,34.17898678523823,7.967582283370394,0.9979634048045266
3029C003AA,1,2EQ16903,True,1024,768,70.86415990193684,132.08563868204752,12.31222915649414,False,200.0,138.0,0.69,102.1416737114161,78.42524874049091,3.1699449541434115,1.0042176697137692
3029C003AA,1,2EQ17059,True,1024,768,72.09724044799805,56.23887379964193,18.096537272135418,False,200.0,129.0,0.645,-57.572089369710206,270.6210717607872,-5.804399834946258,1.0094296363041266
3029C003AA,1,2EQ16703,True,1024,768,74.16576385498047,114.93281682332356,10.493726094563803,False,200.0,152.0,0.76,76.15126886339985,180.07911628357687,-5.521335384961416,1.0021027792926913
3029C003AA,1,2EQ16234,True,1024,768,82.33653513590495,134.87712224324545,11.196456909179688,False,200.0,143.0,0.715,62.12338985386705,80.5950687381465,-2.568748727043321,0.9985898210866659
3029C003AA,1,2EQ16749,True,1024,768,73.38484573364258,75.18869400024414,9.047701517740885,False,200.0,165.0,0.825,125.11145661751586,56.668743467514496,1.198720567327284,1.0018532951137153
3029C003AA,2,2EQ16577,True,1024,768,103.79787699381511,132.5653419494629,11.71795399983724,True,,,,,,,
3029C003AA,2,2EQ16177,True,1024,768,109.50879542032878,133.62285486857095,9.424669901529947,False,200.0,158.0,0.79,-59.100049152869765,63.25016048728894,-0.601034096533753,1.0061794439062948
3029C003AA,2,2EQ16175,True,1024,768,119.85014216105144,148.18154780069986,11.35394541422526,False,200.0,171.0,0.855,42.377944424659184,63.844075265182866,1.569084116824104,1.006600688388264
3029C003AA,2,2EQ16240,True,1024,768,119.39778391520183,152.22353490193686,12.010784149169922,False,200.0,165.0,0.825,-7.458271032126133,59.21151774988517,-2.5066776979195966,1.003995898580703
3029C003AA,2,2EQ16368,True,1024,768,107.08407465616862,147.3375104268392,11.176788330078125,False,200.0,168.0,0.84,-70.96132820377012,100.82731030501732,-4.13456924765314,1.010717039089098
3029C003AA,2,2EQ16383,True,1024,768,107.19759368896484,130.96207173665366,10.057943979899088,False,200.0,175.0,0.875,-52.35339445198664,28.223330097259026,-4.412793049986222,1.0016027663568456
3029C003AA,2,2EQ16662,True,1024,768,105.7407341003418,149.46670277913412,13.193389892578125,False,200.0,141.0,0.705,14.4182315154825,81.35341760390509,-3.4674394640284887,1.0034906377170805
3029C003AA,2,2EQ16761,True,1024,768,104.8295389811198,149.91843795776367,12.178654988606771,False,200.0,146.0,0.73,0.5869362367106223,30.69881848262648,-3.2417144133105795,0.9988996558998787
3029C003AA,3,2EQ16172,True,1024,768,104.46227264404297,132.93189748128256,14.900465647379557,True,,,,,,,
3029C003AA,3,2EQ16719,True,1024,768,96.42612838745117,118.45541000366211,18.647024790445965,False,200.0,93.0,0.465,14.357325968735275,164.19460652214224,-7.8368103980369765,1.026129553267707
3029C003AA,3,2EQ16348,True,1024,768,101.57527033487956,129.22107950846353,14.66019058227539,False,200.0,157.0,0.785,-63.465071878140776,19.92081589412666,-6.387238351823028,0.9900841575540611
3029C003AA,3,2EQ16878,True,1024,768,71.88706080118816,89.60401026407878,11.885641733805338,False,200.0,142.0,0.71,-59.30534884996956,-32.97609810141054,-2.9778088725077665,0.98853171610163
3029C003AA,3,2EQ16810,True,1024,768,103.11455535888672,127.64555740356445,15.514958699544271,False,200.0,130.0,0.65,-38.542323326487455,105.35093106331216,-8.982157343715109,1.0020145706102526
3029C003AA,3,2EQ16863,True,1024,768,103.61094792683919,128.86674626668295,15.860422770182291,False,200.0,160.0,0.8,-29.506377898916433,-6.4343490926837825,-3.9174228912666806,0.9956520051231837
3029C003AA,3,2EQ16703,True,1024,768,99.37943649291992,134.40705490112305,20.85521062215169,False,200.0,126.0,0.63,34.5345563146487,-6.257909014272568,-2.210502141062807,1.0004662816937346
3029C003AA,3,2EQ16574,True,1024,768,99.27228418986003,135.61684926350912,15.008598327636719,False,200.0,119.0,0.595,-65.93129318510789,-62.631268250068196,-4.383803785145773,0.9981635453431859
3029C003AA,4,2EQ16370,True,1024,768,75.2917594909668,49.89723205566406,47.4229736328125,True,,,,,,,
3029C003AA,4,2EQ16604,True,1024,768,62.02795282999674,49.41682052612305,53.76758829752604,False,200.0,119.0,0.595,0.11254979496213095,-156.0246519212969,-0.5452633382062674,1.1990752949075059
3029C003AA,4,2EQ16748,True,1024,768,56.19707234700521,47.3692741394043,44.225172678629555,False,200.0,175.0,0.875,146.22065852340418,-154.01356172796696,1.6278466209453675,1.014136685721231
3029C003AA,4,2EQ16429,True,1024,768,62.18926493326823,53.75230026245117,48.92308553059896,False,200.0,158.0,0.79,4.088837684818776,-11.804717468301327,-5.857192942983434,1.0344746647216052
3029C003AA,4,2EQ16974,True,1024,768,77.90266418457031,76.58501561482747,41.55513127644857,False,200.0,185.0,0.925,43.442675562553895,123.7536746087966,-9.695884271906001,0.9598113813138578
3029C003AA,4,2EQ17036,True,1024,768,63.00066884358724,53.650072733561196,48.40856170654297,False,200.0,166.0,0.83,-2.135143846841057,-5.094515426407797,-10.886054083456267,1.046100144789862
3029C003AA,4,2EQ16150,True,1024,768,80.46982065836589,48.04360707600912,43.69290288289388,False,200.0,178.0,0.89,17.932352386430885,134.03863964182025,-9.133881807110955,0.972932137294997
3029C003AA,4,2EQ16922,True,1024,768,66.3044548034668,53.27615229288737,45.73885599772135,False,200.0,152.0,0.76,74.51270722690842,-36.304053577369125,-1.928731844340108,1.0718006968020384
3029C003AA,5,2EQ16970,True,1024,768,57.7488759358724,106.97049204508464,58.03810373942057,True,,,,,,,
3029C003AA,5,2EQ16308,True,1024,768,82.65996170043945,116.5150655110677,47.443597157796226,False,138.0,55.0,0.39855072463768115,-27.427301020575133,84.56709582954616,2.052089014379528,0.9056023242097396
3029C003AA,5,2EQ16859,True,1024,768,79.3037109375,114.36188888549805,50.35531361897787,False,200.0,102.0,0.51,-10.218943868884436,56.11462154330284,-2.037355638550729,0.9315154938749404
3029C003AA,5,2EQ16577,True,1024,768,81.85927454630534,114.97102483113606,46.96567408243815,False,200.0,98.0,0.49,33.781502649586756,53.5241772962039,0.03951936257253178,0.9268066356949575
3029C003AA,5,2EQ16493,True,1024,768,61.2331428527832,104.4300905863444,55.82270304361979,False,196.0,124.0,0.6326530612244898,-13.386836375674319,6.680493637841367,-0.7462380805818565,0.9943683559015487
3029C003AA,5,2EQ16429,True,1024,768,61.400001525878906,103.66430791219075,40.87940979003906,False,105.0,42.0,0.4,4.1519310140536545,64.41815154101191,3.198366307048549,0.8786599834519098
3029C003AA,5,2EQ16304,True,1024,768,63.02806727091471,113.12185033162434,68.97990417480469,False,200.0,100.0,0.5,-25.637515010928457,-5.932828106427275,1.7827029747415324,1.0226184689515636
3029C003AA,5,2EQ16365,True,1024,768,48.16970443725586,54.258322397867836,43.91809209187826,False,136.0,48.0,0.35294117647058826,41.57000795955083,-25.29545674658278,0.5885350823404495,0.9728787090642022
3029C003AA,6,2EQ16926,True,1024,768,27.33358891805013,83.91893513997395,70.9076042175293,True,,,,,,,
3029C003AA,6,2EQ16489,True,1024,768,24.32013448079427,83.26249567667644,79.61254755655925,False,16.0,7.0,0.4375,207.88210004148596,80.2209752030236,4.720306834620324,0.7319940548273813
3029C003AA,6,2EQ16249,True,1024,768,29.006109873453777,79.12197494506836,72.75666681925456,False,26.0,7.0,0.2692307692307692,281.61483071184904,-299.8389982434159,24.023818065249852,1.1099755943407932
3029C003AA,6,2EQ16239,True,1024,768,64.87421162923177,81.9235127766927,43.021827697753906,False,34.0,12.0,0.35294117647058826,138.58015346607218,-10.377650151358445,-2.0677101288597046,1.0086542458873422
3029C003AA,6,2EQ16534,True,1024,768,67.80585606892903,63.97634251912435,46.0602658589681,False,33.0,12.0,0.36363636363636365,209.79041330327604,108.09469181122219,-4.823478052925615,0.7206943553994039
3029C003AA,6,2EQ16244,True,1024,768,43.287245432535805,92.51222864786784,48.18948618570963,False,34.0,18.0,0.5294117647058824,62.29009185125263,-10.22130935317664,-1.266391052384278,0.974489614342691
3029C003AA,6,2EQ16512,True,1024,768,61.94962056477865,59.66208140055338,43.18840535481771,False,30.0,13.0,0.43333333333333335,116.82548473184231,-12.442181305914767,-1.7633154231781523,1.004032515250191
3029C003AA,6,2EQ17013,True,1024,768,23.96407190958659,90.46535110473633,89.65088017781575,False,21.0,13.0,0.6190476190476191,48.97819808508801,26.255727789797827,-4.009233976717073,0.9471672184915207
3029C003AA,7,2EQ16497,True,1024,768,110.32920964558919,79.73974609375,44.345977783203125,True,,,,,,,
3029C003AA,7,2EQ16763,True,1024,768,108.18296432495117,64.73536809285481,58.333831787109375,False,200.0,25.0,0.125,26.434121732884932,-8.015669844913752,0.4707365122925775,0.952797741761637
3029C003AA,7,2EQ16415,True,1024,768,116.05240249633789,65.82452901204427,47.32956059773763,False,200.0,102.0,0.51,28.721827350951084,71.60556838410118,1.2067780066691136,0.945897784663272
3029C003AA,7,2EQ16971,True,1024,768,62.288848876953125,98.3458366394043,59.20453389485677,False,150.0,34.0,0.22666666666666666,-15.630271342252954,-47.75811517897766,1.535607447507937,1.041390984341929
3029C003AA,7,2EQ16189,True,1024,768,105.36936314900716,75.48387654622395,43.03392664591471,False,200.0,50.0,0.25,103.52404816637753,106.40729806703847,2.1338314466805954,0.8885334639987248
3029C003AA,7,2EQ16892,True,1024,768,61.126391092936196,100.03339004516602,66.41572952270508,False,200.0,59.0,0.295,-26.852276415865067,-76.13004184665382,0.7069647303402266,1.0600594114547213
3029C003AA,7,2EQ16615,True,1024,768,85.68687438964844,93.3785769144694,53.38862737019857,False,200.0,94.0,0.47,-4.792372895238491,2.094936068938731,1.783920879222509,0.9915865160402086
3029C003AA,7,2EQ16694,True,1024,768,97.30885696411133,70.56063461303711,52.46221669514974,False,200.0,92.0,0.46,-0.6294579968010072,83.30091119175688,0.3404795846166502,0.9463281936991582
3029C003AA,8,2EQ16272,True,1024,768,68.0386250813802,123.36031341552734,10.768959045410156,True,,,,,,,
3029C003AA,8,2EQ17090,True,1024,768,117.78038914998372,153.38548024495444,11.909090677897135,False,9.0,5.0,0.5555555555555556,-327.62465600889016,78.63582019096798,-26.584207815961566,1.0882952857635755
3029C003AA,8,2EQ16532,True,1024,768,87.78469212849934,140.46928787231445,10.164867401123047,False,13.0,5.0,0.38461538461538464,1.7715093272320603,1.792747662978458,0.06242032347425574,0.9957097730083211
3029C003AA,8,2EQ16225,True,1024,768,84.26035054524739,146.27877298990884,11.992668151855469,False,7.0,,,,,,
3029C003AA,8,2EQ16710,True,1024,768,109.12885030110677,130.90383783976236,6.422318776448567,False,14.0,6.0,0.42857142857142855,69.01287871996888,46.846409065549324,5.077794208365359,0.7545951074334565
3029C003AA,8,2EQ16445,True,1024,768,70.7385965983073,133.09603627522787,13.417865753173828,False,5.0,,,,,,
3029C003AA,8,2EQ16995,True,1024,768,54.39767328898112,75.3629035949707,7.133159637451172,False,9.0,7.0,0.7777777777777778,-6.812791303021211,82.40423361593955,-12.396806392739045,0.8405075127733584
3029C003AA,8,2EQ16788,True,1024,768,66.937193552653,104.84587732950847,11.987595876057943,False,8.0,6.0,0.75,20.60791363993991,49.93536766505576,-3.3246741730701035,0.8484143180664561
3029C003AA,9,2EQ16778,True,1024,768,98.62481943766277,121.5934575398763,10.144724527994791,True,,,,,,,
3029C003AA,9,2EQ17052,True,1024,768,117.79662958780925,124.04068247477214,13.11435317993164,False,111.0,67.0,0.6036036036036037,74.62992508971769,-13.545420703567368,-3.4954826646593107,0.9794334099205604
3029C003AA,9,2EQ17028,True,1024,768,95.47051111857097,121.77926762898763,15.980635325113932,False,109.0,66.0,0.6055045871559633,111.96855293187254,-9.850639434485911,-1.3596012874377337,0.9587245618930053
3029C003AA,9,2EQ16515,True,1024,768,118.13329696655273,110.52825291951497,10.318197886149088,False,105.0,48.0,0.45714285714285713,98.56816841651391,-17.715282576544745,-1.103789586713774,0.9972874580454447
3029C003AA,9,2EQ16736,True,1024,768,127.35566075642903,92.38070678710938,14.375677744547525,False,66.0,27.0,0.4090909090909091,73.71617489281142,-58.87733509562018,-4.200945543210442,0.9802248190958339
3029C003AA,9,2EQ16341,True,1024,768,72.55665461222331,107.17159525553386,13.847855885823568,False,61.0,40.0,0.6557377049180327,50.689522271829816,43.769191490838615,-3.1366482747603976,1.0180003601182785
3029C003AA,9,2EQ16866,True,1024,768,85.77142079671223,122.63080978393555,17.99658457438151,False,69.0,42.0,0.6086956521739131,71.90410893874875,-38.963680540118176,-2.102458393298398,1.0132932052935162
3029C003AA,9,2EQ16216,True,1024,768,97.88239288330078,115.07676823933919,13.791758219401041,False,82.0,43.0,0.524390243902439,93.61210597073857,-171.75841692751874,0.4338054347496975,0.9610615586139827
3029C003AA,10,2EQ16191,True,1024,768,121.8579584757487,161.9934933980306,18.70385996500651,True,,,,,,,
3029C003AA,10,2EQ16822,True,1024,768,123.96913528442383,135.9929224650065,10.91744613647461,False,200.0,163.0,0.815,2.974065044363793,28.72989560134807,0.12156575529756067,0.9867311096500637
3029C003AA,10,2EQ16378,True,1024,768,125.82863235473633,146.10960642496744,10.971117655436197,False,200.0,176.0,0.88,5.971806256229495,-3.375554487517562,-0.26880432069397225,1.0034353584788234
3029C003AA,10,2EQ16936,True,1024,768,100.89291508992513,161.08528010050455,23.656884511311848,False,200.0,149.0,0.745,-21.08086342234278,4.582289738172351,-0.7445266279100877,1.013194041733109
3029C003AA,10,2EQ16441,True,1024,768,123.29390462239583,136.3669179280599,10.037808736165365,False,200.0,172.0,0.86,-14.190808740189324,31.434368175476177,-3.0481173683624507,1.0063010838778133
3029C003AA,10,2EQ16226,True,1024,768,126.66933186848958,150.3151423136393,21.730486551920574,False,200.0,177.0,0.885,-11.256911052056756,14.792544232428495,-1.3837008839482883,0.9975379341642536
3029C003AA,10,2EQ17021,True,1024,768,122.99090067545573,142.98025385538736,11.61643091837565,False,200.0,171.0,0.855,-22.561384059247647,46.19103897290987,-3.8533274188302387,1.0025805603783222
3029C003AA,10,2EQ16383,True,1024,768,123.57546997070312,139.73309071858725,9.471126556396484,False,200.0,133.0,0.665,-4.614413126754217,12.22592817437111,-1.5898984234343836,0.9929444020406869
3029C003AA,11,2EQ17033,True,1024,768,126.61446762084961,141.2022336324056,8.689828236897787,True,,,,,,,
3029C003AA,11,2EQ16248,True,1024,768,102.43655776977539,146.69128290812174,9.92010498046875,False,85.0,32.0,0.3764705882352941,-30.624098986503803,-8.568724503068504,-0.2540366955921065,1.0352584888977514
3029C003AA,11,2EQ16534,True,1024,768,126.14109547932942,131.76033147176108,8.587453206380209,False,84.0,9.0,0.10714285714285714,53.500738761018276,0.8538248593839233,1.8443104012231142,1.027523374552128
3029C003AA,11,2EQ16429,True,1024,768,127.27813212076823,140.74353535970053,8.53387196858724,False,72.0,15.0,0.20833333333333334,4.7007582341679335,-17.17544449505161,1.543302901079883,1.0334012055094308
3029C003AA,11,2EQ16609,True,1024,768,128.15908432006836,146.88910166422525,8.716451009114584,False,92.0,17.0,0.18478260869565216,14.828241200881644,31.824276559193777,0.5076276387193955,0.9495522819011498
3029C003AA,11,2EQ16795,True,1024,768,125.37957763671875,145.70335133870444,11.432679494222006,False,70.0,21.0,0.3,-10.196005187548673,-18.94539010824548,1.997166655575085,1.037177900016467
3029C003AA,11,2EQ17000,True,1024,768,127.30209986368816,142.56410217285156,9.26163101196289,False,82.0,22.0,0.2682926829268293,15.512480210239312,-12.870338318631298,1.9224025601328885,1.0076493229460586
3029C003AA,11,2EQ16518,True,1024,768,127.39626057942708,135.13063176472983,8.102667490641275,False,65.0,9.0,0.13846153846153847,144.3983167885843,7.3638870340823255,5.056378660203665,0.9438348565697352
3029C003AA,12,2EQ16311,True,1024,768,120.16592280069987,118.18337376912434,18.267369588216145,True,,,,,,,
3029C003AA,12,2EQ16524,True,1024,768,121.9380480448405,126.55336380004883,13.377447764078775,False,82.0,36.0,0.43902439024390244,-13.410344351375775,88.03238024376216,-8.2570707453444,1.0023575425091367
3029C003AA,12,2EQ16508,True,1024,768,124.5474967956543,140.00513331095377,19.3212890625,False,79.0,14.0,0.17721518987341772,-39.086700317817524,181.27631948915746,-15.88578304196323,0.8359439425852581
3029C003AA,12,2EQ16359,True,1024,768,126.89248657226562,137.31188456217447,12.251146952311197,False,136.0,54.0,0.39705882352941174,3.941218664536788,-39.772557677443295,-1.7731289650296678,0.9854120701220476
3029C003AA,12,2EQ16831,True,1024,768,124.52602640787761,124.44162877400716,21.98062260945638,False,86.0,8.0,0.09302325581395349,423.7361652033396,380.9398890509437,98.36742813849268,0.4504579976753344
3029C003AA,12,2EQ16418,True,1024,768,108.32437260945638,123.74199676513672,20.55776087443034,False,97.0,25.0,0.25773195876288657,-150.72625943600252,166.80796458131155,-15.07528486174928,1.025785616165302
3029C003AA,12,2EQ16863,True,1024,768,141.96905771891275,144.32032521565756,18.283064524332683,False,105.0,28.0,0.26666666666666666,-160.52144407667464,159.66112269100768,-18.040059383318077,1.0163314099655703
3029C003AA,12,2EQ16844,True,1024,768,147.8876050313314,140.3045425415039,16.231469472249348,False,66.0,24.0,0.36363636363636365,-54.92923563325552,88.93220827035753,-12.26083717991842,1.0029081977709275
3029C003AA,13,2EQ16808,True,1024,768,51.152671813964844,87.37531407674153,20.561010996500652,True,,,,,,,
3029C003AA,13,2EQ16218,True,1024,768,69.09620412190755,99.63997141520183,28.46001688639323,False,200.0,24.0,0.12,-37.317834092065034,79.64215217327748,-0.7155351565980334,0.981456966829413
3029C003AA,13,2EQ16768,True,1024,768,72.0626106262207,99.47190348307292,19.455843607584637,False,200.0,33.0,0.165,28.23945315698075,-82.79999631612472,5.954341021982072,1.0267037465814748
3029C003AA,13,2EQ16795,True,1024,768,94.35846455891927,115.87478383382161,35.24768575032552,False,200.0,13.0,0.065,-12.604567316315189,234.0297257260141,-18.445168753306888,0.9808298255778426
3029C003AA,13,2EQ16320,True,1024,768,74.20931879679362,104.04249954223633,29.470203399658203,False,200.0,15.0,0.075,8.639944370265047,-220.34577335632022,10.169188106023364,1.0653998308880586
3029C003AA,13,2EQ16691,True,1024,768,65.8613878885905,105.68032455444336,23.67870330810547,False,200.0,30.0,0.15,48.21343262003686,32.77690769981117,4.324879354694442,1.00038267647554
3029C003AA,13,2EQ16891,True,1024,768,65.43470001220703,85.01435979207356,29.32652537027995,False,200.0,31.0,0.155,-10.305548479612828,-17.677675978642757,4.877202494248885,1.0091137005754058
3029C003AA,13,2EQ16395,True,1024,768,61.1064338684082,90.38026936848958,19.103652954101562,False,200.0,40.0,0.2,92.46330072971304,-51.58578378638341,9.61285155175502,0.9871383349834654
3029C003AA,14,2EQ16312,True,1024,768,121.2901840209961,147.39996083577475,23.860401153564453,True,,,,,,,
3029C003AA,14,2EQ16618,True,1024,768,120.02198918660481,133.0858472188314,15.925308227539062,False,121.0,53.0,0.4380165289256198,-247.86410951955418,258.2837077255926,-30.25401822386418,1.0597116937592026
3029C003AA,14,2EQ16533,True,1024,768,122.50367863972981,129.46824900309244,20.947093963623047,False,118.0,36.0,0.3050847457627119,-52.957429918895954,118.24656902570158,-23.222960234658757,0.9783342923596153
3029C003AA,14,2EQ16421,True,1024,768,130.39692052205405,136.26716995239258,12.064474741617838,False,100.0,14.0,0.14,-40.87647687302433,-24.893161360146106,5.3295386888258225,0.9312887127987265
3029C003AA,14,2EQ17093,True,1024,768,124.1807975769043,133.58019383748373,19.477359771728516,False,103.0,35.0,0.33980582524271846,-93.67313433337287,-17.844053841800743,-9.945745953411375,1.0212624981616947
3029C003AA,14,2EQ16800,True,1024,768,110.05934270222981,130.49427922566733,18.005889892578125,False,119.0,52.0,0.4369747899159664,-155.37512420348,120.26879979337505,-18.90338753771101,1.0412651619844426
3029C003AA,14,2EQ16849,True,1024,768,126.43959554036458,156.76974614461264,13.301204681396484,False,146.0,72.0,0.4931506849315068,-229.2304162926627,299.7306507532188,-27.661977557724008,1.0301623231696677
3029C003AA,14,2EQ16715,True,1024,768,116.82240676879883,136.79751586914062,11.265975952148438,False,111.0,36.0,0.32432432432432434,-184.63024329125176,233.16376936700615,-25.538287404758513,0.9583839898414137
3029C004AA,0,2ES02909,True,1024,768,113.15669759114583,137.26670201619467,20.813186645507812,True,,,,,,,
3029C004AA,0,2ES02923,True,1024,768,107.57525634765625,128.72293853759766,15.039468129475912,False,200.0,105.0,0.525,-48.715072438240696,47.71024159543148,5.336791413581263,1.0336910369899008
3029C004AA,0,2ES02912,True,1024,768,115.30877304077148,142.16691970825195,18.803170522054035,False,200.0,101.0,0.505,-13.070647981619691,30.668230524930454,-2.6992775224318404,1.0120688755978788
3029C004AA,0,2ES02903,True,1024,768,123.83222961425781,131.02497482299805,9.694782257080078,False,200.0,138.0,0.69,72.1278085480842,65.81399460614921,2.443901271437087,0.9871085084749529
3029C004AA,0,2ES02926,True,1024,768,133.70112101236978,136.3961181640625,13.906934102376303,False,200.0,143.0,0.715,-106.47691261948071,49.278999189094876,1.891919798877505,1.0442612380471357
3029C004AA,0,2ES02925,True,1024,768,127.21551895141602,139.47001775105795,17.06959406534831,False,200.0,143.0,0.715,49.97529704759341,-35.49648123947144,7.4062752056312515,0.9398751242732769
3029C004AA,0,2ES02924,True,1024,768,121.79026667277019,138.66339874267578,14.996087392171225,False,200.0,169.0,0.845,-52.01490627406698,81.66362132940385,2.1457995182074705,0.99667874167495
3029C004AA,0,2ES02914,True,1024,768,133.83707427978516,117.98271179199219,9.88372548421224,False,200.0,138.0,0.69,92.7290623927156,159.10349563051918,8.093839956623292,0.8146971116135455
3029C004AA,1,2ES02910,True,1024,768,98.7339719136556,129.85849380493164,11.928465525309244,True,,,,,,,
3029C004AA,1,2ES02904,True,1024,768,108.20217005411784,159.4807243347168,24.81526056925456,False,200.0,158.0,0.79,155.25614305951274,49.78010868455184,3.462430612565513,0.9990684645961837
3029C004AA,1,2ES02908,True,1024,768,77.1049092610677,111.3296267191569,10.545063018798828,False,200.0,159.0,0.795,95.48568798823003,158.516632398288,-4.785473475435908,1.001206267279571
3029C004AA,1,2ES02920,True,1024,768,61.111490885416664,100.99437204996745,6.664075215657552,False,200.0,148.0,0.74,172.65731139135102,77.96809960634509,2.4343001448226103,0.9460000829705034
3029C004AA,1,2ES02912,True,1024,768,73.77707417805989,131.48347091674805,10.128657023111979,False,200.0,141.0,0.705,-6.375496717874931,0.37516509911315715,3.1889862289235062,1.0026190290147035
3029C004AA,1,2ES02924,True,1024,768,149.70521672566733,131.37244033813477,14.51050059000651,False,200.0,141.0,0.705,305.55071587269026,-34.053060110863726,7.615203322657864,1.0087832147411142
3029C004AA,1,2ES02917,True,1024,768,86.60843149820964,128.17594273885092,9.133042653401693,False,200.0,168.0,0.84,103.67404428868646,15.235108467983014,3.9176298159402476,1.0002479246969809
3029C004AA,1,2ES02914,True,1024,768,83.14374923706055,138.43068822224936,11.820261637369791,False,196.0,121.0,0.6173469387755102,193.70645571224213,22.570814132724472,4.7545291283286915,0.9914475637970055
3029C004AA,2,2ES02922,True,1024,768,126.98354975382487,157.3823216756185,12.255477905273438,True,,,,,,,
3029C004AA,2,2ES02916,True,1024,768,122.10766728719075,152.34031041463217,10.890060424804688,False,200.0,146.0,0.73,-30.27558006606987,38.660858535954304,-2.3577004580512004,1.0056433581889623
3029C004AA,2,2ES02906,True,1024,768,126.13565317789714,136.8666559855143,9.020364125569662,False,200.0,149.0,0.745,-102.18650778594144,49.96025489412939,-0.5083286729560947,1.0125954327687168
3029C004AA,2,2ES02910,True,1024,768,125.47118504842122,146.35131963094076,12.855536142985025,False,200.0,164.0,0.82,39.70198403263113,-68.0674800273514,1.2423711178824337,0.9930537994967042
3029C004AA,2,2ES02924,True,1024,768,114.49287668863933,141.9885025024414,9.283893585205078,False,200.0,157.0,0.785,43.50466274305058,-41.04155098092483,3.704030443946119,0.9979556498340846
3029C004AA,2,2ES02909,True,1024,768,114.80270512898763,153.9227180480957,12.196914672851562,False,200.0,155.0,0.775,-18.166210030378554,101.79538906509227,-0.6008883950961852,1.0174563118452544
3029C004AA,2,2ES02919,True,1024,768,121.92294438680013,138.2529411315918,7.783702850341797,False,200.0,168.0,0.84,-41.58768903101682,-63.74148290699077,1.775307165172708,0.9971379000766846
3029C004AA,2,2ES02920,True,1024,768,111.31972757975261,154.5198211669922,13.48760986328125,False,200.0,134.0,0.67,-65.80154546554711,-102.08432528263576,1.2821908717671218,0.995929305027952
3029C004AA,3,2ES02910,True,1024,768,125.73236974080403,139.14740244547525,15.414633433024088,True,,,,,,,
3029C004AA,3,2ES02925,True,1024,768,115.79679997762044,138.45620473225912,8.47543207804362,False,200.0,128.0,0.64,-128.39072022832457,-38.01026605866557,-0.8116819856048243,0.9893489286861389
3029C004AA,3,2ES02920,True,1024,768,116.6634127298991,137.04994837443033,10.212328592936197,False,200.0,132.0,0.66,-23.26186275715013,18.95993122482767,-0.6180911356758806,0.8079247457804708
3029C004AA,3,2ES02915,True,1024,768,122.8133061726888,147.64648946126303,8.650423685709635,False,200.0,121.0,0.605,-100.79074054374313,-83.7898278994753,1.4574539621689977,0.9842039069533817
3029C004AA,3,2ES02924,True,1024,768,123.86814498901367,146.03210830688477,10.29312260945638,False,200.0,105.0,0.525,-77.32922291952585,156.17619609147204,-3.712247467830062,0.884244444835096
3029C004AA,3,2ES02914,True,1024,768,114.37594223022461,135.64600245157877,8.5326296488444,False,200.0,139.0,0.695,-103.0624243373762,10.200734236514075,-2.0458603326999794,0.953645344265996
3029C004AA,3,2ES02913,True,1024,768,108.31812032063802,140.99247233072916,9.652342478434244,False,200.0,126.0,0.63,-139.61922625925584,-21.78160316317717,-2.0622511386797884,1.0067047933686868
3029C004AA,3,2ES02909,True,1024,768,106.898131052653,134.7648582458496,10.756052652994791,False,200.0,119.0,0.595,-41.0654279660303,81.92052150250818,-3.354116028674232,0.998774621093289
3029C004AA,4,2ES02906,True,1024,768,57.232757568359375,71.22763697306316,64.44409434000652,True,,,,,,,
3029C004AA,4,2ES02918,True,1024,768,55.09989547729492,70.73073196411133,78.21864064534505,False,200.0,160.0,0.8,-29.6977760108165,-76.85591018348156,3.8657392801747092,1.157470126357583
3029C004AA,4,2ES02917,True,1024,768,66.3814697265625,50.59661356608073,60.73359934488932,False,200.0,126.0,0.63,22.222565474947764,-102.398945434814,6.641055365021824,1.1471331238399751
3029C004AA,4,2ES02904,True,1024,768,42.639288584391274,46.89836883544922,58.48671213785807,False,200.0,119.0,0.595,63.98613709875957,67.32413155850296,2.1148241908406633,0.9051073615077551
3029C004AA,4,2ES02903,True,1024,768,57.645965576171875,57.950172424316406,51.31023661295573,False,200.0,109.0,0.545,69.31742510580534,-54.60648130708779,9.527340724214332,1.107521652913942
3029C004AA,4,2ES02905,True,1024,768,63.49381637573242,66.59893163045247,62.56911977132162,False,200.0,106.0,0.53,57.004396147930215,-39.87867309683669,9.013333272494068,1.0994768007753335
3029C004AA,4,2ES02926,True,1024,768,42.84026082356771,55.07351811726888,62.60141118367513,False,200.0,146.0,0.73,-8.776359931639885,-76.99712813753835,4.684875395785293,1.1296673892536597
3029C004AA,4,2ES02907,True,1024,768,39.16481272379557,53.62917455037435,54.57282511393229,False,200.0,142.0,0.71,123.82981087170187,-56.47378153710171,4.811131945351135,0.9175743172809132
3029C004AA,5,2ES02923,True,1024,768,60.467288970947266,110.51885223388672,112.8308817545573,True,,,,,,,
3029C004AA,5,2ES02915,True,1024,768,56.16005071004232,70.98771286010742,70.23069636027019,False,148.0,69.0,0.46621621621621623,-103.89070657960825,-69.37708526299627,0.792305735463916,1.0969188306405322
3029C004AA,5,2ES02921,True,1024,768,92.71703720092773,72.4403470357259,51.428854624430336,False,200.0,60.0,0.3,-85.4530241992592,41.65486768830992,-2.159621553206476,0.9546208435960345
3029C004AA,5,2ES02904,True,1024,768,26.71733220418294,82.57623672485352,85.90839385986328,False,51.0,26.0,0.5098039215686274,-373.63274369803355,71.35062245388772,-4.812392934650573,0.9916634608474204
3029C004AA,5,2ES02914,True,1024,768,50.33651351928711,110.55848948160808,110.53282419840495,False,68.0,22.0,0.3235294117647059,-14.74852983202825,12.35542787610596,-0.12829466701416936,0.9805260269513393
3029C004AA,5,2ES02922,True,1024,768,28.88231913248698,91.65156555175781,105.33457819620769,False,147.0,43.0,0.2925170068027211,-120.62820860026675,33.57456903095024,-1.367678917781018,0.9598561391154022
3029C004AA,5,2ES02916,True,1024,768,45.02692667643229,85.31814193725586,85.26298522949219,False,69.0,21.0,0.30434782608695654,32.890155409835685,65.87223448033826,0.7529364040476086,0.9061393459984748
3029C004AA,5,2ES02918,True,1024,768,26.684132893880207,86.66415150960286,121.74898147583008,False,14.0,6.0,0.42857142857142855,-201.73042842016386,-149.40315808424802,0.7608099740361773,1.194408830820841
3029C004AA,6,2ES02910,True,1024,768,77.71547826131184,61.304361979166664,54.28625742594401,True,,,,,,,
3029C004AA,6,2ES02919,True,1024,768,87.09655634562175,56.664374033610024,54.44341913859049,False,79.0,33.0,0.4177215189873418,49.092814130277695,-174.0487916467327,2.74338609425597,1.2496468891075831
3029C004AA,6,2ES02902,True,1024,768,82.30337778727214,56.41933568318685,59.56057357788086,False,65.0,33.0,0.5076923076923077,-51.27727029540983,-164.57307192070215,2.2274459297600635,1.190689599968656
3029C004AA,6,2ES02923,True,1024,768,60.765753428141274,91.35240046183269,49.747501373291016,False,55.0,27.0,0.4909090909090909,85.68655825439446,-47.4529953741354,0.15172641715338606,1.0654981170721796
3029C004AA,6,2ES02905,True,1024,768,63.4970588684082,68.32360458374023,51.38786951700846,False,81.0,33.0,0.4074074074074074,77.66277793240106,-47.637347031659296,-1.9388719984351652,1.0573638352363883
3029C004AA,6,2ES02925,True,1024,768,85.14738845825195,52.98426310221354,53.24166488647461,False,88.0,48.0,0.5454545454545454,-34.69918203766981,-68.55268941336057,1.7993421552957973,1.0981080649579713
3029C004AA,6,2ES02926,True,1024,768,34.425679524739586,79.76182810465495,75.4491589864095,False,45.0,18.0,0.4,-152.74329832712547,-222.69541942330207,1.8958176545538987,1.3290525832972404
3029C004AA,6,2ES02912,True,1024,768,37.65635553995768,76.3231201171875,55.20340347290039,False,72.0,32.0,0.4444444444444444,89.11644500846366,-80.47809578852772,2.494517378717071,1.0980192005210179
3029C004AA,7,2ES02905,True,1024,768,118.25497309366862,62.768391927083336,58.80007553100586,True,,,,,,,
3029C004AA,7,2ES02911,True,1024,768,114.27177810668945,63.65687815348307,58.57200368245443,False,200.0,28.0,0.14,-129.6032504044419,-105.30089060439167,-6.544408867039764,1.3094926957632322
3029C004AA,7,2ES02915,True,1024,768,103.68044408162434,61.9359385172526,58.3243662516276,False,200.0,17.0,0.085,12.015116178649441,5.371848381024371,-5.081364048979087,1.0455058365107615
3029C004AA,7,2ES02907,True,1024,768,95.2683957417806,100.92190551757812,60.03256479899088,False,200.0,9.0,0.045,118.07171867697082,34.772921132601965,-4.572318316462392,0.9110690579301655
3029C004AA,7,2ES02916,True,1024,768,101.28439712524414,66.92505391438802,48.5158322652181,False,200.0,27.0,0.135,33.244662941507634,89.27796461984668,-6.662800278816507,0.8811905090134876
3029C004AA,7,2ES02902,True,1024,768,95.29601414998372,111.90884653727214,60.29674530029297,False,200.0,16.0,0.08,39.51650794271556,101.05809109762193,-7.717378827877864,0.8296066740366929
3029C004AA,7,2ES02910,True,1024,768,120.45270029703777,58.74698003133138,46.675984700520836,False,200.0,42.0,0.21,212.98686923149484,96.18983389633243,-0.01767579885431362,0.7781197020877114
3029C004AA,7,2ES02918,True,1024,768,92.7544314066569,92.42864608764648,61.87749226888021,False,200.0,23.0,0.115,103.53161332844554,-29.158235859347545,-0.5858212491401309,0.9903257925207536
3029C004AA,8,2ES02926,True,1024,768,110.04995981852214,139.05079778035483,9.668351491292318,True,,,,,,,
3029C004AA,8,2ES02907,True,1024,768,88.42058181762695,108.14099629720052,7.375633239746094,False,17.0,4.0,0.23529411764705882,40.36141696054444,39.17849290360911,-1.1926668302113503,0.9853524042270063
3029C004AA,8,2ES02918,True,1024,768,108.63631439208984,146.77832794189453,9.357292175292969,False,12.0,7.0,0.5833333333333334,41.1940746993081,53.89370035946268,-0.9063641119429043,0.7829957872768403
3029C004AA,8,2ES02905,True,1024,768,106.47506205240886,130.67339960734049,10.157792409261068,False,23.0,7.0,0.30434782608695654,-72.88498010477923,-23.743260957814776,-1.2769111305231244,1.0684643864068268
3029C004AA,8,2ES02922,True,1024,768,119.0097287495931,146.86933517456055,8.734967549641928,False,24.0,8.0,0.3333333333333333,13.947321235213321,23.473827457080986,-0.5469792772219355,0.9743731459126859
3029C004AA,8,2ES02911,True,1024,768,119.54807154337566,140.5959269205729,9.870953877766928,False,22.0,11.0,0.5,-0.45100538025495523,0.9005056622187392,-0.13371834527081722,1.0014919124932258
3029C004AA,8,2ES02924,True,1024,768,88.01700210571289,136.03362655639648,10.599947611490885,False,19.0,8.0,0.42105263157894735,36.56008002382505,89.79490868902573,-3.245485728858608,0.9784464148316255
3029C004AA,8,2ES02908,True,1024,768,106.16869099934895,137.89635213216147,9.92434819539388,False,18.0,6.0,0.3333333333333333,289.5849295469393,96.65744718373766,25.76759565483444,0.8726987738608781
3029C004AA,9,2ES02906,True,1024,768,109.38578414916992,133.2163225809733,13.67798105875651,True,,,,,,,
3029C004AA,9,2ES02913,True,1024,768,111.57485834757487,128.14979044596353,12.745866139729818,False,135.0,46.0,0.34074074074074073,-194.6762316689511,-129.29106061463511,9.374443940713826,1.088884410417785
3029C004AA,9,2ES02907,True,1024,768,115.69265238444011,111.34256362915039,11.99627939860026,False,163.0,74.0,0.4539877300613497,-128.9161391355649,-34.96323749695541,-0.021008963188703798,0.981122944820824
3029C004AA,9,2ES02919,True,1024,768,103.51755650838216,130.16200256347656,12.541338602701822,False,105.0,30.0,0.2857142857142857,-299.2645510680122,-60.812034599504905,3.7422963359061723,1.1053504810616974
3029C004AA,9,2ES02918,True,1024,768,100.80783081054688,116.02734120686848,16.900277455647785,False,89.0,37.0,0.4157303370786517,-204.91040787266888,-13.342544293848963,1.8883049612332872,0.993292105861025
3029C004AA,9,2ES02902,True,1024,768,91.81973139444987,83.75527699788411,13.226236979166666,False,130.0,59.0,0.45384615384615384,-173.127596394551,-149.52096243832335,2.28574398760167,0.9941712548530411
3029C004AA,9,2ES02912,True,1024,768,86.6299934387207,101.60995101928711,16.532259623209637,False,110.0,42.0,0.38181818181818183,-158.88012308164485,-155.8527968933561,8.854753273729296,1.0182558485308681
3029C004AA,9,2ES02917,True,1024,768,100.88326517740886,129.8899714152018,11.528719584147135,False,119.0,51.0,0.42857142857142855,-240.65232350299047,-32.16238201984449,5.020838856472601,1.0165841826436484
3029C004AA,10,2ES02902,True,1024,768,128.00460306803384,154.72049458821616,18.130714416503906,True,,,,,,,
3029C004AA,10,2ES02905,True,1024,768,112.51752344767253,142.45214970906576,10.894880930582682,False,200.0,88.0,0.44,24.86388013953519,-28.74026076925766,2.5106409313088265,1.0338814172941524
3029C004AA,10,2ES02913,True,1024,768,116.3992411295573,131.00380071004233,10.377283732096354,False,200.0,84.0,0.42,-1.7561707546304288,-45.17150955115691,3.497538720209189,1.0312694432548337
3029C004AA,10,2ES02911,True,1024,768,95.54774220784505,128.90121714274088,11.758612314860025,False,200.0,68.0,0.34,-4.108329191403106,11.909697585366358,-1.4656308837785554,1.0052735605969096
3029C004AA,10,2ES02909,True,1024,768,115.2958272298177,140.6140925089518,12.095021565755209,False,200.0,120.0,0.6,12.801837221337074,-20.19352067075459,1.805554527685687,1.0260291549921945
3029C004AA,10,2ES02903,True,1024,768,109.70007705688477,141.06358846028647,12.261370340983072,False,200.0,102.0,0.51,53.81056557613596,-2.4685571141358533,2.817558678876535,1.014993158549995
3029C004AA,10,2ES02922,True,1024,768,112.87000528971355,128.3721720377604,10.082664489746094,False,200.0,98.0,0.49,-7.62285798663986,-12.883196852737656,1.3027929655618131,1.0195911030308664
3029C004AA,10,2ES02904,True,1024,768,105.84663899739583,135.03497314453125,10.5921262105306,False,200.0,66.0,0.33,22.044127278852713,-27.376730782248604,3.6785881032821512,1.0203717684055325
3029C004AA,11,2ES02904,True,1024,768,115.34284845987956,141.18685404459634,10.21658706665039,True,,,,,,,
3029C004AA,11,2ES02925,True,1024,768,119.00056457519531,139.8374048868815,9.996696472167969,False,200.0,126.0,0.63,-21.810189175569803,-26.152446693037266,0.6553127747585208,0.9989208444663426
3029C004AA,11,2ES02917,True,1024,768,112.84838612874348,142.1864153544108,10.917850494384766,False,200.0,124.0,0.62,-18.774698515416087,-34.43302346957434,1.3100326008299044,0.9984827714596258
3029C004AA,11,2ES02926,True,1024,768,125.15750885009766,142.21246210734049,10.211867014567057,False,200.0,89.0,0.445,-18.27920101910544,11.610112732979376,-0.8599037209059024,0.9989162656575927
3029C004AA,11,2ES02919,True,1024,768,124.175355275472,131.29934310913086,9.226337432861328,False,200.0,152.0,0.76,-28.56806373035709,12.812342872976137,-2.142949140292592,1.0079616870431845
3029C004AA,11,2ES02906,True,1024,768,123.92649714152019,139.21479415893555,11.057320912679037,False,200.0,81.0,0.405,-11.604183615274051,8.603738152034202,-1.2368909076850416,1.004930790631754
3029C004AA,11,2ES02921,True,1024,768,110.63709513346355,144.52734883626303,11.83858871459961,False,200.0,156.0,0.78,-15.349243789878477,7.685005258201036,-1.0753542371932718,1.0027008244292372
3029C004AA,11,2ES02924,True,1024,768,119.65307744344075,132.10243352254233,8.544684092203775,False,200.0,62.0,0.31,-16.677091365192094,25.63888275813825,-2.150387115438309,0.9825781904061575
3029C004AA,12,2ES02919,True,1024,768,135.2256177266439,126.73352686564128,10.696702321370443,True,,,,,,,
3029C004AA,12,2ES02907,True,1024,768,123.8640251159668,154.4059270222982,10.68844477335612,False,200.0,48.0,0.24,-107.41503683187784,135.99712776546534,2.7534544410699113,1.2643000705015572
3029C004AA,12,2ES02910,True,1024,768,130.90736643473306,156.35988489786783,10.579582214355469,False,200.0,78.0,0.39,32.81517538553096,-51.21882442434163,7.247608907558093,1.2448951253026654
3029C004AA,12,2ES02918,True,1024,768,131.1635284423828,141.52111180623373,8.742290496826172,False,171.0,63.0,0.3684210526315789,71.23964977952795,10.720323899428173,0.4468079258274312,1.2326996002314563
3029C004AA,12,2ES02921,True,1024,768,124.22630818684895,144.3999392191569,9.667613983154297,False,200.0,80.0,0.4,842.0851231224573,798.5707117885228,-172.02283896603848,1.0163927546921705
3029C004AA,12,2ES02915,True,1024,768,137.31554794311523,140.43599446614584,8.097708384195963,False,200.0,47.0,0.235,41.81400789751269,163.4136354992416,1.270635532114131,0.9372293951490632
3029C004AA,12,2ES02908,True,1024,768,151.8304239908854,135.0603904724121,8.939718882242838,False,200.0,40.0,0.2,-113.11343749443719,165.93361575151187,10.474850899379668,1.2733718371383531
3029C004AA,12,2ES02926,True,1024,768,145.21540069580078,156.06525802612305,9.762345631917318,False,200.0,80.0,0.4,38.71496137346539,124.52007695065387,2.8649007179173935,0.9374874177514131
3029C004AA,13,2ES02926,True,1024,768,94.66529083251953,79.27461115519206,12.63763427734375,True,,,,,,,
3029C004AA,13,2ES02925,True,1024,768,76.33375930786133,70.97357940673828,17.568030039469402,False,200.0,6.0,0.03,698.6695797010439,304.5212474867084,157.4953989269745,0.03322009969349054
3029C004AA,13,2ES02924,True,1024,768,104.09460576375325,70.23908233642578,8.655806223551432,False,171.0,12.0,0.07017543859649122,274.2090361361762,44.9179947644153,2.923228909545997,0.936604726100422
3029C004AA,13,2ES02908,True,1024,768,67.81120045979817,62.27900695800781,14.1578000386556,False,200.0,7.0,0.035,331.2451739937592,175.61253806877227,69.80364711125345,0.04305049480369526
3029C004AA,13,2ES02911,True,1024,768,109.17895634969075,73.608580271403,15.693973541259766,False,200.0,32.0,0.16,184.5276269591025,25.685971310377138,-0.23154702157787022,0.918517886964547
3029C004AA,13,2ES02914,True,1024,768,79.33134078979492,80.59485753377278,10.631866455078125,False,200.0,93.0,0.465,85.86472959148801,31.757492191673855,-2.4859358572741526,1.0535728383892369
3029C004AA,13,2ES02913,True,1024,768,65.57361221313477,61.103675842285156,15.024714152018229,False,200.0,14.0,0.07,117.70210501862267,5.3079715022407115,8.930814156318757,0.9885175949805157
3029C004AA,13,2ES02916,True,1024,768,101.78083801269531,41.573909759521484,11.280614217122396,False,200.0,41.0,0.205,32.93239294940681,-106.98514545979229,-2.322854920404252,1.1983614877244095
3029C004AA,14,2ES02918,True,1024,768,64.58319854736328,113.70459493001302,16.826244354248047,True,,,,,,,
3029C004AA,14,2ES02916,True,1024,768,73.1828384399414,97.70654424031575,12.319496154785156,False,100.0,8.0,0.08,-20.61271708613361,106.32133154593616,-3.330449362347786,0.9742687547171367
3029C004AA,14,2ES02905,True,1024,768,52.36340204874674,71.77817789713542,10.47469965616862,False,160.0,14.0,0.0875,160.72125152064254,839.0962003672569,-80.20885424414077,1.0450061606304981
3029C004AA,14,2ES02909,True,1024,768,62.83111317952474,85.50071970621745,9.261433919270834,False,138.0,7.0,0.050724637681159424,-45.27394838072478,758.9768050856527,-67.31332077723317,0.8038856099172879
3029C004AA,14,2ES02923,True,1024,768,60.88364919026693,101.08362452189128,11.594862620035807,False,131.0,10.0,0.07633587786259542,-10.43528165689134,42.078652453380364,-13.51456391488214,1.0072468407140076
3029C004AA,14,2ES02904,True,1024,768,63.901204427083336,85.52930068969727,11.97214126586914,False,142.0,13.0,0.09154929577464789,259.14531242772273,864.1810176171422,-97.9098165351762,1.0896723963444859
3029C004AA,14,2ES02912,True,1024,768,84.62025578816731,122.00609079996745,14.47915776570638,False,153.0,18.0,0.11764705882352941,145.41612587372066,75.62104759371901,-5.392341559595992,0.9696299573223188
3029C004AA,14,2ES02902,True,1024,768,56.33680979410807,76.11855061848958,12.365557352701822,False,141.0,6.0,0.0425531914893617,1072.451982075391,58.66092214052091,110.89233365619732,0.9701321223600884
3029C004AA,15,2ES02920,True,1024,768,105.69934844970703,113.28998311360677,40.95905049641927,True,,,,,,,
3029C004AA,15,2ES02919,True,1024,768,126.7290267944336,100.91306686401367,33.67955780029297,False,200.0,142.0,0.71,-76.99729015637034,93.0065479582653,2.907975223936662,0.9790646702500054
3029C004AA,15,2ES02909,True,1024,768,102.28745778401692,110.96240615844727,31.99435043334961,False,200.0,70.0,0.35,-477.66606447988124,-260.9074008204087,4.931095225066136,1.359073516786169
3029C004AA,15,2ES02926,True,1024,768,116.70532608032227,108.81199391682942,43.8461659749349,False,200.0,128.0,0.64,2.4648240841494333,-108.34948113556172,3.887994103846387,1.0261768666462194
3029C004AA,15,2ES02924,True,1024,768,124.1029535929362,86.33365631103516,43.64184824625651,False,200.0,134.0,0.67,-101.75586668172411,43.56855595784123,-1.6154768470380805,1.0814359865728167
3029C004AA,15,2ES02902,True,1024,768,82.33328374226888,110.40061823527019,32.06444549560547,False,200.0,89.0,0.445,-408.3336126309515,58.41540404876587,2.7749660920699046,1.2949504997040147
3029C004AA,15,2ES02904,True,1024,768,73.29299926757812,94.94351704915364,41.58960088094076,False,200.0,133.0,0.665,-253.97709280354346,151.13935357927366,-4.082633137113922,1.2424298036393533
3029C004AA,15,2ES02903,True,1024,768,112.3043327331543,109.85177357991536,32.077231089274086,False,200.0,88.0,0.44,-534.2456865219979,-117.87166850645984,-1.9665584414924537,1.3689745575915597
3029C004AA,16,2ES02909,True,1024,768,92.3627535502116,113.45288976033528,32.97207005818685,True,,,,,,,
3029C004AA,16,2ES02904,True,1024,768,100.20383707682292,109.30837885538737,25.59918467203776,False,200.0,24.0,0.12,1021.7841740122473,62.7929616036745,89.40007775129183,1.0224635802508475
3029C004AA,16,2ES02903,True,1024,768,95.30461502075195,100.42684936523438,30.647626241048176,False,200.0,53.0,0.265,5.975641670120882,-30.651528637915,0.7281450137766893,0.999930764020182
3029C004AA,16,2ES02912,True,1024,768,82.14051946004231,106.34066390991211,23.801592508951824,False,200.0,10.0,0.05,1012.8808868488047,22.59559793226041,86.91225790212907,1.0427328175680064
3029C004AA,16,2ES02925,True,1024,768,85.45634333292644,117.39502588907878,12.715040842692057,False,200.0,16.0,0.08,858.4732035842218,896.7279319428391,176.20697155372628,0.9629839964392721
3029C004AA,16,2ES02918,True,1024,768,76.90692520141602,74.76885732014973,23.202420552571613,False,194.0,16.0,0.08247422680412371,1188.8837900004849,96.5324778008251,96.93323948152636,1.0902251758550758
3029C004AA,16,2ES02926,True,1024,768,108.15591176350911,120.18949762980144,11.73468017578125,False,200.0,34.0,0.17,961.150645309739,871.7266908230721,176.88093829907407,0.9801272179616629
3029C004AA,16,2ES02910,True,1024,768,94.10048548380534,97.41906992594402,17.560391743977863,False,200.0,23.0,0.115,1113.4755636986602,-21.503292843327742,87.343826541777,1.0460497201024768
3029C004AA,17,2ES02923,True,1024,768,124.63351058959961,137.5717315673828,45.577877044677734,True,,,,,,,
3029C004AA,17,2ES02917,True,1024,768,110.64037831624348,127.26349131266277,43.93148549397787,False,200.0,177.0,0.885,-97.6645871712289,25.44193727348597,2.328122552397151,1.0034554182016986
3029C004AA,17,2ES02908,True,1024,768,122.85690816243489,124.64233271280925,40.68408966064453,False,200.0,181.0,0.905,2.7904565330724087,2.4247009872051835,0.1239461088464443,0.9985221395634095
3029C004AA,17,2ES02919,True,1024,768,129.6972173055013,128.0671615600586,44.01795450846354,False,200.0,146.0,0.73,22.91584163744749,106.76751189958827,-0.3750952029738943,1.0190178862837551
3029C004AA,17,2ES02906,True,1024,768,103.28224690755208,101.41434097290039,45.34933598836263,False,200.0,169.0,0.845,-165.85355763102828,126.41544538334121,2.7376137781682117,1.033059691268047
3029C004AA,17,2ES02920,True,1024,768,88.14037577311198,91.72744115193684,39.44726308186849,False,200.0,175.0,0.875,-75.48339678848404,67.37449552457728,-0.19419837046665198,1.0055472250170752
3029C004AA,17,2ES02921,True,1024,768,105.59410985310872,115.82230122884114,42.51621754964193,False,200.0,174.0,0.87,37.43344110160321,66.0500592619833,3.541797247697913,1.023317640933191
3029C004AA,17,2ES02925,True,1024,768,122.40317408243816,122.62883885701497,29.82394027709961,False,200.0,158.0,0.79,137.85729468661478,74.13743339022604,6.771347791714831,0.7946088276679772
3029C005AA,0,2ET01391,True,1024,768,124.98912556966145,146.6049435933431,14.212542215983072,True,,,,,,,
3029C005AA,0,2ET01395,True,1024,768,125.60708109537761,134.92206064860025,13.14566167195638,False,200.0,171.0,0.855,-39.43730749508446,80.4273429646282,-1.6157826708460454,1.0124196950932927
3029C005AA,0,2ET01394,True,1024,768,121.65796534220378,156.97517903645834,24.68996302286784,False,200.0,167.0,0.835,7.6724487273424975,3.6908883239877053,2.5871388128663786,1.0058703689713842
3029C005AA,0,2ET01396,True,1024,768,105.96710713704427,133.7246182759603,14.48474375406901,False,200.0,173.0,0.865,-48.03063499059421,31.14832717152259,4.862915354234021,1.013494672558461
3029C005AA,0,2ET01389,True,1024,768,198.6640192667643,107.88501739501953,5.675342559814453,False,200.0,160.0,0.8,-135.27564409436647,27.086644785498237,-6.689729199461904,0.9977309839055399
3029C005AA,0,2ET01388,True,1024,768,140.55332056681314,139.2878786722819,10.595054626464844,False,200.0,148.0,0.74,-124.99056389278212,234.0942898099478,-13.354165406878318,1.0169044745128195
3029C005AA,0,2ET01393,True,1024,768,116.0220235188802,134.8440704345703,11.684987386067709,False,200.0,128.0,0.64,-64.80548442870712,152.4587437177358,-1.7288972907532743,1.033684361595537
3029C005AA,0,2ET01392,True,1024,768,178.69554138183594,150.69362767537436,11.193232218424479,False,200.0,167.0,0.835,-12.016930749773948,81.21744090744257,-0.11595971189790041,1.0091600561648133
3029C005AA,1,2ET01393,True,1024,768,40.98027038574219,77.6905632019043,15.82259750366211,True,,,,,,,
3029C005AA,1,2ET01394,True,1024,768,69.79672114054362,62.451499938964844,9.7989501953125,False,161.0,128.0,0.7950310559006211,-170.1471426754978,-76.11964395855652,5.935349710751754,1.0016798348922642
3029C005AA,1,2ET01391,True,1024,768,68.0588976542155,128.03503799438477,11.425178527832031,False,146.0,110.0,0.7534246575342466,-53.28058019887652,6.189173963523554,4.432225365520983,1.0033515111581743
3029C005AA,1,2ET01395,True,1024,768,92.98784764607747,138.0729777018229,10.407691955566406,False,138.0,108.0,0.782608695652174,-13.479659514202353,-119.90129165145213,15.83060685450232,0.9998525669759138
3029C005AA,1,2ET01388,True,1024,768,84.01905568440755,116.59757232666016,12.333211263020834,False,140.0,100.0,0.7142857142857143,-73.30435642557916,-157.44369836106506,13.010333562092761,0.9973036552959466
3029C005AA,1,2ET01392,True,1024,768,62.18383280436198,118.37172317504883,13.692091623942057,False,123.0,88.0,0.7154471544715447,-65.1882238805724,-124.44723918376944,8.839706880009823,0.993998078274551
3029C005AA,1,2ET01396,True,1024,768,107.67111460367839,126.25121307373047,8.918136596679688,False,155.0,112.0,0.7225806451612903,124.32618115490138,-134.90807376226084,16.084795237810717,1.0032597796314728
3029C005AA,1,2ET01389,True,1024,768,71.82926559448242,129.3071149190267,12.266024271647135,False,137.0,105.0,0.7664233576642335,-59.05859860180585,-141.81517455515748,15.33446218427376,1.0045258426296326
3029C005AA,2,2ET01393,True,1024,768,137.6624018351237,136.66376368204752,11.931042989095053,True,,,,,,,
3029C005AA,2,2ET01389,True,1024,768,107.41369374593098,141.72639592488608,11.231491088867188,False,200.0,129.0,0.645,-19.922398380919784,-77.60669558648654,2.737409089014675,0.9906262716978033
3029C005AA,2,2ET01395,True,1024,768,128.40946833292642,137.17053095499674,7.968238830566406,False,200.0,134.0,0.67,-59.73797970489857,-71.22084688676193,0.25495631175753536,0.993078750947455
3029C005AA,2,2ET01394,True,1024,768,121.51348114013672,162.29463704427084,19.80227788289388,False,200.0,130.0,0.65,-149.8285586159239,-17.905899977551936,-2.6198909927784375,0.9970289014998094
3029C005AA,2,2ET01396,True,1024,768,126.4655024210612,142.17023849487305,9.925189971923828,False,200.0,156.0,0.78,27.417132977928475,-114.03947702954763,-0.4599446119532258,0.9873993111750243
3029C005AA,2,2ET01391,True,1024,768,106.18870671590169,144.45534133911133,10.81838862101237,False,200.0,158.0,0.79,-29.15569314120569,-74.17635694955071,0.16272474240569443,0.9894948475146869
3029C005AA,2,2ET01388,True,1024,768,114.5406379699707,152.5076446533203,12.134785970052084,False,200.0,136.0,0.68,-150.9092940335226,89.83655903641741,-1.49621404415542,1.0091046171529439
3029C005AA,2,2ET01392,True,1024,768,109.45933659871419,135.1273422241211,11.609386444091797,False,200.0,109.0,0.545,-29.123269969661173,-101.08612791644642,-7.474359230144248,0.9851179962975061
3029C005AA,3,2ET01390,True,1024,768,97.12439854939778,142.12402470906576,12.488807678222656,True,,,,,,,
3029C005AA,3,2ET01392,True,1024,768,123.78727467854817,150.81367111206055,12.479628245035807,False,200.0,102.0,0.51,32.41123488187301,-134.42894822270026,-3.3672908512109525,0.9756835268909944
3029C005AA,3,2ET01391,True,1024,768,98.36567687988281,128.0863520304362,11.019850413004557,False,200.0,134.0,0.67,63.051062828253265,-43.144964089146605,-2.0589833147433483,0.9917015771513723
3029C005AA,3,2ET01389,True,1024,768,98.94802220662434,130.0133196512858,10.586750030517578,False,200.0,168.0,0.84,24.64320996797271,30.108504363363963,-0.025708506442905215,1.0062803430824918
3029C005AA,3,2ET01388,True,1024,768,111.35553487141927,141.91415532430014,10.72665786743164,False,200.0,120.0,0.6,-33.66314299946684,-110.05715785386467,-2.8900807786036316,0.9909738492423618
3029C005AA,3,2ET01394,True,1024,768,112.3249028523763,131.67997233072916,13.207194010416666,False,200.0,131.0,0.655,146.036983420587,-190.55970766872542,2.741889214070608,0.9756435941787668
3029C005AA,3,2ET01396,True,1024,768,136.1394017537435,154.74261474609375,11.69909413655599,False,200.0,129.0,0.645,48.97509737776496,-158.94550156715647,1.0383122850418014,0.9853717318222526
3029C005AA,3,2ET01395,True,1024,768,112.72984313964844,145.6580441792806,10.398260752360025,False,200.0,128.0,0.64,33.22822884314669,-209.46621292852305,4.133020012112282,0.9826132712162661
3029C005AA,4,2ET01388,True,1024,768,70.44740549723308,49.002203623453774,50.41926066080729,True,,,,,,,
3029C005AA,4,2ET01396,True,1024,768,72.7861328125,51.53070958455404,60.02133433024088,False,200.0,125.0,0.625,139.57820692373255,-82.69470487366972,-0.9164490850864369,0.8822347813722285
3029C005AA,4,2ET01395,True,1024,768,46.51252873738607,67.69155375162761,76.33858744303386,False,200.0,133.0,0.665,-233.69667114589365,-202.05860873904675,9.580698861116876,1.1285608809162584
3029C005AA,4,2ET01389,True,1024,768,57.842437744140625,57.8992919921875,52.176432291666664,False,200.0,174.0,0.87,-10.814604908190905,-167.7978431969036,5.100353136821581,1.1227896411250873
3029C005AA,4,2ET01393,True,1024,768,37.11207707722982,72.43277231852214,86.61255518595378,False,200.0,116.0,0.58,-132.44036528113926,-100.7743451353519,-2.388306354421758,1.0842876561645374
3029C005AA,4,2ET01391,True,1024,768,62.333744049072266,53.204209645589195,53.29407755533854,False,200.0,140.0,0.7,5.083839561562581,-153.34618315515166,5.800693077544833,1.1094533098075605
3029C005AA,4,2ET01392,True,1024,768,71.41989262898763,61.01333491007487,65.24820709228516,False,200.0,98.0,0.49,-111.41470853230652,-159.8572547907005,-0.30760417125985184,1.1306945395276493
3029C005AA,4,2ET01390,True,1024,768,53.217828114827476,54.68224843343099,58.759866078694664,False,200.0,183.0,0.915,-31.528317816302593,-166.91109252890018,3.966653439094796,1.1347022064125878
3029C005AA,5,2ET01391,True,1024,768,21.519812266031902,70.08026885986328,66.1572634379069,True,,,,,,,
3029C005AA,5,2ET01394,True,1024,768,78.67452621459961,116.89236450195312,59.88855489095052,False,69.0,34.0,0.4927536231884058,108.57937618192977,82.0031572615747,0.52434521610083,0.9083494550514272
3029C005AA,5,2ET01388,True,1024,768,33.512457529703774,73.59980646769206,43.55354436238607,False,61.0,29.0,0.47540983606557374,-157.46959833748218,52.9713019820449,-0.5854856611811133,1.0399533998280437
3029C005AA,5,2ET01389,True,1024,768,27.67131169637044,64.40028127034505,57.29926300048828,False,63.0,41.0,0.6507936507936508,-123.80074258964117,-49.76323365844239,2.5696860953112677,1.0780085870351666
3029C005AA,5,2ET01396,True,1024,768,61.96965026855469,94.43717702229817,62.7088508605957,False,76.0,48.0,0.631578947368421,103.23626550828156,32.62256414383027,-2.9851670896345373,0.9518501281804369
3029C005AA,5,2ET01395,True,1024,768,54.968666076660156,61.932481129964195,60.181775410970054,False,65.0,29.0,0.4461538461538462,75.77100121742274,-95.2688348280019,-2.782304085367001,1.1692016493810862
3029C005AA,5,2ET01393,True,1024,768,56.70863596598307,110.2731196085612,122.3447265625,False,68.0,27.0,0.39705882352941174,114.32778579001288,-144.39594245703708,2.8755733686952305,1.1776632670915677
3029C005AA,5,2ET01390,True,1024,768,28.9170659383138,73.83259201049805,67.06347274780273,False,56.0,38.0,0.6785714285714286,34.41669294813405,56.52947278233468,0.37928254310600684,0.8998712503430603
3029C005AA,6,2ET01395,True,1024,768,35.20491027832031,55.015061696370445,65.92801030476888,True,,,,,,,
3029C005AA,6,2ET01392,True,1024,768,31.934356689453125,81.13705952962239,86.72246678670247,False,33.0,15.0,0.45454545454545453,-29.455963373066748,-98.6301917661318,-5.26381039565074,1.206131014448777
3029C005AA,6,2ET01391,True,1024,768,62.63522084554037,51.96940485636393,49.78584289550781,False,59.0,19.0,0.3220338983050847,235.39891785419115,48.740336552651954,-3.7710896944686905,0.8919428216106667
3029C005AA,6,2ET01393,True,1024,768,74.09700775146484,56.74084345499674,65.84356053670247,False,66.0,17.0,0.25757575757575757,101.3511146624306,-87.53573931018394,-7.704476879389754,1.1008434073161448
3029C005AA,6,2ET01396,True,1024,768,35.9891357421875,88.00719197591145,67.62051773071289,False,46.0,21.0,0.45652173913043476,150.98638245684108,157.67261381394934,-6.923962285594063,0.7483770319458856
3029C005AA,6,2ET01394,True,1024,768,64.07287343343098,89.9734624226888,44.19641240437826,False,75.0,33.0,0.44,195.05303904890891,158.04804488458817,-1.8273512305386617,0.7433256261409236
3029C005AA,6,2ET01388,True,1024,768,48.0632438659668,63.070308685302734,45.50373077392578,False,55.0,25.0,0.45454545454545453,152.94957539733676,188.60149277812565,-3.8939769959715758,0.7289504124903761
3029C005AA,6,2ET01390,True,1024,768,71.75347518920898,56.54614766438802,52.78169631958008,False,61.0,30.0,0.4918032786885246,242.0268057515914,119.41353226585801,-3.1330427433934886,0.8147652656717779
3029C005AA,7,2ET01392,True,1024,768,91.39799880981445,69.0307985941569,64.61565272013347,True,,,,,,,
3029C005AA,7,2ET01391,True,1024,768,121.10369110107422,61.26171747843424,59.517330169677734,False,200.0,43.0,0.215,-93.22240099222952,-41.376200832706026,1.486180058345143,1.0780483488480257
3029C005AA,7,2ET01388,True,1024,768,111.98745473225911,89.0860964457194,43.803260803222656,False,200.0,24.0,0.12,-10.862735871016818,78.87252968349588,2.7429936285967003,0.9561761500165366
3029C005AA,7,2ET01396,True,1024,768,92.25066757202148,82.75354385375977,59.293165842692055,False,200.0,16.0,0.08,-100.70153681580952,-53.41503812493562,3.5962488449963543,0.9475025022824658
3029C005AA,7,2ET01393,True,1024,768,114.7946065266927,53.46337000528971,60.54812240600586,False,200.0,106.0,0.53,-8.288488586587018,0.681397398100879,-0.34044911522141397,1.002889421421916
3029C005AA,7,2ET01394,True,1024,768,119.44615681966145,65.98679860432942,44.813958485921226,False,200.0,18.0,0.09,-91.09725553946214,37.27139103176245,-0.27807375096674536,1.0366114885481457
3029C005AA,7,2ET01390,True,1024,768,116.90292739868164,66.12436548868816,62.61620839436849,False,200.0,38.0,0.19,-78.88994175125262,-32.86418415007981,2.8921532816045605,1.0371947287912153
3029C005AA,7,2ET01389,True,1024,768,76.17171478271484,94.75229136149089,70.40610631306966,False,200.0,28.0,0.14,-138.8098820405456,-47.25171409398959,0.604015338895961,1.129833884142015
3029C005AA,8,2ET01388,True,1024,768,69.2272580464681,112.66003672281902,6.595171610514323,True,,,,,,,
3029C005AA,8,2ET01396,True,1024,768,126.47519429524739,139.81855901082358,8.552659352620443,False,17.0,9.0,0.5294117647058824,9.314093873929874,-138.84102319826442,-0.3566527816020333,0.9336821840744579
3029C005AA,8,2ET01392,True,1024,768,68.32001622517903,106.69842529296875,7.234816233317058,False,13.0,7.0,0.5384615384615384,159.54642052961802,-99.7300973472197,4.008546531990284,0.9670180555017861
3029C005AA,8,2ET01391,True,1024,768,70.10351308186848,22.25327428181966,17.660321553548176,False,10.0,8.0,0.8,87.80324780366337,4.92707241896899,1.6440045022825394,0.9013645357983574
3029C005AA,8,2ET01394,True,1024,768,101.94099426269531,151.8750139872233,11.807561238606771,False,15.0,8.0,0.5333333333333333,-27.39136315076946,8.516574806629485,-4.7331560364099206,1.043117761335405
3029C005AA,8,2ET01389,True,1024,768,116.4231325785319,153.09078216552734,10.437365214029947,False,14.0,10.0,0.7142857142857143,54.63894938782184,29.07587890839467,4.801769582498604,0.8305434534520998
3029C005AA,8,2ET01395,True,1024,768,121.35098520914714,147.4811045328776,9.286749521891275,False,13.0,5.0,0.38461538461538464,148.97063813211594,-125.0617659406553,12.861109109498786,0.8988751554382302
3029C005AA,8,2ET01390,True,1024,768,92.78680674235027,122.20880508422852,7.789477030436198,False,8.0,4.0,0.5,4.052583039851479,-2.546272256432455,0.5086244942471232,1.0035861634509637
3029C005AA,9,2ET01390,True,1024,768,125.15030161539714,132.38568369547525,14.506605784098307,True,,,,,,,
3029C005AA,9,2ET01389,True,1024,768,108.69246292114258,113.22736994425456,10.024061838785807,False,82.0,33.0,0.4024390243902439,-139.06781725633758,-143.97817288991544,7.946358301512944,1.078770324166121
3029C005AA,9,2ET01392,True,1024,768,87.34440739949544,116.75927734375,12.077067057291666,False,121.0,42.0,0.34710743801652894,214.91746562136152,-5.290256702437441,5.767865332375284,1.0009111061348444
3029C005AA,9,2ET01388,True,1024,768,91.45937474568684,124.61219024658203,12.523625691731771,False,76.0,28.0,0.3684210526315789,42.743600943174094,23.19412963136333,6.791293168173532,1.0083947648246778
3029C005AA,9,2ET01395,True,1024,768,116.7113774617513,139.32994333902994,14.251953125,False,150.0,64.0,0.4266666666666667,118.53351185789482,-16.5452027426464,6.849598850838113,1.003178795399712
3029C005AA,9,2ET01391,True,1024,768,87.32168579101562,110.08856201171875,11.908131917317709,False,92.0,34.0,0.3695652173913043,106.14182779965104,-2.8592763225575064,3.590049069162861,1.0599481743269374
3029C005AA,9,2ET01393,True,1024,768,93.07484563191731,123.53096135457356,13.335552215576172,False,130.0,38.0,0.2923076923076923,146.18407973209503,23.439444546007017,2.3050401513186336,1.0244928744546797
3029C005AA,9,2ET01396,True,1024,768,105.83669026692708,89.3818130493164,9.748255411783854,False,131.0,52.0,0.3969465648854962,174.01843801209725,29.197061918636706,-7.25502332236142,1.0418162194826244
3029C005AA,10,2ET01388,True,1024,768,125.4912618001302,136.46758015950522,9.187690734863281,True,,,,,,,
3029C005AA,10,2ET01389,True,1024,768,123.25373204549153,134.1870371500651,13.250508626302084,False,200.0,159.0,0.795,-36.03834198895475,11.93716236254115,2.407469988974101,0.9313980608285475
3029C005AA,10,2ET01391,True,1024,768,119.09702046712239,160.0485382080078,16.793533325195312,False,200.0,104.0,0.52,-2.983957885012256,-5.97684129892998,1.9711593520279136,0.9948135770147729
3029C005AA,10,2ET01393,True,1024,768,116.31870396931966,144.0073267618815,10.832611083984375,False,200.0,147.0,0.735,27.552607023186752,-11.6034501836881,5.074536668771307,0.9985258555039354
3029C005AA,10,2ET01392,True,1024,768,119.40748723347981,152.0074946085612,15.281227111816406,False,200.0,173.0,0.865,15.673168492410886,-8.153049848882567,3.2641984978259497,0.9871732321528495
3029C005AA,10,2ET01390,True,1024,768,124.46806081136067,148.57208633422852,11.9491818745931,False,200.0,117.0,0.585,18.22490900355621,-17.934358613421463,3.5982129918063626,0.9938737236599336
3029C005AA,10,2ET01395,True,1024,768,118.80027389526367,135.42771911621094,9.47720718383789,False,200.0,129.0,0.645,-6.3875419227482135,49.64622844595818,1.6806323676413781,0.994099005190495
3029C005AA,10,2ET01396,True,1024,768,116.30459086100261,132.37189102172852,9.13779067993164,False,200.0,124.0,0.62,2.9741201959816927,-7.66943876660254,1.4808263364391137,0.9985868700106856
3029C005AA,11,2ET01393,True,1024,768,125.14686330159505,145.91543197631836,9.707440694173178,True,,,,,,,
3029C005AA,11,2ET01391,True,1024,768,119.7827860514323,141.90456771850586,8.815074920654297,False,69.0,32.0,0.463768115942029,-10.984061481114118,12.898922651255344,-0.9657456625071644,0.989390509234168
3029C005AA,11,2ET01390,True,1024,768,122.95414479573567,156.2835350036621,12.419685363769531,False,69.0,26.0,0.37681159420289856,47.23486056798402,-26.5997546765386,0.6754859261321194,1.0223277059415037
3029C005AA,11,2ET01395,True,1024,768,120.6711934407552,146.3996124267578,9.29461924235026,False,33.0,10.0,0.30303030303030304,-17.468870487575,134.26725484900635,-2.244566190180222,0.9148719882097145
3029C005AA,11,2ET01389,True,1024,768,122.11172866821289,136.6681048075358,11.02133305867513,False,91.0,43.0,0.4725274725274725,131.5483980364882,32.47872844898374,-0.1936495955178476,0.9573872376318698
3029C005AA,11,2ET01394,True,1024,768,125.75939305623372,160.90683237711588,18.027127583821613,False,79.0,49.0,0.620253164556962,-16.007866924807907,-14.11924057911123,-0.22383861027556615,1.0145185460701602
3029C005AA,11,2ET01392,True,1024,768,119.27853266398112,141.5569305419922,9.293193817138672,False,101.0,57.0,0.5643564356435643,-23.36878558254669,28.851731854462955,-1.9002804089369985,0.9967673318858925
3029C005AA,11,2ET01396,True,1024,768,112.75292460123698,135.8175048828125,9.719337463378906,False,95.0,50.0,0.5263157894736842,18.44137966195479,-4.078629549350442,-0.7256784153481147,1.0013604018798912
3029C005AA,12,2ET01389,True,1024,768,112.8938700358073,131.814697265625,18.141855875651043,True,,,,,,,
3029C005AA,12,2ET01388,True,1024,768,118.14445241292317,123.73153432210286,20.05008061726888,False,200.0,25.0,0.125,425.12228983899627,1073.7624716742746,-126.420507566367,0.94077604548076
3029C005AA,12,2ET01391,True,1024,768,74.56534194946289,86.7291628519694,18.670594533284504,False,200.0,29.0,0.145,473.26385660653074,1142.690629188014,-123.87802725501561,1.0460100768681835
3029C005AA,12,2ET01392,True,1024,768,113.00667190551758,118.93892033894856,23.05660120646159,False,200.0,31.0,0.155,-9.850597248000765,770.4702503002651,-75.92531043214697,0.9637303522585209
3029C005AA,12,2ET01393,True,1024,768,111.93796284993489,111.12563959757487,23.71397527058919,False,200.0,18.0,0.09,-112.4172336666857,946.9133446288047,-71.23836296389484,1.1013017255837318
3029C005AA,12,2ET01395,True,1024,768,106.89442698160808,113.02572758992513,29.116055806477863,False,200.0,34.0,0.17,904.0332907487594,933.5734070700479,-172.75526739953474,1.000156512094124
3029C005AA,12,2ET01394,True,1024,768,113.984800974528,106.55620193481445,13.95281982421875,False,200.0,32.0,0.16,915.4013038317357,1065.5488003325368,-163.94952957492626,1.0082641028734898
3029C005AA,12,2ET01390,True,1024,768,118.48491287231445,93.18985366821289,15.254315694173178,False,200.0,33.0,0.165,-14.482752199544116,260.4346894887482,-22.848072232842476,0.9969018352153397
3029C006AA,0,2EU01090,True,1024,768,153.32059605916342,128.9991938273112,13.950079600016275,True,,,,,,,
3029C006AA,0,2EU01088,True,1024,768,139.35518900553384,128.2580312093099,14.765963236490885,False,200.0,122.0,0.61,43.34844356682595,72.07241189797534,0.35400196853744237,1.0173700603234996
3029C006AA,0,2EU01086,True,1024,768,132.67440795898438,135.90507634480795,13.466485341389975,False,200.0,162.0,0.81,115.12765316448834,34.19344640570276,2.7308095473532297,1.0052239338959725
3029C006AA,0,2EU01087,True,1024,768,136.4397761027018,126.55631256103516,18.114041646321613,False,200.0,139.0,0.695,155.38575849833586,-3.3731329713610774,3.1117423623940845,1.0039781253012032
3029C006AA,0,2EU01089,True,1024,768,165.2918497721354,131.01839447021484,12.61446762084961,False,200.0,117.0,0.585,101.88310844189378,-181.27278878000237,14.142352173716887,1.0177832917407592
3029C006AA,1,2EU01087,True,1024,768,76.99696477254231,130.24458821614584,10.658794403076172,True,,,,,,,
3029C006AA,1,2EU01088,True,1024,768,73.73543039957683,118.20763905843098,9.265361785888672,False,200.0,168.0,0.84,-60.76179280608724,-48.90386100956376,-2.407128240929301,0.9989884633131699
3029C006AA,1,2EU01090,True,1024,768,94.25893910725911,142.3970692952474,10.49338404337565,False,200.0,169.0,0.845,46.89414985091305,11.948714919693064,2.9006067759045764,1.0059181537653816
3029C006AA,1,2EU01086,True,1024,768,83.21145248413086,122.66002527872722,9.11779530843099,False,200.0,129.0,0.645,-39.24869335566826,-43.90167705704953,0.1903822581937646,0.9979490917982003
3029C006AA,1,2EU01089,True,1024,768,67.2154146830241,140.35363133748373,11.781510670979818,False,200.0,156.0,0.78,-0.8977277722879817,9.669886410343091,-2.5504497990366155,1.001044550090162
3029C006AA,2,2EU01090,True,1024,768,105.52033869425456,143.04115041097006,10.438557942708334,True,,,,,,,
3029C006AA,2,2EU01088,True,1024,768,111.86788558959961,141.21672948201498,10.116598765055338,False,200.0,178.0,0.89,50.23755570851702,-28.28753213459267,-1.1061247748382623,0.9957065419751359
3029C006AA,2,2EU01089,True,1024,768,117.49888229370117,148.72531127929688,11.076624552408854,False,200.0,163.0,0.815,-64.67403802216153,47.30766450251882,-3.5049155204209685,1.0010171373527301
3029C006AA,2,2EU01086,True,1024,768,108.98431015014648,131.67340596516928,12.008186340332031,False,200.0,172.0,0.86,8.969519163019534,8.728567852446842,-1.6803196861459488,0.994598601673303
3029C006AA,2,2EU01087,True,1024,768,111.96474965413411,146.66349283854166,11.942429860432943,False,200.0,147.0,0.735,13.928286784665893,-3.9192219415655325,-1.771719916124958,0.996520315015592
3029C006AA,3,2EU01086,True,1024,768,111.88279088338216,157.3102035522461,14.118059794108072,True,,,,,,,
3029C006AA,3,2EU01087,True,1024,768,107.24908192952473,143.9781697591146,11.61179224650065,False,200.0,159.0,0.795,81.81455201978622,107.26937848045925,-2.372486648717991,1.0144850253121553
3029C006AA,3,2EU01089,True,1024,768,124.77306747436523,133.94579315185547,8.707223256429037,False,200.0,144.0,0.72,42.4591347607087,-33.18382905584221,-5.6767409401197675,0.9917134695230213
3029C006AA,3,2EU01090,True,1024,768,125.92468897501628,137.70023473103842,8.762816111246744,False,200.0,147.0,0.735,5.129021850061061,-43.86279081472235,-2.520619861768542,0.9958536656412775
3029C006AA,3,2EU01088,True,1024,768,115.9650141398112,148.33832168579102,11.147697448730469,False,200.0,129.0,0.645,7.0969982058534375,13.77092207604332,-4.661341569957446,0.997774628408782
3029C006AA,4,2EU01090,True,1024,768,65.34924825032552,53.52795537312826,55.022420247395836,True,,,,,,,
3029C006AA,4,2EU01087,True,1024,768,48.848166147867836,51.930440266927086,57.36542510986328,False,200.0,177.0,0.885,-6.938768051147902,-7.282287566817595,0.453302847014432,1.0137604101460487
3029C006AA,4,2EU01089,True,1024,768,52.488059997558594,49.953956604003906,60.56207275390625,False,200.0,197.0,0.985,-10.129020684990934,-5.352997469950067,-0.19450044089980303,1.0097559896993364
3029C006AA,4,2EU01088,True,1024,768,47.61564509073893,80.64362335205078,96.72763951619466,False,200.0,190.0,0.95,-10.545701891525256,10.76346212144302,-0.9876662658260117,0.9957647367109107
3029C006AA,4,2EU01086,True,1024,768,58.82494354248047,50.14922078450521,64.22985585530598,False,200.0,198.0,0.99,1.4006497855565538,-17.46876979583076,0.97949703487418,1.0196675702488451
3029C006AA,5,2EU01088,True,1024,768,39.6425895690918,87.73512395222981,76.37908554077148,True,,,,,,,
3029C006AA,5,2EU01087,True,1024,768,30.988218943277996,90.32169977823894,107.83871078491211,False,90.0,47.0,0.5222222222222223,-122.49716922567269,-78.23306037747254,-2.815567603168582,1.1414655274992467
3029C006AA,5,2EU01090,True,1024,768,36.565897623697914,97.13009134928386,102.49663670857747,False,121.0,69.0,0.5702479338842975,-83.34428164086252,31.49309349791819,-3.7188977667697154,1.0198855238541604
3029C006AA,5,2EU01089,True,1024,768,45.542161305745445,102.58817036946614,96.16175969441731,False,106.0,44.0,0.41509433962264153,-135.11812079649312,5.129371158611932,-2.1941116997684667,1.0212837769930316
3029C006AA,5,2EU01086,True,1024,768,55.978814442952476,67.41702016194661,77.49074300130208,False,94.0,34.0,0.3617021276595745,-198.4626658835478,-107.88820619426642,0.05522051205422433,1.1245900962662672
3029C006AA,6,2EU01088,True,1024,768,64.31623967488606,45.86943562825521,74.6885986328125,True,,,,,,,
3029C006AA,6,2EU01086,True,1024,768,69.91869227091472,46.2943967183431,83.68392944335938,False,110.0,52.0,0.4727272727272727,-25.098666761455867,-31.14340459034139,-1.666085278125606,1.084091854761223
3029C006AA,6,2EU01089,True,1024,768,64.81375249226888,60.77435811360677,56.052721659342446,False,84.0,33.0,0.39285714285714285,-89.73011836952436,43.51995262280075,2.0004716426600844,0.944835263464397
3029C006AA,6,2EU01087,True,1024,768,65.85429382324219,54.2090098063151,54.27873229980469,False,102.0,64.0,0.6274509803921569,5.996724360073423,-12.281387109728023,0.6418406808185848,1.0362418579184274
3029C006AA,6,2EU01090,True,1024,768,80.93312327067058,55.739602406819664,44.33127085367838,False,80.0,41.0,0.5125,4.151514857718953,30.76650197740998,2.7230716816174545,0.9719246701665156
3029C006AA,7,2EU01086,True,1024,768,52.10901133219401,99.51809310913086,80.73781712849934,True,,,,,,,
3029C006AA,7,2EU01090,True,1024,768,57.33064524332682,85.28458658854167,81.06219100952148,False,200.0,26.0,0.13,-133.37079837828193,-137.9811791488621,-3.136502598944627,1.3354216285023714
3029C006AA,7,2EU01087,True,1024,768,122.66481526692708,68.4069455464681,67.2263298034668,False,200.0,36.0,0.18,-116.33626628633338,-122.17318806719652,-4.244905616853119,1.2952727184216697
3029C006AA,7,2EU01089,True,1024,768,125.6450792948405,60.69645436604818,60.38418324788412,False,200.0,35.0,0.175,-127.96884955675932,-114.13132442651809,-4.744990270376397,1.3076726640772678
3029C006AA,7,2EU01088,True,1024,768,117.35558827718098,57.6429697672526,70.63886388142903,False,200.0,32.0,0.16,-157.96567764162432,-150.60233391026725,-4.1505015819854965,1.3786070991458161
3029C006AA,8,2EU01087,True,1024,768,103.95021565755208,154.17277399698892,11.674800872802734,True,,,,,,,
3029C006AA,8,2EU01089,True,1024,768,108.8241449991862,142.30949274698892,8.64941151936849,False,38.0,18.0,0.47368421052631576,1.4325170712992001,62.823745690613926,-0.9974056156346895,1.0045509513507083
3029C006AA,8,2EU01088,True,1024,768,100.91162999471028,149.88257471720377,10.913313547770182,False,26.0,14.0,0.5384615384615384,93.88421051868778,65.37698902386693,0.6478798718563796,1.0088956272647682
3029C006AA,8,2EU01090,True,1024,768,90.98202260335286,141.38370895385742,10.284138997395834,False,23.0,14.0,0.6086956521739131,75.84858318908286,-15.32990347514935,2.382606876399229,1.0008869518734567
3029C006AA,8,2EU01086,True,1024,768,106.79635620117188,147.25693893432617,11.415313720703125,False,21.0,8.0,0.38095238095238093,30.67033868578461,-28.805319717491713,-0.8812677454340954,0.9723795495779732
3029C006AA,9,2EU01086,True,1024,768,103.46946207682292,113.27018229166667,14.611251831054688,True,,,,,,,
3029C006AA,9,2EU01090,True,1024,768,96.68914794921875,126.24804178873698,21.93835703531901,False,28.0,13.0,0.4642857142857143,137.44589008073885,17.708219831769423,4.117110386713868,0.9528802500469433
3029C006AA,9,2EU01088,True,1024,768,101.88610712687175,112.0989507039388,14.095776875813803,False,78.0,36.0,0.46153846153846156,112.14080341000736,-37.77288161843744,0.5704295252195655,1.007869131642942
3029C006AA,9,2EU01089,True,1024,768,90.61933771769206,122.78882471720378,15.71288808186849,False,72.0,33.0,0.4583333333333333,143.8499522381472,-11.725078596606945,3.9307179281998894,0.9934591545927021
3029C006AA,9,2EU01087,True,1024,768,98.89863967895508,125.84265772501628,11.091897328694662,False,84.0,36.0,0.42857142857142855,84.73102775917104,-77.55482688792492,0.33372954236207764,0.9821552387403295
3029C006AA,10,2EU01088,True,1024,768,120.9983024597168,142.52696482340494,10.367252349853516,True,,,,,,,
3029C006AA,10,2EU01087,True,1024,768,121.38512929280598,135.30212020874023,9.037921905517578,False,200.0,162.0,0.81,57.00822493256394,-26.409554076635448,4.438868732301346,1.008962113280066
3029C006AA,10,2EU01089,True,1024,768,111.33006795247395,130.53423055013022,10.042002360026041,False,200.0,189.0,0.945,7.435831700206107,-21.531606344432767,0.6030405939782256,1.0003169524600912
3029C006AA,10,2EU01086,True,1024,768,120.89201736450195,132.78532791137695,8.396284739176432,False,200.0,159.0,0.795,19.212914852227733,-18.636239889321146,0.4571942274553567,0.9956815031916525
3029C006AA,10,2EU01090,True,1024,768,119.12108357747395,141.45282872517905,10.71368153889974,False,200.0,169.0,0.845,-6.923426971441164,37.82959069338667,-0.09003900176423937,1.0162933079594456
3029C006AA,11,2EU01088,True,1024,768,118.65725962320964,143.58347956339517,12.171209971110025,True,,,,,,,
3029C006AA,11,2EU01090,True,1024,768,125.51468022664388,148.95561091105142,10.393516540527344,False,108.0,75.0,0.6944444444444444,-30.905654903164436,15.08928771966092,-3.554492273561572,1.0015073791718359
3029C006AA,11,2EU01086,True,1024,768,125.66227849324544,146.45469538370767,9.592819213867188,False,89.0,60.0,0.6741573033707865,-21.100041587661227,-15.542382650545617,-0.6970089021918799,1.004872291347571
3029C006AA,11,2EU01087,True,1024,768,126.59752782185872,144.22173309326172,9.1761105855306,False,61.0,27.0,0.4426229508196721,-1.6819836639586812,11.870402864218669,-1.5290507175297054,0.9954125298438115
3029C006AA,11,2EU01089,True,1024,768,118.74067687988281,145.91963704427084,10.949567159016928,False,100.0,65.0,0.65,-6.393737181445744,2.3526261387439256,-1.111349323202882,0.9930844900446494
3029C006AA,12,2EU01087,True,1024,768,97.27871068318684,113.65312067667644,13.898857116699219,True,,,,,,,
3029C006AA,12,2EU01086,True,1024,768,117.422300974528,110.76751963297527,13.356708526611328,False,200.0,11.0,0.055,41.576739892559715,-71.24160414774235,7.543637161362035,1.0054221512606751
3029C006AA,12,2EU01090,True,1024,768,116.36262385050456,125.24996439615886,12.600589752197266,False,200.0,17.0,0.085,42.53935820225496,-50.99718000359305,9.72093554970798,0.9313016184469226
3029C006AA,12,2EU01088,True,1024,768,120.18788274129231,118.38023503621419,10.918460845947266,False,200.0,12.0,0.06,-167.5854316490736,154.6604720995427,-10.276427062015733,0.9843052253110877
3029C006AA,12,2EU01089,True,1024,768,116.27506510416667,128.72780736287436,11.502735137939453,False,200.0,17.0,0.085,-65.0213795532988,187.30706965192613,-9.90981104841566,0.8719205724625233
3029C009AA,0,2EX36519,True,1024,768,173.07074864705405,163.88283665974936,29.194981892903645,True,,,,,,,
3029C009AA,0,2EX36481,True,1024,768,103.57067998250325,123.52332051595052,11.229497273763021,False,200.0,158.0,0.79,-25.33069959981887,-65.16643962474383,-9.046518394625986,0.9890318520768295
3029C009AA,0,2EX36488,True,1024,768,186.30446243286133,30.62033462524414,22.257041931152344,False,200.0,163.0,0.815,57.76336029899148,-156.75105116540968,1.4504127293710911,0.9882744731463343
3029C009AA,0,2EX36609,True,1024,768,127.86679458618164,139.1322924296061,12.136211395263672,False,200.0,120.0,0.6,-32.57184561550697,-134.30999194861175,2.718663407367733,0.9972650013806327
3029C009AA,0,2EX36410,True,1024,768,218.7603988647461,87.30715815226237,6.715226491292317,False,200.0,149.0,0.745,-15.223925995391141,13.255787834490352,-4.486748824673693,0.9963046209751624
3029C009AA,0,2EX36489,True,1024,768,114.8497543334961,145.5121218363444,15.339000701904297,False,200.0,145.0,0.725,62.88118553442642,31.824954367051852,0.6556858031990656,1.006414394202579
3029C009AA,0,2EX36568,True,1024,768,155.47426223754883,139.1565284729004,8.554981231689453,False,200.0,164.0,0.82,-29.48611755020447,-70.67600527364777,-0.3133719478212302,0.9960884878206158
3029C009AA,0,2EX36608,True,1024,768,132.91025034586588,139.68481318155924,14.968640645345053,False,200.0,152.0,0.76,-52.48461971905215,-46.47870636324296,-4.88277599153452,0.9918976457090595
3029C009AA,1,2EX36525,True,1024,768,66.10252507527669,112.05582427978516,15.719745635986328,True,,,,,,,
3029C009AA,1,2EX36534,True,1024,768,85.80791600545247,115.52313232421875,8.428029378255209,False,200.0,145.0,0.725,69.47740500021459,-33.353978183941685,0.8733417897664897,0.9993636636025032
3029C009AA,1,2EX36479,True,1024,768,76.6122309366862,91.89421463012695,7.968194325764974,False,200.0,150.0,0.75,-15.881852092602568,-85.15184305526414,-0.5301538493150517,0.9956005673069063
3029C009AA,1,2EX36453,True,1024,768,77.3200454711914,101.40066274007161,7.2226816813151045,False,200.0,164.0,0.82,191.93581108020246,-76.01088360835905,5.63794304560271,1.0023919171241467
3029C009AA,1,2EX36593,True,1024,768,117.97156270345052,150.77572631835938,11.550899505615234,False,200.0,126.0,0.63,167.3013578257621,-60.76757682065389,10.142048013656927,1.0009330359596582
3029C009AA,1,2EX36417,True,1024,768,94.62321090698242,100.07433064778645,15.866067250569662,False,200.0,123.0,0.615,37.099075909753026,125.20350318699687,-6.683050717996995,1.0029712755018143
3029C009AA,1,2EX36638,True,1024,768,60.60687383015951,86.13585535685222,7.182814280192058,False,196.0,147.0,0.75,201.4339445010556,-63.80403055294669,12.201534479206847,1.0048516138749681
3029C009AA,1,2EX36511,True,1024,768,72.85042572021484,131.88668823242188,13.287691752115885,False,200.0,152.0,0.76,22.67618357441402,58.41229560320313,-0.12123128458329036,1.0050734346437067
3029C009AA,2,2EX36500,True,1024,768,130.36264165242514,131.8692995707194,8.428648630777994,True,,,,,,,
3029C009AA,2,2EX36633,True,1024,768,110.66483306884766,150.6055539449056,11.319599151611328,False,200.0,155.0,0.775,115.60817549203406,54.97264655013662,0.009293935747612678,1.0044307443029985
3029C009AA,2,2EX36577,True,1024,768,98.25247701009114,140.01801300048828,12.710142771402994,False,200.0,150.0,0.75,63.95727496396953,-15.425544603559239,-1.7207475571393664,0.9951188897297162
3029C009AA,2,2EX36554,True,1024,768,96.42278289794922,131.98544565836588,9.803999582926432,False,200.0,164.0,0.82,59.10583162604708,-1.5753393443641555,-1.5806087054836315,0.9960189010367375
3029C009AA,2,2EX36514,True,1024,768,111.03827667236328,152.55851109822592,12.198585510253906,False,200.0,131.0,0.655,14.698946043353242,95.74577467521863,-4.8431688855220765,1.0006749070081236
3029C009AA,2,2EX36512,True,1024,768,102.79760233561198,124.63583246866862,7.537100474039714,False,200.0,182.0,0.91,-75.29432890987904,11.89423283154739,-4.741151231678847,1.0008813964355026
3029C009AA,2,2EX36410,True,1024,768,113.4800631205241,150.9847272237142,12.05194091796875,False,200.0,152.0,0.76,20.64943661549942,138.13726358993011,-9.136092719066506,1.0032232800348997
3029C009AA,2,2EX36496,True,1024,768,110.0685920715332,142.60619354248047,10.686667124430338,False,200.0,149.0,0.745,32.06372556867048,98.5222899583902,-7.238385357726888,1.0006467577911111
3029C009AA,3,2EX36602,True,1024,768,114.17882664998372,142.59306844075522,9.638309478759766,True,,,,,,,
3029C009AA,3,2EX36566,True,1024,768,122.87388610839844,151.10774739583334,10.619462331136068,False,200.0,131.0,0.655,5.561675321729799,-21.89207783192257,2.880504561441831,1.0009374397197361
3029C009AA,3,2EX36540,True,1024,768,101.58592478434245,143.6163126627604,10.2027956644694,False,200.0,167.0,0.835,-79.57044679898429,-11.770511066439047,-0.4533112580672853,1.0029390287029603
3029C009AA,3,2EX36433,True,1024,768,107.9932975769043,128.31446965535483,11.87009302775065,False,200.0,96.0,0.48,103.72427943289357,160.17362713015368,-0.5498578440241586,1.0133516908970783
3029C009AA,3,2EX36577,True,1024,768,118.23080698649089,153.21625645955405,12.399576822916666,False,200.0,154.0,0.77,-38.48228725005686,0.9633110572259623,2.4017780840012493,0.9996560651553839
3029C009AA,3,2EX36658,True,1024,768,103.42112859090169,155.94367853800455,11.912518819173178,False,200.0,144.0,0.72,-1.4188813184213618,17.27438429780928,3.721159912599299,1.0046972352971864
3029C009AA,3,2EX36567,True,1024,768,122.45393244425456,145.75879542032877,9.524640401204428,False,200.0,146.0,0.73,-17.46449776369982,-14.173858139761235,2.8369056196823728,0.9997497807965248
3029C009AA,3,2EX36412,True,1024,768,103.6923116048177,120.9207763671875,14.475269317626953,False,200.0,129.0,0.645,101.19104558241524,106.31227443168899,-3.2044547779026464,1.0072666671956083
3029C009AA,4,2EX36457,True,1024,768,73.25365956624348,53.41903177897135,43.424627939860024,True,,,,,,,
3029C009AA,4,2EX36531,True,1024,768,62.97982660929362,56.404397328694664,47.75296147664388,False,200.0,159.0,0.795,-107.21471073914354,22.904694440487752,-3.682404179488924,0.9761076128550195
3029C009AA,4,2EX36489,True,1024,768,59.778760274251304,48.53730010986328,46.142075856526695,False,200.0,154.0,0.77,-21.590401721887087,-6.848330506268007,3.6540038817676166,0.9822061428563356
3029C009AA,4,2EX36533,True,1024,768,73.8407351175944,55.354302724202476,42.73302205403646,False,200.0,168.0,0.84,-93.29989805041279,9.821706458043485,-0.38570226099534893,0.9760193512586668
3029C009AA,4,2EX36417,True,1024,768,83.04247283935547,52.35670598347982,38.25757853190104,False,200.0,156.0,0.78,37.63200608607388,157.18358818617392,-5.4439502115751415,0.8754306537495593
3029C009AA,4,2EX36453,True,1024,768,64.97272109985352,46.68556340535482,46.67615000406901,False,200.0,172.0,0.86,-7.551550772990226,-14.218813246066404,-1.6414494349431317,0.9985363440082484
3029C009AA,4,2EX36620,True,1024,768,75.43676249186198,60.44013977050781,56.30429458618164,False,200.0,158.0,0.79,-139.6481118783099,-148.59522867220315,-0.22254623250935257,1.0992810496623082
3029C009AA,4,2EX36574,True,1024,768,57.79035186767578,50.405646006266274,51.047173817952476,False,200.0,175.0,0.875,-126.73105604070406,-142.9085914085001,-0.020274423694609973,1.0916207673040148
3029C009AA,5,2EX36558,True,1024,768,40.52094523111979,107.25404357910156,91.57839838663737,True,,,,,,,
3029C009AA,5,2EX36621,True,1024,768,68.30202865600586,78.69611358642578,67.29466120402019,False,86.0,15.0,0.1744186046511628,-259.6952079076954,-301.455451511959,1.6069206680266748,1.4196711768606094
3029C009AA,5,2EX36659,True,1024,768,55.59694035847982,71.44845072428386,70.40727869669597,False,116.0,30.0,0.25862068965517243,-68.69973438264836,-282.30096720403986,0.6565181840459848,1.4077500901458482
3029C009AA,5,2EX36457,True,1024,768,36.19695917765299,92.6905148824056,110.46246592203777,False,83.0,24.0,0.2891566265060241,-159.05664245288105,-190.2350534098104,-0.6218421994105029,1.299359476315609
3029C009AA,5,2EX36595,True,1024,768,42.96326192220052,80.75729878743489,73.16099548339844,False,108.0,38.0,0.35185185185185186,-51.95096808638595,45.149819572982366,-3.522592985350607,0.9787618983138087
3029C009AA,5,2EX36495,True,1024,768,31.994325002034504,79.98015594482422,96.3688227335612,False,69.0,17.0,0.2463768115942029,-297.8155053830636,-242.99165953715587,-0.44662040722980995,1.377861456378158
3029C009AA,5,2EX36528,True,1024,768,44.359240214029946,95.8753433227539,79.23527654012044,False,61.0,13.0,0.21311475409836064,-521.654583138147,-6.822670736058754,-5.5244276877559235,1.1300540146020328
3029C009AA,5,2EX36420,True,1024,768,64.32887522379558,108.27879333496094,46.973880767822266,False,77.0,9.0,0.11688311688311688,-705.6756024538056,-125.58173277787078,-0.49943533477370666,1.2622999419842804
3029C009AA,6,2EX36621,True,1024,768,58.563028971354164,52.94634246826172,51.01404825846354,True,,,,,,,
3029C009AA,6,2EX36398,True,1024,768,56.192422231038414,59.266493479410805,45.10052617390951,False,67.0,26.0,0.3880597014925373,127.67459308956973,159.72310689272516,2.4445902937509687,0.7519193930021273
3029C009AA,6,2EX36664,True,1024,768,57.59186045328776,54.1428337097168,59.12561289469401,False,83.0,32.0,0.3855421686746988,-17.499336614787175,-48.75607649171454,-0.9728771047248144,1.0934740755590735
3029C009AA,6,2EX36498,True,1024,768,61.95087814331055,73.73731486002605,44.74650192260742,False,62.0,20.0,0.3225806451612903,22.991420187413908,151.57433790322102,2.589523327900114,0.7843544789567459
3029C009AA,6,2EX36584,True,1024,768,32.266100565592446,90.15206146240234,70.68714904785156,False,71.0,38.0,0.5352112676056338,24.627367798423506,56.39720486694306,3.896937683536982,0.912131834816754
3029C009AA,6,2EX36618,True,1024,768,60.759029388427734,51.58210881551107,55.17982737223307,False,85.0,27.0,0.3176470588235294,-68.43141256154236,-108.68266223474771,-1.5490592318344023,1.2065607637311626
3029C009AA,6,2EX36433,True,1024,768,60.30690129597982,62.172871907552086,47.1479237874349,False,74.0,32.0,0.43243243243243246,105.31508054768375,167.95658328706503,1.2572785561400985,0.7571564252137069
3029C009AA,6,2EX36567,True,1024,768,61.34558868408203,49.83642578125,52.42686462402344,False,100.0,42.0,0.42,-55.18187277523085,-113.3983729807005,-2.2533124337126447,1.214466105359233
3029C009AA,7,2EX36558,True,1024,768,123.32580947875977,58.481737772623696,59.084832509358726,True,,,,,,,
3029C009AA,7,2EX36461,True,1024,768,110.42901611328125,70.49367650349934,45.69021352132162,False,172.0,14.0,0.08139534883720931,150.14199091619477,86.75487589136593,6.608525418453677,0.7874181564654087
3029C009AA,7,2EX36551,True,1024,768,119.32400767008464,59.87714513142904,62.126633961995445,False,200.0,110.0,0.55,-24.337273493945098,-16.856371641285808,-0.8363728825021897,1.0352040785590932
3029C009AA,7,2EX36657,True,1024,768,115.26678212483723,56.27972284952799,65.97842534383138,False,200.0,56.0,0.28,-13.800016425572542,-11.552837113609801,-0.9100576742695672,1.0051009447169548
3029C009AA,7,2EX36556,True,1024,768,84.9730936686198,56.44819895426432,80.90864562988281,False,200.0,34.0,0.17,43.76300048805096,-35.01644405272153,-1.3718416443839598,1.0248679789447002
3029C009AA,7,2EX36607,True,1024,768,73.65089543660481,93.17739232381184,72.94459025065105,False,200.0,41.0,0.205,60.57574769406321,-20.678040092106293,-1.903835660923331,1.005750036210056
3029C009AA,7,2EX36565,True,1024,768,73.89311345418294,68.0123405456543,68.16128667195638,False,171.0,29.0,0.1695906432748538,70.68662327939194,83.67986027677422,-2.746635162061707,0.8039092187923715
3029C009AA,7,2EX36604,True,1024,768,67.09714889526367,81.150328318278,80.68515523274739,False,200.0,39.0,0.195,-25.64907635387503,-24.639188557077006,-4.050678176821065,1.03469659184117
3029C009AA,8,2EX36549,True,1024,768,105.05157979329427,149.15391794840494,9.624348958333334,True,,,,,,,
3029C009AA,8,2EX36463,True,1024,768,54.20871607462565,72.71609624226888,7.0102895100911455,False,13.0,7.0,0.5384615384615384,64.83610679128228,47.452461582690425,-0.5093914555756506,1.2853297565504125
3029C009AA,8,2EX36496,True,1024,768,89.74902979532878,135.27495574951172,12.173576354980469,False,31.0,9.0,0.2903225806451613,1.075842316300518,48.47115492153039,-1.90036367962945,1.0007462561542804
3029C009AA,8,2EX36613,True,1024,768,78.6084721883138,124.58263142903645,9.431199391682943,False,11.0,3.0,0.2727272727272727,-1060.1257884512238,126.27411156734036,-44.63637045496844,3.9880282567954968
3029C009AA,8,2EX36592,True,1024,768,74.1361312866211,90.38980611165364,5.468813578287761,False,13.0,4.0,0.3076923076923077,257.3277045906894,502.44234542361175,62.224964914536635,0.04759583940644052
3029C009AA,8,2EX36487,True,1024,768,130.6173833211263,147.62810134887695,9.252506256103516,False,34.0,9.0,0.2647058823529412,11.786482989096598,141.72298719573863,-8.652629886771518,1.078371391857811
3029C009AA,8,2EX36552,True,1024,768,111.49767812093098,140.06176249186197,8.53833262125651,False,31.0,13.0,0.41935483870967744,73.64749942962897,122.68270168363615,-4.654810104795258,0.9599801659752522
3029C009AA,8,2EX36605,True,1024,768,87.85448710123698,146.21308390299478,10.812999725341797,False,23.0,7.0,0.30434782608695654,-1.2605046210356303,0.6016870260454896,-0.2155352208046694,0.9983041997270302
3029C009AA,9,2EX36398,True,1024,768,95.95467885335286,127.54553476969402,13.295478820800781,True,,,,,,,
3029C009AA,9,2EX36553,True,1024,768,90.48657608032227,122.53191757202148,11.411694844563803,False,50.0,27.0,0.54,46.59758086975721,-41.10451708005244,1.835741228007743,1.0033697718629366
3029C009AA,9,2EX36544,True,1024,768,97.30329513549805,110.87194442749023,13.0541140238444,False,70.0,32.0,0.45714285714285713,3.281483808081706,-104.91245682482614,1.0001113991584611,0.999401786442567
3029C009AA,9,2EX36505,True,1024,768,101.17815017700195,129.06098810831705,11.661097208658854,False,70.0,33.0,0.4714285714285714,36.077753294730435,-143.45824325234966,2.0077211734432567,1.0090781485496718
3029C009AA,9,2EX36618,True,1024,768,106.51390329996745,132.18064498901367,12.690292358398438,False,79.0,51.0,0.6455696202531646,12.700809408102973,-72.32207507677236,0.9411646334629108,1.0030870529240334
3029C009AA,9,2EX36562,True,1024,768,97.86707305908203,110.77614339192708,10.806624094645182,False,61.0,25.0,0.4098360655737705,-60.07237530310957,-84.43617201347584,-2.0353800110844738,0.9971747119707607
3029C009AA,9,2EX36636,True,1024,768,105.77839660644531,133.8849309285482,18.555679321289062,False,64.0,31.0,0.484375,-7.477519009521397,-167.54870172316325,2.597205731564237,1.0002837927067894
3029C009AA,9,2EX36624,True,1024,768,105.2291971842448,127.66889826456706,13.704415639241537,False,73.0,40.0,0.547945205479452,33.3969009503138,-112.04086206161266,2.4983202773497553,0.9951431734351767
3029C009AA,10,2EX36624,True,1024,768,107.5348409016927,131.21489969889322,9.92508061726888,True,,,,,,,
3029C009AA,10,2EX36507,True,1024,768,107.35621515909831,137.66593297322592,10.083258310953775,False,200.0,104.0,0.52,34.549834057609175,9.302924115618557,1.0441947704857035,0.9637516474030646
3029C009AA,10,2EX36659,True,1024,768,113.67444101969402,129.36161168416342,9.28280512491862,False,200.0,100.0,0.5,-6.979853480839279,20.27733389341361,-1.6369043718534486,0.992820379535269
3029C009AA,10,2EX36640,True,1024,768,108.86413192749023,140.68427149454752,12.349138895670572,False,200.0,131.0,0.655,-2.187190530306441,13.329939363007012,0.7700084349046918,1.0044822340966912
3029C009AA,10,2EX36484,True,1024,768,125.04298655192058,142.82325744628906,9.417352040608725,False,200.0,91.0,0.455,23.89311824421814,18.023367526591386,-1.534300027165165,0.9890048363601096
3029C009AA,10,2EX36441,True,1024,768,140.55509185791016,138.19549814860025,12.827765146891275,False,200.0,104.0,0.52,1.5722102233088704,35.66099114317422,-0.6232365080914345,0.9924462127183128
3029C009AA,10,2EX36543,True,1024,768,105.96487553914388,150.73891576131186,21.847928365071613,False,200.0,84.0,0.42,-17.640708943050292,26.351976687691675,-1.4424138399503144,1.0071730370548906
3029C009AA,10,2EX36661,True,1024,768,111.13407389322917,156.65581130981445,23.720347086588543,False,200.0,122.0,0.61,-7.764497601387584,17.157948648814887,-0.07294024575471882,0.9981064173622912
3029C009AA,11,2EX36569,True,1024,768,71.94567108154297,133.93160247802734,11.651311238606771,True,,,,,,,
3029C009AA,11,2EX36445,True,1024,768,126.01775614420573,141.05775197347006,9.006680806477865,False,61.0,23.0,0.3770491803278688,4.118982775106472,33.759230249787464,-4.070941819522687,1.0328840773367354
3029C009AA,11,2EX36518,True,1024,768,123.69555918375652,137.70806630452475,8.587013244628906,False,69.0,27.0,0.391304347826087,-9.45791026252272,25.407885799854466,-2.727989445088394,1.003580087120388
3029C009AA,11,2EX36556,True,1024,768,125.22651036580403,149.56705856323242,9.924428304036459,False,96.0,50.0,0.5208333333333334,-22.12506927791893,11.604201575720559,-2.3364719315412223,1.012266733046037
3029C009AA,11,2EX36513,True,1024,768,127.76987838745117,150.72692489624023,9.180900573730469,False,61.0,19.0,0.3114754098360656,-55.271808167796955,45.290486698334476,-7.076198952984553,1.0254431673736257
3029C009AA,11,2EX36499,True,1024,768,114.34379323323567,142.0486297607422,9.17123540242513,False,66.0,21.0,0.3181818181818182,47.633566764973224,32.866647160373205,-3.3099690765065155,1.0142504390013203
3029C009AA,11,2EX36473,True,1024,768,124.27311579386394,144.4258778889974,9.17102305094401,False,60.0,15.0,0.25,-38.299133545358245,41.49833826043965,-4.353692480291015,1.031822513096741
3029C009AA,11,2EX36410,True,1024,768,123.33509190877278,137.6669019063314,9.31298573811849,False,70.0,30.0,0.42857142857142855,-42.36837304756633,17.491749902191266,-3.666678490170993,1.026411889201276
3029C009AA,12,2EX36421,True,1024,768,119.8081906636556,117.38266245524089,18.802880605061848,True,,,,,,,
3029C009AA,12,2EX36523,True,1024,768,155.87683868408203,133.3444086710612,10.992482503255209,False,73.0,9.0,0.1232876712328767,2.552253856433246,-2.831673092720667,1.0960617069214265,0.989834253101912
3029C009AA,12,2EX36641,True,1024,768,111.76446151733398,121.20448939005534,27.51308822631836,False,76.0,11.0,0.14473684210526316,168.99936555353065,361.2210490396916,109.54896465063983,0.05658963721228986
3029C009AA,12,2EX36435,True,1024,768,129.3476676940918,132.54602177937826,12.74740219116211,False,68.0,13.0,0.19117647058823528,0.9570140442873216,-0.2566872807673039,0.2459564644083349,1.0000029173265639
3029C009AA,12,2EX36631,True,1024,768,125.31661605834961,132.4659194946289,23.007071177164715,False,72.0,6.0,0.08333333333333333,373.3206115140779,1278.439373408361,-123.0763452604196,1.2201926830150371
3029C009AA,12,2EX36610,True,1024,768,146.18232854207358,145.4520581563314,13.250714619954428,False,76.0,8.0,0.10526315789473684,866.3449934693407,-135.4793593532339,66.12084558332276,0.9264475712806911
3029C009AA,12,2EX36497,True,1024,768,117.52441660563152,127.52644220987956,16.037862141927082,False,90.0,26.0,0.28888888888888886,-128.82218551666574,7.617976210416311,-5.391524602261347,0.9794220239026653
3029C009AA,12,2EX36594,True,1024,768,111.2128791809082,128.58826319376627,22.11903254191081,False,69.0,7.0,0.10144927536231885,-3.3282320591696606,-0.08542358300563778,-0.5906253936089761,1.0021855728663391
3029C009AA,13,2EX36651,True,1024,768,77.6895751953125,101.33330154418945,21.896109263102215,True,,,,,,,
3029C009AA,13,2EX36602,True,1024,768,108.88173294067383,120.47531509399414,15.024747212727865,False,200.0,26.0,0.13,-102.83546026708485,7.845798991977373,1.7492085581862422,1.1172727634943413
3029C009AA,13,2EX36522,True,1024,768,79.69516118367513,111.74854787190755,15.935223897298178,False,200.0,24.0,0.12,633.9364744111588,817.4104256300855,-140.1294898139443,0.5733008733351066
3029C009AA,13,2EX36473,True,1024,768,62.91302744547526,80.35858408610027,21.24085871378581,False,200.0,28.0,0.14,839.9781805800993,1066.159368296866,-159.72996882656378,1.0240190495677661
3029C009AA,13,2EX36400,True,1024,768,95.5193468729655,104.10544459025066,17.713518778483074,False,200.0,23.0,0.115,685.9135405681401,1060.8053555891731,-148.67730589917124,0.9655473630739055
3029C009AA,13,2EX36452,True,1024,768,99.0455436706543,115.15800348917644,14.899303436279297,False,200.0,27.0,0.135,788.0850906761955,1080.0234246414939,-151.33792329082166,1.0150937899004502
3029C009AA,13,2EX36615,True,1024,768,89.86571629842122,119.42118072509766,14.701583862304688,False,200.0,13.0,0.065,-167.537726845789,-6.540474443298731,4.109931381231198,1.1348207375207708
3029C009AA,13,2EX36510,True,1024,768,64.68800608317058,112.75639979044597,30.47912851969401,False,200.0,27.0,0.135,678.4652504590293,1076.3451691934283,-149.61349575034887,0.9796842884368442
3029C009AA,14,2EX36488,True,1024,768,124.77497227986653,143.49343744913736,18.56155268351237,True,,,,,,,
3029C009AA,14,2EX36663,True,1024,768,108.143492380778,128.78856658935547,20.47269566853841,False,103.0,9.0,0.08737864077669903,284.60050172000166,-169.4551711330915,37.35506240485798,1.013602421194961
3029C009AA,14,2EX36635,True,1024,768,101.0511983235677,128.42310841878256,22.885968526204426,False,114.0,14.0,0.12280701754385964,217.67748628203597,-118.63446066276761,34.16709700841556,1.024430373855369
3029C009AA,14,2EX36423,True,1024,768,120.08370971679688,145.33405558268228,17.280471801757812,False,116.0,23.0,0.19827586206896552,51.93041878466496,-37.45701747935003,10.315760888107398,1.0243413252130613
3029C009AA,14,2EX36525,True,1024,768,103.46102396647136,128.88763173421225,24.579388936360676,False,73.0,14.0,0.1917808219178082,-82.20247865082736,115.75370640737242,-20.86267806631029,0.9904131558590051
3029C009AA,14,2EX36460,True,1024,768,125.47039794921875,134.7668342590332,16.814225514729817,False,161.0,85.0,0.5279503105590062,120.4785964450992,-63.99499269390032,16.641006679884725,0.9714936087382602
3029C009AA,14,2EX36631,True,1024,768,115.37840398152669,136.1762326558431,21.565630594889324,False,130.0,20.0,0.15384615384615385,149.82667836795653,-94.01209954492968,28.139748608851846,1.015618737943602
3029C009AA,14,2EX36466,True,1024,768,99.5362040201823,125.66074752807617,24.470877329508465,False,74.0,13.0,0.17567567567567569,68.90847905132665,-29.31909183655375,6.505934029145578,1.0298353425475413
3029C010AA,0,2EY10819,True,1024,768,98.97270202636719,135.4691416422526,16.668777465820312,True,,,,,,,
3029C010AA,0,2EY10822,True,1024,768,131.45928446451822,134.2055575052897,13.69247563680013,False,200.0,186.0,0.93,-54.60529104184209,-66.4841449047815,-1.5577992524763722,0.9917209866515335
3029C010AA,0,2EY10823,True,1024,768,171.8597157796224,150.90766779581705,12.026349385579428,False,200.0,52.0,0.26,0.5658655370185048,-156.67135479140512,-6.389899227087793,0.9462550148692798
3029C010AA,0,2EY10815,True,1024,768,121.26292165120442,116.92793401082356,13.584908803304037,False,200.0,179.0,0.895,-40.84777679070416,-30.312684780851455,-1.9586814221339073,0.9973827697494236
3029C010AA,0,2EY10825,True,1024,768,131.69930267333984,108.88678741455078,9.32479985555013,False,200.0,119.0,0.595,-26.65565946985611,-165.25338062608415,1.0945366535181686,0.9866233011598258
3029C010AA,0,2EY10814,True,1024,768,123.26157760620117,130.94534047444662,12.155834197998047,False,200.0,176.0,0.88,-13.62685530653009,18.540156507052554,-1.6545930988176352,0.9987887239112002
3029C010AA,0,2EY10818,True,1024,768,124.58742141723633,135.68841044108072,12.560724894205729,False,200.0,159.0,0.795,-67.08256321273612,30.80609288794049,-3.5694031465459153,0.993615866925686
3029C010AA,0,2EY10816,True,1024,768,106.54300689697266,125.32137552897136,12.375699361165365,False,200.0,151.0,0.755,-67.82506119445101,41.36569726057029,-2.750251605071912,0.9949098374530227
3029C010AA,1,2EY10822,True,1024,768,106.73802947998047,137.9095713297526,9.522688547770182,True,,,,,,,
3029C010AA,1,2EY10818,True,1024,768,118.45546849568684,147.13514963785806,8.680238087972006,False,130.0,75.0,0.5769230769230769,13.03882473750691,23.103998554405024,2.797001525923699,0.998576887457162
3029C010AA,1,2EY10823,True,1024,768,131.74504852294922,140.27892049153647,11.154336293538412,False,138.0,83.0,0.6014492753623188,130.9405519559061,33.23816468400239,4.042255270172276,1.0189169463724008
3029C010AA,1,2EY10819,True,1024,768,109.42642593383789,145.840576171875,9.642152150472006,False,126.0,74.0,0.5873015873015873,31.101723358772468,-2.304449650364382,3.816814821219141,0.9996352227674268
3029C010AA,1,2EY10810,True,1024,768,108.33021418253581,150.36026000976562,10.246632893880209,False,131.0,70.0,0.5343511450381679,-39.40447726727742,38.71922570800778,-0.2031906174879299,1.0053696065273066
3029C010AA,1,2EY10816,True,1024,768,113.4984499613444,134.68900934855142,8.917256673177084,False,149.0,89.0,0.5973154362416108,-44.19639890817485,22.49507102082732,-1.549213479176429,0.9954139404575263
3029C010AA,1,2EY10824,True,1024,768,92.55631256103516,143.41307957967123,10.301373799641928,False,122.0,72.0,0.5901639344262295,-76.82135547340174,122.15929873385667,4.267148585388361,1.0105039450614057
3029C010AA,1,2EY10812,True,1024,768,90.3008550008138,140.43034489949545,9.647343953450521,False,126.0,66.0,0.5238095238095238,27.63109780653809,29.86294718696358,3.734799445117203,0.9985882873417025
3029C010AA,2,2EY10819,True,1024,768,119.25096893310547,137.38449223836264,8.204452514648438,True,,,,,,,
3029C010AA,2,2EY10813,True,1024,768,127.86818313598633,136.0075823465983,8.739362080891928,False,200.0,143.0,0.715,-19.519978842928484,20.182870262799952,-0.5346190192047451,1.0009007562506587
3029C010AA,2,2EY10812,True,1024,768,127.93636067708333,148.28903452555338,9.555433909098307,False,200.0,151.0,0.755,-5.004259529798605,5.4777922012063085,0.15871851389580333,1.0014625352590318
3029C010AA,2,2EY10824,True,1024,768,127.38588587443034,146.61541875203451,9.9128786722819,False,200.0,125.0,0.625,-26.326060285736517,2.2139426906220807,-0.443446225359999,0.9984811876124152
3029C010AA,2,2EY10820,True,1024,768,122.00171407063802,137.94098536173502,8.741259256998697,False,200.0,142.0,0.71,19.70099921183901,19.74626582714307,0.3404447326425419,1.001845056241965
3029C010AA,2,2EY10815,True,1024,768,122.23479970296223,143.1444231669108,10.262205759684244,False,200.0,154.0,0.77,-56.180161153744955,65.35913085382579,-4.001377614972009,1.0036810618435863
3029C010AA,2,2EY10808,True,1024,768,109.75226974487305,114.86164728800456,9.896711985270182,False,200.0,158.0,0.79,26.949253876607642,62.995642427747626,-1.7127448396246585,1.0060184414795084
3029C010AA,2,2EY10809,True,1024,768,111.04202651977539,133.9852498372396,8.38555653889974,False,200.0,175.0,0.875,-27.810227363348908,17.446417925809158,-0.853700042295773,1.0014978947147641
3029C010AA,3,2EY10819,True,1024,768,115.32605997721355,133.45986302693686,8.169752756754557,True,,,,,,,
3029C010AA,3,2EY10807,True,1024,768,118.20756276448567,134.5545908610026,8.735298156738281,False,200.0,153.0,0.765,-42.90989330971879,33.656213597009426,-1.5159295390970784,0.9999372959929946
3029C010AA,3,2EY10814,True,1024,768,117.31443150838216,140.23800659179688,8.793083190917969,False,200.0,156.0,0.78,-31.245611941056108,-18.82158729825681,1.8872892550216827,0.9975885796472111
3029C010AA,3,2EY10812,True,1024,768,117.0646464029948,149.3704833984375,10.144364674886068,False,200.0,151.0,0.755,-37.65616555317817,-57.38606311446313,0.6780628948180731,0.9967334206570941
3029C010AA,3,2EY10813,True,1024,768,119.30538813273112,158.65811665852866,19.813008626302082,False,200.0,141.0,0.705,-74.94183159287007,31.67370226057296,-3.188682498032474,0.9959506849786396
3029C010AA,3,2EY10810,True,1024,768,113.81663004557292,148.16179402669272,10.254558563232422,False,200.0,165.0,0.825,-57.33015823786025,30.186387020053612,-1.7567977717579721,1.0026908570992843
3029C010AA,3,2EY10825,True,1024,768,116.61014175415039,151.02965037027994,10.584153493245443,False,200.0,142.0,0.71,-59.6472495813177,-5.416654977229916,-2.6475129134565454,0.9956591079766219
3029C010AA,3,2EY10820,True,1024,768,107.82768885294597,132.08241271972656,9.253485361735025,False,200.0,153.0,0.765,-34.56721772994691,-5.178826529427036,-0.9641666486002108,0.9973647295051377
3029C010AA,4,2EY10807,True,1024,768,75.98569869995117,46.94628651936849,51.717122395833336,True,,,,,,,
3029C010AA,4,2EY10809,True,1024,768,84.3499526977539,54.187573750813804,43.43856684366862,False,200.0,148.0,0.74,91.66637224666852,70.36341281183815,-1.3582953644994766,0.8448627528562092
3029C010AA,4,2EY10824,True,1024,768,63.196282704671226,56.86675008138021,57.553829193115234,False,200.0,134.0,0.67,97.9250198761918,-135.09342771882822,-4.751386471704082,1.0821451322400275
3029C010AA,4,2EY10812,True,1024,768,80.66726811726888,51.20351791381836,47.234903971354164,False,200.0,171.0,0.855,16.559106121389643,-2.241701627682811,0.5912536862038432,0.9694995892823633
3029C010AA,4,2EY10817,True,1024,768,73.20674896240234,47.5135243733724,51.910369873046875,False,200.0,194.0,0.97,-13.002565723005437,-15.417139549158328,1.078642876484213,0.9759583204180701
3029C010AA,4,2EY10816,True,1024,768,78.0724105834961,51.836395263671875,61.40789794921875,False,200.0,118.0,0.59,94.86546808956001,-38.0209211023384,-1.4555192204331275,0.8581066256442884
3029C010AA,4,2EY10825,True,1024,768,67.83759435017903,49.22338994344076,69.87800852457683,False,200.0,165.0,0.825,128.87389125589942,-129.65938352848363,-3.3815404461645264,1.0787740956869525
3029C010AA,4,2EY10819,True,1024,768,70.95534133911133,50.24683634440104,47.95820236206055,False,200.0,195.0,0.975,19.143725141509762,-4.3618965594056185,0.6081472808748475,0.980768038632672
3029C010AA,5,2EY10811,True,1024,768,67.99801508585612,69.36389287312825,75.66580327351888,True,,,,,,,
3029C010AA,5,2EY10807,True,1024,768,60.25034205118815,62.539599100748696,58.92489751180013,False,200.0,98.0,0.49,73.87293530758015,107.30277992104989,-0.29678151673677994,0.850119185671818
3029C010AA,5,2EY10818,True,1024,768,62.720208485921226,69.58557637532552,83.64329655965169,False,200.0,136.0,0.68,-2.0665224116371768,-11.534020437768131,0.03499179313017918,1.0181524006523357
3029C010AA,5,2EY10823,True,1024,768,32.779181162516274,89.85606384277344,105.05036799112956,False,94.0,29.0,0.30851063829787234,264.73211894859924,128.6527624887325,-0.882730566486785,0.8237136606010745
3029C010AA,5,2EY10815,True,1024,768,35.95014444986979,59.56078974405924,75.49575678507487,False,156.0,88.0,0.5641025641025641,-78.12712548306564,25.707040143917247,-3.2485999476303977,0.9668984091062319
3029C010AA,5,2EY10813,True,1024,768,74.06767145792644,53.75252914428711,60.84485117594401,False,200.0,77.0,0.385,100.54650173055299,208.99440494355747,-4.368307353547558,0.7232441692662176
3029C010AA,5,2EY10812,True,1024,768,68.48963673909505,84.38801574707031,58.67360814412435,False,195.0,78.0,0.4,76.18698853976203,139.12982800629928,-2.2462442343506526,0.7813334043515929
3029C010AA,5,2EY10825,True,1024,768,34.16712951660156,82.7325070699056,94.21397399902344,False,93.0,20.0,0.21505376344086022,261.73171758866204,162.05291236802316,-1.5898090891528995,0.7777665992887322
3029C010AA,6,2EY10806,True,1024,768,43.0768788655599,69.07917785644531,58.78393046061198,True,,,,,,,
3029C010AA,6,2EY10811,True,1024,768,80.45364634195964,57.31293487548828,69.3875846862793,False,69.0,17.0,0.2463768115942029,32.787550763970785,-126.27903421196501,-0.8749556046146694,1.208256369168303
3029C010AA,6,2EY10818,True,1024,768,87.63558832804362,53.910386403401695,72.79192225138347,False,82.0,20.0,0.24390243902439024,33.03091029234606,-126.53596724926365,-1.2628485670918526,1.2103034936891652
3029C010AA,6,2EY10817,True,1024,768,63.38862228393555,44.31952031453451,47.88625844319662,False,50.0,20.0,0.4,187.0688289059071,-150.78650004769244,-0.28793109032215597,1.2824704946305432
3029C010AA,6,2EY10805,True,1024,768,55.75727208455404,58.28166580200195,84.99249903361003,False,78.0,35.0,0.44871794871794873,-51.98022292669589,-90.60241868784918,1.2423452783033646,1.1579341919750055
3029C010AA,6,2EY10823,True,1024,768,72.00573857625325,48.78422419230143,48.17494328816732,False,64.0,23.0,0.359375,192.12041901770368,-96.51043440174006,-4.4146494750240235,1.14929783304524
3029C010AA,6,2EY10822,True,1024,768,51.63616816202799,45.58856074015299,61.0372060139974,False,62.0,26.0,0.41935483870967744,129.23640765241387,-90.60440772594085,1.6918056925291105,1.142933620273161
3029C010AA,6,2EY10814,True,1024,768,77.48981221516927,46.225232442220054,54.49518076578776,False,50.0,14.0,0.28,136.09249542534863,-147.2050751302207,-0.2204683883777391,1.2945613792630362
3029C010AA,7,2EY10817,True,1024,768,71.87509282430013,89.66068522135417,63.04364776611328,True,,,,,,,
3029C010AA,7,2EY10820,True,1024,768,110.96074040730794,73.03191630045573,60.955145517985024,False,200.0,12.0,0.06,72.48785641133951,103.03500916020936,4.600567726575313,0.7890045925111385
3029C010AA,7,2EY10805,True,1024,768,120.5792350769043,67.15808868408203,49.180973052978516,False,200.0,32.0,0.16,152.472153579135,189.80982836893398,0.2520164130140803,0.6666999400545519
3029C010AA,7,2EY10816,True,1024,768,87.50617980957031,83.08374532063802,58.19642639160156,False,200.0,51.0,0.255,84.29235352396194,110.42872263988247,-5.2102923692127066,0.8136197452234101
3029C010AA,7,2EY10814,True,1024,768,90.70217641194661,61.4897346496582,66.65682474772136,False,200.0,72.0,0.36,-2.72024015284085,2.449326124918781,0.027075871983773883,1.0006161455384563
3029C010AA,7,2EY10825,True,1024,768,119.42273966471355,57.2849235534668,70.22816212972005,False,200.0,35.0,0.175,-8.283835885539748,3.0304969392276573,-0.6640672036816888,1.0347067405165078
3029C010AA,7,2EY10811,True,1024,768,83.09512074788411,72.12810643513997,70.29279327392578,False,200.0,49.0,0.245,-7.763681745331323,-15.559343410364352,0.817060962973083,1.0203446160935328
3029C010AA,7,2EY10818,True,1024,768,78.32996877034505,80.84852091471355,66.54198710123698,False,200.0,66.0,0.33,-20.732753891917206,-8.517372055548742,-0.8230713695371696,1.0308532283814993
3029C010AA,8,2EY10823,True,1024,768,94.1912104288737,82.42247772216797,20.123132069905598,True,,,,,,,
3029C010AA,8,2EY10825,True,1024,768,111.4374771118164,93.02440516153972,25.34130605061849,False,178.0,20.0,0.11235955056179775,-134.50506558696483,8.499112954344614,-7.4180367854592335,1.1707674376121644
3029C010AA,8,2EY10812,True,1024,768,108.69507726033528,97.70374170939128,27.162831624348957,False,193.0,21.0,0.10880829015544041,-62.665537124626994,-60.68989405955668,-0.8838746818601714,1.0703771010439005
3029C010AA,8,2EY10820,True,1024,768,121.84744389851888,123.9419682820638,38.5281130472819,False,199.0,18.0,0.09045226130653267,-126.67535782340855,-34.0780320123025,-0.8456224433663349,1.1045869399273136
3029C010AA,8,2EY10824,True,1024,768,120.91240564982097,109.71090952555339,28.450443267822266,False,152.0,11.0,0.07236842105263158,-88.81994454413471,-98.30884473836885,1.2310820740253618,1.2685261375078933
3029C010AA,8,2EY10809,True,1024,768,113.97068150838216,91.67097473144531,27.843817392985027,False,191.0,17.0,0.08900523560209424,-79.08804273260736,-68.99199370064028,-0.03719275111041531,1.090619329064193
3029C010AA,8,2EY10811,True,1024,768,119.5004374186198,80.74877548217773,24.708016713460285,False,189.0,18.0,0.09523809523809523,-123.08185586818148,-13.058317953518893,-3.858895526074641,1.1380441441737466
3029C010AA,8,2EY10822,True,1024,768,115.11130905151367,106.13669967651367,26.855491638183594,False,128.0,9.0,0.0703125,3.1902024867888152,-57.75772988128609,5.659987388588454,1.1180140610936942
3029C010AA,9,2EY10805,True,1024,768,95.88884353637695,125.89463678995769,11.596338907877604,True,,,,,,,
3029C010AA,9,2EY10817,True,1024,768,112.65700785319011,131.58452606201172,14.506024678548178,False,200.0,69.0,0.345,33.82385888257725,46.48091262459177,-3.168413499260271,0.8970118654924529
3029C010AA,9,2EY10815,True,1024,768,95.8284797668457,127.42312876383464,13.400522867838541,False,130.0,21.0,0.16153846153846155,73.11291652342356,70.35045199303387,-3.853727459278787,0.8499376538095205
3029C010AA,9,2EY10824,True,1024,768,121.50289789835612,139.55927276611328,12.403951009114584,False,200.0,51.0,0.255,9.363351659084248,-128.29410698645512,3.7405701182394506,1.1486287316169652
3029C010AA,9,2EY10810,True,1024,768,83.8914909362793,117.5458984375,12.234170277913412,False,200.0,73.0,0.365,-39.97287847335256,-50.54108161828206,0.9757280894007502,1.0242873521283733
3029C010AA,9,2EY10818,True,1024,768,113.78619384765625,131.4296137491862,12.58823267618815,False,200.0,113.0,0.565,-2.4420644815627885,19.810841764392894,-3.1111477628093356,0.9390762833497186
3029C010AA,9,2EY10812,True,1024,768,87.7626724243164,116.28489303588867,12.066287994384766,False,200.0,64.0,0.32,-41.52471103817356,50.07528093710104,-3.9321840243927615,0.9182619564860177
3029C010AA,9,2EY10807,True,1024,768,122.58721542358398,134.0494295756022,12.428277333577475,False,200.0,49.0,0.245,73.24905364072448,67.27503990519203,-0.3571374427336254,0.8201847137980098
3029C010AA,10,2EY10825,True,1024,768,129.89974721272787,153.37503814697266,9.169119517008463,True,,,,,,,
3029C010AA,10,2EY10823,True,1024,768,94.8798344930013,145.69066874186197,9.756099700927734,False,27.0,17.0,0.6296296296296297,35.20281294628878,-20.229626308461302,0.3555277293618086,0.9919702346926498
3029C010AA,10,2EY10805,True,1024,768,121.77906926472981,154.94158299763998,10.16509755452474,False,32.0,15.0,0.46875,2.6994581001144087,-48.35186097423821,-0.24038764969649012,0.9870821654787004
3029C010AA,10,2EY10817,True,1024,768,117.73979822794597,150.13141123453775,9.940667470296225,False,44.0,23.0,0.5227272727272727,-40.248374372025,17.363924694154775,-0.6845029744161413,1.0287851503889884
3029C010AA,10,2EY10824,True,1024,768,124.58979924519856,155.7533302307129,10.742369333902994,False,34.0,15.0,0.4411764705882353,99.63231808757922,-16.394946160734296,5.562373261244164,1.0027085349065599
3029C010AA,10,2EY10806,True,1024,768,103.99638239542644,140.33198928833008,8.363709767659506,False,33.0,13.0,0.3939393939393939,-40.485064087908334,28.442068895277107,-1.0726982101640155,1.003377232802208
3029C010AA,10,2EY10815,True,1024,768,114.80849329630534,147.65400187174478,9.820209503173828,False,25.0,6.0,0.24,-0.5845826647966325,3.948625601518068,-0.4422383869401804,0.9966231433425095
3029C010AA,10,2EY10811,True,1024,768,106.381654103597,145.0463434855143,8.77578353881836,False,27.0,17.0,0.6296296296296297,23.367169954709308,-61.81441611457633,1.7392099125628036,0.986602851643448
3029C010AA,11,2EY10809,True,1024,768,111.47751871744792,137.9914182027181,11.083702087402344,True,,,,,,,
3029C010AA,11,2EY10819,True,1024,768,99.38388188680013,135.1239013671875,15.644432067871094,False,117.0,58.0,0.49572649572649574,55.78958488253709,-7.646514986007508,-0.8394596015529845,0.9787514962141192
3029C010AA,11,2EY10810,True,1024,768,91.27394994099934,119.23655954996745,12.23867925008138,False,108.0,36.0,0.3333333333333333,95.24511600755511,8.778072051300429,2.169399690434511,1.0169355789547825
3029C010AA,11,2EY10806,True,1024,768,102.82140858968098,136.03201548258463,16.550546010335285,False,120.0,58.0,0.48333333333333334,78.51194757736265,-36.167466368563495,3.7055214311750713,1.0041217076077744
3029C010AA,11,2EY10813,True,1024,768,91.04190826416016,121.9886703491211,12.731700897216797,False,94.0,40.0,0.425531914893617,103.71426954067366,-6.917804045557895,3.0575543419259223,1.0082554646754074
3029C010AA,11,2EY10811,True,1024,768,100.51789093017578,124.69057973225911,11.659620920817057,False,116.0,53.0,0.45689655172413796,34.92199025911683,-16.696254559281176,1.0322421097109529,1.0093801497255828
3029C010AA,11,2EY10823,True,1024,768,103.83935546875,111.02106857299805,17.0045649210612,False,88.0,48.0,0.5454545454545454,1.3780356563185265,-38.432979030935556,1.0123354486143477,1.0078325470294502
3029C010AA,11,2EY10808,True,1024,768,105.03910954793294,115.33426157633464,12.810685475667318,False,110.0,54.0,0.4909090909090909,37.99859045027539,-8.644307137723947,0.6028677457845047,1.0113085995960551
3029C010AA,12,2EY10819,True,1024,768,106.79175694783528,133.84282938639322,9.773420969645182,True,,,,,,,
3029C010AA,12,2EY10815,True,1024,768,121.29917526245117,149.1529197692871,11.8358523050944,False,200.0,77.0,0.385,11.828101229921696,8.393652677899059,7.743615612905425,0.8943293559486707
3029C010AA,12,2EY10824,True,1024,768,112.50422032674153,132.98775736490884,9.5858154296875,False,200.0,184.0,0.92,14.366224996622966,-14.961507657082347,3.162705835058329,1.0021843069964294
3029C010AA,12,2EY10817,True,1024,768,116.82431538899739,128.5112673441569,8.51672617594401,False,200.0,108.0,0.54,-8.964536820802026,90.08712523070857,0.1507267605238362,0.9021600029687212
3029C010AA,12,2EY10813,True,1024,768,106.67240905761719,130.59681701660156,11.218271891276041,False,200.0,146.0,0.73,3.19771665605675,15.014646611043526,1.5156446046650633,1.0011332959182033
3029C010AA,12,2EY10822,True,1024,768,114.03482309977214,129.1999308268229,9.922805786132812,False,200.0,120.0,0.6,10.365131069462356,0.3022160334946036,1.8575546603523807,1.0029487785444966
3029C010AA,12,2EY10818,True,1024,768,114.72842407226562,150.32952499389648,12.735856374104818,False,200.0,68.0,0.34,-41.82563779530349,53.271178089358926,2.283679016550436,0.904151488955601
3029C010AA,12,2EY10811,True,1024,768,110.77152252197266,134.67132059733072,9.639928181966146,False,200.0,163.0,0.815,10.464062601696476,-9.10359822334312,2.321051346505525,1.000610786555613
3029C010AA,13,2EY10813,True,1024,768,125.14844512939453,141.54084904988608,8.196980794270834,True,,,,,,,
3029C010AA,13,2EY10807,True,1024,768,126.31513595581055,135.47575251261392,9.062520345052084,False,38.0,7.0,0.18421052631578946,-29.514214536926794,-6.43458525409063,-3.4453983990682024,1.0005588668759906
3029C010AA,13,2EY10820,True,1024,768,115.41778945922852,149.85975774129233,11.01467768351237,False,38.0,20.0,0.5263157894736842,-24.69361742288277,-177.15062153413544,0.3378674735204876,1.1059240744153918
3029C010AA,13,2EY10805,True,1024,768,126.4632937113444,147.63562647501627,9.431126912434896,False,50.0,30.0,0.6,-13.368639290331602,-17.522781713204797,-2.5547318124736846,1.0019013671744115
3029C010AA,13,2EY10806,True,1024,768,119.65281677246094,142.26546478271484,9.492701212565104,False,33.0,14.0,0.42424242424242425,-47.32078260977889,-52.60323434918602,-0.5515274507112634,1.2178799750801246
3029C010AA,13,2EY10810,True,1024,768,117.34993108113606,145.86188507080078,9.935066223144531,False,45.0,7.0,0.15555555555555556,-0.5380961458169098,-146.19038775606046,0.019539496444548176,1.0894404598948475
3029C010AA,13,2EY10808,True,1024,768,119.04012807210286,139.5195515950521,10.239840189615885,False,47.0,28.0,0.5957446808510638,50.7610625039985,-44.36931029106217,-3.804346039964643,0.9702371742281894
3029C010AA,13,2EY10815,True,1024,768,118.20549392700195,147.63137435913086,8.705482482910156,False,31.0,5.0,0.16129032258064516,660.3207631904936,368.1551054755507,151.24391864842906,0.026516051905556847
3029C010AA,14,2EY10807,True,1024,768,111.8337516784668,145.42008336385092,10.38601048787435,True,,,,,,,
3029C010AA,14,2EY10806,True,1024,768,122.94029998779297,142.54233042399088,8.76720937093099,False,200.0,175.0,0.875,44.58274795716131,-105.42718705018426,1.5279608672802691,0.9912619000554483
3029C010AA,14,2EY10805,True,1024,768,126.99035390218098,147.43612925211588,9.153949737548828,False,200.0,184.0,0.92,-22.333021781332018,7.73585498734038,-3.337912018596591,1.0067037740142015
3029C010AA,14,2EY10812,True,1024,768,117.85388565063477,135.53180948893228,10.532726287841797,False,200.0,166.0,0.83,-21.651884543755738,72.89393351314502,-2.4652790742818818,0.9988065714817121
3029C010AA,14,2EY10811,True,1024,768,123.06922276814778,137.9117342631022,10.014790852864584,False,200.0,185.0,0.925,55.15801699676946,14.742720031924055,-0.8344340881323802,1.006152982340758
3029C010AA,14,2EY10818,True,1024,768,129.0616683959961,148.3435796101888,9.301162719726562,False,200.0,172.0,0.86,-11.266603193005535,-16.095210309764422,-2.244140203868218,0.9956269516154755
3029C010AA,14,2EY10823,True,1024,768,128.85777155558267,137.7167536417643,8.058587392171225,False,200.0,58.0,0.29,780.629806205584,819.5144041656234,173.7496072820009,0.763261200763362
3029C010AA,14,2EY10814,True,1024,768,126.68202590942383,145.53559239705405,9.291792551676432,False,200.0,165.0,0.825,9.858759619502438,-20.22515885229749,-2.2659245148748415,0.9918148620577775
3029C010AA,15,2EY10809,True,1024,768,86.98024241129558,60.49729537963867,15.334061940511068,True,,,,,,,
3029C010AA,15,2EY10812,True,1024,768,77.00760904947917,82.16625467936198,18.627176920572918,False,200.0,81.0,0.405,-31.308808463263745,-5.0150033059667924,-0.603407515922163,0.9675897329976078
3029C010AA,15,2EY10825,True,1024,768,71.48456446329753,80.87464014689128,20.225989023844402,False,200.0,6.0,0.03,-34.1334361545969,-113.40580947945804,11.114801713737359,1.3295889310644309
3029C010AA,15,2EY10820,True,1024,768,69.7044308980306,56.078983306884766,12.14642333984375,False,200.0,6.0,0.03,489.4717565654075,344.5734656911946,-86.18655553305176,0.1354716097640261
3029C010AA,15,2EY10808,True,1024,768,94.11847559611003,67.79150517781575,16.827075958251953,False,200.0,30.0,0.15,94.4814710407185,85.49565283227871,-1.1565531415591503,0.9141897308040805
3029C010AA,15,2EY10814,True,1024,768,89.43692016601562,83.49679692586263,18.07551447550456,False,200.0,78.0,0.39,-4.8998693066910715,-2.5913221149202483,-1.6811756331182426,0.962074117203516
3029C010AA,15,2EY10822,True,1024,768,73.96058527628581,78.68900044759114,17.441004435221355,False,200.0,10.0,0.05,97.41447583734528,-34.63251331357105,13.654094682416481,1.1677273953280858
3029C010AA,15,2EY10824,True,1024,768,65.56919860839844,75.65417226155598,19.624670664469402,False,200.0,10.0,0.05,-110.70072378818162,-83.47769666003896,3.5347569339347378,1.3185281233082722
3029C010AA,16,2EY10813,True,1024,768,64.95940272013347,104.28242111206055,12.519120534261068,True,,,,,,,
3029C010AA,16,2EY10816,True,1024,768,47.78819147745768,66.87717183430989,10.446520487467447,False,200.0,136.0,0.68,-29.04692652715358,-75.99966631044617,-0.5272028870724025,0.991230978332406
3029C010AA,16,2EY10810,True,1024,768,63.517433166503906,99.02032725016277,14.756107330322266,False,200.0,166.0,0.83,-5.172064386280471,4.154450699377427,0.24678361997433015,1.0042830225831123
3029C010AA,16,2EY10808,True,1024,768,60.4755605061849,90.04954401652019,10.80230967203776,False,200.0,168.0,0.84,83.9996554430039,-72.09346602317396,1.2980532941394058,0.99952958450101
3029C010AA,16,2EY10823,True,1024,768,50.53417205810547,84.98261006673177,10.591702779134115,False,199.0,13.0,0.06532663316582915,852.976586842159,15.436136896353831,89.7678314536884,0.8782905259289717
3029C010AA,16,2EY10809,True,1024,768,59.7542355855306,100.11227035522461,10.048489888509115,False,200.0,102.0,0.51,119.37409610922995,-19.82551570470254,3.293378713915425,1.0015322378868285
3029C010AA,16,2EY10806,True,1024,768,73.4596316019694,91.06666692097981,11.94305165608724,False,200.0,130.0,0.65,-15.49955536178731,5.255004565877379,5.350329587311719,0.9596479500706396
3029C010AA,16,2EY10814,True,1024,768,63.6341921488444,86.98019154866536,9.780601501464844,False,200.0,137.0,0.685,81.71522167167042,22.03980951946324,2.6190551586646493,1.0154608793623021
3029C010AA,17,2EY10805,True,1024,768,117.95405960083008,129.449582417806,31.20551935831706,True,,,,,,,
3029C010AA,17,2EY10814,True,1024,768,112.57562637329102,110.0597661336263,31.313940684000652,False,200.0,168.0,0.84,19.278725228396265,-125.74503515024305,2.603094249677877,1.0424412082184222
3029C010AA,17,2EY10817,True,1024,768,113.96081034342448,111.82819747924805,31.96471913655599,False,200.0,166.0,0.83,34.677290171675544,-107.0247976306882,3.0441026600089898,1.0394148624698263
3029C010AA,17,2EY10823,True,1024,768,111.07868957519531,95.25154622395833,44.26807403564453,False,200.0,143.0,0.715,278.9155833941667,-30.90169518882112,4.616587094816535,0.969773821714718
3029C010AA,17,2EY10811,True,1024,768,108.4760030110677,121.13525136311848,34.34702809651693,False,200.0,160.0,0.8,14.631869305862688,-91.84513908731472,2.4976454407368864,1.0404821104737163
3029C010AA,17,2EY10806,True,1024,768,108.65887705485027,117.70059076944987,35.89336903889974,False,200.0,148.0,0.74,56.58793198438644,-30.28557430654295,1.5456008328697028,1.0432230589961746
3029C010AA,17,2EY10824,True,1024,768,131.13917795817056,80.53193537394206,48.509178161621094,False,200.0,126.0,0.63,365.4937820188628,-105.71158818622612,2.9677762203928904,1.0078248047960323
3029C010AA,17,2EY10816,True,1024,768,124.51073328653972,109.86165873209636,31.012213389078777,False,200.0,146.0,0.73,13.49315492856752,-170.71039066020265,0.6949257340171986,1.0302351789844302
3029C010AA,18,2EY10812,True,1024,768,81.43377049763997,96.0913683573405,33.339525858561196,True,,,,,,,
3029C010AA,18,2EY10808,True,1024,768,84.4945551554362,91.42597834269206,31.02435302734375,False,200.0,89.0,0.445,-52.83809567900964,11.87674966159882,-3.029713455103249,0.9897101439885059
3029C010AA,18,2EY10814,True,1024,768,89.0970090230306,113.01718139648438,17.68906021118164,False,200.0,47.0,0.235,-67.85949706007632,-8.808998635936693,-0.5842308523245644,0.9974913228747136
3029C010AA,18,2EY10824,True,1024,768,97.57607523600261,117.61586125691731,12.371172587076822,False,193.0,40.0,0.20725388601036268,1110.6405634262069,772.994598367606,168.45212644610007,0.9351123611976145
3029C010AA,18,2EY10806,True,1024,768,89.81742477416992,104.87592188517253,35.843624114990234,False,200.0,52.0,0.26,-90.89878148659625,-0.22624952629607914,-1.992820651184776,1.0314071653272414
3029C010AA,18,2EY10810,True,1024,768,84.85779062906902,106.9259885152181,28.877704620361328,False,200.0,62.0,0.31,-59.930385888193,-2.119316384126262,-1.538729221497682,1.0043654201696244
3029C010AA,18,2EY10813,True,1024,768,80.72463353474934,114.44813537597656,37.605767567952476,False,200.0,60.0,0.3,-55.012734007418885,71.06611843739255,-3.3566966083779426,0.9647076910207497
3029C010AA,18,2EY10811,True,1024,768,91.73884582519531,109.97005716959636,36.70686721801758,False,200.0,87.0,0.435,-36.89704135549306,33.18580030954244,-1.27634023528366,0.9780637024634237
3029C010AA,19,2EY10816,True,1024,768,91.52373886108398,110.16588719685872,44.17595418294271,True,,,,,,,
3029C010AA,19,2EY10807,True,1024,768,83.06916046142578,89.77020517985027,42.66830190022787,False,200.0,177.0,0.885,-14.019541325214483,40.22477504354728,0.4513234629268445,1.0059641233883216
3029C010AA,19,2EY10822,True,1024,768,113.37987772623698,120.32029978434245,42.30725860595703,False,200.0,175.0,0.875,47.14346275851144,21.918382319649268,0.11169501856147016,0.9985378350864657
3029C010AA,19,2EY10815,True,1024,768,123.0188496907552,128.1640853881836,45.52759043375651,False,200.0,188.0,0.94,35.6791364609024,44.38362435223779,0.9519329475894712,1.005031851983766
3029C010AA,19,2EY10805,True,1024,768,117.84305953979492,108.6712023417155,41.110644022623696,False,200.0,167.0,0.835,62.44241235211862,55.75363915999908,2.1771852969034726,1.008903759017941
3029C010AA,19,2EY10818,True,1024,768,90.84369532267253,106.19963836669922,44.00625991821289,False,200.0,175.0,0.875,-35.841764457297046,67.2679797530189,-1.1396380047186896,1.0108539461608643
3029C010AA,19,2EY10811,True,1024,768,93.84569676717122,97.76645406087239,42.446022033691406,False,200.0,167.0,0.835,25.232161878412857,22.358732144028828,1.014838537637512,1.0015423498499796
3029C010AA,19,2EY10812,True,1024,768,80.3360366821289,68.97892634073894,41.10741933186849,False,200.0,182.0,0.91,-27.689659464439302,8.992311745510817,1.1595120616049888,1.002988083061986
3030C001AA,0,2FA63375,True,1024,768,195.16399765014648,138.57282384236655,7.837090810139974,True,,,,,,,
3030C001AA,0,2FA64046,True,1024,768,109.68284479777019,135.47330729166666,13.589012145996094,False,200.0,174.0,0.87,51.75451190549374,92.68275649910319,-3.3914871845974015,1.0112862500992477
3030C001AA,0,2FA63900,True,1024,768,186.1979662577311,105.61296717325847,7.674544016520183,False,200.0,181.0,0.905,-39.96444722962574,81.91044908583609,-1.8323047617211274,1.0091309226407228
3030C001AA,0,2FA64100,True,1024,768,129.7300542195638,149.90310923258463,13.562267303466797,False,200.0,176.0,0.88,13.100228278263172,41.21324042474676,-1.1125407599970942,1.00181033673231
3030C001AA,0,2FA63472,True,1024,768,185.85872904459634,119.00886662801106,11.933097839355469,False,200.0,187.0,0.935,76.17731910051391,89.47888488579581,-2.709162831663169,1.00865305910134
3030C001AA,0,2FA64050,True,1024,768,119.90257263183594,140.3493677775065,11.596663157145182,False,200.0,172.0,0.86,30.829505904550754,62.03181347459417,-2.4040736673269794,1.00613786128547
3030C001AA,0,2FA63519,True,1024,768,140.5604133605957,147.0309829711914,17.08950424194336,False,200.0,145.0,0.725,1014.4602072909599,971.2214498634336,-178.31665193510904,1.0132128295027678
3030C001AA,0,2FA64227,True,1024,768,146.09406280517578,151.6227709452311,12.480990091959635,False,200.0,190.0,0.95,-8.077055144097447,-12.884789852406756,-0.27791333716597333,0.9984448150026484
3030C001AA,1,2FA63712,True,1024,768,70.23332087198894,131.56132888793945,12.841074625651041,True,,,,,,,
3030C001AA,1,2FA64261,True,1024,768,124.0311050415039,147.84270350138345,8.46200688680013,False,200.0,161.0,0.805,126.43540733398117,-57.66517381589049,8.710087823734318,1.0011610393372006
3030C001AA,1,2FA64149,True,1024,768,86.25674819946289,112.63247680664062,8.711102803548178,False,200.0,138.0,0.69,161.11003899647847,-3.7280258971227243,10.380837562856497,1.0096703052864755
3030C001AA,1,2FA64111,True,1024,768,113.56542841593425,121.30330657958984,7.678215026855469,False,200.0,130.0,0.65,176.63744547509867,-4.125768386071588,8.055468880673741,1.007499299328742
3030C001AA,1,2FA64051,True,1024,768,107.86782582600911,128.2239112854004,9.118062337239584,False,200.0,127.0,0.635,138.32605927010084,115.57819121127105,6.910504120184928,1.0140726499316133
3030C001AA,1,2FA64372,True,1024,768,76.17795308430989,140.23817443847656,11.379006703694662,False,149.0,84.0,0.5637583892617449,121.77179698017922,33.96056754429445,1.4109946360518164,0.9787785363129
3030C001AA,1,2FA63708,True,1024,768,77.25032170613606,20.674198150634766,21.22865041097005,False,200.0,132.0,0.66,81.6351202600389,24.073401766249606,1.787236628059572,0.9976618865970832
3030C001AA,1,2FA63819,True,1024,768,81.32958730061848,13.502972920735678,32.64176686604818,False,200.0,143.0,0.715,89.45953065410092,6.299335628776015,0.7900918951924361,1.0022248217167231
3030C001AA,2,2FA63661,True,1024,768,98.67069498697917,123.61023457845052,11.03995132446289,True,,,,,,,
3030C001AA,2,2FA63336,True,1024,768,109.69658533732097,144.39779408772787,11.505926767985025,False,200.0,172.0,0.86,-76.13327866181686,45.665353964345975,0.26147356565246366,1.0100542944882358
3030C001AA,2,2FA63730,True,1024,768,107.7304089864095,153.0234375,13.639237721761068,False,200.0,147.0,0.735,-86.31552880533032,65.70811216075353,1.742882910588897,1.0149076518739437
3030C001AA,2,2FA64082,True,1024,768,131.55323918660483,142.17505900065103,8.755919138590494,False,200.0,133.0,0.665,-34.22002456765423,73.40466171557742,4.093753672645234,1.01294625002869
3030C001AA,2,2FA63658,True,1024,768,105.26248550415039,146.83533986409506,11.874829610188803,False,200.0,118.0,0.59,-113.45183183391677,180.22165608938545,-2.179813949119714,1.0260526123710187
3030C001AA,2,2FA64110,True,1024,768,115.08989334106445,139.82561874389648,9.817386627197266,False,200.0,144.0,0.72,2.009080305177291,53.607340908746174,4.4253768020314155,1.0097612383976273
3030C001AA,2,2FA64326,True,1024,768,127.64803059895833,136.50768534342447,8.408857981363932,False,200.0,128.0,0.64,-19.00669765665906,156.03531318049363,1.123846162811853,1.0251679537594154
3030C001AA,2,2FA63935,True,1024,768,110.85757700602214,145.94717025756836,11.825330098470053,False,200.0,121.0,0.605,-174.5132375641646,-20.02057286160082,1.7217756848211554,1.012298317639407
3030C001AA,3,2FA63847,True,1024,768,105.63367080688477,136.8993771870931,10.464594523111979,True,,,,,,,
3030C001AA,3,2FA63217,True,1024,768,92.07238896687825,132.96531677246094,13.458152770996094,False,200.0,134.0,0.67,154.65538473812632,-119.53898189541202,4.2589139145286685,0.9874342970261026
3030C001AA,3,2FA64171,True,1024,768,116.25590260823567,142.95262908935547,9.989930470784506,False,200.0,163.0,0.815,88.95847520080264,-53.41562996978537,9.72600084191072,1.0080728290488297
3030C001AA,3,2FA63824,True,1024,768,104.89374923706055,127.1227315266927,11.009407043457031,False,200.0,152.0,0.76,97.55230652110978,-119.38335551122023,3.2644799166634613,0.9910338934565068
3030C001AA,3,2FA63531,True,1024,768,98.88892618815105,111.47142155965169,7.464111328125,False,200.0,165.0,0.825,17.268768909444255,19.259873050511278,0.47804614144639995,1.0049142855077133
3030C001AA,3,2FA64157,True,1024,768,113.02860768636067,128.58666610717773,8.106274922688803,False,200.0,141.0,0.705,100.2603939163237,-127.74186731679892,11.467827854701515,0.9950302475313522
3030C001AA,3,2FA63593,True,1024,768,105.29598999023438,139.2313550313314,11.03057607014974,False,200.0,172.0,0.86,61.73568991109008,-56.779256013743485,-0.6956960842927847,0.9909196269356212
3030C001AA,3,2FA63885,True,1024,768,98.44825236002605,122.13199869791667,9.281468709309896,False,200.0,144.0,0.72,82.09071004303779,18.174553875413075,-2.320895655544953,1.0088641305386155
3030C001AA,4,2FA63688,True,1024,768,71.0464350382487,68.26236216227214,46.969103495279946,True,,,,,,,
3030C001AA,4,2FA63856,True,1024,768,53.37334314982096,57.1362419128418,47.995826721191406,False,200.0,165.0,0.825,7.311623455651325,-111.35275504602794,-2.688065275047598,0.9577272265124699
3030C001AA,4,2FA63731,True,1024,768,66.8966916402181,47.44369252522787,50.35549545288086,False,200.0,176.0,0.88,-46.3946938890599,12.330671267862039,-0.4207196823827234,0.9739026110627008
3030C001AA,4,2FA64379,True,1024,768,52.91046905517578,78.2350082397461,65.77765782674153,False,200.0,164.0,0.82,-49.536780679464435,-122.47855621711449,2.652637065926403,1.0462369588700713
3030C001AA,4,2FA63724,True,1024,768,67.34512074788411,49.10407384236654,50.89791361490885,False,200.0,183.0,0.915,-14.941314333209208,8.921816943243025,1.1171756430012918,0.9753263684503489
3030C001AA,4,2FA64297,True,1024,768,63.694199879964195,42.93508656819662,53.97978083292643,False,200.0,172.0,0.86,3.0684144960438777,-26.14953444357035,4.7199911987719165,1.0094206188386339
3030C001AA,4,2FA63179,True,1024,768,73.93015925089519,54.748270670572914,53.47499211629232,False,200.0,170.0,0.85,-70.51089150626076,-77.45768077213202,0.012241698959101684,1.032149667842972
3030C001AA,4,2FA64217,True,1024,768,63.505757649739586,62.92752202351888,45.271478017171226,False,200.0,169.0,0.845,-7.778586146414478,-16.513493750732348,3.7092200486949785,1.0032619906212499
3030C001AA,5,2FA63550,True,1024,768,60.11900965372721,106.96928787231445,72.77812830607097,True,,,,,,,
3030C001AA,5,2FA63334,True,1024,768,61.326385498046875,109.00032043457031,70.63888295491536,False,131.0,49.0,0.37404580152671757,-194.408913016479,-11.100036602046055,-2.7670217250138394,1.1083742924702453
3030C001AA,5,2FA63653,True,1024,768,85.0855089823405,103.32517878214519,40.5276730855306,False,135.0,47.0,0.34814814814814815,-150.34247837821013,-14.409702642087233,-1.4803218577869042,1.1342522921924507
3030C001AA,5,2FA63991,True,1024,768,66.34335962931316,55.80193201700846,66.18447875976562,False,117.0,41.0,0.3504273504273504,3.7758013190348008,-109.06205680330834,-2.1691836773754405,1.1493670000981717
3030C001AA,5,2FA64159,True,1024,768,41.262430826822914,65.24254735310872,57.526564280192055,False,115.0,40.0,0.34782608695652173,31.297074764561984,-147.07450818228418,0.866053743383407,1.1694728262973952
3030C001AA,5,2FA64296,True,1024,768,53.50315602620443,70.9652837117513,79.32698313395183,False,97.0,22.0,0.2268041237113402,14.182338326984057,-337.11626118245397,2.893238197518494,1.4842294267579097
3030C001AA,5,2FA63651,True,1024,768,71.9813715616862,103.58337783813477,47.74136606852213,False,141.0,62.0,0.4397163120567376,-158.47679886486935,45.11968788798299,-2.7964308866986736,1.0195149328208772
3030C001AA,5,2FA64134,True,1024,768,43.787698109944664,58.2761116027832,74.640806833903,False,98.0,30.0,0.30612244897959184,-101.03232457679806,-268.1489880559248,0.3055179249777038,1.3878775833053696
3030C001AA,6,2FA64164,True,1024,768,70.52598571777344,95.87887954711914,35.472085316975914,True,,,,,,,
3030C001AA,6,2FA64076,True,1024,768,45.41441090901693,89.72218958536784,53.474047342936196,False,46.0,17.0,0.3695652173913043,-146.6591977818368,-254.18363890337451,1.2835883972106248,1.4372006891284392
3030C001AA,6,2FA63194,True,1024,768,49.030517578125,74.1322135925293,35.641788482666016,False,47.0,24.0,0.5106382978723404,-115.37139218251878,40.263055958805566,-1.7511923173713646,0.9958169115182626
3030C001AA,6,2FA63349,True,1024,768,23.382864634195965,83.27927017211914,78.73617680867513,False,25.0,12.0,0.48,-258.951126313826,-26.264930577879436,-1.3570187241282763,1.1229420436592135
3030C001AA,6,2FA63761,True,1024,768,68.17821248372395,53.92552693684896,89.69031016031902,False,63.0,10.0,0.15873015873015872,-496.80367734897834,-519.7001764050891,1.2508039963072324,1.8729394541044493
3030C001AA,6,2FA63612,True,1024,768,27.9073486328125,93.09722137451172,88.23704655965169,False,30.0,15.0,0.5,-152.83968690894307,-32.63758364043118,0.08235716643070316,1.1038499655367187
3030C001AA,6,2FA63987,True,1024,768,39.688368479410805,55.86976114908854,45.77939224243164,False,64.0,26.0,0.40625,-34.292792331493935,-7.487287088086379,0.16812648257958798,0.996121731389636
3030C001AA,6,2FA63657,True,1024,768,64.788880666097,62.17815907796224,41.02699406941732,False,76.0,27.0,0.35526315789473684,-172.80103426235803,-0.18945005231125686,-1.5683450187457963,1.0886555848114619
3030C001AA,7,2FA63786,True,1024,768,114.35721333821614,71.60519282023112,46.593335469563804,True,,,,,,,
3030C001AA,7,2FA64350,True,1024,768,87.05294926961263,65.73374684651692,64.26366424560547,False,200.0,16.0,0.08,-237.84862554158585,-226.16418646542468,-4.7568092611862465,1.330247072200085
3030C001AA,7,2FA63914,True,1024,768,113.4437141418457,69.11695988972981,44.90590159098307,False,200.0,93.0,0.465,-93.01888280397995,-2.5945159472959936,-4.826908136155238,1.0146445496730891
3030C001AA,7,2FA64128,True,1024,768,109.52734247843425,59.97067387898763,60.96025594075521,False,200.0,23.0,0.115,-260.00680536408873,-230.1543051633884,-5.0907116585622205,1.3494965679074118
3030C001AA,7,2FA64292,True,1024,768,109.17615254720052,56.236830393473305,71.52888488769531,False,200.0,19.0,0.095,-256.93360116233805,-218.79252833951537,-5.19782976722864,1.3604895655902205
3030C001AA,7,2FA64246,True,1024,768,113.25653076171875,58.20965449015299,64.59919738769531,False,200.0,18.0,0.09,-224.1947238354225,-192.08940657832085,-4.641989549793696,1.307633351269517
3030C001AA,7,2FA63863,True,1024,768,82.59955596923828,126.37393442789714,55.354750315348305,False,179.0,36.0,0.2011173184357542,-107.40533543315861,43.32192590749917,-5.228199215412535,0.9962391046492022
3030C001AA,7,2FA64030,True,1024,768,121.52644602457683,61.40627670288086,56.51260630289713,False,200.0,17.0,0.085,-217.75796191294134,-188.86502393099218,-4.87337668359157,1.2966301019421052
3030C001AA,8,2FA64286,True,1024,768,90.98350652058919,139.26439921061197,8.678414662679037,True,,,,,,,
3030C001AA,8,2FA63836,True,1024,768,55.65164438883463,83.99522145589192,9.745132446289062,False,11.0,4.0,0.36363636363636365,422.1192782396945,243.90185474930146,46.821164846176316,0.7654149451606586
3030C001AA,8,2FA63879,True,1024,768,74.13382466634114,136.73020553588867,10.001026153564453,False,25.0,12.0,0.48,35.14081411612105,95.14510706455042,-0.4738745086801688,1.004732186971431
3030C001AA,8,2FA64088,True,1024,768,129.57850392659506,138.87453969319662,7.115261077880859,False,35.0,11.0,0.3142857142857143,218.56617325895377,-62.09099210296172,18.96222403263681,0.8567460954028887
3030C001AA,8,2FA63713,True,1024,768,116.14445877075195,139.5251121520996,9.440359751383463,False,33.0,16.0,0.48484848484848486,34.07790070634065,55.27515881843566,1.921450337780108,1.0086623466346165
3030C001AA,8,2FA63786,True,1024,768,67.79335276285808,134.1379369099935,9.623062133789062,False,11.0,4.0,0.36363636363636365,-62.62690052689268,-10.642316125415313,-5.875247406462225,1.1603577384696908
3030C001AA,8,2FA63673,True,1024,768,83.78882217407227,140.144894917806,12.075675964355469,False,24.0,7.0,0.2916666666666667,-30.083628044308647,-103.702238444763,6.412186673359706,1.3110250120680615
3030C001AA,8,2FA63631,True,1024,768,67.42842483520508,33.86316935221354,19.520587921142578,False,17.0,12.0,0.7058823529411765,10.113645128463949,30.542784437150864,0.9421156815306333,1.015898409116388
3030C001AA,9,2FA63406,True,1024,768,103.46496836344402,124.4119135538737,12.905799865722656,True,,,,,,,
3030C001AA,9,2FA63553,True,1024,768,126.16245651245117,124.09316380818684,10.28220240275065,False,136.0,71.0,0.5220588235294118,-269.5452381935228,93.83460711976451,-7.611575757770354,0.9831305136067111
3030C001AA,9,2FA63805,True,1024,768,109.00464248657227,134.0543123881022,15.759474436442057,False,104.0,40.0,0.38461538461538464,-285.7662461778602,-83.53212578731716,-4.078316755034148,1.0220689932709641
3030C001AA,9,2FA63403,True,1024,768,87.85076522827148,110.13032404581706,20.385217030843098,False,128.0,72.0,0.5625,-235.90028497432874,29.607106848617313,-6.802015196205231,1.001199778214248
3030C001AA,9,2FA64256,True,1024,768,120.14818064371745,118.59525807698567,13.840568542480469,False,140.0,55.0,0.39285714285714285,-219.5070207683028,-64.17805194861924,0.011600272368235975,0.9932763061219526
3030C001AA,9,2FA63538,True,1024,768,87.31485112508138,118.61073811848958,21.318230946858723,False,135.0,67.0,0.4962962962962963,-241.72934200515976,38.75533308098901,-6.670256329887954,0.9889304926154935
3030C001AA,9,2FA63551,True,1024,768,101.3631477355957,103.92631276448567,10.562699635823568,False,125.0,66.0,0.528,-273.8371537828536,90.70784348922199,-6.772524964765312,1.0096292243994274
3030C001AA,9,2FA63602,True,1024,768,95.16412607828777,121.23334121704102,10.327044169108072,False,103.0,48.0,0.46601941747572817,-220.98708816062287,23.29147548993871,-3.139900682495526,0.9261268118837611
3030C001AA,10,2FA64150,True,1024,768,119.52633794148763,130.5544115702311,9.141825358072916,True,,,,,,,
3030C001AA,10,2FA63725,True,1024,768,129.2695401509603,142.74571736653647,9.981609344482422,False,71.0,26.0,0.36619718309859156,1.262142466002909,-47.54853569953607,-3.1429378052141526,0.9650047983711695
3030C001AA,10,2FA64366,True,1024,768,125.9037857055664,133.39764404296875,10.222757975260416,False,136.0,68.0,0.5,54.03792776777204,-13.561796996250465,-4.715639133047506,0.9921815739487062
3030C001AA,10,2FA64233,True,1024,768,112.2050272623698,134.4521026611328,9.512596130371094,False,120.0,42.0,0.35,-12.887927617682731,19.576256124103953,-5.741488458031559,0.9280498010687265
3030C001AA,10,2FA63738,True,1024,768,125.98781077067058,136.88508987426758,8.900285085042318,False,59.0,8.0,0.13559322033898305,-408.79614391087534,114.09504384691444,-14.221371461249865,1.2781665222816396
3030C001AA,10,2FA63364,True,1024,768,136.0019098917643,162.95235951741537,28.76952870686849,False,71.0,18.0,0.2535211267605634,-11.393952938201261,-29.528370008755495,-3.335014696930985,0.9857663710722756
3030C001AA,10,2FA63556,True,1024,768,125.76007461547852,140.6312052408854,8.348201751708984,False,31.0,5.0,0.16129032258064516,717.9404384617739,700.0044236913855,-86.37228660479968,0.02961239494905516
3030C001AA,10,2FA63765,True,1024,768,135.80555852254233,148.31565729777017,9.14743677775065,False,72.0,40.0,0.5555555555555556,-51.36389193227984,49.52415708441386,-6.919256451857787,0.9987209519855366
3030C001AA,11,2FA63624,True,1024,768,123.10126622517903,148.39921442667642,9.125555674235025,True,,,,,,,
3030C001AA,11,2FA63898,True,1024,768,122.15112559000652,145.21335728963217,9.169615427652994,False,90.0,56.0,0.6222222222222222,47.962718989274876,0.038664668810270794,0.7984420333779441,0.9437144227349201
3030C001AA,11,2FA63526,True,1024,768,124.26230239868164,151.5541623433431,10.015628814697266,False,83.0,42.0,0.5060240963855421,98.2617529568471,-53.09811350207334,7.338961930560991,0.9665094637369013
3030C001AA,11,2FA63778,True,1024,768,119.48530960083008,158.18909327189127,10.29601796468099,False,57.0,39.0,0.6842105263157895,104.60123272539175,-29.782370648536354,2.165027243544521,0.961624134126303
3030C001AA,11,2FA63187,True,1024,768,124.44472122192383,151.66614532470703,10.457959493001303,False,89.0,65.0,0.7303370786516854,44.8695478173373,7.97045160905453,-0.8023060951223125,0.9643313087709491
3030C001AA,11,2FA64252,True,1024,768,125.093079884847,134.72610982259116,8.090078989664713,False,68.0,28.0,0.4117647058823529,85.0002410108351,21.844319550378188,1.772090332272715,0.9507784877686489
3030C001AA,11,2FA63418,True,1024,768,63.39954376220703,80.19516881306966,6.057902018229167,False,38.0,11.0,0.2894736842105263,104.56837742181399,55.0003301936193,0.8153245593546206,0.9522925078530527
3030C001AA,11,2FA63720,True,1024,768,127.59050877888997,145.7697842915853,9.774641672770182,False,93.0,57.0,0.6129032258064516,65.5417577749221,-54.048196749591995,0.8894266399001841,0.9690823214334595
3030C001AA,12,2FA63252,True,1024,768,133.26768366495767,121.95786921183269,15.542549133300781,True,,,,,,,
3030C001AA,12,2FA63270,True,1024,768,123.92208353678386,124.83166885375977,16.30780537923177,False,64.0,29.0,0.453125,-226.14152645648596,276.72939881629475,-26.93282955818934,1.018945601265685
3030C001AA,12,2FA64292,True,1024,768,131.58360163370767,141.90838750203451,34.0878791809082,False,50.0,10.0,0.2,-304.4318738730502,550.4214936543449,-45.496072642642076,1.103451055271753
3030C001AA,12,2FA63757,True,1024,768,121.77856699625652,97.08407974243164,37.11875534057617,False,60.0,12.0,0.2,243.07875012794548,-192.15889866301822,42.31496602147362,0.9367339940157858
3030C001AA,12,2FA63417,True,1024,768,127.18269475301106,128.38806533813477,21.86254374186198,False,42.0,8.0,0.19047619047619047,491.84435045523423,-145.99092021577619,43.48415054297398,0.9220515427497709
3030C001AA,12,2FA64164,True,1024,768,129.58846028645834,135.3320058186849,29.384546915690105,False,50.0,9.0,0.18,-297.7550993692193,532.2354305438877,-45.304690135276594,1.0901490312348712
3030C001AA,12,2FA63369,True,1024,768,127.90201950073242,131.82707087198892,19.444371541341145,False,72.0,27.0,0.375,-123.23656251562154,126.19254690108816,-12.89296008320773,1.058193515635646
3030C001AA,12,2FA63184,True,1024,768,119.04517237345378,126.04330698649089,35.01938247680664,False,49.0,12.0,0.24489795918367346,-61.30256241337464,336.74408579272153,-21.503144794691178,0.9456121149116306
3030C001AA,13,2FA64334,True,1024,768,75.0409927368164,98.0390739440918,27.143998463948567,True,,,,,,,
3030C001AA,13,2FA63741,True,1024,768,75.09259923299153,93.56321080525716,18.311246236165363,False,200.0,43.0,0.215,176.78772889677055,-105.56541667555422,23.944750048196962,0.9284543845223814
3030C001AA,13,2FA64120,True,1024,768,105.31633631388347,116.09153747558594,26.590829213460285,False,200.0,46.0,0.23,25.28914968592861,39.71765762472333,-0.710869515131369,0.9902022703379724
3030C001AA,13,2FA64139,True,1024,768,78.1098403930664,61.029040018717446,35.85473124186198,False,200.0,60.0,0.3,68.50073081863636,-0.980605814692088,3.814169513177756,0.9890363595816686
3030C001AA,13,2FA64061,True,1024,768,114.01606750488281,113.42634455362956,16.320621490478516,False,200.0,24.0,0.12,-95.22717278212143,-44.062759064626185,-2.705607231578643,1.0239839008726286
3030C001AA,13,2FA63856,True,1024,768,59.05846150716146,89.85684458414714,30.751449584960938,False,183.0,34.0,0.18579234972677597,264.2387261047201,-21.352578435709034,29.66561033280103,0.925550026430273
3030C001AA,13,2FA63536,True,1024,768,85.85745239257812,123.85114669799805,35.91321563720703,False,199.0,20.0,0.10050251256281408,278.87888633876923,-155.56544996102207,43.090111620286166,0.9935364683399199
3030C001AA,13,2FA63264,True,1024,768,105.33571497599284,112.15028635660808,29.117972056070965,False,200.0,22.0,0.11,976.7033503337967,53.76187332856197,87.64994253460509,1.0086730266835255
3030C001AA,14,2FA63676,True,1024,768,125.39056142171223,130.01252110799155,14.320985158284506,True,,,,,,,
3030C001AA,14,2FA64137,True,1024,768,113.38673909505208,129.6332270304362,8.537792205810547,False,51.0,14.0,0.27450980392156865,-435.17574818569574,504.6000519933554,-39.07614399596781,1.1454521789694023
3030C001AA,14,2FA63392,True,1024,768,116.20901107788086,134.48536173502603,15.473925272623697,False,74.0,22.0,0.2972972972972973,-3.67957711260238,-36.45768950760591,8.350514205605299,1.03116510915934
3030C001AA,14,2FA63292,True,1024,768,122.30079905192058,136.47678883870444,27.102413177490234,False,65.0,16.0,0.24615384615384617,518.5644569752034,-211.8860222041288,50.00603541139351,0.953461755230931
3030C001AA,14,2FA63979,True,1024,768,132.71746190388998,145.8619728088379,8.537422180175781,False,67.0,14.0,0.208955223880597,-395.1375268344384,470.24680551687925,-37.54703186742026,1.1467987295915656
3030C001AA,14,2FA64166,True,1024,768,115.28401311238606,138.98698933919272,8.910218556722006,False,57.0,14.0,0.24561403508771928,-445.72256904670854,451.6127717115141,-36.89210184342855,1.1776108267718408
3030C001AA,14,2FA63310,True,1024,768,122.55471801757812,129.71866353352866,14.946489969889322,False,122.0,31.0,0.2540983606557377,115.40068785452745,-148.22117191305114,22.018794427208046,1.0538748278204486
3030C001AA,14,2FA64340,True,1024,768,120.00214513142903,126.83632787068684,28.04001744588216,False,44.0,6.0,0.13636363636363635,545.9614521698976,-227.57915015684338,51.038684474734055,0.9464084987190855
3030C002AA,0,2FB00862,True,1024,768,116.79232025146484,137.82075627644858,13.666455586751303,True,,,,,,,
3030C002AA,0,2FB00863,True,1024,768,120.83941141764323,131.73957188924155,10.066477457682291,False,200.0,164.0,0.82,17.539678502355528,206.67056456834325,-4.188654835191661,1.0051165106526376
3030C002AA,1,2FB00862,True,1024,768,119.55558013916016,142.67650604248047,9.641363779703775,True,,,,,,,
3030C002AA,1,2FB00863,True,1024,768,46.43180847167969,91.61864344278972,8.608202616373697,False,163.0,121.0,0.7423312883435583,-134.96793275762178,149.53345150264002,-19.04302221399852,0.9947676766843804
3030C002AA,2,2FB00862,True,1024,768,118.33421325683594,153.59834671020508,11.938770294189453,True,,,,,,,
3030C002AA,2,2FB00863,True,1024,768,110.83180872599284,148.79245885213217,11.950149536132812,False,200.0,167.0,0.835,14.170977424868438,-45.19116679693688,-0.24558428292260992,0.9967116273348542
3030C002AA,3,2FB00862,True,1024,768,122.70504379272461,141.84579722086588,8.857688903808594,True,,,,,,,
3030C002AA,3,2FB00863,True,1024,768,113.3858528137207,146.05843353271484,14.644770304361979,False,200.0,136.0,0.68,25.84773232876201,89.57545873207128,-7.447239132335934,1.0139974425768326
3030C002AA,4,2FB00862,True,1024,768,79.0145378112793,50.205912272135414,68.37222671508789,True,,,,,,,
3030C002AA,4,2FB00863,True,1024,768,54.85699717203776,59.14200973510742,57.62703959147135,False,200.0,180.0,0.9,-27.36512596563498,15.503808130330023,-2.8464343525320346,1.2526835342070037
3030C002AA,5,2FB00863,True,1024,768,45.81805547078451,99.00014114379883,91.50275293986003,True,,,,,,,
3030C002AA,5,2FB00862,True,1024,768,98.6680514017741,57.965649922688804,47.18692525227865,False,127.0,49.0,0.3858267716535433,130.7988515867405,161.59428505020378,-0.10615050245348463,0.7674651069595045
3030C002AA,6,2FB00863,True,1024,768,57.741048177083336,56.657553354899086,54.53052266438802,True,,,,,,,
3030C002AA,6,2FB00862,True,1024,768,86.29447428385417,55.660841623942055,50.6354866027832,False,81.0,30.0,0.37037037037037035,113.54984351558507,-23.793340065275768,4.6467249704153915,0.9814102198354874
3030C002AA,7,2FB00863,True,1024,768,118.5029182434082,88.04705174763997,49.4857432047526,True,,,,,,,
3030C002AA,7,2FB00862,True,1024,768,93.76913070678711,69.58444468180339,56.39767837524414,False,200.0,24.0,0.12,37.44294844443399,-68.51123038108824,-5.353996061013869,1.0854899791545793
3030C002AA,8,2FB00862,True,1024,768,99.12504323323567,133.91037114461264,9.258094787597656,True,,,,,,,
3030C002AA,8,2FB00863,True,1024,768,127.10582224527995,145.63162231445312,7.890318552652995,False,11.0,5.0,0.45454545454545453,1.824653421165922,-17.14677291793321,-4.079654469842252,1.008137745582159
3030C002AA,9,2FB00862,True,1024,768,88.29630025227864,106.8202298482259,11.774552663167318,True,,,,,,,
3030C002AA,9,2FB00863,True,1024,768,106.01457850138347,121.47903315226237,12.627705891927084,False,102.0,43.0,0.4215686274509804,43.80269851888237,47.457349328823085,-3.1140712719841015,0.9672063906716402
3030C002AA,10,2FB00862,True,1024,768,123.43479029337566,152.1138827006022,10.57767105102539,True,,,,,,,
3030C002AA,10,2FB00863,True,1024,768,132.53498967488608,141.66066360473633,10.243117014567057,False,46.0,5.0,0.10869565217391304,545.783133225208,631.7913766222043,34.31134217407186,0.041201213193269304
3030C002AA,11,2FB00862,True,1024,768,110.68175633748372,151.86275100708008,10.949476877848307,True,,,,,,,
3030C002AA,11,2FB00863,True,1024,768,128.4894536336263,142.55320994059244,8.312117258707682,False,44.0,9.0,0.20454545454545456,35.45405315969975,87.49394461690459,5.865051518973345,1.0148897824897354
3030C002AA,12,2FB00862,True,1024,768,112.13333257039388,126.0176175435384,12.890150705973307,True,,,,,,,
3030C002AA,12,2FB00863,True,1024,768,122.51194890340169,135.64076360066733,19.806372324625652,False,43.0,7.0,0.16279069767441862,25.011908077517116,-91.86041743081327,15.088672991784819,1.1919595877918754
3030C002AA,13,2FB00862,True,1024,768,110.34090677897136,125.4325803120931,13.588630676269531,True,,,,,,,
3030C002AA,13,2FB00863,True,1024,768,90.64709218343098,102.24865976969402,22.92146174112956,False,200.0,23.0,0.115,11.231503405916495,853.3706646425055,-91.1410013092727,1.0888187257256776
3030C002AA,14,2FB00863,True,1024,768,109.85010782877605,144.58881759643555,8.645401000976562,True,,,,,,,
3030C002AA,14,2FB00862,True,1024,768,116.00779215494792,133.46900939941406,7.544671376546224,False,37.0,4.0,0.10810810810810811,292.9746066285478,798.3544304938439,-134.29763761820763,0.6792217454038026
3030C003AA,0,2FC13376,True,1024,768,209.6297976175944,87.01942316691081,5.215096791585286,True,,,,,,,
3030C003AA,0,2FC13343,True,1024,768,164.15292485555014,15.92684809366862,34.18932342529297,False,200.0,161.0,0.805,34.13638852680199,50.85452392078718,1.4782381051011468,1.0090027002176158
3030C003AA,0,2FC13368,True,1024,768,106.9431521097819,116.13356526692708,10.640172322591146,False,200.0,152.0,0.76,-33.69608708134701,-63.75188217114172,2.0861408438512563,0.9941272689641235
3030C003AA,0,2FC13375,True,1024,768,121.52209091186523,139.57569122314453,13.272141774495443,False,200.0,160.0,0.8,-19.94501959238728,-73.67994182704824,0.96433792292612,0.99458881855771
3030C003AA,0,2FC13429,True,1024,768,151.71841939290366,146.60848999023438,23.166364034016926,False,200.0,162.0,0.81,-120.34893530174465,-36.26154805080279,-4.2546099633251,0.9918961043077192
3030C003AA,0,2FC13428,True,1024,768,143.1303825378418,149.2850227355957,12.523309071858725,False,200.0,163.0,0.815,-114.68343500268283,-23.50607521723482,1.7237892113069926,0.9973454368127511
3030C003AA,0,2FC13449,True,1024,768,187.84736506144205,132.8759536743164,8.49301020304362,False,200.0,160.0,0.8,-38.588213156415314,27.63476140519663,-3.627583204174676,0.9978727958816148
3030C003AA,0,2FC13397,True,1024,768,146.1870880126953,139.1210823059082,8.703227996826172,False,200.0,163.0,0.815,-2.9772032024366863,1.382678149996206,-0.6720194360252226,1.0018644894342372
3030C003AA,1,2FC13348,True,1024,768,93.72119267781575,141.75475565592447,11.399669647216797,True,,,,,,,
3030C003AA,1,2FC13426,True,1024,768,53.91403325398763,98.15256627400716,7.961190541585286,False,166.0,134.0,0.8072289156626506,-103.25967641620808,114.25958395367172,-1.3300596912222897,1.0108650031991235
3030C003AA,1,2FC13368,True,1024,768,75.44227472941081,140.09751637776694,10.97158686319987,False,200.0,170.0,0.85,29.179250070733453,49.08304649989247,-0.15323669158199868,1.0126733306692874
3030C003AA,1,2FC13372,True,1024,768,58.38272476196289,113.56541951497395,9.010662078857422,False,200.0,175.0,0.875,-40.75395826398558,93.97156909433996,0.0006910070625870951,1.0097525392780164
3030C003AA,1,2FC13439,True,1024,768,89.04199473063152,132.8362553914388,11.848981221516928,False,174.0,121.0,0.6954022988505747,83.6811631045466,79.70871526821487,6.057646279351641,1.0181077672399053
3030C003AA,1,2FC13440,True,1024,768,81.07179387410481,127.44652811686198,9.958318074544271,False,200.0,155.0,0.775,-36.00874601287051,15.077016651650691,1.75896037315529,1.000173120035755
3030C003AA,1,2FC13419,True,1024,768,91.80294291178386,147.89750289916992,12.567869822184244,False,200.0,166.0,0.83,-41.37114357058995,18.68889584462556,-0.4830771665412195,1.0054657349006966
3030C003AA,1,2FC13414,True,1024,768,79.39256795247395,123.496888478597,8.116860707600912,False,200.0,157.0,0.785,20.577780485745738,20.359062559086027,0.3074637643423603,1.0078987353873106
3030C003AA,2,2FC13423,True,1024,768,94.15783818562825,133.8378677368164,9.572432200113932,True,,,,,,,
3030C003AA,2,2FC13441,True,1024,768,117.16857401529948,156.12791188557944,13.801152547200521,False,200.0,127.0,0.635,-177.1133241716845,-22.436654946441635,-7.434530646773513,0.9846227228971244
3030C003AA,2,2FC13364,True,1024,768,124.99895858764648,141.41755803426108,9.691575368245443,False,200.0,133.0,0.665,-179.4028357915164,20.018605059470055,-6.075252148745548,0.9874736956703463
3030C003AA,2,2FC13393,True,1024,768,104.3049710591634,138.45986811319986,9.543279012044271,False,200.0,175.0,0.875,-112.12953878771225,-1.3559504432579765,-4.9105041472992825,0.9869502077110771
3030C003AA,2,2FC13353,True,1024,768,113.04286321004231,136.71942901611328,8.8377316792806,False,200.0,120.0,0.6,-150.7139261016647,-55.19981406778179,-3.4344028752201394,0.9852214552524746
3030C003AA,2,2FC13408,True,1024,768,98.45475006103516,146.51851399739584,12.567432403564453,False,188.0,124.0,0.6595744680851063,-119.67899917748618,-52.542165322214586,-5.248995445529691,0.9810227413459873
3030C003AA,2,2FC13367,True,1024,768,108.24214680989583,146.96857452392578,11.714279174804688,False,200.0,116.0,0.58,-185.01997484859362,111.93863639952433,-6.729254519721092,1.0001061930816086
3030C003AA,2,2FC13421,True,1024,768,107.45883051554362,149.2001635233561,10.94805653889974,False,200.0,144.0,0.72,-72.3448929113255,-23.522873844025877,-3.2406859354328756,0.989024171614384
3030C003AA,3,2FC13358,True,1024,768,106.0263442993164,140.16371281941733,9.335230509440104,True,,,,,,,
3030C003AA,3,2FC13455,True,1024,768,105.41646575927734,127.3467648824056,9.331611633300781,False,200.0,139.0,0.695,63.23271912070413,-56.147213423634874,1.6054482641423218,0.9998029873928543
3030C003AA,3,2FC13373,True,1024,768,119.5841916402181,146.50708770751953,12.454126993815104,False,200.0,133.0,0.665,-48.600712345794605,40.98268281274209,-0.9384224475301017,1.0034624463667277
3030C003AA,3,2FC13444,True,1024,768,125.90173467000325,134.2995122273763,19.149935404459637,False,200.0,142.0,0.71,-15.02674532869908,15.325867822219754,-2.271779044839973,0.9998835935764293
3030C003AA,3,2FC13357,True,1024,768,101.6553471883138,148.53125508626303,11.164911905924479,False,200.0,166.0,0.83,-19.130476721411984,83.20907165200357,-0.1340976254837722,1.0063679090451536
3030C003AA,3,2FC13348,True,1024,768,116.41037241617839,143.86838404337564,9.110271453857422,False,200.0,168.0,0.84,-61.508686790032016,56.013607806118614,-0.03719757112718765,1.0046339882833337
3030C003AA,3,2FC13346,True,1024,768,100.45976638793945,127.18543497721355,10.153673807779947,False,200.0,146.0,0.73,-100.194118199823,58.905188270208306,-3.4025707013252884,0.9992726104864229
3030C003AA,3,2FC13360,True,1024,768,95.73609288533528,140.34338506062826,10.268925984700521,False,200.0,162.0,0.81,19.399969316140233,12.277694981584787,1.0048897712979332,1.0016442818373563
3030C003AA,4,2FC13440,True,1024,768,62.10658264160156,47.730753580729164,60.45096333821615,True,,,,,,,
3030C003AA,4,2FC13378,True,1024,768,53.10116195678711,60.08887481689453,67.2823092142741,False,200.0,145.0,0.725,-42.681787336312986,-0.41408636565131274,-1.613333747565341,1.013812193534598
3030C003AA,4,2FC13415,True,1024,768,52.22342427571615,61.339037577311196,67.31815846761067,False,200.0,161.0,0.805,-50.05093365154131,28.032671905923365,-3.5819906729046056,1.0062436778917585
3030C003AA,4,2FC13434,True,1024,768,76.98855717976888,53.67947769165039,56.82453536987305,False,200.0,197.0,0.985,-38.94646990079669,-1.5411972852199556,-2.3404529654039723,1.0179165404949695
3030C003AA,4,2FC13444,True,1024,768,58.889024098714195,47.844504038492836,68.50752512613933,False,200.0,156.0,0.78,-39.678213269856045,16.080029870451373,-2.686344945420601,1.0104902854392184
3030C003AA,4,2FC13411,True,1024,768,54.599822998046875,48.613382975260414,63.54310862223307,False,200.0,159.0,0.795,-30.5294260974244,30.46492890497655,-3.2711956874151498,0.9954409642760962
3030C003AA,4,2FC13456,True,1024,768,54.562705993652344,48.07717514038086,75.3046137491862,False,200.0,170.0,0.85,-42.63283049499068,19.08823236040041,-3.141674061906306,1.009080035800473
3030C003AA,4,2FC13375,True,1024,768,37.04057184855143,51.506707509358726,64.23020553588867,False,200.0,159.0,0.795,-35.52938456717652,3.1718565697703895,-1.1239600457878156,1.0171948748609045
3030C003AA,5,2FC13395,True,1024,768,34.645432790120445,97.17389806111653,113.58801523844402,True,,,,,,,
3030C003AA,5,2FC13354,True,1024,768,41.59732564290365,82.36818822224934,80.74102528889973,False,100.0,55.0,0.55,34.907843773748866,80.06210423194446,-1.1514005799463698,0.8769799614236423
3030C003AA,5,2FC13398,True,1024,768,44.399331410725914,91.49858729044597,101.25184377034505,False,99.0,54.0,0.5454545454545454,79.52909295241548,10.88575619146523,-0.34546002915297386,0.99044763638492
3030C003AA,5,2FC13427,True,1024,768,30.664642333984375,99.06647237141927,137.5227928161621,False,79.0,34.0,0.43037974683544306,-12.368410813578208,-165.8558868340742,-2.3711626050205115,1.3034099151340401
3030C003AA,5,2FC13377,True,1024,768,39.20685704549154,78.23795827229817,88.4694430033366,False,96.0,45.0,0.46875,71.84130118596904,-2.332638822519559,-1.7003089330802805,0.98114132161689
3030C003AA,5,2FC13428,True,1024,768,68.10381189982097,112.59674835205078,98.06286748250325,False,127.0,71.0,0.5590551181102362,77.10354245470899,7.293705015073235,-0.9885762547268532,1.0099169290440362
3030C003AA,5,2FC13390,True,1024,768,35.98035558064779,91.0807113647461,104.59282684326172,False,106.0,66.0,0.6226415094339622,32.90837484831548,2.9936160307461512,-0.02886671936200534,0.9870906061923358
3030C003AA,5,2FC13373,True,1024,768,42.12200800577799,108.7100207010905,159.7478879292806,False,93.0,53.0,0.5698924731182796,22.7569623293913,-91.14653862017296,-1.6759634370635137,1.1571149717212694
3030C003AA,6,2FC13403,True,1024,768,81.81204477945964,51.87537638346354,58.318808237711586,True,,,,,,,
3030C003AA,6,2FC13408,True,1024,768,41.59065628051758,80.25789260864258,50.0428212483724,False,69.0,17.0,0.2463768115942029,89.17143014994215,138.97263186596757,1.6731623152304984,0.7448907442767291
3030C003AA,6,2FC13402,True,1024,768,62.91163889567057,55.54814020792643,46.00211970011393,False,76.0,38.0,0.5,35.55723022831822,58.8084604378548,-0.614365483573907,0.8704955268782103
3030C003AA,6,2FC13395,True,1024,768,67.31595357259114,51.59664408365885,79.25802485148112,False,86.0,48.0,0.5581395348837209,-124.9074285028079,0.668442795700704,0.4246057715238816,1.0084554343695697
3030C003AA,6,2FC13349,True,1024,768,68.64763768513997,48.583964029947914,60.24152119954427,False,88.0,43.0,0.48863636363636365,27.40394816946656,-34.53907717017569,2.280263097049829,1.0322171061549372
3030C003AA,6,2FC13415,True,1024,768,66.56644694010417,50.18922678629557,75.8065414428711,False,91.0,54.0,0.5934065934065934,-61.474694068113436,-2.517005908488891,2.7001685885220494,0.9550813086139601
3030C003AA,6,2FC13344,True,1024,768,51.874497731526695,50.89146041870117,50.4883181254069,False,66.0,15.0,0.22727272727272727,56.713337712523966,208.82049105843473,3.808205278371839,0.5778583410368296
3030C003AA,6,2FC13452,True,1024,768,43.68918991088867,54.96465174357096,54.07697296142578,False,66.0,32.0,0.48484848484848486,40.21627610157259,12.955934983101596,1.7727873803798064,0.9743549670494228
3030C003AA,7,2FC13394,True,1024,768,120.46873982747395,57.26196161905924,62.617034912109375,True,,,,,,,
3030C003AA,7,2FC13433,True,1024,768,120.40243021647136,59.2836545308431,59.91529083251953,False,200.0,55.0,0.275,-18.342449641417822,-23.243836958608647,0.9425027967089187,1.035868502691891
3030C003AA,7,2FC13380,True,1024,768,119.400390625,63.43842061360677,57.68189493815104,False,200.0,67.0,0.335,37.43506451690533,17.493866666895258,-1.4125870979077861,0.9812423229224798
3030C003AA,7,2FC13416,True,1024,768,98.12246195475261,56.4228630065918,68.55732091267903,False,200.0,28.0,0.14,30.23315195875458,14.843899234870504,-3.5369080739119925,0.9944025593638166
3030C003AA,7,2FC13371,True,1024,768,123.46306737263997,57.891326904296875,57.002829233805336,False,200.0,69.0,0.345,15.673525316192098,30.855479487225978,-2.3388869691311527,0.9556926609211539
3030C003AA,7,2FC13342,True,1024,768,118.85686111450195,66.65594991048177,45.84550476074219,False,200.0,27.0,0.135,136.2149085698036,167.10900291703436,5.811430364578268,0.7552398877149353
3030C003AA,7,2FC13350,True,1024,768,107.66313807169597,56.56307474772135,68.9384536743164,False,200.0,101.0,0.505,3.678307064079175,-4.61938851323749,0.8752588813495921,0.9956361695852629
3030C003AA,7,2FC13368,True,1024,768,87.07892100016277,61.53179423014323,67.44251759847005,False,200.0,39.0,0.195,-27.48148439544918,-42.11122694583892,1.9349730363057465,1.0120467994804812
3030C003AA,8,2FC13425,True,1024,768,89.60764058430989,146.93988291422525,12.262980143229166,True,,,,,,,
3030C003AA,8,2FC13446,True,1024,768,108.08380635579427,126.60532633463542,8.827879587809244,False,21.0,13.0,0.6190476190476191,41.133442861803665,23.219759832425314,3.5648776247717358,0.9538368077619056
3030C003AA,8,2FC13449,True,1024,768,101.93102264404297,138.61670430501303,11.302785237630209,False,24.0,6.0,0.25,35.555693854869034,440.9645014104008,-10.487549019717179,0.3421467958725265
3030C003AA,8,2FC13412,True,1024,768,96.14759826660156,134.80845006306967,10.379205067952475,False,33.0,21.0,0.6363636363636364,-17.240259169771512,-25.358443249118412,-1.105933817852387,1.0374078139666543
3030C003AA,8,2FC13414,True,1024,768,107.9773317972819,150.4058469136556,11.667227427164713,False,24.0,7.0,0.2916666666666667,90.6828844124947,25.41901158619278,0.9143193540553078,1.0150565397021836
3030C003AA,8,2FC13341,True,1024,768,131.10100809733072,154.94270833333334,10.865947723388672,False,28.0,17.0,0.6071428571428571,20.460565668771807,106.15065943617039,-0.24665429470632338,1.0422318313303716
3030C003AA,8,2FC13436,True,1024,768,101.15354029337566,150.41466013590494,11.389698028564453,False,18.0,6.0,0.3333333333333333,-128.26001892084614,81.34952938318506,-6.975858822511114,1.1281345328329595
3030C003AA,8,2FC13444,True,1024,768,120.53158696492513,138.20663833618164,10.399046579996744,False,23.0,7.0,0.30434782608695654,13.29040453508712,-41.08513717465816,4.004633256665705,1.0131639273683157
3030C003AA,9,2FC13373,True,1024,768,95.39066060384114,123.63275909423828,14.568129221598307,True,,,,,,,
3030C003AA,9,2FC13412,True,1024,768,103.17422993977864,97.65974044799805,8.780405680338541,False,91.0,59.0,0.6483516483516484,-13.232902829541837,40.67094120333698,0.36147018107506124,1.002562844936382
3030C003AA,9,2FC13344,True,1024,768,103.44724655151367,123.23642476399739,12.588855743408203,False,88.0,44.0,0.5,24.603479453151593,26.280105099301984,1.2988659484850804,0.9912993337451194
3030C003AA,9,2FC13436,True,1024,768,92.79664611816406,117.4263521830241,13.968307495117188,False,85.0,44.0,0.5176470588235295,-9.806710571666558,30.823604403907797,-2.5822000744289753,1.0143215557901861
3030C003AA,9,2FC13435,True,1024,768,94.26618957519531,104.56326293945312,11.420880635579428,False,78.0,30.0,0.38461538461538464,47.96332486431393,31.491739632048102,-2.7582643766689343,0.9871167602193442
3030C003AA,9,2FC13361,True,1024,768,113.4230842590332,141.3499615987142,14.962425231933594,False,77.0,27.0,0.35064935064935066,59.13219297760278,20.06343799302444,1.7098676212212762,0.9971478685750227
3030C003AA,9,2FC13399,True,1024,768,104.36542892456055,124.93357721964519,10.920120239257812,False,79.0,50.0,0.6329113924050633,8.30156570796854,15.801049397601401,1.0665818113701306,1.0070966365502882
3030C003AA,9,2FC13405,True,1024,768,105.63352076212566,131.0659637451172,16.312384287516277,False,99.0,58.0,0.5858585858585859,73.2861020379413,28.844396908702695,3.200941589633043,0.9920904062714633
3030C003AA,10,2FC13422,True,1024,768,118.77861404418945,133.37262980143228,8.051680246988932,True,,,,,,,
3030C003AA,10,2FC13395,True,1024,768,123.64924494425456,149.29291407267252,12.471590677897135,False,98.0,20.0,0.20408163265306123,-80.60128442146507,551.2854164226238,-12.47613069587526,1.0397714957142672
3030C003AA,10,2FC13456,True,1024,768,124.07763799031575,140.62909698486328,10.312835693359375,False,169.0,83.0,0.4911242603550296,-13.32957057286179,32.21893822507223,-0.742876978889874,1.0087328504590285
3030C003AA,10,2FC13374,True,1024,768,125.99028778076172,151.2827377319336,12.438512166341146,False,139.0,52.0,0.37410071942446044,2.2153791110319347,26.384378729729793,-0.3563240568287993,1.0032023062791853
3030C003AA,10,2FC13362,True,1024,768,112.5394655863444,131.17168807983398,7.611409505208333,False,144.0,51.0,0.3541666666666667,16.530982788505444,60.66038861172349,0.6058766786532608,0.9121950305914033
3030C003AA,10,2FC13413,True,1024,768,94.6661860148112,123.0070088704427,11.261896769205729,False,190.0,112.0,0.5894736842105263,-6.4843521805706645,25.81936718877535,-3.9269708385667257,0.997119928468152
3030C003AA,10,2FC13394,True,1024,768,122.53572209676106,147.34343338012695,10.708075205485025,False,163.0,79.0,0.48466257668711654,-3.0804685764331103,6.2461407869432835,-1.590654651916227,0.9999301102879574
3030C003AA,10,2FC13420,True,1024,768,115.92999013264973,129.32779693603516,9.361955006917318,False,200.0,154.0,0.77,-26.86263200934278,12.423321727713944,-1.4525888622304468,1.0003447543687596
3030C003AA,11,2FC13443,True,1024,768,123.42745463053386,136.0438995361328,8.703562418619791,True,,,,,,,
3030C003AA,11,2FC13401,True,1024,768,115.06169891357422,150.44425201416016,12.69699223836263,False,56.0,26.0,0.4642857142857143,-1.9293215260011634,35.333598895780185,0.2107481281751197,1.0131688397853513
3030C003AA,11,2FC13350,True,1024,768,128.22835540771484,150.72180938720703,9.407129923502604,False,55.0,34.0,0.6181818181818182,5.064796561099706,63.869985536305315,0.04547792386536206,0.998142182970561
3030C003AA,11,2FC13399,True,1024,768,129.2702382405599,152.58694330851236,10.579229990641275,False,102.0,70.0,0.6862745098039216,14.362161525304067,28.274049167399856,0.47129440497501013,0.9999375329776657
3030C003AA,11,2FC13383,True,1024,768,123.99185434977214,149.10120391845703,9.145771026611328,False,91.0,60.0,0.6593406593406593,-7.419729688177625,30.77393418713509,0.050489365373889594,1.014755441095554
3030C003AA,11,2FC13391,True,1024,768,123.30730438232422,143.95216751098633,10.076711018880209,False,35.0,16.0,0.45714285714285713,-72.94305343737298,73.97507397440953,-2.7445229277895047,1.028400661159293
3030C003AA,11,2FC13381,True,1024,768,120.88229751586914,144.58702596028647,10.430159250895182,False,133.0,105.0,0.7894736842105263,12.275484851129068,-13.13435228415674,2.6895510301093952,1.0060743521667899
3030C003AA,11,2FC13380,True,1024,768,127.69870122273763,130.4388427734375,15.908330281575521,False,56.0,26.0,0.4642857142857143,-12.02786545179242,104.41798312056358,-4.339866044424854,0.9941346451137358
3030C003AA,12,2FC13424,True,1024,768,121.92079798380534,130.55152130126953,25.11760965983073,True,,,,,,,
3030C003AA,12,2FC13352,True,1024,768,103.02668762207031,110.90620676676433,30.216971079508465,False,41.0,9.0,0.21951219512195122,-6.054116878474347,-225.4145861637371,2.2412369189765258,1.3476142492503007
3030C003AA,12,2FC13448,True,1024,768,97.41669464111328,129.3874537150065,33.37884521484375,False,41.0,11.0,0.2682926829268293,118.85663159388598,-37.66181634953337,1.8533456602776257,0.8225474762014863
3030C003AA,12,2FC13359,True,1024,768,86.91331354777019,113.80091222127278,19.015893300374348,False,40.0,9.0,0.225,11.816316689888712,0.39238331694682277,1.6744874355310124,0.9655285332118713
3030C003AA,12,2FC13381,True,1024,768,124.52071889241536,126.36232884724934,18.526830037434895,False,34.0,10.0,0.29411764705882354,1.1069821062023233,1.8283570306251637,-0.2417096551122223,0.9982521103147761
3030C003AA,12,2FC13391,True,1024,768,120.6600710550944,137.63380177815756,25.19711430867513,False,54.0,22.0,0.4074074074074074,-15.87148833298102,-15.409378503293828,-1.1908754075988586,1.0298846116753126
3030C003AA,12,2FC13427,True,1024,768,117.93700408935547,132.7318547566732,30.401086171468098,False,60.0,20.0,0.3333333333333333,54.61971251873986,0.5713023637089929,2.9548473288395405,0.9969553808845839
3030C003AA,12,2FC13402,True,1024,768,116.13123830159505,125.67626444498698,33.272552490234375,False,62.0,20.0,0.3225806451612903,-28.51909869677679,8.175307933705193,-0.7233839362781851,0.9997512370688416
3030C003AA,13,2FC13375,True,1024,768,100.21291097005208,111.1648343404134,11.814933776855469,True,,,,,,,
3030C003AA,13,2FC13423,True,1024,768,74.63319142659505,86.8248176574707,11.343925476074219,False,200.0,43.0,0.215,68.23848963267156,52.12755288103898,-6.248996093686558,0.966009219108006
3030C003AA,13,2FC13390,True,1024,768,70.79198710123698,101.30221684773763,20.929667154947918,False,200.0,49.0,0.245,32.48332409104562,0.6737876812992075,0.5269928966467168,1.0255844930906368
3030C003AA,13,2FC13443,True,1024,768,97.43689473470052,122.61160532633464,15.790392557779947,False,200.0,45.0,0.225,6.586917339206819,26.860193731126643,-0.06407199642777503,1.024547823492953
3030C003AA,13,2FC13436,True,1024,768,68.05931854248047,111.67510350545247,31.070552825927734,False,200.0,36.0,0.18,91.60591951305918,22.885782896556513,1.0346543574208018,0.9757968175185106
3030C003AA,13,2FC13409,True,1024,768,93.26176198323567,114.31811269124348,20.78451410929362,False,200.0,45.0,0.225,23.691157458651723,-17.176056723232577,-0.37981338200250353,0.9998573493122388
3030C003AA,13,2FC13343,True,1024,768,66.5888671875,97.80055363972981,17.76953379313151,False,200.0,40.0,0.2,649.1030192614584,994.7774978385286,-152.53917181426584,0.9471407439338679
3030C003AA,13,2FC13397,True,1024,768,91.6584587097168,108.503355662028,15.34783681233724,False,200.0,39.0,0.195,40.07753078647274,-44.31941909204688,0.20108425603207516,1.0008195118878025
3030C003AA,14,2FC13350,True,1024,768,113.59762827555339,122.97866566975911,28.105384826660156,True,,,,,,,
3030C003AA,14,2FC13379,True,1024,768,116.50190862019856,129.09794998168945,20.923033396402996,False,63.0,16.0,0.25396825396825395,-62.57417390381807,-52.866009318082554,-0.37974596708099684,1.0884525387157737
3030C003AA,14,2FC13371,True,1024,768,133.5831095377604,136.28646850585938,21.091224670410156,False,52.0,15.0,0.28846153846153844,978.8146204077877,740.7394824541278,175.76211865271569,0.7060192515013761
3030C003AA,14,2FC13380,True,1024,768,125.32719167073567,135.8422419230143,9.522045135498047,False,45.0,5.0,0.1111111111111111,734.0931577283656,878.8821078549907,172.2027814090576,0.5462904173475864
3030C003AA,14,2FC13353,True,1024,768,121.90542348225911,130.11769358317056,27.949621836344402,False,69.0,22.0,0.3188405797101449,-76.98107921992526,11.051131624517387,-0.862574953475261,1.0071040725841238
3030C003AA,14,2FC13437,True,1024,768,107.50682067871094,138.2052968343099,23.97775395711263,False,40.0,16.0,0.4,-11.934959287688061,-25.999686512770495,-2.246381136737793,0.8301942835258991
3030C003AA,14,2FC13390,True,1024,768,119.49035263061523,140.63854217529297,19.550565083821613,False,50.0,20.0,0.4,10.072954387170949,-59.68173591359817,0.39846049248455045,0.8179893469998446
3030C003AA,14,2FC13449,True,1024,768,105.67919794718425,129.4189771016439,21.490895589192707,False,43.0,10.0,0.23255813953488372,-58.53873567175291,-10.941566402492429,-2.563722620724067,0.8321435608900761
3030C004AA,0,2FD12687,True,1024,768,111.96933110555013,143.34504191080728,13.9212646484375,True,,,,,,,
3030C004AA,0,2FD12668,True,1024,768,124.82421875,140.90087254842123,12.096085866292318,False,200.0,119.0,0.595,82.01119002883853,188.15169562682826,6.0615683883559175,1.0064978641332079
3030C004AA,0,2FD12679,True,1024,768,123.5259386698405,138.2481892903646,11.122566223144531,False,200.0,153.0,0.765,-1.5297181393846813,-45.39798872755148,4.912574519903012,1.0015167979408381
3030C004AA,0,2FD12684,True,1024,768,124.56884384155273,136.39947891235352,12.26657485961914,False,200.0,126.0,0.63,30.241328955275684,84.64543109014849,2.9350635884621608,1.0131290479155763
3030C004AA,0,2FD12676,True,1024,768,129.49747594197592,146.48809941609701,13.100634256998697,False,200.0,172.0,0.86,-42.0797358913364,-50.68712503412321,3.4904972005856223,1.0020524610472454
3030C004AA,0,2FD12675,True,1024,768,141.45267613728842,131.66866556803384,9.733355204264322,False,200.0,140.0,0.7,143.0768713437353,60.85533812448863,9.216263982674246,1.0090384927857934
3030C004AA,0,2FD12674,True,1024,768,117.13647206624348,128.0812085469564,11.4200070699056,False,200.0,175.0,0.875,41.14037523154751,158.13874083158532,2.453611892374209,1.0133953965439713
3030C004AA,0,2FD12686,True,1024,768,132.9603640238444,144.11974970499674,11.724365234375,False,200.0,173.0,0.865,50.558831335165976,27.741898753291533,5.2875270829098735,1.0064092951771406
3030C004AA,1,2FD12674,True,1024,768,75.89484278361003,122.23440551757812,9.388666788736979,True,,,,,,,
3030C004AA,1,2FD12682,True,1024,768,70.60881805419922,97.9160639444987,6.956899007161458,False,200.0,164.0,0.82,0.011361114054148302,-20.146438004739615,1.0208194379622695,1.004579008941777
3030C004AA,1,2FD12678,True,1024,768,64.57096099853516,131.9875691731771,11.907882690429688,False,200.0,143.0,0.715,-79.40373548111342,134.92302401455703,-2.172179286564824,1.0090991190954093
3030C004AA,1,2FD12683,True,1024,768,78.44106801350911,121.22336959838867,8.151415506998697,False,200.0,162.0,0.81,51.36510550548324,25.163780084347707,0.029975022405605803,1.0019573128728148
3030C004AA,1,2FD12675,True,1024,768,39.75911076863607,67.28388849894206,15.861097971598307,False,72.0,53.0,0.7361111111111112,-22.61850474135678,62.32740386542067,-14.750516411483991,1.0044340408042776
3030C004AA,1,2FD12679,True,1024,768,57.21758778889974,63.710577646891274,4.6724904378255205,False,166.0,105.0,0.6325301204819277,117.02953279313626,-2.3412170738167055,-1.5022091223985348,1.009895836464079
3030C004AA,1,2FD12684,True,1024,768,59.37271245320638,77.32662709554036,5.240547180175781,False,196.0,122.0,0.6224489795918368,75.94319848582755,19.443587680777206,1.8625711830772564,1.0074771213118174
3030C004AA,1,2FD12668,True,1024,768,40.0551389058431,96.7708002726237,22.355658213297527,False,151.0,119.0,0.7880794701986755,-131.89272065055042,182.48523981713254,-11.743748920933283,1.0061440038188465
3030C004AA,2,2FD12674,True,1024,768,105.34545135498047,148.6098200480143,11.685457865397135,True,,,,,,,
3030C004AA,2,2FD12676,True,1024,768,119.63274256388347,125.6837641398112,8.601072947184244,False,200.0,157.0,0.785,76.02423278635233,-48.877784949344104,1.1363432285112705,0.9921536020903594
3030C004AA,2,2FD12686,True,1024,768,99.32459513346355,144.4897918701172,13.786515553792318,False,200.0,184.0,0.92,67.69973631361789,-16.89160383701768,0.3915557664587806,0.9959618844185679
3030C004AA,2,2FD12670,True,1024,768,126.45742289225261,130.81155649820963,9.461499532063803,False,200.0,166.0,0.83,-2.751173626356144,-98.42586520844289,0.2750875258453224,0.9886918852151937
3030C004AA,2,2FD12672,True,1024,768,92.03845850626628,128.331667582194,9.800678253173828,False,200.0,167.0,0.835,-21.205859443913184,-8.151762896080257,0.5862735860103117,0.999191332958822
3030C004AA,2,2FD12675,True,1024,768,90.22792434692383,146.29932149251303,13.63528060913086,False,200.0,139.0,0.695,-19.677888245404134,-45.876312258464,-6.056020481042329,0.9904986602108194
3030C004AA,2,2FD12682,True,1024,768,105.06883112589519,147.54154586791992,12.701316833496094,False,200.0,135.0,0.675,37.20180891284084,-47.55358232018402,0.7259535560808953,0.9942422597856666
3030C004AA,2,2FD12669,True,1024,768,105.43351745605469,131.06225967407227,11.347312927246094,False,200.0,129.0,0.645,6.47467496942094,-70.07589292934966,-3.9539445432156906,0.988319787573598
3030C004AA,3,2FD12668,True,1024,768,69.12696965535481,107.21762466430664,15.598817189534506,True,,,,,,,
3030C004AA,3,2FD12675,True,1024,768,112.84759521484375,148.44709142049155,13.51617177327474,False,200.0,157.0,0.785,-35.28203995295472,1.9110883427494818,-3.861794158002631,0.9963865581529535
3030C004AA,3,2FD12682,True,1024,768,111.62838363647461,149.2988077799479,10.864336649576822,False,200.0,121.0,0.605,-95.4767783385896,-66.69493507017185,3.566557995386538,0.9867963597885874
3030C004AA,3,2FD12670,True,1024,768,122.71147155761719,151.72989908854166,11.386778513590494,False,200.0,145.0,0.725,-100.26387676207301,-135.58185322744143,5.041400531357796,0.9896653510155583
3030C004AA,3,2FD12672,True,1024,768,127.71133677164714,139.71259435017905,8.258071899414062,False,200.0,158.0,0.79,-114.68557508464875,-59.66046380920165,3.1510166772562553,0.9894513520711637
3030C004AA,3,2FD12676,True,1024,768,97.4009615580241,108.31395848592122,10.765055338541666,False,200.0,130.0,0.65,41.448000214965184,-111.74339547537416,3.3657807910009514,0.9926924697929073
3030C004AA,3,2FD12687,True,1024,768,107.05845896402995,146.91681543986002,10.962507883707682,False,200.0,113.0,0.565,-129.45544010197028,-129.8792564257151,2.4771932455611245,0.972696439538699
3030C004AA,3,2FD12685,True,1024,768,113.74643198649089,149.32024256388345,11.088326772054037,False,200.0,109.0,0.545,-95.99976716020674,-99.86446061616427,4.384554365580656,1.0190708753152704
3030C004AA,4,2FD12684,True,1024,768,37.584824879964195,47.33547719319662,63.27166620890299,True,,,,,,,
3030C004AA,4,2FD12670,True,1024,768,46.31559753417969,82.8829574584961,92.57833607991536,False,200.0,96.0,0.48,-53.42850118753092,89.8565727189995,-2.7355678506777057,0.768459711237017
3030C004AA,4,2FD12671,True,1024,768,41.34054819742838,49.705370585123696,68.31242497762044,False,200.0,166.0,0.83,-37.11625789670208,38.507929770741505,-3.2200246584472203,1.0061784526073287
3030C004AA,4,2FD12687,True,1024,768,63.4527842203776,52.50324630737305,67.78503163655598,False,200.0,142.0,0.71,19.535068490855384,4.3366821238965665,0.015268479360253913,0.9628097941850555
3030C004AA,4,2FD12669,True,1024,768,59.032667795817055,58.254581451416016,56.16784159342448,False,200.0,126.0,0.63,-1.9756762997391286,17.878951279438336,-0.9808562679875763,0.9719847004683021
3030C004AA,4,2FD12675,True,1024,768,56.42135238647461,63.80475107828776,60.646427154541016,False,200.0,111.0,0.555,-43.237749234179745,116.69454321147846,-7.861345676880043,0.869246353296554
3030C004AA,4,2FD12683,True,1024,768,54.98918533325195,51.751373291015625,60.39973449707031,False,200.0,171.0,0.855,6.677610413969457,17.10493378868899,-0.924352780184395,0.9671775214311088
3030C004AA,4,2FD12686,True,1024,768,53.242366790771484,47.52181498209635,67.68638356526692,False,200.0,155.0,0.775,-15.593650510014362,33.522360637830594,-2.6060891031737348,0.9829443745411149
3030C004AA,5,2FD12686,True,1024,768,36.580281575520836,99.50772857666016,128.4680658976237,True,,,,,,,
3030C004AA,5,2FD12678,True,1024,768,27.4826176961263,91.86760075887044,117.47053146362305,False,64.0,29.0,0.453125,-8.992523592381719,0.25971417359694476,0.5214727062354992,0.998352172023346
3030C004AA,5,2FD12676,True,1024,768,28.840431213378906,95.73672739664714,134.0092519124349,False,91.0,44.0,0.4835164835164835,-20.877452368015813,-5.186376131543357,0.04791834911007033,0.998716806822655
3030C004AA,5,2FD12682,True,1024,768,61.06124623616537,74.80236180623372,66.25951894124348,False,97.0,39.0,0.4020618556701031,91.1451794841123,-13.545713739579906,1.7518750996760577,0.9513025715781098
3030C004AA,5,2FD12672,True,1024,768,77.13053131103516,94.78506978352864,59.04692077636719,False,98.0,34.0,0.3469387755102041,-120.10827542179321,80.62153123275655,-2.345874829634027,0.8794522834177821
3030C004AA,5,2FD12674,True,1024,768,82.2853406270345,66.90320841471355,52.537296295166016,False,110.0,39.0,0.35454545454545455,-170.65014269029805,-18.905534447911446,0.3026558171352714,0.9932333042935917
3030C004AA,5,2FD12675,True,1024,768,68.1826286315918,57.18898264567057,31.967084248860676,False,41.0,12.0,0.2926829268292683,-693.9192335773528,-1.1825180754169875,-6.5115788782351105,1.0933170674831183
3030C004AA,5,2FD12679,True,1024,768,31.780455271402996,101.60914866129558,118.77335739135742,False,35.0,16.0,0.45714285714285713,4.832555297528749,-4.05922431637877,0.7064942605324442,0.99023150116519
3030C004AA,6,2FD12675,True,1024,768,36.23044077555338,91.0051867167155,77.6205062866211,True,,,,,,,
3030C004AA,6,2FD12685,True,1024,768,75.83902486165364,54.609336853027344,50.79354349772135,False,22.0,4.0,0.18181818181818182,1133.1054957280628,372.093503925401,151.6054196379418,1.120948752524564
3030C004AA,6,2FD12676,True,1024,768,21.09445571899414,79.06882985432942,91.30462137858073,False,17.0,4.0,0.23529411764705882,70.28117513870383,256.65720874758404,-52.05699511455215,0.41010440038297624
3030C004AA,6,2FD12670,True,1024,768,30.016376495361328,79.4914042154948,67.11078262329102,False,18.0,7.0,0.3888888888888889,71.78224452145615,116.93457590610254,2.001728395497526,0.7714268121665565
3030C004AA,6,2FD12674,True,1024,768,65.35448455810547,58.56258646647135,58.8781992594401,False,22.0,4.0,0.18181818181818182,133.3893215179097,122.22691212057427,3.0927025805953017,0.5372537799999254
3030C004AA,6,2FD12671,True,1024,768,79.1041374206543,58.6786257425944,42.813830057779946,False,22.0,4.0,0.18181818181818182,-34.435353680098956,-132.07025354985217,-0.26399239037556493,1.2118724913858188
3030C004AA,6,2FD12678,True,1024,768,53.39611307779948,57.50559107462565,51.24268086751302,False,24.0,6.0,0.25,-64.56781883817523,2.7004345849582316,-7.959776030336984,1.1371710041309284
3030C004AA,6,2FD12686,True,1024,768,65.23144785563152,55.155251820882164,54.189108530680336,False,26.0,5.0,0.19230769230769232,-54.2382247986024,-4.392090879918509,-5.96748714542349,1.125804842403435
3030C004AA,7,2FD12672,True,1024,768,114.19452540079753,60.27904256184896,35.34433364868164,True,,,,,,,
3030C004AA,7,2FD12670,True,1024,768,103.73172760009766,86.12742741902669,40.404754638671875,False,200.0,35.0,0.175,-74.32301074465043,-47.36143590364588,0.2623528530541492,1.1019020045188062
3030C004AA,7,2FD12687,True,1024,768,124.5674311319987,60.95169321695963,59.37520217895508,False,200.0,15.0,0.075,-364.6840662069671,-490.718297471233,2.17498756769751,1.8989520257310912
3030C004AA,7,2FD12683,True,1024,768,95.40797424316406,56.07268778483073,71.47294362386067,False,200.0,7.0,0.035,-370.1828191705511,-470.1300409998711,0.8719581371079569,1.9041246572247201
3030C004AA,7,2FD12684,True,1024,768,72.91647593180339,95.32963180541992,71.95633188883464,False,200.0,34.0,0.17,-346.2151132659112,-455.087127136582,2.174386189999685,1.8382215441966563
3030C004AA,7,2FD12674,True,1024,768,86.02498118082683,111.45028559366862,56.27871068318685,False,200.0,29.0,0.145,-42.32305081804171,-116.30722881455569,5.180316219107539,1.1300920478126795
3030C004AA,7,2FD12673,True,1024,768,100.31178410847981,75.49783070882161,55.24174245198568,False,200.0,50.0,0.25,-156.53069932969532,-221.35151685069877,5.022115658871706,1.3753516897982934
3030C004AA,7,2FD12676,True,1024,768,78.54905064900716,88.78445434570312,74.37012608846028,False,200.0,19.0,0.095,-372.4415616796391,-567.2968777605173,6.1861375242891885,1.937685203716755
3030C004AA,8,2FD12676,True,1024,768,80.2941385904948,130.9966583251953,9.657730102539062,True,,,,,,,
3030C004AA,8,2FD12668,True,1024,768,122.18286641438802,150.54789225260416,13.978221893310547,False,23.0,13.0,0.5652173913043478,59.04670334511868,-17.154299700261728,0.4132283064522596,0.965467901240695
3030C004AA,8,2FD12672,True,1024,768,97.89855194091797,147.8258845011393,10.186229705810547,False,18.0,5.0,0.2777777777777778,265.867920669454,355.6272697843912,25.84454580377096,0.20683859515995032
3030C004AA,8,2FD12682,True,1024,768,92.59797795613606,133.44500096638998,9.498245239257812,False,14.0,6.0,0.42857142857142855,-42.92136291669513,-140.95167407470652,10.15091449184875,1.087460413548871
3030C004AA,8,2FD12685,True,1024,768,96.51052474975586,151.4278678894043,11.629993438720703,False,31.0,24.0,0.7741935483870968,-72.29785658939868,-21.672484861400484,1.8869651023834002,1.006303550450483
3030C004AA,8,2FD12678,True,1024,768,103.58430099487305,141.30001576741537,9.80154800415039,False,13.0,3.0,0.23076923076923078,-2361.222370847741,2951.8292791293175,-98.1303155858649,7.078952917509549
3030C004AA,8,2FD12684,True,1024,768,117.29365666707356,152.7374038696289,9.957228342692057,False,17.0,9.0,0.5294117647058824,41.76719285740968,-30.418085429401774,3.18838191378172,0.973782078984048
3030C004AA,8,2FD12675,True,1024,768,76.23340225219727,125.14397811889648,11.555035909016928,False,17.0,10.0,0.5882352941176471,-40.927149140652276,-101.27578825894712,2.9585067567883776,1.0275872776758073
3030C004AA,9,2FD12672,True,1024,768,71.6541379292806,79.65546035766602,13.556776682535807,True,,,,,,,
3030C004AA,9,2FD12685,True,1024,768,107.54795964558919,130.52961222330728,10.977119445800781,False,57.0,9.0,0.15789473684210525,-219.5120496165123,112.47912330476689,4.957193645146594,1.0269345225184792
3030C004AA,9,2FD12676,True,1024,768,97.13650258382161,117.91771952311198,11.520014444986979,False,67.0,9.0,0.13432835820895522,-155.6840106651502,86.85179490330137,4.823619183052716,1.0188101019499658
3030C004AA,9,2FD12675,True,1024,768,95.08029174804688,126.68067296346028,16.430533091227215,False,73.0,21.0,0.2876712328767123,17.06720318442501,87.14971014980695,3.7725707051408306,1.0018936974102917
3030C004AA,9,2FD12673,True,1024,768,105.77189127604167,110.34236145019531,11.120423634847006,False,82.0,34.0,0.4146341463414634,-73.73548204502049,37.00217222728453,5.918803523485683,1.007366420771294
3030C004AA,9,2FD12683,True,1024,768,113.98889795939128,153.87926228841147,20.50271987915039,False,51.0,6.0,0.11764705882352941,55.41755261145039,207.41800709968766,16.822577792487213,0.7182268405745662
3030C004AA,9,2FD12686,True,1024,768,92.56041844685872,118.81740061442058,13.103810628255209,False,62.0,9.0,0.14516129032258066,-74.86957589915903,115.52402277966442,4.52852889220271,0.9847668950206815
3030C004AA,9,2FD12679,True,1024,768,101.77350743611653,126.43218739827473,14.397584279378256,False,77.0,16.0,0.2077922077922078,-98.62873070100116,83.18694211268775,7.521072498234041,0.9741635736803214
3030C004AA,10,2FD12683,True,1024,768,121.66162618001302,145.5757598876953,10.077101389567057,True,,,,,,,
3030C004AA,10,2FD12685,True,1024,768,114.98307037353516,142.56665420532227,10.838031768798828,False,200.0,92.0,0.46,33.19061918471661,-54.526286447157744,1.5670782092551758,0.9937402640807881
3030C004AA,10,2FD12686,True,1024,768,122.16407521565755,147.48517735799155,12.01666514078776,False,164.0,67.0,0.40853658536585363,11.205133918507407,-64.5227849789065,0.8319822264441308,1.0008632150348984
3030C004AA,10,2FD12673,True,1024,768,112.15139516194661,146.42754491170248,10.145561218261719,False,200.0,118.0,0.59,-4.143058164806315,-5.714062369663137,-1.0757115726365887,1.003036148223075
3030C004AA,10,2FD12671,True,1024,768,128.58395640055338,139.9907544453939,9.215951283772787,False,200.0,104.0,0.52,41.19758478650748,-33.03436340716691,1.9444491544620437,1.0057136786171168
3030C004AA,10,2FD12682,True,1024,768,118.65690994262695,148.21804682413736,11.44415028889974,False,200.0,108.0,0.54,2.898876403956015,-19.47406348121254,0.28647672456054,1.0004773682921566
3030C004AA,10,2FD12687,True,1024,768,127.99160385131836,152.5107676188151,11.950424194335938,False,200.0,153.0,0.765,-5.238427556152957,-14.246267789472263,-1.8765822658447504,1.0005932293342394
3030C004AA,10,2FD12678,True,1024,768,118.08405303955078,139.44405237833658,9.18789800008138,False,174.0,102.0,0.5862068965517241,-18.933832228925393,10.532996908748986,-1.9383685955749348,1.0074957852581379
3030C004AA,11,2FD12683,True,1024,768,126.64803822835286,152.10251235961914,10.704549153645834,True,,,,,,,
3030C004AA,11,2FD12675,True,1024,768,122.72693506876628,140.94549942016602,8.687596638997396,False,88.0,64.0,0.7272727272727273,-0.8935820106558175,0.8634363648852342,1.8341944504652425,1.0104887039015222
3030C004AA,11,2FD12684,True,1024,768,123.78341293334961,148.78421529134116,10.573465983072916,False,110.0,73.0,0.6636363636363637,14.650122018625318,-25.53244725656362,1.4085373418659408,1.0024420010186594
3030C004AA,11,2FD12687,True,1024,768,127.04752604166667,155.52055867513022,14.944477081298828,False,155.0,119.0,0.7677419354838709,28.3906801733512,-18.523333807932218,3.082629907977832,1.0044179945345617
3030C004AA,11,2FD12674,True,1024,768,113.14118830362956,130.74024200439453,7.938849131266276,False,84.0,64.0,0.7619047619047619,-5.868125192024275,17.725977092548785,0.4699900487627681,1.014689906622544
3030C004AA,11,2FD12668,True,1024,768,136.0294977823893,151.8250478108724,27.067860921223957,False,63.0,35.0,0.5555555555555556,-89.26786094878761,-93.84888286206304,4.288778392033867,1.0380341322090259
3030C004AA,11,2FD12673,True,1024,768,122.47151438395183,156.4108772277832,10.93545913696289,False,106.0,73.0,0.6886792452830188,34.09245198350433,-81.74639567230729,2.4768025236496793,0.9988200577419419
3030C004AA,11,2FD12686,True,1024,768,126.55193583170573,152.01993052164713,11.004322052001953,False,116.0,85.0,0.7327586206896551,34.843742555484894,-4.913045660982797,1.6624075140777308,1.0028330853183425
3030C004AA,12,2FD12683,True,1024,768,119.14170455932617,124.23502985636394,33.01063028971354,True,,,,,,,
3030C004AA,12,2FD12687,True,1024,768,130.87308756510416,131.79846572875977,23.16979471842448,False,62.0,37.0,0.5967741935483871,10.95335123849913,-63.79154652219704,3.0852424866854937,1.0297502023626977
3030C004AA,12,2FD12679,True,1024,768,133.86055628458658,124.68247604370117,24.342337290445965,False,59.0,25.0,0.423728813559322,-38.22104993557974,-33.40742914577341,1.4365561565453697,1.0241496522090716
3030C004AA,12,2FD12686,True,1024,768,117.90546162923177,128.02618789672852,29.22028986612956,False,65.0,38.0,0.5846153846153846,22.746540252009094,-44.65942014974347,2.8290439992121112,1.0058399750087665
3030C004AA,12,2FD12685,True,1024,768,115.57279713948567,120.47538884480794,26.813250223795574,False,60.0,31.0,0.5166666666666667,-4.760443059933903,5.6870318301997616,-1.5504615957456165,0.992020992344268
3030C004AA,12,2FD12670,True,1024,768,118.35656865437825,128.91917037963867,19.38513437906901,False,40.0,7.0,0.175,-40.46617190194209,143.07875526235156,-31.869126479822793,0.9238043074143283
3030C004AA,12,2FD12675,True,1024,768,130.7365697224935,133.40802764892578,23.99640146891276,False,48.0,16.0,0.3333333333333333,-493.4840844493153,858.9246072956371,-69.06166378557026,1.2252272236555235
3030C004AA,12,2FD12668,True,1024,768,139.15783055623373,84.48993428548177,18.31450017293294,False,40.0,8.0,0.2,-325.0377051268675,1076.538785266585,-80.21284977582829,1.215949091835448
3030C004AA,13,2FD12672,True,1024,768,93.82090759277344,122.6783218383789,22.77312469482422,True,,,,,,,
3030C004AA,13,2FD12679,True,1024,768,65.46943664550781,97.06254450480144,32.62595240275065,False,200.0,13.0,0.065,939.7640024463477,-112.03330213077793,86.47908523840215,0.9678195182758123
3030C004AA,13,2FD12684,True,1024,768,106.9695332845052,105.25206247965495,10.5692990620931,False,200.0,15.0,0.075,932.8660340736658,-93.37488362158477,84.79121902228533,0.988677852741116
3030C004AA,13,2FD12669,True,1024,768,94.05001831054688,98.59521865844727,29.420338948567707,False,200.0,18.0,0.09,-34.95513040115248,-16.97217317197287,-3.591823452505309,1.0208718662702536
3030C004AA,13,2FD12675,True,1024,768,106.2361666361491,92.07751592000325,30.474653879801433,False,200.0,15.0,0.075,108.17366322153381,54.965326126998896,0.4457022628549457,0.8200365302723678
3030C004AA,13,2FD12685,True,1024,768,75.14134724934895,75.5903714497884,11.524191538492838,False,200.0,15.0,0.075,1007.8881694622025,0.27591262131477207,91.29249943751901,0.968007084451612
3030C004AA,13,2FD12676,True,1024,768,73.06770451863606,95.5206667582194,12.136824289957682,False,200.0,17.0,0.085,884.9135072618013,-121.58290249110073,83.19389691158922,0.9713431457223424
3030C004AA,13,2FD12683,True,1024,768,90.71998850504558,115.95246505737305,22.4258295694987,False,200.0,17.0,0.085,951.8437106433972,-14.273689593400562,90.97418110706643,0.9495424119434477
3030C004AA,14,2FD12668,True,1024,768,200.39336903889975,123.7560640970866,7.653430938720703,True,,,,,,,
3030C004AA,14,2FD12672,True,1024,768,105.1514663696289,121.20533752441406,19.16991424560547,False,41.0,6.0,0.14634146341463414,457.1209008113317,-139.06038439330226,26.81321470787388,0.9681587349718103
3030C004AA,14,2FD12674,True,1024,768,115.75604883829753,138.043581644694,10.92767588297526,False,40.0,9.0,0.225,915.4202361670731,-171.8231240747084,81.06658696846539,1.0580185084211489
3030C004AA,14,2FD12684,True,1024,768,105.53580729166667,127.9985745747884,14.067695617675781,False,49.0,11.0,0.22448979591836735,569.2591569014177,50.85089162337097,69.6739464377133,0.8689730917287564
3030C004AA,14,2FD12679,True,1024,768,121.35035832722981,131.3491694132487,18.01167933146159,False,44.0,6.0,0.13636363636363635,567.7015904954534,53.003501543024726,71.14293475575927,0.836620071352662
3030C004AA,14,2FD12670,True,1024,768,107.52614084879558,133.7503547668457,9.776083628336588,False,42.0,9.0,0.21428571428571427,844.9134374402257,-183.8686753981825,74.8870800431449,1.025430898867513
3030C004AA,14,2FD12669,True,1024,768,106.54458236694336,130.71617380777994,12.3311767578125,False,38.0,15.0,0.39473684210526316,31.239479558794933,57.71895582412124,-3.0380157841226723,1.0100697181312746
3030C004AA,14,2FD12675,True,1024,768,121.37307866414388,143.7644017537435,8.342568715413412,False,48.0,12.0,0.25,27.36793111634161,122.62157293147699,-4.013362054825217,1.041449223763996
3031C001AA,0,2FE01009,True,1024,768,126.94186147054036,145.69313430786133,12.628915150960287,True,,,,,,,
3031C001AA,0,2FE01011,True,1024,768,130.24498748779297,137.8068822224935,14.788569132486979,False,200.0,152.0,0.76,97.43324226618873,-80.56815939190177,11.144198077972288,1.0024566160705013
3031C001AA,0,2FE01010,True,1024,768,124.90821838378906,138.23991266886392,21.191202799479168,False,200.0,159.0,0.795,86.19477919637015,-97.2604968330119,6.898479621623,0.9990613557945112
3031C001AA,0,2FE01008,True,1024,768,130.58501180013022,131.64041392008463,17.849385579427082,False,200.0,160.0,0.8,55.70261084777576,-33.21866689355986,6.917838324275652,0.9992071179328418
3031C001AA,0,2FE01007,True,1024,768,112.95884958902995,135.268798828125,22.61342493693034,False,200.0,182.0,0.91,-6.874781211086534,-84.42000674184209,-1.6643226227030654,0.9953039735688234
3031C001AA,1,2FE01009,True,1024,768,98.06805419921875,151.52111434936523,13.576114654541016,True,,,,,,,
3031C001AA,1,2FE01010,True,1024,768,76.6457150777181,128.6825828552246,10.233153025309244,False,78.0,38.0,0.48717948717948717,34.13188441541721,-24.06350271834031,-4.662998974459525,0.9792856037971337
3031C001AA,1,2FE01008,True,1024,768,58.95045852661133,130.19370142618814,10.641976674397787,False,75.0,41.0,0.5466666666666666,13.244392288283,31.465479780691307,-2.2085119526855777,0.9889263103188872
3031C001AA,1,2FE01011,True,1024,768,74.41359583536784,124.630064646403,8.950822194417318,False,77.0,38.0,0.4935064935064935,119.66797197519747,33.757483812656936,-1.6888338185748082,1.0039699062420475
3031C001AA,1,2FE01007,True,1024,768,64.56177139282227,112.28622563680013,8.206347147623697,False,64.0,20.0,0.3125,4.018136983658162,20.495819497608323,-2.868479516360702,1.0081310876723069
3031C001AA,2,2FE01011,True,1024,768,112.29703267415364,141.91521326700845,10.74051030476888,True,,,,,,,
3031C001AA,2,2FE01007,True,1024,768,104.372984568278,145.88535690307617,12.701329549153646,False,200.0,142.0,0.71,30.13013730307836,-1.4774843783354512,-0.044788260360284236,0.9990999536527763
3031C001AA,2,2FE01010,True,1024,768,107.5757064819336,143.04351679484049,11.192451477050781,False,200.0,172.0,0.86,-18.877917261197954,-31.789564027474576,-0.8575119637459927,0.9944957966554296
3031C001AA,2,2FE01008,True,1024,768,102.99494298299153,151.45202509562174,12.029711405436197,False,200.0,159.0,0.795,-17.636818746145938,-5.969142784839384,0.9533321424895409,1.0003953276635118
3031C001AA,2,2FE01009,True,1024,768,112.98831431070964,152.40372594197592,12.638643900553385,False,200.0,163.0,0.815,-18.23614451987389,-2.9998850257040166,-0.8601441478532305,0.9952231645681077
3031C001AA,3,2FE01007,True,1024,768,109.1816177368164,142.25262578328451,10.260074615478516,True,,,,,,,
3031C001AA,3,2FE01010,True,1024,768,114.06161244710286,128.93241755167642,8.2052853902181,False,200.0,139.0,0.695,-7.67786680827982,57.161171032664065,0.21269171000178394,1.0024332236859395
3031C001AA,3,2FE01011,True,1024,768,97.44792811075847,142.7930997212728,10.845987955729166,False,200.0,129.0,0.645,54.52216615624481,-8.34696727117344,4.236690695219445,1.0002843955636351
3031C001AA,3,2FE01009,True,1024,768,119.8101577758789,149.3948860168457,10.870293935139975,False,200.0,139.0,0.695,-5.917584827493385,25.711040315383894,-1.1330313685164102,0.9992881613873958
3031C001AA,3,2FE01008,True,1024,768,112.89243189493816,140.92759704589844,8.701774597167969,False,200.0,113.0,0.565,-119.10477000763741,9.427200304016091,0.4175862235625098,1.005844279824675
3031C001AA,4,2FE01008,True,1024,768,56.59615834554037,49.23336919148763,67.05392710367839,True,,,,,,,
3031C001AA,4,2FE01009,True,1024,768,35.24645233154297,42.064886728922524,56.8143564860026,False,200.0,158.0,0.79,-17.31421223269587,22.41754141271916,-0.962933890160257,1.002208016270944
3031C001AA,4,2FE01007,True,1024,768,58.95798110961914,48.96266555786133,96.11337661743164,False,200.0,168.0,0.84,24.653485609469893,17.627489139794367,-0.2317472828874206,0.9726388043808308
3031C001AA,4,2FE01010,True,1024,768,46.06085459391276,52.19656753540039,54.53254699707031,False,200.0,157.0,0.785,-15.895166765658196,9.991205236754128,-0.7282934106692898,1.0037803626033066
3031C001AA,4,2FE01011,True,1024,768,43.37041982014974,45.51805750528971,60.28503926595052,False,200.0,146.0,0.73,22.513362836872695,-17.330725694637326,2.1994876771177587,0.9949284382707724
3031C001AA,5,2FE01007,True,1024,768,35.505140940348305,95.58140182495117,101.63231786092122,True,,,,,,,
3031C001AA,5,2FE01009,True,1024,768,36.56847890218099,94.79466247558594,105.51345570882161,False,54.0,12.0,0.2222222222222222,130.6257882594831,-37.46527355267819,1.6931957825082589,1.038935956651169
3031C001AA,5,2FE01008,True,1024,768,69.85204060872395,80.51620483398438,64.01050313313802,False,81.0,26.0,0.32098765432098764,134.21685681277197,-72.61755851529935,4.057654548824721,1.050654322854
3031C001AA,5,2FE01010,True,1024,768,31.288670857747395,93.69525655110677,105.80620574951172,False,30.0,13.0,0.43333333333333335,108.66393621584656,-41.079020817361766,2.164898784586106,1.0426186214091955
3031C001AA,5,2FE01011,True,1024,768,32.07873789469401,101.25694147745769,161.4585838317871,False,16.0,4.0,0.25,-35.24435486669186,-295.147976395544,4.7929622114878345,1.3831038255214403
3031C001AA,6,2FE01008,True,1024,768,56.256890614827476,50.909470876057945,61.87053680419922,True,,,,,,,
3031C001AA,6,2FE01011,True,1024,768,20.207828521728516,80.36287053426106,101.42335255940755,False,46.0,21.0,0.45652173913043476,-45.93838880359797,51.35966653264333,3.1796919955708014,0.9371812448961098
3031C001AA,6,2FE01009,True,1024,768,31.512379964192707,60.46347300211588,58.29527028401693,False,35.0,19.0,0.5428571428571428,-31.86464776995926,-18.828048955472088,1.7561099998734868,1.0583923772182429
3031C001AA,6,2FE01010,True,1024,768,68.10428619384766,57.14080683390299,43.189412434895836,False,100.0,44.0,0.44,92.58555824643958,40.69415279625353,1.2552830629955345,0.9304382452666351
3031C001AA,6,2FE01007,True,1024,768,68.08641306559245,56.77421569824219,56.786179860432945,False,126.0,45.0,0.35714285714285715,6.652729998009292,110.34053504085554,-1.6651032886702974,0.8398866651260746
3031C001AA,7,2FE01008,True,1024,768,117.55691655476888,57.47079213460287,65.36951192220052,True,,,,,,,
3031C001AA,7,2FE01011,True,1024,768,124.416077931722,59.54824574788412,62.90305836995443,False,200.0,59.0,0.295,10.614853765862579,11.645032201870428,-3.1986897367216818,0.9917963132929579
3031C001AA,7,2FE01007,True,1024,768,67.08867009480794,83.90096791585286,75.84188715616862,False,200.0,27.0,0.135,16.905069054191216,43.15729331845877,-3.6228244140189325,0.948665614584233
3031C001AA,7,2FE01010,True,1024,768,121.1321169535319,58.25310262044271,61.87436167399088,False,200.0,47.0,0.235,9.471897418320417,9.347054517453463,-1.866370698271134,0.9919392262170789
3031C001AA,7,2FE01009,True,1024,768,63.82068125406901,63.618300120035805,91.03325907389323,False,200.0,30.0,0.15,-40.961704911096305,-52.44241206826595,-3.527353767314141,1.1206522973173623
3031C001AA,8,2FE01010,True,1024,768,128.24853388468424,133.50567245483398,16.82257588704427,True,,,,,,,
3031C001AA,8,2FE01008,True,1024,768,100.63221232096355,138.73292922973633,11.155630747477213,False,29.0,9.0,0.3103448275862069,-0.9911611422284001,3.4632736499223906,-0.20833419872602998,0.9965904283085932
3031C001AA,8,2FE01007,True,1024,768,106.41810353597005,133.7547861735026,8.919756571451822,False,34.0,14.0,0.4117647058823529,-200.22572771126383,-44.011776338532655,0.30131089079411427,1.0330627216884354
3031C001AA,8,2FE01011,True,1024,768,84.35509490966797,132.84087753295898,9.810857137044271,False,17.0,6.0,0.35294117647058826,-156.45249943759615,-39.14054659763832,4.340735422079519,1.079450578891967
3031C001AA,8,2FE01009,True,1024,768,97.23204549153645,149.654904683431,10.473209381103516,False,35.0,20.0,0.5714285714285714,-173.5489729339768,-10.100700255148062,-1.0521956113708826,1.006462846479756
3031C001AA,9,2FE01010,True,1024,768,92.92460378011067,127.43745676676433,11.339542388916016,True,,,,,,,
3031C001AA,9,2FE01009,True,1024,768,96.360902150472,128.10246785481772,16.516714731852215,False,65.0,33.0,0.5076923076923077,-13.671119252701429,15.534384272702288,0.6436583660777807,0.9929973266691009
3031C001AA,9,2FE01011,True,1024,768,98.25617980957031,129.00668334960938,12.239941914876303,False,100.0,41.0,0.41,-61.09347407056602,-30.24021446344799,0.22166253495418775,1.0497415089036284
3031C001AA,9,2FE01007,True,1024,768,102.49040857950847,129.9364242553711,11.31033452351888,False,97.0,48.0,0.4948453608247423,-64.12003935468714,-9.732062481756408,0.9702819095064834,1.0386513732862563
3031C001AA,9,2FE01008,True,1024,768,93.577943166097,118.60183207194011,11.523118336995443,False,68.0,29.0,0.4264705882352941,-30.697179997665685,2.7105055337797195,0.9977756485905727,1.0900050879761989
3031C001AA,10,2FE01009,True,1024,768,106.40178298950195,137.0316950480143,12.16896947224935,True,,,,,,,
3031C001AA,10,2FE01008,True,1024,768,122.21823374430339,133.7306391398112,9.982777913411459,False,200.0,151.0,0.755,-12.273790345373783,3.754385148750169,-0.6573174533927612,1.0018660607281198
3031C001AA,10,2FE01007,True,1024,768,97.88091659545898,124.65465799967448,13.320208231608072,False,200.0,117.0,0.585,-19.313231218772376,14.141089785185562,-1.9104348490113896,1.0035810152067295
3031C001AA,10,2FE01010,True,1024,768,116.4056510925293,136.37590916951498,10.999031066894531,False,200.0,120.0,0.6,-20.99988715909118,6.683231881469598,-1.1288726743134605,1.01209058408161
3031C001AA,10,2FE01011,True,1024,768,108.15173085530598,125.2192497253418,9.240936279296875,False,200.0,130.0,0.65,-18.040944493927594,11.55635930351257,-1.4870017007363092,0.9987299581585846
3031C001AA,11,2FE01011,True,1024,768,91.1043332417806,125.61461893717448,10.705696105957031,True,,,,,,,
3031C001AA,11,2FE01009,True,1024,768,87.30981699625652,138.5785814921061,10.482171376546225,False,90.0,53.0,0.5888888888888889,23.118766109467796,-52.930647464207375,3.3430832048400907,1.0087175364088936
3031C001AA,11,2FE01010,True,1024,768,115.5727424621582,143.77953974405924,9.492012023925781,False,82.0,41.0,0.5,26.473596895679613,-13.726685293831917,1.654611729765471,0.9898902245812611
3031C001AA,11,2FE01008,True,1024,768,127.41492589314778,139.41452280680338,9.90759023030599,False,134.0,78.0,0.582089552238806,5.929817124421973,-52.421390601560304,2.4805208874270326,1.0221114868567627
3031C001AA,11,2FE01007,True,1024,768,80.94338862101237,115.83877563476562,10.46664047241211,False,63.0,30.0,0.47619047619047616,-4.909395170769258,-14.455269345422554,0.7167423233029273,1.0117258139130052
3031C001AA,12,2FE01010,True,1024,768,148.7196782430013,137.28339131673178,24.59264373779297,True,,,,,,,
3031C001AA,12,2FE01009,True,1024,768,128.32061767578125,136.2446657816569,19.666704813639324,False,169.0,60.0,0.35502958579881655,21.83481989880847,-0.9397049506657464,1.7154845012906457,0.9826822709159659
3031C001AA,12,2FE01007,True,1024,768,115.87499872843425,128.9044418334961,17.324138641357422,False,148.0,41.0,0.27702702702702703,-3.9135188023652234,-9.03278575296359,-0.5409693481051944,1.0124359344576952
3031C001AA,12,2FE01008,True,1024,768,127.13547770182292,132.4764315287272,20.75146993001302,False,115.0,12.0,0.10434782608695652,171.33177585628084,292.2828929874646,9.31877390519232,0.3088654726293741
3031C001AA,12,2FE01011,True,1024,768,124.95727284749348,136.14508819580078,21.854705810546875,False,147.0,17.0,0.11564625850340136,333.7183361806756,49.7893151508371,49.58750767885968,0.8956896216506602
3031C001AA,13,2FE01007,True,1024,768,97.46803410847981,125.1076265970866,15.201099395751953,True,,,,,,,
3031C001AA,13,2FE01008,True,1024,768,83.67742411295573,105.44029744466145,13.818888346354166,False,200.0,28.0,0.14,99.82421017261265,-5.766644821124603,-0.9062693167141588,1.02360245031216
3031C001AA,13,2FE01010,True,1024,768,67.86680857340495,100.75343449910481,19.395907084147137,False,200.0,33.0,0.165,81.02945427511544,-1.523777839285584,1.7420141432166576,0.9925607077817776
3031C001AA,13,2FE01009,True,1024,768,88.10986963907878,120.44978586832683,17.987464904785156,False,200.0,27.0,0.135,-33.462378285866976,-39.553652976514414,1.8498804585617064,1.0162915341011909
3031C001AA,13,2FE01011,True,1024,768,100.60616811116536,116.4529291788737,13.062309265136719,False,200.0,21.0,0.105,84.40085488710677,-10.023112983474627,0.23696675357216562,1.0094827783489542
3031C001AA,14,2FE01009,True,1024,768,92.81345748901367,133.38354365030924,13.500484466552734,True,,,,,,,
3031C001AA,14,2FE01007,True,1024,768,104.79847717285156,132.2223866780599,12.415912628173828,False,117.0,29.0,0.24786324786324787,-11.995466687927829,79.2234723705835,-5.794704236627286,1.0017351432504562
3031C001AA,14,2FE01011,True,1024,768,96.12222162882487,133.89055760701498,15.01700210571289,False,101.0,16.0,0.15841584158415842,-43.15803010021658,56.53787185088348,-5.269153086367627,0.9778924121901995
3031C001AA,14,2FE01008,True,1024,768,109.60851287841797,136.8232650756836,18.402759552001953,False,118.0,31.0,0.2627118644067797,34.88314076754663,55.84719437029035,-4.981572979387183,0.9891211775795107
3031C001AA,14,2FE01010,True,1024,768,99.14599482218425,126.09077707926433,14.812602996826172,False,124.0,50.0,0.4032258064516129,-10.005200077112567,75.03892534791511,-6.757282800165943,0.9944766760644298
3031C002AA,0,2FF17576,True,1024,768,186.92971165974936,158.55546696980795,21.147070566813152,True,,,,,,,
3031C002AA,0,2FF17718,True,1024,768,125.96753056844075,119.74206034342448,10.112075805664062,False,200.0,172.0,0.86,-26.006599102885854,-134.7990193267429,3.0009795703890796,0.9898873010445707
3031C002AA,0,2FF17795,True,1024,768,155.8437589009603,139.05595906575522,18.422686258951824,False,200.0,174.0,0.87,4.124576460140362,-75.5401389913749,7.13681837108637,0.9973861167462709
3031C002AA,0,2FF17749,True,1024,768,127.27450561523438,123.5135269165039,10.61117426554362,False,200.0,175.0,0.875,-42.80084346385145,-162.2462766227113,7.418165695328345,0.9949053341427899
3031C002AA,0,2FF17773,True,1024,768,130.20202000935873,130.7933553059896,11.060796101888021,False,200.0,99.0,0.495,-109.84599823366476,-170.66052849195378,-2.108992869460948,0.9869533401316218
3031C002AA,0,2FF17764,True,1024,768,141.8908259073893,132.00555928548178,8.993287404378256,False,200.0,174.0,0.87,-65.67227503988983,-73.24719982037712,-1.0349528023748076,0.9857729983745008
3031C002AA,0,2FF17586,True,1024,768,154.9265925089518,148.90764617919922,20.553292592366535,False,200.0,168.0,0.84,-126.43804940940704,-147.8626092939091,-1.3931475850810224,0.9902278078628833
3031C002AA,0,2FF17807,True,1024,768,103.38101196289062,128.54005686442056,12.859420776367188,False,200.0,152.0,0.76,-64.805423124484,-90.69525111092318,2.9054199732926276,0.9964174927863239
3031C002AA,1,2FF17729,True,1024,768,87.90728505452473,140.39891942342123,10.1682980855306,True,,,,,,,
3031C002AA,1,2FF17764,True,1024,768,88.24267705281575,130.05963007609049,9.291997273763021,False,200.0,147.0,0.735,11.794141811047977,80.46827624800625,-1.2408221328008135,1.003734205911296
3031C002AA,1,2FF17701,True,1024,768,98.76486206054688,149.1487134297689,11.631949106852213,False,200.0,154.0,0.77,-196.4769136081392,87.54598831728846,-5.655327430154878,1.0059578433380685
3031C002AA,1,2FF17787,True,1024,768,119.55513509114583,137.8637440999349,8.123278299967447,False,200.0,149.0,0.745,-65.68949331328892,94.19258695902323,0.39950633789602874,1.007569089395667
3031C002AA,1,2FF17805,True,1024,768,93.75587972005208,142.14264297485352,11.274094899495443,False,99.0,58.0,0.5858585858585859,-28.895760996629285,103.90921027155632,-4.018737534737002,1.0015781607620982
3031C002AA,1,2FF17647,True,1024,768,61.613538106282554,92.90005620320638,6.895773569742839,False,200.0,162.0,0.81,-74.9281002341695,54.16209428892077,-3.2910503331277607,0.9990293899079034
3031C002AA,1,2FF17772,True,1024,768,73.41758855183919,129.83356730143228,10.906452178955078,False,200.0,159.0,0.795,-131.76779310074883,112.0583875741281,-1.2235821832468505,1.004418308596758
3031C002AA,1,2FF17778,True,1024,768,105.64547475179036,136.8319880167643,9.007708231608072,False,200.0,128.0,0.64,32.09085490143838,70.57296871619602,0.18464553623440388,1.0075304668500131
3031C002AA,2,2FF17632,True,1024,768,117.05787785847981,132.7712631225586,8.612236022949219,True,,,,,,,
3031C002AA,2,2FF17729,True,1024,768,126.78151067097981,151.4565404256185,11.947550455729166,False,200.0,128.0,0.64,-1.4143799736275113,115.08133974682691,1.2698487031453147,1.0188049356831428
3031C002AA,2,2FF17779,True,1024,768,128.06289418538412,129.78328069051108,8.138609568277994,False,200.0,164.0,0.82,43.967094314713464,-58.45954548996524,2.9438501793940066,0.9931105714399365
3031C002AA,2,2FF17664,True,1024,768,125.39549382527669,137.81696701049805,10.128978729248047,False,200.0,137.0,0.685,-122.25993117939719,-78.07327826723589,1.5354184056387985,1.0048019762335547
3031C002AA,2,2FF17630,True,1024,768,109.75701649983723,140.47100702921549,10.504730224609375,False,200.0,149.0,0.745,-181.4643459026034,47.8080219461489,0.7625783090536534,1.0156164654177147
3031C002AA,2,2FF17736,True,1024,768,127.02574666341145,142.9271151224772,12.685810089111328,False,200.0,142.0,0.71,-1.6787445227256954,-147.0464595950416,5.4910218249787865,0.9923614722843906
3031C002AA,2,2FF17622,True,1024,768,127.48180135091145,139.41677220662436,8.807799021402994,False,200.0,174.0,0.87,-45.42732882435281,-16.903103279028837,-0.4331386736163805,1.0007074686536792
3031C002AA,2,2FF17732,True,1024,768,129.00052897135416,155.97871907552084,10.937613169352213,False,200.0,159.0,0.795,-13.732815008765149,28.25719909253188,-0.8492884281998944,1.0022841584095166
3031C002AA,3,2FF17638,True,1024,768,101.89240264892578,134.07952245076498,12.743825276692709,True,,,,,,,
3031C002AA,3,2FF17747,True,1024,768,95.5773696899414,127.81037902832031,8.510388692220053,False,200.0,137.0,0.685,-61.83864709685315,-76.65050101944585,2.0555519081987947,0.9940075162982193
3031C002AA,3,2FF17767,True,1024,768,122.64816157023112,139.68508911132812,8.294760386149088,False,200.0,138.0,0.69,-125.43655395443443,-35.043643164168934,2.6860219286125164,0.9966374141335442
3031C002AA,3,2FF17758,True,1024,768,121.39990107218425,18.560314178466797,19.350704193115234,False,200.0,95.0,0.475,-120.65039513683492,-135.81042689837238,-0.7698568377624365,0.9855175874066444
3031C002AA,3,2FF17770,True,1024,768,123.06800842285156,131.2148640950521,8.190724690755209,False,200.0,136.0,0.68,-186.24380490927823,-170.5158264537886,0.013768668585497107,0.9796710413978298
3031C002AA,3,2FF17742,True,1024,768,107.4646364847819,136.2980753580729,10.02911376953125,False,200.0,134.0,0.67,-111.3060086652497,-157.72337352466408,3.4188611109665765,0.9879441023975774
3031C002AA,3,2FF17748,True,1024,768,104.68259938557942,142.17033004760742,11.479647318522135,False,200.0,118.0,0.59,-122.68074445440087,-53.25214214146772,-3.5222208734598612,0.9885538880015464
3031C002AA,3,2FF17788,True,1024,768,118.88747533162434,140.67181905110678,9.220873514811197,False,200.0,88.0,0.44,-99.25650995490012,-119.30848320802782,-3.81139002148972,0.9819490426093925
3031C002AA,4,2FF17609,True,1024,768,62.87678527832031,44.24688466389974,44.704942067464195,True,,,,,,,
3031C002AA,4,2FF17734,True,1024,768,66.6293830871582,62.547125498453774,48.69206110636393,False,200.0,132.0,0.66,-148.65393951228194,-165.91721748271974,2.1193768044660337,1.152260867488814
3031C002AA,4,2FF17598,True,1024,768,51.0038210550944,65.91219584147136,54.34898122151693,False,200.0,155.0,0.775,-82.47300710472776,29.188555823995816,-5.2243785368677385,1.0094237440658322
3031C002AA,4,2FF17805,True,1024,768,37.765848795572914,55.32065200805664,58.19979604085287,False,200.0,191.0,0.955,-116.97226972566321,-141.34639092758445,2.3391641421702514,1.0966914526697669
3031C002AA,4,2FF17739,True,1024,768,57.873705546061196,61.26385752360026,60.75163904825846,False,200.0,160.0,0.8,-139.80329217554953,-129.81015432167356,1.0213660270167055,1.104272792761982
3031C002AA,4,2FF17584,True,1024,768,47.64191691080729,83.26133473714192,97.79067738850911,False,200.0,112.0,0.56,-344.5026534539626,-157.59026379218898,6.179802010677749,1.0941343764225357
3031C002AA,4,2FF17653,True,1024,768,51.66449101765951,62.99154535929362,52.12542851765951,False,200.0,196.0,0.98,-11.65307644406754,-7.135549604807653,4.1949940806824815,1.015767905338413
3031C002AA,4,2FF17775,True,1024,768,75.34922536214192,53.388755798339844,54.6528574625651,False,200.0,152.0,0.76,58.14879328986037,-204.42433417532342,10.293166252064845,1.0406415395116648
3031C002AA,5,2FF17686,True,1024,768,73.79432678222656,111.54745610555013,62.019694010416664,True,,,,,,,
3031C002AA,5,2FF17582,True,1024,768,56.31969960530599,106.5925521850586,61.55461120605469,False,198.0,119.0,0.601010101010101,-7.86886338960163,2.8509901453228164,-0.8474881143294213,1.0254713850066843
3031C002AA,5,2FF17722,True,1024,768,58.01654942830404,62.3722038269043,59.688255310058594,False,109.0,24.0,0.22018348623853212,571.3683682256327,4.651363244339569,2.9814877389716465,0.9319845142122014
3031C002AA,5,2FF17667,True,1024,768,49.27768325805664,105.62356440226237,72.099183400472,False,58.0,15.0,0.25862068965517243,31.397190750101018,66.31182465653696,0.6329908330821394,0.9205046121696793
3031C002AA,5,2FF17761,True,1024,768,38.875685373942055,75.25915273030598,84.52005132039388,False,120.0,42.0,0.35,531.437573531428,-251.04480009228502,1.9412276085967233,1.2798668332421579
3031C002AA,5,2FF17607,True,1024,768,48.70396423339844,101.81784566243489,76.02979532877605,False,200.0,130.0,0.65,-10.07297715183207,-5.512307544365811,0.558518396871315,1.0270457679229588
3031C002AA,5,2FF17597,True,1024,768,70.96656290690105,116.0429916381836,57.272186279296875,False,176.0,78.0,0.4431818181818182,-140.49837770552375,24.081850330764208,-5.008798690911368,1.0166474553005527
3031C002AA,5,2FF17806,True,1024,768,41.37000401814779,72.05931091308594,73.63870239257812,False,118.0,44.0,0.3728813559322034,471.4031892409037,-46.67041621633235,2.701939513775586,0.995147990507556
3031C002AA,6,2FF17649,True,1024,768,63.328348795572914,63.24220657348633,51.86398442586263,True,,,,,,,
3031C002AA,6,2FF17657,True,1024,768,74.57524236043294,45.99416987101237,72.86470158894856,False,61.0,16.0,0.26229508196721313,-39.22023416845609,-275.4303492801426,-2.4953760071854254,1.4211964385605311
3031C002AA,6,2FF17765,True,1024,768,70.72069803873698,40.317298889160156,83.68046188354492,False,64.0,23.0,0.359375,-55.26567849471079,-206.258379306396,-3.0447733031984696,1.3317546759119012
3031C002AA,6,2FF17680,True,1024,768,66.37164815266927,62.569716135660805,43.66632970174154,False,88.0,49.0,0.5568181818181818,75.07047887032314,86.06957633916917,-2.5215992904740023,0.8537217074434503
3031C002AA,6,2FF17618,True,1024,768,34.5803337097168,90.54621251424153,73.86994171142578,False,37.0,23.0,0.6216216216216216,-14.227447913131227,76.00111519965559,-2.2649811977948655,0.8923331203708778
3031C002AA,6,2FF17625,True,1024,768,54.9972292582194,62.55675506591797,43.4095090230306,False,81.0,46.0,0.5679012345679012,22.363553654242946,49.674780714621065,-2.0302347327846437,0.9203895533829753
3031C002AA,6,2FF17607,True,1024,768,52.75915018717448,58.81965637207031,45.05437978108724,False,81.0,31.0,0.38271604938271603,-6.521231598955953,125.78582655863681,-7.31725792606164,0.829636987276514
3031C002AA,6,2FF17775,True,1024,768,75.66428120930989,41.54915873209635,71.8339360555013,False,64.0,41.0,0.640625,34.12895804490655,-109.92324321827124,-2.4471192136108066,1.1689414282925092
3031C002AA,7,2FF17712,True,1024,768,83.40191904703777,70.25612767537434,74.8353983561198,True,,,,,,,
3031C002AA,7,2FF17798,True,1024,768,135.65113067626953,62.278804779052734,56.53000513712565,False,200.0,47.0,0.235,-4.048267749127052,30.718198874627205,-0.5792457130965198,0.997134664004932
3031C002AA,7,2FF17667,True,1024,768,120.07180277506511,79.54635365804036,39.777304331461586,False,200.0,25.0,0.125,169.24811385030495,311.3496822421078,2.1022649341934416,0.6607370248054343
3031C002AA,7,2FF17709,True,1024,768,102.04628499348958,83.3978271484375,68.01084645589192,False,200.0,63.0,0.315,45.361301921557505,1.9438191521908441,0.42839026707818606,1.0265538241168097
3031C002AA,7,2FF17702,True,1024,768,106.44047673543294,97.5538101196289,61.96007283528646,False,200.0,41.0,0.205,-18.241246184555358,23.53497615583582,0.8972200035888321,1.0235459980708748
3031C002AA,7,2FF17807,True,1024,768,63.984362284342446,88.85720189412434,68.94096755981445,False,109.0,15.0,0.13761467889908258,70.195115945393,47.637672100031516,-6.186630788572409,0.8766174205485758
3031C002AA,7,2FF17643,True,1024,768,89.86785507202148,71.85402170817058,52.38156763712565,False,200.0,21.0,0.105,124.50355149043175,127.44523435769142,6.640618019961548,0.7650470461024652
3031C002AA,7,2FF17786,True,1024,768,119.19810994466145,55.082541147867836,67.5813585917155,False,200.0,60.0,0.3,10.379785767807661,54.55243562507589,-3.9283520220106722,0.9621081936884587
3031C002AA,8,2FF17616,True,1024,768,63.1053098042806,84.09768549601237,5.6849822998046875,True,,,,,,,
3031C002AA,8,2FF17639,True,1024,768,59.30744298299154,78.68355941772461,6.952322642008464,False,11.0,7.0,0.6363636363636364,83.44307638807729,-10.529122490460013,0.08637108911302566,0.9890192228127127
3031C002AA,8,2FF17807,True,1024,768,107.53822580973308,141.3032658894857,10.045289357503256,False,17.0,7.0,0.4117647058823529,171.2896900405149,-134.24046029884522,12.904477932016992,0.9621866398229814
3031C002AA,8,2FF17785,True,1024,768,105.80945332845052,154.81598154703775,11.098145802815756,False,16.0,6.0,0.375,22.438382806195555,108.95967094325098,-13.828570620636567,0.7136697326101147
3031C002AA,8,2FF17697,True,1024,768,111.3482042948405,140.46064249674478,9.372736612955729,False,17.0,7.0,0.4117647058823529,74.1104475214036,-90.66315785151849,2.1610429609572352,0.9807526248606985
3031C002AA,8,2FF17780,True,1024,768,94.306396484375,142.10943094889322,9.390055338541666,False,12.0,6.0,0.5,88.06139570049154,154.5224075182506,-13.261973980858238,0.4619183950893982
3031C002AA,8,2FF17649,True,1024,768,72.41051228841145,122.68065897623698,14.667901357014975,False,14.0,9.0,0.6428571428571429,65.51798522177221,-29.011477893836357,-2.509722300851697,0.9800565951496159
3031C002AA,8,2FF17765,True,1024,768,104.29959487915039,140.06329854329428,10.731647491455078,False,13.0,4.0,0.3076923076923077,80.42080999774993,-116.0729553973106,7.693729696496737,1.0038349002131897
3031C002AA,9,2FF17796,True,1024,768,106.94186019897461,132.48704528808594,12.691969553629557,True,,,,,,,
3031C002AA,9,2FF17660,True,1024,768,82.79639053344727,126.30924479166667,24.481088002522785,False,82.0,52.0,0.6341463414634146,-21.515999884633985,-2.0385150924015067,-5.418543282935881,0.9955196734011191
3031C002AA,9,2FF17779,True,1024,768,85.78974787394206,94.01255671183269,7.991645812988281,False,63.0,31.0,0.49206349206349204,-61.77668607090281,-28.459410503040566,-5.397137021619596,0.9586574690478311
3031C002AA,9,2FF17603,True,1024,768,118.49129740397136,125.92277145385742,13.0703976949056,False,69.0,42.0,0.6086956521739131,-64.80677043440464,95.58642954433407,-6.732971072276487,1.021838598185227
3031C002AA,9,2FF17693,True,1024,768,123.65310541788737,129.49530410766602,13.468397776285807,False,99.0,51.0,0.5151515151515151,-21.258749184119385,23.4976345135151,-7.224415050642959,0.9792855349415184
3031C002AA,9,2FF17593,True,1024,768,115.90121714274089,119.27619552612305,7.7481842041015625,False,100.0,73.0,0.73,-35.35410041678218,37.025177787183154,-5.183221328888228,1.0035362618588641
3031C002AA,9,2FF17610,True,1024,768,103.22920608520508,114.16931915283203,18.5899175008138,False,87.0,59.0,0.6781609195402298,-18.112525304019925,39.766508311650284,-5.429365212026251,1.0063464337969135
3031C002AA,9,2FF17767,True,1024,768,121.46800359090169,138.47201792399088,11.666094462076822,False,120.0,69.0,0.575,31.889275040469613,-4.461322943823027,-0.12665083294854393,1.0139136413844896
3031C002AA,10,2FF17631,True,1024,768,114.13859049479167,135.0770632425944,9.749338785807291,True,,,,,,,
3031C002AA,10,2FF17794,True,1024,768,108.2681058247884,129.99435806274414,10.4032834370931,False,200.0,145.0,0.725,77.98904968044857,-36.11259659001713,8.744385072592937,1.0077124053801998
3031C002AA,10,2FF17747,True,1024,768,121.54615656534831,138.45254135131836,10.163262685139975,False,200.0,78.0,0.39,73.26081026399099,-29.727613774999494,7.997208838405784,0.9656001505836671
3031C002AA,10,2FF17759,True,1024,768,116.46418762207031,143.96073532104492,11.259691874186197,False,200.0,102.0,0.51,7.322278257964346,-45.94066929395699,4.5081998038454865,1.0131941262440345
3031C002AA,10,2FF17746,True,1024,768,61.82564036051432,90.07957585652669,11.802167256673178,False,155.0,66.0,0.4258064516129032,36.35279236126333,-9.65456031440911,1.667222467015591,0.9722881163653129
3031C002AA,10,2FF17675,True,1024,768,128.73016738891602,144.69926834106445,10.914742787679037,False,200.0,121.0,0.605,8.543802571476196,16.225986037937936,-1.161779412785922,0.9748100113240343
3031C002AA,10,2FF17790,True,1024,768,125.57393010457356,126.10615412394206,7.516625722249349,False,200.0,81.0,0.405,72.88949854355172,-20.162225321810777,7.145941015060109,0.986414041618592
3031C002AA,10,2FF17779,True,1024,768,108.02714029947917,129.9287249247233,9.145580291748047,False,200.0,98.0,0.49,16.627806947386713,-19.962116103383714,4.674340531756526,1.0096191137739376
3031C002AA,11,2FF17716,True,1024,768,120.67088063557942,150.72699737548828,11.702510833740234,True,,,,,,,
3031C002AA,11,2FF17667,True,1024,768,128.25145212809244,144.3464152018229,9.402974446614584,False,79.0,46.0,0.5822784810126582,7.514397564022984,-2.10363889676014,-0.9430529828519799,0.9744046567409929
3031C002AA,11,2FF17597,True,1024,768,127.94218571980794,140.109375,8.110186258951822,False,72.0,39.0,0.5416666666666666,69.0120526792987,-2.7725137115371954,1.2393109220437195,0.9958989657186722
3031C002AA,11,2FF17776,True,1024,768,85.8568344116211,138.90151850382486,11.193934122721354,False,79.0,57.0,0.7215189873417721,14.729842792483492,3.1913231186484348,-1.6910536300593189,1.0009087451524705
3031C002AA,11,2FF17675,True,1024,768,124.37828954060872,142.03339767456055,8.877058664957682,False,72.0,49.0,0.6805555555555556,9.130668870289664,3.3849257407242175,-0.24963052526447022,0.989256349528195
3031C002AA,11,2FF17577,True,1024,768,126.02170308430989,140.74657567342123,8.446961720784506,False,79.0,46.0,0.5822784810126582,76.51126650834682,6.529835011469844,0.7089701536118207,0.993982240252216
3031C002AA,11,2FF17641,True,1024,768,121.81495793660481,150.8560358683268,12.129353841145834,False,92.0,62.0,0.6739130434782609,-11.613183897298159,5.2574749094373825,-1.7176959212896281,0.9946767204684467
3031C002AA,11,2FF17711,True,1024,768,122.9503542582194,143.9010327657064,11.943673451741537,False,102.0,73.0,0.7156862745098039,18.79047142160929,-7.393042392425837,1.367262983014409,1.0041888340905163
3031C002AA,12,2FF17605,True,1024,768,108.9619852701823,116.45060602823894,24.968921661376953,True,,,,,,,
3031C002AA,12,2FF17690,True,1024,768,115.35351308186848,103.94636662801106,15.203184763590494,False,200.0,15.0,0.075,24.94185085359683,-183.93684365351947,7.492588101251183,0.9164205728750642
3031C002AA,12,2FF17668,True,1024,768,119.46441014607747,116.68106333414714,20.487781524658203,False,200.0,18.0,0.09,339.32122922903756,15.381308225332855,16.133301636334128,0.6878146016500339
3031C002AA,12,2FF17746,True,1024,768,115.02673212687175,105.10760116577148,23.988136291503906,False,200.0,10.0,0.05,1101.9380553497135,-56.21817051643651,88.97891176347832,0.9420450127488005
3031C002AA,12,2FF17765,True,1024,768,112.04529317220052,95.8533223470052,10.958229064941406,False,200.0,7.0,0.035,1204.3743092175807,891.2317221975123,167.32000531937118,0.9456230665895772
3031C002AA,12,2FF17641,True,1024,768,113.56917317708333,113.63453928629558,24.882347106933594,False,200.0,17.0,0.085,1077.323557101503,-87.21153695574193,83.72632526487973,1.0417621680470024
3031C002AA,12,2FF17723,True,1024,768,139.69190088907877,118.60511906941731,21.166770935058594,False,181.0,19.0,0.10497237569060773,1216.0623627629598,854.7072694468078,164.98422127084908,0.9804982275969822
3031C002AA,12,2FF17671,True,1024,768,108.7932726542155,111.15886306762695,21.415390014648438,False,200.0,19.0,0.095,230.34353539781844,155.0824620240808,3.499227522919102,0.5761267169805079
3031C003AA,0,2FG28149,True,1024,768,131.0672925313314,135.42396036783853,11.08279291788737,True,,,,,,,
3031C003AA,0,2FG28013,True,1024,768,131.00963973999023,135.3629035949707,10.205247243245443,False,200.0,158.0,0.79,18.61229665866019,-59.219532983040445,0.6581735701294731,0.9964728460756395
3031C003AA,0,2FG27878,True,1024,768,114.43343353271484,115.44628651936848,11.726941426595053,False,200.0,158.0,0.79,10.299437617621468,-13.200437996179874,2.6804857129697597,0.9055645811492401
3031C003AA,0,2FG27942,True,1024,768,131.1962890625,136.04081217447916,13.406022389729818,False,200.0,149.0,0.745,28.859496002589815,49.74509583748599,5.00548445895845,1.001361080169695
3031C003AA,0,2FG28064,True,1024,768,191.56928507486978,131.99807484944662,11.236993153889975,False,200.0,160.0,0.8,12.941390481408224,-19.62893823391481,3.0479636842687934,1.0021082746875103
3031C003AA,0,2FG27835,True,1024,768,164.49582799275717,107.42125447591145,23.057849884033203,False,200.0,166.0,0.83,123.84735007899195,-54.08825558031436,3.1894518573840767,0.999995010291495
3031C003AA,0,2FG28140,True,1024,768,182.45975875854492,88.55695215861003,6.939928690592448,False,200.0,170.0,0.85,93.36142307857311,-62.530419863059876,4.185657507388877,0.9983124078913087
3031C003AA,0,2FG28110,True,1024,768,176.77756373087564,152.79146830240884,11.387563069661459,False,200.0,178.0,0.89,22.63984245453029,-19.1892189536276,4.475806423980505,1.0070817990701022
3031C003AA,1,2FG27990,True,1024,768,73.6374905904134,117.02344385782878,11.80777359008789,True,,,,,,,
3031C003AA,1,2FG28135,True,1024,768,92.47842661539714,128.7735710144043,9.636299133300781,False,200.0,160.0,0.8,-103.83264563391435,-52.57566437222405,-0.5642912301635683,0.9913831034030812
3031C003AA,1,2FG27936,True,1024,768,92.25151189168294,126.75389226277669,8.460336049397787,False,143.0,109.0,0.7622377622377622,128.88813770884263,-231.8447308056113,-0.5746934825518507,1.0066644790277546
3031C003AA,1,2FG27855,True,1024,768,78.36961873372395,126.9626693725586,10.416292826334635,False,200.0,163.0,0.815,-113.66124360169873,-80.54562538515724,-0.7829564505183837,0.9917624460502309
3031C003AA,1,2FG28148,True,1024,768,72.89878845214844,115.88339106241862,8.55361302693685,False,200.0,153.0,0.765,-52.011472708204494,-48.654836949083794,-0.6269569072534722,0.9907564184960235
3031C003AA,1,2FG28060,True,1024,768,84.68277486165364,141.25889460245767,9.613849639892578,False,200.0,161.0,0.805,16.843430109847702,-96.15738585849563,2.6554775598986717,0.996772824940647
3031C003AA,1,2FG27977,True,1024,768,110.58330408732097,139.77772013346353,9.336892445882162,False,200.0,148.0,0.74,-54.75165957959706,-53.972330800855666,-2.481883085875778,0.996741131463663
3031C003AA,1,2FG28032,True,1024,768,115.16928227742513,148.43330256144205,10.042671203613281,False,200.0,162.0,0.81,-65.63704068641684,-80.13223336161641,-1.8561816482923985,0.989043883137577
3031C003AA,2,2FG27882,True,1024,768,131.69920221964517,154.80426406860352,10.51781972249349,True,,,,,,,
3031C003AA,2,2FG27894,True,1024,768,103.26446787516277,147.17073822021484,12.515684763590494,False,200.0,163.0,0.815,21.821156454581313,-24.369538729462505,2.5112528503046576,0.9848313617145656
3031C003AA,2,2FG27846,True,1024,768,114.49260711669922,149.8126220703125,11.911446889241537,False,200.0,151.0,0.755,-72.95921782313388,-122.84802915851652,-0.519136994790803,0.9946785978660074
3031C003AA,2,2FG27842,True,1024,768,132.42590840657553,153.9870491027832,12.586343129475912,False,200.0,131.0,0.655,-61.363533981246995,-166.70367576662997,7.129138226743003,0.997758711619573
3031C003AA,2,2FG27978,True,1024,768,104.92707951863606,130.2796427408854,10.980599721272787,False,200.0,152.0,0.76,-40.01690140599886,-119.21736717284256,1.6169540802670415,0.994111655742077
3031C003AA,2,2FG28075,True,1024,768,113.27954991658528,141.01691818237305,8.280269622802734,False,200.0,155.0,0.775,5.842627604407731,13.98706846078989,5.326931343369133,1.010686028686236
3031C003AA,2,2FG27872,True,1024,768,116.56796010335286,153.8718744913737,13.843022664388021,False,200.0,131.0,0.655,-36.97714953150827,-51.64242216604456,2.837876905130336,0.9957079012609716
3031C003AA,2,2FG27943,True,1024,768,112.40780893961589,144.29915873209634,12.704152425130209,False,200.0,152.0,0.76,-38.776688509843304,-60.821512819732945,-1.5504313120186708,0.9943419940878221
3031C003AA,3,2FG28098,True,1024,768,125.04762649536133,148.23485692342123,11.133047739664713,True,,,,,,,
3031C003AA,3,2FG27892,True,1024,768,94.38155746459961,143.33400599161783,11.272791544596354,False,200.0,141.0,0.705,-21.07677237152773,-66.48652574273022,-6.201733323412675,0.9921925398851467
3031C003AA,3,2FG28021,True,1024,768,123.8043441772461,138.2398567199707,10.24886957804362,False,200.0,133.0,0.665,71.89662149250968,-128.4154776697485,1.582276969106505,0.9864616729016874
3031C003AA,3,2FG28055,True,1024,768,99.96545028686523,139.16033808390299,9.592001597086588,False,200.0,161.0,0.805,-25.190687291838397,-86.73330946825277,-2.315746876116617,0.9899972751078774
3031C003AA,3,2FG28012,True,1024,768,114.2367935180664,140.66414006551108,9.162171681722006,False,200.0,135.0,0.675,-28.159070192201725,-97.74242952148461,-4.639277089631138,0.9839874237295382
3031C003AA,3,2FG28099,True,1024,768,106.3533109029134,146.41241073608398,11.322755177815756,False,200.0,105.0,0.525,33.490952751792,-155.89315238190366,0.5697628925552107,0.9977473568119561
3031C003AA,3,2FG28037,True,1024,768,109.65806579589844,148.7801170349121,13.46191660563151,False,200.0,144.0,0.72,32.090196961404864,-76.51378966396497,-1.8438376768022124,0.9955274912663773
3031C003AA,3,2FG28123,True,1024,768,118.85564422607422,131.90513356526694,18.217875162760418,False,200.0,149.0,0.745,-46.212690861318826,-8.685981510812375,-5.16589027557419,0.998161027646321
3031C003AA,4,2FG27902,True,1024,768,54.096614837646484,59.21180725097656,64.80167643229167,True,,,,,,,
3031C003AA,4,2FG28035,True,1024,768,58.712406158447266,48.97269821166992,82.4340591430664,False,200.0,168.0,0.84,19.238995943970366,-30.865100766235816,1.7049111023071295,1.035916124203479
3031C003AA,4,2FG27873,True,1024,768,49.99538040161133,83.86149215698242,69.80739212036133,False,200.0,168.0,0.84,-24.308114805408593,-4.530707567606705,-1.3025081304796913,1.0390198212769073
3031C003AA,4,2FG28073,True,1024,768,61.01714833577474,50.29736328125,60.0151252746582,False,200.0,184.0,0.92,-14.669081595728258,-2.9260123517753898,-1.1841327063192857,1.02786151353462
3031C003AA,4,2FG28138,True,1024,768,63.737786610921226,54.379739125569664,53.90910847981771,False,200.0,163.0,0.815,-19.630663731242482,-4.1994690915324036,-1.679480002300393,1.0326117044244996
3031C003AA,4,2FG28031,True,1024,768,74.80470911661784,50.84156036376953,59.42986043294271,False,200.0,147.0,0.735,49.97453437340605,-26.701770601231217,2.6128194644697924,1.0110276246535834
3031C003AA,4,2FG27966,True,1024,768,64.02403513590495,49.918253580729164,57.02679443359375,False,200.0,162.0,0.81,25.240999079355326,-26.437051520847618,1.7497028996642623,1.0205503116547263
3031C003AA,4,2FG27839,True,1024,768,60.83340962727865,55.596944173177086,50.33938725789388,False,200.0,182.0,0.91,55.654465957637726,123.0747535504744,-0.2348832661296269,0.9336277069850567
3031C003AA,5,2FG28012,True,1024,768,65.13949457804362,78.66931406656902,98.78960800170898,True,,,,,,,
3031C003AA,5,2FG27934,True,1024,768,36.38192876180013,84.91930643717448,72.23912811279297,False,124.0,34.0,0.27419354838709675,42.15003948342418,207.13728906354163,0.017289173818553022,0.6903829384778276
3031C003AA,5,2FG28050,True,1024,768,34.90523147583008,70.21937942504883,77.3388163248698,False,137.0,57.0,0.41605839416058393,-32.39920177221778,122.62540658739034,-0.5388901895220928,0.8029253115508207
3031C003AA,5,2FG27943,True,1024,768,44.27040481567383,72.05149332682292,70.48205439249675,False,110.0,55.0,0.5,124.36239372498297,149.33019588031405,0.6048368896327683,0.7786199337064923
3031C003AA,5,2FG28008,True,1024,768,41.66467793782552,74.14697138468425,94.3020133972168,False,146.0,96.0,0.6575342465753424,-29.09809833556796,56.73869558285172,-0.572726501971698,0.9277858373909312
3031C003AA,5,2FG27873,True,1024,768,48.28253936767578,85.79732894897461,77.41859181722005,False,126.0,70.0,0.5555555555555556,86.47780055999517,149.3604147857594,0.22613247351752383,0.7939032956097241
3031C003AA,5,2FG28011,True,1024,768,48.57007344563802,77.48396555582683,99.97920099894206,False,200.0,133.0,0.665,-28.453574845026125,4.747453634414576,-0.2998852669671259,0.9975947716340621
3031C003AA,5,2FG28101,True,1024,768,62.26549402872721,87.42885843912761,70.49311701456706,False,139.0,78.0,0.5611510791366906,104.09712514330893,181.73808480816552,-0.26518391079604503,0.7242694425816122
3031C003AA,6,2FG28006,True,1024,768,77.995299021403,49.240211486816406,45.24169413248698,True,,,,,,,
3031C003AA,6,2FG27854,True,1024,768,60.827630360921226,54.740394592285156,50.18866475423177,False,77.0,17.0,0.22077922077922077,-82.49555584528628,212.49308901859683,-2.653552497697485,0.7902342025845168
3031C003AA,6,2FG28026,True,1024,768,66.0784912109375,48.03219985961914,66.3214594523112,False,71.0,20.0,0.28169014084507044,-37.98278150865242,115.35900342207435,-0.5694572229326418,0.8661785482927955
3031C003AA,6,2FG27964,True,1024,768,79.9962158203125,55.831398010253906,45.269247690836586,False,82.0,18.0,0.21951219512195122,-21.73967846888131,164.41974188806967,-1.336394107683619,0.8302190997830378
3031C003AA,6,2FG27920,True,1024,768,78.27035903930664,56.72684987386068,45.88250859578451,False,90.0,19.0,0.2111111111111111,52.95919680642549,162.9733053890872,1.7839668504313388,0.6680770564498476
3031C003AA,6,2FG27885,True,1024,768,81.86111831665039,41.619083404541016,78.85214106241862,False,83.0,18.0,0.21686746987951808,-6.441775181444522,98.21796579186633,2.82939285932024,0.8624474201893677
3031C003AA,6,2FG28055,True,1024,768,80.55295181274414,54.87369918823242,80.41443252563477,False,84.0,18.0,0.21428571428571427,-165.52883572427243,60.80376205389364,5.6777070625140835,0.8245669595002598
3031C003AA,6,2FG27869,True,1024,768,65.32732645670573,48.752201080322266,61.47381083170573,False,78.0,24.0,0.3076923076923077,-6.789089350984114,96.49332735818338,3.928122861044379,0.8329051111962941
3031C003AA,7,2FG27931,True,1024,768,116.6360689798991,56.030897776285805,63.59423828125,True,,,,,,,
3031C003AA,7,2FG28151,True,1024,768,101.65048344930013,60.53438822428385,63.88415781656901,False,200.0,34.0,0.17,-55.149732995980386,-114.19728057258132,7.998059985977204,1.0491217098349823
3031C003AA,7,2FG28150,True,1024,768,113.2995999654134,58.04271697998047,72.21447118123372,False,200.0,37.0,0.185,6.510113989888066,-122.49731394232003,5.03440558498577,1.1489931055578417
3031C003AA,7,2FG28128,True,1024,768,110.46891784667969,58.97649637858073,73.76120376586914,False,200.0,28.0,0.14,-130.1876981315226,-173.1812845708623,8.186830498140447,1.1864947656846376
3031C003AA,7,2FG27833,True,1024,768,94.93878428141277,67.18702061971028,50.16866938273112,False,200.0,35.0,0.175,80.32047953980961,84.7361335721474,9.995122679475934,0.8083832851254025
3031C003AA,7,2FG27848,True,1024,768,110.17961247762044,65.15308888753255,47.24488321940104,False,200.0,31.0,0.155,105.73539555674171,208.68207604215812,4.392925843172956,0.7298688947268404
3031C003AA,7,2FG27993,True,1024,768,115.29484685262044,63.6474494934082,57.06093724568685,False,200.0,26.0,0.13,-24.50996543096591,-76.71482834709916,3.4200890007245714,1.057560562126834
3031C003AA,7,2FG27947,True,1024,768,119.9426752726237,56.396820068359375,64.63734181722005,False,200.0,95.0,0.475,-4.958023415553576,-7.05865139351074,2.6059067992856857,1.0115038732469435
3031C003AA,8,2FG27887,True,1024,768,113.60482279459636,149.10741678873697,9.350799560546875,True,,,,,,,
3031C003AA,8,2FG28112,True,1024,768,116.90754699707031,136.28314844767252,7.683326721191406,False,29.0,13.0,0.4482758620689655,3.6128247787362353,16.783001337622256,-1.7830461217293008,0.9477659004931093
3031C003AA,8,2FG27928,True,1024,768,127.97308603922527,141.9018809000651,7.935127258300781,False,36.0,15.0,0.4166666666666667,16.07613127688803,23.694744729241116,-3.26643485027116,1.020343678211208
3031C003AA,8,2FG27858,True,1024,768,106.30898920694987,131.69808451334634,8.45566177368164,False,18.0,5.0,0.2777777777777778,-75.22823461051335,-5.574798086803034,-2.942986599711341,0.9797716181236624
3031C003AA,8,2FG28106,True,1024,768,109.79715220133464,126.26867421468098,8.701534271240234,False,39.0,14.0,0.358974358974359,0.9812090472242799,-30.288203915226745,0.7669616050123608,0.9615948703457241
3031C003AA,8,2FG27929,True,1024,768,106.26390711466472,153.71765009562174,10.286417643229166,False,31.0,8.0,0.25806451612903225,20.953043849831637,-12.246926558779247,1.000604390625006,0.9765874327066449
3031C003AA,8,2FG28123,True,1024,768,119.605712890625,152.77145512898764,11.814829508463541,False,38.0,16.0,0.42105263157894735,-45.80401843615551,-35.00944651556197,0.8226014952890566,0.9963559305213665
3031C003AA,8,2FG27933,True,1024,768,99.71970240275066,148.24971771240234,10.47524388631185,False,36.0,19.0,0.5277777777777778,57.76194024346325,43.94764647104033,-0.03686974900925447,0.9996192491764955
3031C003AA,9,2FG27942,True,1024,768,86.97365188598633,102.89293034871419,10.648790995279947,True,,,,,,,
3031C003AA,9,2FG27991,True,1024,768,92.76022593180339,135.54388809204102,20.806285858154297,False,89.0,52.0,0.5842696629213483,60.97130705691743,11.848962826221005,2.8264822736549284,1.0010457906481578
3031C003AA,9,2FG27898,True,1024,768,100.49053319295247,96.21514256795247,10.251681009928385,False,86.0,45.0,0.5232558139534884,-25.160921351670606,-46.43754175430757,5.832218134554963,1.019472552217861
3031C003AA,9,2FG28128,True,1024,768,83.29884592692058,118.84137217203777,16.640867869059246,False,72.0,52.0,0.7222222222222222,-3.7867174651247937,-37.85091733696825,3.2244632546129885,1.003123082124366
3031C003AA,9,2FG27824,True,1024,768,116.41848627726237,119.38761138916016,11.402697245279947,False,96.0,74.0,0.7708333333333334,1.247311710943836,-2.7929988949620927,0.12563108715496363,0.9976926622729996
3031C003AA,9,2FG27964,True,1024,768,97.79840977986653,122.71055475870769,14.333666483561197,False,99.0,43.0,0.43434343434343436,96.46940316015358,9.85367232638212,0.48777639054644617,0.9819469410034424
3031C003AA,9,2FG27897,True,1024,768,110.12950261433919,132.25395075480142,12.2018191019694,False,102.0,58.0,0.5686274509803921,-1.2071117899379753,-1.7334734894513828,1.615686338613061,1.0167411285180605
3031C003AA,9,2FG27889,True,1024,768,92.30263264973958,105.99178059895833,9.994471232096354,False,48.0,30.0,0.625,-14.821895473270256,-17.21334666363137,7.77192852350233,1.0064103823036532
3031C003AA,10,2FG28099,True,1024,768,123.66913223266602,140.7345759073893,11.361207326253256,True,,,,,,,
3031C003AA,10,2FG27951,True,1024,768,111.40447998046875,127.21109135945638,9.600355784098307,False,200.0,133.0,0.665,20.13719341967997,-14.034466218236,1.7112745535306206,1.0010455679649175
3031C003AA,10,2FG27912,True,1024,768,125.08282089233398,135.2063446044922,7.820926666259766,False,101.0,6.0,0.0594059405940594,64.28199962394977,468.69910824587015,2.1432688212938915,0.9326346841458341
3031C003AA,10,2FG27879,True,1024,768,114.79558563232422,148.5269343058268,11.948042551676432,False,200.0,137.0,0.685,37.57039065364241,-7.979004842047378,0.6919243637299306,1.026708483155089
3031C003AA,10,2FG27836,True,1024,768,123.35923131306966,140.41940307617188,10.23342259724935,False,200.0,105.0,0.525,-17.881188646419947,5.353683800803969,-3.380673687333898,1.022599627986215
3031C003AA,10,2FG27890,True,1024,768,117.3935915629069,129.58087921142578,8.658513387044271,False,200.0,162.0,0.81,-1.7394431839269373,-15.792834697306592,-0.1939076851833903,1.008061499849755
3031C003AA,10,2FG27830,True,1024,768,100.05582809448242,154.96171188354492,20.304489135742188,False,200.0,87.0,0.435,15.124265949716786,30.673443771272385,-1.6815767729898645,0.9681149681103101
3031C003AA,10,2FG28006,True,1024,768,107.76518630981445,138.27304331461588,11.3583132425944,False,200.0,152.0,0.76,-11.542287720403891,-8.834433536777349,-1.3502909475927347,1.0067605141109566
3031C003AA,11,2FG27944,True,1024,768,104.1819839477539,134.6850903828939,11.438943227132162,True,,,,,,,
3031C003AA,11,2FG28124,True,1024,768,123.09605026245117,155.03561655680338,11.587181091308594,False,82.0,29.0,0.35365853658536583,7.950300796335708,19.319964724481157,-2.228593490774828,0.9678675415563421
3031C003AA,11,2FG27988,True,1024,768,78.91869099934895,130.10881932576498,10.41021982828776,False,81.0,39.0,0.48148148148148145,-1.5016869865835043,10.168469182194999,-0.6605336875115988,0.9778227149947544
3031C003AA,11,2FG27831,True,1024,768,121.24046834309895,146.62634658813477,9.601346333821615,False,65.0,34.0,0.5230769230769231,1.3085070812669635,12.46362432566941,-0.8081151454087471,0.994614374081032
3031C003AA,11,2FG27912,True,1024,768,125.18282826741536,146.55708694458008,10.3995361328125,False,102.0,71.0,0.696078431372549,2.344702036734378,5.134894590765032,-1.1490119905492961,0.9940273996830756
3031C003AA,11,2FG27958,True,1024,768,130.61606979370117,144.270388285319,12.585954030354818,False,64.0,39.0,0.609375,46.3623954173896,2.8930081193048784,1.0650701693702516,0.9860977446403344
3031C003AA,11,2FG27849,True,1024,768,127.36385091145833,143.90999221801758,8.598960876464844,False,72.0,35.0,0.4861111111111111,33.052501452634964,13.470107330056603,-0.08130156590391224,0.9957148406913531
3031C003AA,11,2FG27887,True,1024,768,126.76045735677083,143.77101389567056,9.541080474853516,False,116.0,69.0,0.5948275862068966,-8.202083046751762,6.661173667093491,-1.3555826031910445,0.995641746848469
3031C003AA,12,2FG28038,True,1024,768,116.14137903849284,120.68307113647461,12.171876271565756,True,,,,,,,
3031C003AA,12,2FG28092,True,1024,768,112.64988962809245,124.85318247477214,12.842529296875,False,200.0,65.0,0.325,-45.21078498819926,10.611969427484127,-0.11352255889362431,1.0329443350487262
3031C003AA,12,2FG27881,True,1024,768,113.82494990030925,110.90238825480144,10.727020263671875,False,200.0,39.0,0.195,-42.32352501624721,86.340807826139,-1.4360649948336002,0.9951833635037023
3031C003AA,12,2FG27855,True,1024,768,124.33534749348958,128.88196818033853,16.118731180826824,False,200.0,37.0,0.185,-76.42508034625575,9.252630633519452,-0.9990327019716163,1.0207670068848775
3031C003AA,12,2FG28066,True,1024,768,115.55620829264323,113.04284159342448,13.05749766031901,False,200.0,87.0,0.435,-28.854597040715632,28.20982965349252,-0.45899012631301384,1.0313232221096682
3031C003AA,12,2FG28052,True,1024,768,102.25138982137044,124.94364802042644,14.787930806477865,False,200.0,37.0,0.185,20.939690818630563,85.75999024907762,-1.6303841672799928,1.0169413727224201
3031C003AA,12,2FG28008,True,1024,768,105.04312006632487,117.8150405883789,10.616756439208984,False,200.0,37.0,0.185,3.1650533963287466,22.333776830339627,-0.42142154046890384,1.0338355981255658
3031C003AA,12,2FG28085,True,1024,768,90.5133883158366,57.89775594075521,17.545461018880207,False,200.0,85.0,0.425,21.11064524360712,-3.949749443629329,-1.936222772297834,0.9601518246755055
